game_id,season,week,gameday,team,qb_id,qb_name,dropbacks,qb_epa
2016_01_BUF_BAL,2016,1,2016-09-11,BAL,00-0026158,J.Flacco,37,3.0352
2016_01_BUF_BAL,2016,1,2016-09-11,BUF,00-0028118,T.Taylor,27,-0.49064
2016_01_CAR_DEN,2016,1,2016-09-08,CAR,00-0027939,C.Newton,35,0.79434
2016_01_CAR_DEN,2016,1,2016-09-08,DEN,00-0032156,T.Siemian,31,-1.08967
2016_01_CHI_HOU,2016,1,2016-09-11,CHI,00-0024226,J.Cutler,35,-5.36297
2016_01_CHI_HOU,2016,1,2016-09-11,HOU,00-0029682,B.Osweiler,38,6.26142
2016_01_CIN_NYJ,2016,1,2016-09-11,CIN,00-0027973,A.Dalton,37,7.58059
2016_01_CIN_NYJ,2016,1,2016-09-11,NYJ,00-0023682,R.Fitzpatrick,38,-1.55593
2016_01_CLE_PHI,2016,1,2016-09-11,CLE,00-0029665,R.Griffin III,32,-9.60787
2016_01_CLE_PHI,2016,1,2016-09-11,PHI,00-0032950,C.Wentz,40,4.26233
2016_01_DET_IND,2016,1,2016-09-11,DET,00-0026498,M.Stafford,41,22.73863
2016_01_DET_IND,2016,1,2016-09-11,IND,00-0029668,A.Luck,51,18.32255
2016_01_GB_JAX,2016,1,2016-09-11,GB,00-0023459,A.Rodgers,36,9.26619
2016_01_GB_JAX,2016,1,2016-09-11,JAX,00-0031407,B.Bortles,42,4.33543
2016_01_LA_SF,2016,1,2016-09-12,LA,00-0028986,C.Keenum,38,-23.53546
2016_01_LA_SF,2016,1,2016-09-12,SF,00-0027948,B.Gabbert,40,-0.37106
2016_01_MIA_SEA,2016,1,2016-09-11,MIA,00-0029701,R.Tannehill,34,-5.47323
2016_01_MIA_SEA,2016,1,2016-09-11,SEA,00-0029263,R.Wilson,48,-1.33609
2016_01_MIN_TEN,2016,1,2016-09-11,MIN,00-0020679,S.Hill,34,9.36162
2016_01_MIN_TEN,2016,1,2016-09-11,TEN,00-0032268,M.Mariota,43,1.70626
2016_01_NE_ARI,2016,1,2016-09-11,ARI,00-0021429,C.Palmer,40,8.29865
2016_01_NE_ARI,2016,1,2016-09-11,NE,00-0031345,J.Garoppolo,37,13.9731
2016_01_NYG_DAL,2016,1,2016-09-11,DAL,00-0033077,D.Prescott,44,1.17435
2016_01_NYG_DAL,2016,1,2016-09-11,NYG,00-0022803,E.Manning,30,6.47317
2016_01_OAK_NO,2016,1,2016-09-11,LV,00-0031280,D.Carr,39,13.51437
2016_01_OAK_NO,2016,1,2016-09-11,NO,00-0020531,D.Brees,41,15.53872
2016_01_PIT_WAS,2016,1,2016-09-12,PIT,00-0022924,B.Roethlisberger,38,14.94651
2016_01_PIT_WAS,2016,1,2016-09-12,WAS,00-0029604,K.Cousins,44,-0.93861
2016_01_SD_KC,2016,1,2016-09-11,KC,00-0023436,A.Smith,53,6.42655
2016_01_SD_KC,2016,1,2016-09-11,LAC,00-0022942,P.Rivers,37,9.14807
2016_01_TB_ATL,2016,1,2016-09-11,ATL,00-0026143,M.Ryan,44,7.17634
2016_01_TB_ATL,2016,1,2016-09-11,TB,00-0031503,J.Winston,33,13.11803
2016_02_ATL_OAK,2016,2,2016-09-18,ATL,00-0026143,M.Ryan,35,19.68767
2016_02_ATL_OAK,2016,2,2016-09-18,LV,00-0031280,D.Carr,48,8.81764
2016_02_BAL_CLE,2016,2,2016-09-18,BAL,00-0026158,J.Flacco,45,7.83133
2016_02_BAL_CLE,2016,2,2016-09-18,CLE,00-0021206,J.McCown,36,8.87062
2016_02_CIN_PIT,2016,2,2016-09-18,CIN,00-0027973,A.Dalton,57,0.08851
2016_02_CIN_PIT,2016,2,2016-09-18,PIT,00-0022924,B.Roethlisberger,39,7.33211
2016_02_DAL_WAS,2016,2,2016-09-18,DAL,00-0033077,D.Prescott,35,17.86056
2016_02_DAL_WAS,2016,2,2016-09-18,WAS,00-0029604,K.Cousins,49,5.4591
2016_02_GB_MIN,2016,2,2016-09-18,GB,00-0023459,A.Rodgers,44,-3.67271
2016_02_GB_MIN,2016,2,2016-09-18,MIN,00-0027854,S.Bradford,35,5.80903
2016_02_IND_DEN,2016,2,2016-09-18,DEN,00-0032156,T.Siemian,35,1.33973
2016_02_IND_DEN,2016,2,2016-09-18,IND,00-0029668,A.Luck,47,-11.24189
2016_02_JAX_SD,2016,2,2016-09-18,JAX,00-0031407,B.Bortles,55,-5.55797
2016_02_JAX_SD,2016,2,2016-09-18,LAC,00-0022942,P.Rivers,28,8.34737
2016_02_JAX_SD,2016,2,2016-09-18,LAC,00-0024264,K.Clemens,1,-0.95997
2016_02_KC_HOU,2016,2,2016-09-18,HOU,00-0029682,B.Osweiler,35,1.38534
2016_02_KC_HOU,2016,2,2016-09-18,KC,00-0023436,A.Smith,42,-9.57406
2016_02_MIA_NE,2016,2,2016-09-18,MIA,00-0029701,R.Tannehill,48,11.96316
2016_02_MIA_NE,2016,2,2016-09-18,NE,00-0031345,J.Garoppolo,26,12.69169
2016_02_MIA_NE,2016,2,2016-09-18,NE,00-0033119,J.Brissett,12,1.40506
2016_02_NO_NYG,2016,2,2016-09-18,NO,00-0020531,D.Brees,46,-1.00852
2016_02_NO_NYG,2016,2,2016-09-18,NYG,00-0022803,E.Manning,43,1.09531
2016_02_NYJ_BUF,2016,2,2016-09-15,BUF,00-0028118,T.Taylor,31,13.33526
2016_02_NYJ_BUF,2016,2,2016-09-15,BUF,00-0030526,E.Manuel,1,0.7667
2016_02_NYJ_BUF,2016,2,2016-09-15,NYJ,00-0023682,R.Fitzpatrick,37,17.05507
2016_02_PHI_CHI,2016,2,2016-09-19,CHI,00-0024226,J.Cutler,20,-12.67424
2016_02_PHI_CHI,2016,2,2016-09-19,CHI,00-0026625,B.Hoyer,12,0.04407
2016_02_PHI_CHI,2016,2,2016-09-19,PHI,00-0032950,C.Wentz,38,4.85086
2016_02_SEA_LA,2016,2,2016-09-18,LA,00-0028986,C.Keenum,34,-1.02096
2016_02_SEA_LA,2016,2,2016-09-18,SEA,00-0029263,R.Wilson,40,-1.21545
2016_02_SF_CAR,2016,2,2016-09-18,CAR,00-0027939,C.Newton,41,9.93464
2016_02_SF_CAR,2016,2,2016-09-18,SF,00-0027948,B.Gabbert,40,-3.29693
2016_02_TB_ARI,2016,2,2016-09-18,ARI,00-0021429,C.Palmer,31,15.56873
2016_02_TB_ARI,2016,2,2016-09-18,ARI,00-0025430,D.Stanton,4,-2.04971
2016_02_TB_ARI,2016,2,2016-09-18,TB,00-0031503,J.Winston,57,-19.59099
2016_02_TEN_DET,2016,2,2016-09-18,DET,00-0026498,M.Stafford,46,2.21379
2016_02_TEN_DET,2016,2,2016-09-18,TEN,00-0032268,M.Mariota,38,9.43786
2016_03_ARI_BUF,2016,3,2016-09-25,ARI,00-0021429,C.Palmer,55,-11.09594
2016_03_ARI_BUF,2016,3,2016-09-25,BUF,00-0028118,T.Taylor,30,-6.46793
2016_03_ATL_NO,2016,3,2016-09-26,ATL,00-0026143,M.Ryan,34,14.1423
2016_03_ATL_NO,2016,3,2016-09-26,NO,00-0020531,D.Brees,57,-0.97322
2016_03_BAL_JAX,2016,3,2016-09-25,BAL,00-0026158,J.Flacco,43,-10.31453
2016_03_BAL_JAX,2016,3,2016-09-25,JAX,00-0031407,B.Bortles,44,-9.82011
2016_03_CHI_DAL,2016,3,2016-09-25,CHI,00-0026625,B.Hoyer,49,-0.06677
2016_03_CHI_DAL,2016,3,2016-09-25,DAL,00-0033077,D.Prescott,27,12.2716
2016_03_CLE_MIA,2016,3,2016-09-25,CLE,00-0028825,T.Pryor,6,-0.08945
2016_03_CLE_MIA,2016,3,2016-09-25,CLE,00-0033104,C.Kessler,36,-0.27982
2016_03_CLE_MIA,2016,3,2016-09-25,MIA,00-0029701,R.Tannehill,39,-6.09044
2016_03_DEN_CIN,2016,3,2016-09-25,CIN,00-0027973,A.Dalton,39,-2.1449
2016_03_DEN_CIN,2016,3,2016-09-25,DEN,00-0032156,T.Siemian,39,14.19488
2016_03_DET_GB,2016,3,2016-09-25,DET,00-0026498,M.Stafford,46,20.3139
2016_03_DET_GB,2016,3,2016-09-25,GB,00-0023459,A.Rodgers,28,12.89124
2016_03_HOU_NE,2016,3,2016-09-22,HOU,00-0029682,B.Osweiler,44,-12.87389
2016_03_HOU_NE,2016,3,2016-09-22,NE,00-0033119,J.Brissett,22,-7.90416
2016_03_LA_TB,2016,3,2016-09-25,LA,00-0028986,C.Keenum,27,-7.04393
2016_03_LA_TB,2016,3,2016-09-25,TB,00-0031503,J.Winston,61,0.05491
2016_03_MIN_CAR,2016,3,2016-09-25,CAR,00-0023645,D.Anderson,1,-0.57844
2016_03_MIN_CAR,2016,3,2016-09-25,CAR,00-0027939,C.Newton,45,-14.03904
2016_03_MIN_CAR,2016,3,2016-09-25,MIN,00-0027854,S.Bradford,30,-0.70777
2016_03_NYJ_KC,2016,3,2016-09-25,KC,00-0023436,A.Smith,35,8.84101
2016_03_NYJ_KC,2016,3,2016-09-25,NYJ,00-0023682,R.Fitzpatrick,44,-30.11741
2016_03_OAK_TEN,2016,3,2016-09-25,LV,00-0031280,D.Carr,36,6.14173
2016_03_OAK_TEN,2016,3,2016-09-25,TEN,00-0032268,M.Mariota,36,-12.85676
2016_03_PIT_PHI,2016,3,2016-09-25,PHI,00-0032950,C.Wentz,32,17.74148
2016_03_PIT_PHI,2016,3,2016-09-25,PIT,00-0022924,B.Roethlisberger,49,-13.73355
2016_03_SD_IND,2016,3,2016-09-25,IND,00-0029668,A.Luck,39,-4.57944
2016_03_SD_IND,2016,3,2016-09-25,LAC,00-0022942,P.Rivers,42,3.17706
2016_03_SF_SEA,2016,3,2016-09-25,SEA,00-0029263,R.Wilson,25,8.6789
2016_03_SF_SEA,2016,3,2016-09-25,SEA,00-0032462,T.Boykin,9,1.61212
2016_03_SF_SEA,2016,3,2016-09-25,SF,00-0027948,B.Gabbert,27,-8.46875
2016_03_WAS_NYG,2016,3,2016-09-25,NYG,00-0022803,E.Manning,40,3.51572
2016_03_WAS_NYG,2016,3,2016-09-25,WAS,00-0029604,K.Cousins,36,8.83379
2016_03_WAS_NYG,2016,3,2016-09-25,WAS,00-0030140,T.Way,1,5.16206
2016_04_BUF_NE,2016,4,2016-10-02,BUF,00-0028118,T.Taylor,44,11.63981
2016_04_BUF_NE,2016,4,2016-10-02,NE,00-0033119,J.Brissett,33,-5.26684
2016_04_CAR_ATL,2016,4,2016-10-02,ATL,00-0026143,M.Ryan,42,24.60287
2016_04_CAR_ATL,2016,4,2016-10-02,CAR,00-0023645,D.Anderson,23,3.78733
2016_04_CAR_ATL,2016,4,2016-10-02,CAR,00-0027939,C.Newton,26,0.94464
2016_04_CLE_WAS,2016,4,2016-10-02,CLE,00-0033104,C.Kessler,41,5.50339
2016_04_CLE_WAS,2016,4,2016-10-02,WAS,00-0029604,K.Cousins,30,2.25774
2016_04_DAL_SF,2016,4,2016-10-02,DAL,00-0033077,D.Prescott,35,11.93293
2016_04_DAL_SF,2016,4,2016-10-02,SF,00-0027948,B.Gabbert,25,-0.58126
2016_04_DEN_TB,2016,4,2016-10-02,DEN,00-0032156,T.Siemian,10,1.76364
2016_04_DEN_TB,2016,4,2016-10-02,DEN,00-0033108,P.Lynch,25,8.35237
2016_04_DEN_TB,2016,4,2016-10-02,TB,00-0031503,J.Winston,43,-12.76953
2016_04_DET_CHI,2016,4,2016-10-02,CHI,00-0026625,B.Hoyer,38,13.49758
2016_04_DET_CHI,2016,4,2016-10-02,DET,00-0026498,M.Stafford,39,-3.17799
2016_04_IND_JAX,2016,4,2016-10-02,IND,00-0029668,A.Luck,51,-4.63405
2016_04_IND_JAX,2016,4,2016-10-02,JAX,00-0031407,B.Bortles,42,6.01618
2016_04_KC_PIT,2016,4,2016-10-02,KC,00-0023436,A.Smith,55,-3.2501
2016_04_KC_PIT,2016,4,2016-10-02,PIT,00-0022924,B.Roethlisberger,29,19.71246
2016_04_LA_ARI,2016,4,2016-10-02,ARI,00-0021429,C.Palmer,39,-0.79683
2016_04_LA_ARI,2016,4,2016-10-02,ARI,00-0025430,D.Stanton,10,-3.88862
2016_04_LA_ARI,2016,4,2016-10-02,LA,00-0028986,C.Keenum,33,4.52684
2016_04_MIA_CIN,2016,4,2016-09-29,CIN,00-0027973,A.Dalton,32,9.13497
2016_04_MIA_CIN,2016,4,2016-09-29,MIA,00-0029701,R.Tannehill,30,-11.84039
2016_04_NO_SD,2016,4,2016-10-02,LAC,00-0022942,P.Rivers,46,3.62101
2016_04_NO_SD,2016,4,2016-10-02,NO,00-0020531,D.Brees,38,8.44075
2016_04_NYG_MIN,2016,4,2016-10-03,MIN,00-0027854,S.Bradford,38,6.91396
2016_04_NYG_MIN,2016,4,2016-10-03,NYG,00-0022803,E.Manning,45,-12.69626
2016_04_OAK_BAL,2016,4,2016-10-02,BAL,00-0026158,J.Flacco,53,-5.23467
2016_04_OAK_BAL,2016,4,2016-10-02,LV,00-0031280,D.Carr,35,8.25036
2016_04_SEA_NYJ,2016,4,2016-10-02,NYJ,00-0023682,R.Fitzpatrick,47,4.40811
2016_04_SEA_NYJ,2016,4,2016-10-02,SEA,00-0029263,R.Wilson,35,16.92954
2016_04_TEN_HOU,2016,4,2016-10-02,HOU,00-0029682,B.Osweiler,39,1.57186
2016_04_TEN_HOU,2016,4,2016-10-02,TEN,00-0032268,M.Mariota,33,-2.93571
2016_05_ARI_SF,2016,5,2016-10-06,ARI,00-0025430,D.Stanton,29,-5.99253
2016_05_ARI_SF,2016,5,2016-10-06,SF,00-0027948,B.Gabbert,44,-11.10254
2016_05_ATL_DEN,2016,5,2016-10-09,ATL,00-0026143,M.Ryan,31,3.37274
2016_05_ATL_DEN,2016,5,2016-10-09,DEN,00-0033108,P.Lynch,45,-5.48134
2016_05_BUF_LA,2016,5,2016-10-09,BUF,00-0028118,T.Taylor,27,0.86294
2016_05_BUF_LA,2016,5,2016-10-09,LA,00-0028986,C.Keenum,35,-9.73713
2016_05_CHI_IND,2016,5,2016-10-09,CHI,00-0026625,B.Hoyer,43,12.91478
2016_05_CHI_IND,2016,5,2016-10-09,IND,00-0029668,A.Luck,46,6.4091
2016_05_CIN_DAL,2016,5,2016-10-09,CIN,00-0027973,A.Dalton,50,6.6884
2016_05_CIN_DAL,2016,5,2016-10-09,DAL,00-0033077,D.Prescott,27,8.48972
2016_05_HOU_MIN,2016,5,2016-10-09,HOU,00-0029682,B.Osweiler,46,-18.03193
2016_05_HOU_MIN,2016,5,2016-10-09,MIN,00-0027854,S.Bradford,32,13.42223
2016_05_NE_CLE,2016,5,2016-10-09,CLE,00-0024296,C.Whitehurst,27,1.71065
2016_05_NE_CLE,2016,5,2016-10-09,CLE,00-0028825,T.Pryor,4,-4.39449
2016_05_NE_CLE,2016,5,2016-10-09,CLE,00-0033104,C.Kessler,8,4.17359
2016_05_NE_CLE,2016,5,2016-10-09,NE,00-0019596,T.Brady,43,27.24435
2016_05_NE_CLE,2016,5,2016-10-09,NE,00-0031345,J.Garoppolo,1,-1.38368
2016_05_NYG_GB,2016,5,2016-10-09,GB,00-0023459,A.Rodgers,47,1.64434
2016_05_NYG_GB,2016,5,2016-10-09,NYG,00-0022803,E.Manning,39,-7.02232
2016_05_NYG_GB,2016,5,2016-10-09,NYG,00-0031235,O.Beckham,1,-1.28539
2016_05_NYJ_PIT,2016,5,2016-10-09,NYJ,00-0023682,R.Fitzpatrick,42,0.537
2016_05_NYJ_PIT,2016,5,2016-10-09,PIT,00-0022924,B.Roethlisberger,48,17.23674
2016_05_PHI_DET,2016,5,2016-10-09,DET,00-0026498,M.Stafford,31,1.92398
2016_05_PHI_DET,2016,5,2016-10-09,PHI,00-0032950,C.Wentz,36,7.98576
2016_05_SD_OAK,2016,5,2016-10-09,LAC,00-0022942,P.Rivers,32,12.29304
2016_05_SD_OAK,2016,5,2016-10-09,LV,00-0031280,D.Carr,45,6.04166
2016_05_TB_CAR,2016,5,2016-10-10,CAR,00-0023645,D.Anderson,29,-4.45023
2016_05_TB_CAR,2016,5,2016-10-10,TB,00-0031503,J.Winston,34,4.86394
2016_05_TEN_MIA,2016,5,2016-10-09,MIA,00-0029701,R.Tannehill,24,-10.2232
2016_05_TEN_MIA,2016,5,2016-10-09,TEN,00-0032268,M.Mariota,32,7.41936
2016_05_WAS_BAL,2016,5,2016-10-09,BAL,00-0026158,J.Flacco,50,-9.60335
2016_05_WAS_BAL,2016,5,2016-10-09,BAL,00-0029597,J.Tucker,1,-2.88663
2016_05_WAS_BAL,2016,5,2016-10-09,WAS,00-0029604,K.Cousins,41,2.50892
2016_06_ATL_SEA,2016,6,2016-10-16,ATL,00-0026143,M.Ryan,46,4.47652
2016_06_ATL_SEA,2016,6,2016-10-16,SEA,00-0029263,R.Wilson,41,8.78291
2016_06_BAL_NYG,2016,6,2016-10-16,BAL,00-0026158,J.Flacco,50,-1.10315
2016_06_BAL_NYG,2016,6,2016-10-16,NYG,00-0022803,E.Manning,47,10.2542
2016_06_CAR_NO,2016,6,2016-10-16,CAR,00-0027939,C.Newton,49,3.93594
2016_06_CAR_NO,2016,6,2016-10-16,NO,00-0020531,D.Brees,49,19.61625
2016_06_CIN_NE,2016,6,2016-10-16,CIN,00-0027973,A.Dalton,34,12.93161
2016_06_CIN_NE,2016,6,2016-10-16,NE,00-0019596,T.Brady,39,18.23118
2016_06_CLE_TEN,2016,6,2016-10-16,CLE,00-0028825,T.Pryor,1,-0.4098
2016_06_CLE_TEN,2016,6,2016-10-16,CLE,00-0033104,C.Kessler,47,10.30917
2016_06_CLE_TEN,2016,6,2016-10-16,TEN,00-0032268,M.Mariota,29,12.05581
2016_06_DAL_GB,2016,6,2016-10-16,DAL,00-0033077,D.Prescott,29,6.87789
2016_06_DAL_GB,2016,6,2016-10-16,GB,00-0023459,A.Rodgers,45,-0.25678
2016_06_DEN_SD,2016,6,2016-10-13,DEN,00-0032156,T.Siemian,53,-10.84982
2016_06_DEN_SD,2016,6,2016-10-13,LAC,00-0022942,P.Rivers,31,2.64586
2016_06_IND_HOU,2016,6,2016-10-16,HOU,00-0029682,B.Osweiler,40,4.24173
2016_06_IND_HOU,2016,6,2016-10-16,IND,00-0029668,A.Luck,41,3.77807
2016_06_JAX_CHI,2016,6,2016-10-16,CHI,00-0026625,B.Hoyer,50,2.42443
2016_06_JAX_CHI,2016,6,2016-10-16,JAX,00-0031407,B.Bortles,36,-0.52281
2016_06_KC_OAK,2016,6,2016-10-16,KC,00-0023436,A.Smith,24,10.19548
2016_06_KC_OAK,2016,6,2016-10-16,KC,00-0026995,J.Maclin,1,-0.4346
2016_06_KC_OAK,2016,6,2016-10-16,LV,00-0031280,D.Carr,37,-8.9391
2016_06_LA_DET,2016,6,2016-10-16,DET,00-0026498,M.Stafford,35,19.19116
2016_06_LA_DET,2016,6,2016-10-16,LA,00-0028986,C.Keenum,35,22.37737
2016_06_NYJ_ARI,2016,6,2016-10-17,ARI,00-0021429,C.Palmer,34,7.5828
2016_06_NYJ_ARI,2016,6,2016-10-17,ARI,00-0025430,D.Stanton,1,1.06214
2016_06_NYJ_ARI,2016,6,2016-10-17,NYJ,00-0023682,R.Fitzpatrick,32,-7.17313
2016_06_NYJ_ARI,2016,6,2016-10-17,NYJ,00-0030565,G.Smith,8,-4.95955
2016_06_PHI_WAS,2016,6,2016-10-16,PHI,00-0032950,C.Wentz,27,-4.33908
2016_06_PHI_WAS,2016,6,2016-10-16,WAS,00-0029604,K.Cousins,35,2.87261
2016_06_PIT_MIA,2016,6,2016-10-16,MIA,00-0029701,R.Tannehill,32,8.91733
2016_06_PIT_MIA,2016,6,2016-10-16,PIT,00-0022924,B.Roethlisberger,36,-6.51783
2016_06_PIT_MIA,2016,6,2016-10-16,PIT,00-0030524,L.Jones,1,-1.37209
2016_06_SF_BUF,2016,6,2016-10-16,BUF,00-0028118,T.Taylor,31,10.97255
2016_06_SF_BUF,2016,6,2016-10-16,BUF,00-0030526,E.Manuel,2,-2.01627
2016_06_SF_BUF,2016,6,2016-10-16,SF,00-0027974,C.Kaepernick,36,2.28716
2016_07_BAL_NYJ,2016,7,2016-10-23,BAL,00-0026158,J.Flacco,46,-16.44633
2016_07_BAL_NYJ,2016,7,2016-10-23,NYJ,00-0023682,R.Fitzpatrick,17,-2.03794
2016_07_BAL_NYJ,2016,7,2016-10-23,NYJ,00-0030565,G.Smith,11,2.95945
2016_07_BUF_MIA,2016,7,2016-10-23,BUF,00-0028118,T.Taylor,38,2.82561
2016_07_BUF_MIA,2016,7,2016-10-23,MIA,00-0029701,R.Tannehill,30,3.74468
2016_07_CHI_GB,2016,7,2016-10-20,CHI,00-0026625,B.Hoyer,11,-2.17271
2016_07_CHI_GB,2016,7,2016-10-20,CHI,00-0030533,M.Barkley,16,-6.76331
2016_07_CHI_GB,2016,7,2016-10-20,GB,00-0023459,A.Rodgers,59,10.40909
2016_07_CLE_CIN,2016,7,2016-10-23,CIN,00-0027973,A.Dalton,31,12.42936
2016_07_CLE_CIN,2016,7,2016-10-23,CLE,00-0032784,K.Hogan,28,-4.5394
2016_07_CLE_CIN,2016,7,2016-10-23,CLE,00-0033104,C.Kessler,11,5.36075
2016_07_HOU_DEN,2016,7,2016-10-24,DEN,00-0032156,T.Siemian,25,1.97595
2016_07_HOU_DEN,2016,7,2016-10-24,HOU,00-0029682,B.Osweiler,44,-15.19069
2016_07_IND_TEN,2016,7,2016-10-23,IND,00-0029668,A.Luck,43,17.10299
2016_07_IND_TEN,2016,7,2016-10-23,TEN,00-0032268,M.Mariota,39,-0.36469
2016_07_MIN_PHI,2016,7,2016-10-23,MIN,00-0027854,S.Bradford,47,-19.28823
2016_07_MIN_PHI,2016,7,2016-10-23,PHI,00-0032950,C.Wentz,28,-6.55215
2016_07_NE_PIT,2016,7,2016-10-23,NE,00-0019596,T.Brady,29,9.98366
2016_07_NE_PIT,2016,7,2016-10-23,PIT,00-0030524,L.Jones,46,0.09653
2016_07_NO_KC,2016,7,2016-10-23,KC,00-0023436,A.Smith,25,10.53617
2016_07_NO_KC,2016,7,2016-10-23,NO,00-0020531,D.Brees,48,12.65694
2016_07_NYG_LA,2016,7,2016-10-23,LA,00-0028986,C.Keenum,57,-15.61011
2016_07_NYG_LA,2016,7,2016-10-23,NYG,00-0022803,E.Manning,37,-6.81658
2016_07_OAK_JAX,2016,7,2016-10-23,JAX,00-0031407,B.Bortles,47,-7.33254
2016_07_OAK_JAX,2016,7,2016-10-23,LV,00-0031280,D.Carr,38,1.96156
2016_07_SD_ATL,2016,7,2016-10-23,ATL,00-0026143,M.Ryan,38,3.85052
2016_07_SD_ATL,2016,7,2016-10-23,LAC,00-0022942,P.Rivers,48,7.58281
2016_07_SD_ATL,2016,7,2016-10-23,LAC,00-0029269,T.Benjamin,1,-0.50703
2016_07_SEA_ARI,2016,7,2016-10-23,ARI,00-0021429,C.Palmer,54,-0.18266
2016_07_SEA_ARI,2016,7,2016-10-23,SEA,00-0029263,R.Wilson,38,-5.84565
2016_07_TB_SF,2016,7,2016-10-23,SF,00-0027974,C.Kaepernick,44,-5.89361
2016_07_TB_SF,2016,7,2016-10-23,TB,00-0031503,J.Winston,32,15.28366
2016_07_WAS_DET,2016,7,2016-10-23,DET,00-0026498,M.Stafford,34,11.16795
2016_07_WAS_DET,2016,7,2016-10-23,WAS,00-0029604,K.Cousins,41,12.00361
2016_08_ARI_CAR,2016,8,2016-10-30,ARI,00-0021429,C.Palmer,54,-2.6839
2016_08_ARI_CAR,2016,8,2016-10-30,CAR,00-0027939,C.Newton,28,2.52953
2016_08_DET_HOU,2016,8,2016-10-30,DET,00-0026498,M.Stafford,42,-1.17674
2016_08_DET_HOU,2016,8,2016-10-30,HOU,00-0029682,B.Osweiler,32,-0.68083
2016_08_GB_ATL,2016,8,2016-10-30,ATL,00-0026143,M.Ryan,38,12.44909
2016_08_GB_ATL,2016,8,2016-10-30,GB,00-0023459,A.Rodgers,47,14.47312
2016_08_JAX_TEN,2016,8,2016-10-27,JAX,00-0031407,B.Bortles,58,10.14406
2016_08_JAX_TEN,2016,8,2016-10-27,TEN,00-0023662,M.Cassel,2,-2.07197
2016_08_JAX_TEN,2016,8,2016-10-27,TEN,00-0032268,M.Mariota,24,17.64988
2016_08_KC_IND,2016,8,2016-10-30,IND,00-0029668,A.Luck,48,-6.53028
2016_08_KC_IND,2016,8,2016-10-30,KC,00-0023436,A.Smith,21,8.16541
2016_08_KC_IND,2016,8,2016-10-30,KC,00-0029567,N.Foles,24,5.96011
2016_08_MIN_CHI,2016,8,2016-10-31,CHI,00-0024226,J.Cutler,33,8.13752
2016_08_MIN_CHI,2016,8,2016-10-31,MIN,00-0027854,S.Bradford,42,0.77007
2016_08_NE_BUF,2016,8,2016-10-30,BUF,00-0028118,T.Taylor,42,-12.04422
2016_08_NE_BUF,2016,8,2016-10-30,BUF,00-0030526,E.Manuel,3,1.52423
2016_08_NE_BUF,2016,8,2016-10-30,NE,00-0019596,T.Brady,38,23.33592
2016_08_NE_BUF,2016,8,2016-10-30,NE,00-0031345,J.Garoppolo,1,-1.29556
2016_08_NYJ_CLE,2016,8,2016-10-30,CLE,00-0021206,J.McCown,52,4.49876
2016_08_NYJ_CLE,2016,8,2016-10-30,CLE,00-0032784,K.Hogan,2,-0.67826
2016_08_NYJ_CLE,2016,8,2016-10-30,NYJ,00-0023682,R.Fitzpatrick,38,6.47125
2016_08_OAK_TB,2016,8,2016-10-30,LV,00-0031280,D.Carr,62,15.93168
2016_08_OAK_TB,2016,8,2016-10-30,TB,00-0031503,J.Winston,37,0.86757
2016_08_PHI_DAL,2016,8,2016-10-30,DAL,00-0029000,C.Beasley,1,-1.19104
2016_08_PHI_DAL,2016,8,2016-10-30,DAL,00-0033077,D.Prescott,44,4.2077
2016_08_PHI_DAL,2016,8,2016-10-30,PHI,00-0030990,J.Huff,1,-0.34572
2016_08_PHI_DAL,2016,8,2016-10-30,PHI,00-0032950,C.Wentz,46,3.46869
2016_08_SD_DEN,2016,8,2016-10-30,DEN,00-0032156,T.Siemian,39,-12.33833
2016_08_SD_DEN,2016,8,2016-10-30,LAC,00-0022942,P.Rivers,51,-21.36711
2016_08_SEA_NO,2016,8,2016-10-30,NO,00-0020531,D.Brees,37,9.94135
2016_08_SEA_NO,2016,8,2016-10-30,SEA,00-0023742,J.Ryan,1,-1.15673
2016_08_SEA_NO,2016,8,2016-10-30,SEA,00-0029263,R.Wilson,36,-2.99589
2016_08_SEA_NO,2016,8,2016-10-30,SEA,00-0032475,T.McEvoy,1,3.37728
2016_08_WAS_CIN,2016,8,2016-10-30,CIN,00-0027973,A.Dalton,47,7.34441
2016_08_WAS_CIN,2016,8,2016-10-30,WAS,00-0029604,K.Cousins,57,23.64652
2016_09_ATL_TB,2016,9,2016-11-03,ATL,00-0026143,M.Ryan,36,19.91719
2016_09_ATL_TB,2016,9,2016-11-03,TB,00-0030520,M.Glennon,11,6.07622
2016_09_ATL_TB,2016,9,2016-11-03,TB,00-0031503,J.Winston,40,15.69067
2016_09_BUF_SEA,2016,9,2016-11-07,BUF,00-0028118,T.Taylor,47,9.71327
2016_09_BUF_SEA,2016,9,2016-11-07,SEA,00-0029263,R.Wilson,31,9.22732
2016_09_CAR_LA,2016,9,2016-11-06,CAR,00-0027939,C.Newton,37,-1.05329
2016_09_CAR_LA,2016,9,2016-11-06,LA,00-0028986,C.Keenum,50,-3.01956
2016_09_DAL_CLE,2016,9,2016-11-06,CLE,00-0033104,C.Kessler,32,-1.07071
2016_09_DAL_CLE,2016,9,2016-11-06,DAL,00-0026898,M.Sanchez,1,1.79799
2016_09_DAL_CLE,2016,9,2016-11-06,DAL,00-0033077,D.Prescott,29,24.75743
2016_09_DEN_OAK,2016,9,2016-11-06,DEN,00-0032156,T.Siemian,39,-2.22372
2016_09_DEN_OAK,2016,9,2016-11-06,LV,00-0031280,D.Carr,34,-1.19867
2016_09_DET_MIN,2016,9,2016-11-06,DET,00-0026498,M.Stafford,36,-3.21927
2016_09_DET_MIN,2016,9,2016-11-06,MIN,00-0027854,S.Bradford,42,5.37278
2016_09_IND_GB,2016,9,2016-11-06,GB,00-0023459,A.Rodgers,51,7.19375
2016_09_IND_GB,2016,9,2016-11-06,IND,00-0029668,A.Luck,41,3.5175
2016_09_JAX_KC,2016,9,2016-11-06,JAX,00-0031407,B.Bortles,47,2.83775
2016_09_JAX_KC,2016,9,2016-11-06,KC,00-0029567,N.Foles,35,-12.39024
2016_09_NO_SF,2016,9,2016-11-06,NO,00-0020531,D.Brees,40,17.90454
2016_09_NO_SF,2016,9,2016-11-06,SF,00-0027974,C.Kaepernick,42,3.2931
2016_09_NYJ_MIA,2016,9,2016-11-06,MIA,00-0029701,R.Tannehill,29,1.22482
2016_09_NYJ_MIA,2016,9,2016-11-06,MIA,00-0031382,J.Landry,1,-0.38466
2016_09_NYJ_MIA,2016,9,2016-11-06,NYJ,00-0023682,R.Fitzpatrick,33,-4.38884
2016_09_NYJ_MIA,2016,9,2016-11-06,NYJ,00-0031568,B.Petty,2,0.10289
2016_09_PHI_NYG,2016,9,2016-11-06,NYG,00-0022803,E.Manning,37,-0.34367
2016_09_PHI_NYG,2016,9,2016-11-06,PHI,00-0032950,C.Wentz,49,-0.9998
2016_09_PIT_BAL,2016,9,2016-11-06,BAL,00-0026158,J.Flacco,33,-3.67797
2016_09_PIT_BAL,2016,9,2016-11-06,BAL,00-0028012,R.Mallett,1,-0.25898
2016_09_PIT_BAL,2016,9,2016-11-06,PIT,00-0022924,B.Roethlisberger,48,-5.73083
2016_09_TEN_SD,2016,9,2016-11-06,LAC,00-0022942,P.Rivers,34,12.94761
2016_09_TEN_SD,2016,9,2016-11-06,TEN,00-0032268,M.Mariota,42,4.65299
2016_10_ATL_PHI,2016,10,2016-11-13,ATL,00-0026143,M.Ryan,35,-1.40825
2016_10_ATL_PHI,2016,10,2016-11-13,PHI,00-0032950,C.Wentz,39,2.96266
2016_10_CHI_TB,2016,10,2016-11-13,CHI,00-0024226,J.Cutler,35,-19.74367
2016_10_CHI_TB,2016,10,2016-11-13,TB,00-0031503,J.Winston,37,11.22517
2016_10_CIN_NYG,2016,10,2016-11-14,CIN,00-0027973,A.Dalton,33,-2.79775
2016_10_CIN_NYG,2016,10,2016-11-14,NYG,00-0022803,E.Manning,46,-5.146
2016_10_CLE_BAL,2016,10,2016-11-10,BAL,00-0026158,J.Flacco,43,5.85216
2016_10_CLE_BAL,2016,10,2016-11-10,CLE,00-0021206,J.McCown,16,-13.89855
2016_10_CLE_BAL,2016,10,2016-11-10,CLE,00-0032784,K.Hogan,1,-0.72683
2016_10_CLE_BAL,2016,10,2016-11-10,CLE,00-0033104,C.Kessler,19,-2.53724
2016_10_DAL_PIT,2016,10,2016-11-13,DAL,00-0033077,D.Prescott,34,14.72974
2016_10_DAL_PIT,2016,10,2016-11-13,PIT,00-0022924,B.Roethlisberger,47,15.82749
2016_10_DEN_NO,2016,10,2016-11-13,DEN,00-0032156,T.Siemian,48,3.97297
2016_10_DEN_NO,2016,10,2016-11-13,NO,00-0020531,D.Brees,31,-5.92221
2016_10_GB_TEN,2016,10,2016-11-13,GB,00-0023459,A.Rodgers,58,8.51934
2016_10_GB_TEN,2016,10,2016-11-13,GB,00-0031589,B.Hundley,4,-2.33092
2016_10_GB_TEN,2016,10,2016-11-13,TEN,00-0028009,D.Murray,1,2.29744
2016_10_GB_TEN,2016,10,2016-11-13,TEN,00-0032268,M.Mariota,28,19.97205
2016_10_HOU_JAX,2016,10,2016-11-13,HOU,00-0029682,B.Osweiler,31,0.65233
2016_10_HOU_JAX,2016,10,2016-11-13,JAX,00-0031407,B.Bortles,52,0.17053
2016_10_KC_CAR,2016,10,2016-11-13,CAR,00-0027939,C.Newton,40,-2.11456
2016_10_KC_CAR,2016,10,2016-11-13,KC,00-0023436,A.Smith,44,-7.35468
2016_10_LA_NYJ,2016,10,2016-11-13,LA,00-0028986,C.Keenum,35,0.06024
2016_10_LA_NYJ,2016,10,2016-11-13,NYJ,00-0031568,B.Petty,33,-4.6614
2016_10_MIA_SD,2016,10,2016-11-13,LAC,00-0022942,P.Rivers,47,-9.12027
2016_10_MIA_SD,2016,10,2016-11-13,MIA,00-0029701,R.Tannehill,26,15.24727
2016_10_MIN_WAS,2016,10,2016-11-13,MIN,00-0027854,S.Bradford,43,8.51086
2016_10_MIN_WAS,2016,10,2016-11-13,WAS,00-0029604,K.Cousins,34,11.39757
2016_10_SEA_NE,2016,10,2016-11-13,NE,00-0019596,T.Brady,35,7.03883
2016_10_SEA_NE,2016,10,2016-11-13,SEA,00-0029263,R.Wilson,41,17.87186
2016_10_SF_ARI,2016,10,2016-11-13,ARI,00-0021429,C.Palmer,51,-4.49014
2016_10_SF_ARI,2016,10,2016-11-13,SF,00-0027974,C.Kaepernick,39,4.36215
2016_11_ARI_MIN,2016,11,2016-11-20,ARI,00-0021429,C.Palmer,43,-17.9577
2016_11_ARI_MIN,2016,11,2016-11-20,MIN,00-0027854,S.Bradford,30,-1.99631
2016_11_BAL_DAL,2016,11,2016-11-20,BAL,00-0026158,J.Flacco,37,5.15809
2016_11_BAL_DAL,2016,11,2016-11-20,DAL,00-0033077,D.Prescott,39,18.27136
2016_11_BUF_CIN,2016,11,2016-11-20,BUF,00-0028118,T.Taylor,34,-5.99394
2016_11_BUF_CIN,2016,11,2016-11-20,CIN,00-0027973,A.Dalton,44,-8.26547
2016_11_CHI_NYG,2016,11,2016-11-20,CHI,00-0024226,J.Cutler,34,3.62508
2016_11_CHI_NYG,2016,11,2016-11-20,NYG,00-0022803,E.Manning,37,8.75406
2016_11_GB_WAS,2016,11,2016-11-20,GB,00-0023459,A.Rodgers,46,18.0031
2016_11_GB_WAS,2016,11,2016-11-20,GB,00-0031589,B.Hundley,3,-3.77373
2016_11_GB_WAS,2016,11,2016-11-20,WAS,00-0029604,K.Cousins,33,22.44738
2016_11_HOU_OAK,2016,11,2016-11-21,HOU,00-0029682,B.Osweiler,43,11.36362
2016_11_HOU_OAK,2016,11,2016-11-21,LV,00-0031280,D.Carr,31,11.89787
2016_11_JAX_DET,2016,11,2016-11-20,DET,00-0026498,M.Stafford,37,3.181
2016_11_JAX_DET,2016,11,2016-11-20,JAX,00-0031407,B.Bortles,36,-2.75092
2016_11_MIA_LA,2016,11,2016-11-20,LA,00-0033106,J.Goff,34,-14.71618
2016_11_MIA_LA,2016,11,2016-11-20,MIA,00-0029701,R.Tannehill,39,-5.52168
2016_11_NE_SF,2016,11,2016-11-20,NE,00-0019596,T.Brady,43,9.35041
2016_11_NE_SF,2016,11,2016-11-20,SF,00-0027974,C.Kaepernick,37,2.1627
2016_11_NO_CAR,2016,11,2016-11-17,CAR,00-0027939,C.Newton,35,-2.02054
2016_11_NO_CAR,2016,11,2016-11-17,NO,00-0020531,D.Brees,47,-0.11629
2016_11_PHI_SEA,2016,11,2016-11-20,PHI,00-0032950,C.Wentz,47,-8.18996
2016_11_PHI_SEA,2016,11,2016-11-20,SEA,00-0028434,D.Baldwin,1,2.0046
2016_11_PHI_SEA,2016,11,2016-11-20,SEA,00-0029263,R.Wilson,36,6.6152
2016_11_PIT_CLE,2016,11,2016-11-20,CLE,00-0021206,J.McCown,33,-9.88083
2016_11_PIT_CLE,2016,11,2016-11-20,CLE,00-0033104,C.Kessler,19,1.0356
2016_11_PIT_CLE,2016,11,2016-11-20,PIT,00-0022924,B.Roethlisberger,36,2.62315
2016_11_TB_KC,2016,11,2016-11-20,KC,00-0023436,A.Smith,32,8.60492
2016_11_TB_KC,2016,11,2016-11-20,TB,00-0031503,J.Winston,43,19.04381
2016_11_TEN_IND,2016,11,2016-11-20,IND,00-0029668,A.Luck,34,8.97501
2016_11_TEN_IND,2016,11,2016-11-20,TEN,00-0032268,M.Mariota,45,6.59759
2016_12_ARI_ATL,2016,12,2016-11-27,ARI,00-0021429,C.Palmer,47,2.22751
2016_12_ARI_ATL,2016,12,2016-11-27,ATL,00-0026143,M.Ryan,39,7.50548
2016_12_CAR_OAK,2016,12,2016-11-27,CAR,00-0027939,C.Newton,31,-1.81241
2016_12_CAR_OAK,2016,12,2016-11-27,LV,00-0030419,M.McGloin,1,-1.46288
2016_12_CAR_OAK,2016,12,2016-11-27,LV,00-0031280,D.Carr,40,9.30356
2016_12_CIN_BAL,2016,12,2016-11-27,BAL,00-0026158,J.Flacco,39,-1.9113
2016_12_CIN_BAL,2016,12,2016-11-27,CIN,00-0027973,A.Dalton,53,2.86757
2016_12_GB_PHI,2016,12,2016-11-28,GB,00-0023459,A.Rodgers,41,25.37186
2016_12_GB_PHI,2016,12,2016-11-28,PHI,00-0032950,C.Wentz,44,1.51625
2016_12_JAX_BUF,2016,12,2016-11-27,BUF,00-0028118,T.Taylor,27,5.2741
2016_12_JAX_BUF,2016,12,2016-11-27,JAX,00-0031407,B.Bortles,33,4.37076
2016_12_KC_DEN,2016,12,2016-11-27,DEN,00-0032156,T.Siemian,42,18.00797
2016_12_KC_DEN,2016,12,2016-11-27,KC,00-0023436,A.Smith,50,-6.70059
2016_12_LA_NO,2016,12,2016-11-27,LA,00-0033106,J.Goff,34,-8.93915
2016_12_LA_NO,2016,12,2016-11-27,NO,00-0020531,D.Brees,37,8.86203
2016_12_LA_NO,2016,12,2016-11-27,NO,00-0030663,W.Snead,1,4.87277
2016_12_MIN_DET,2016,12,2016-11-24,DET,00-0026498,M.Stafford,43,0.40651
2016_12_MIN_DET,2016,12,2016-11-24,MIN,00-0027854,S.Bradford,37,-5.46033
2016_12_NE_NYJ,2016,12,2016-11-27,NE,00-0019596,T.Brady,50,6.35154
2016_12_NE_NYJ,2016,12,2016-11-27,NYJ,00-0023682,R.Fitzpatrick,34,0.0753
2016_12_NYG_CLE,2016,12,2016-11-27,CLE,00-0021206,J.McCown,49,-15.99362
2016_12_NYG_CLE,2016,12,2016-11-27,CLE,00-0032257,D.Johnson Jr.,1,-0.49236
2016_12_NYG_CLE,2016,12,2016-11-27,NYG,00-0022803,E.Manning,28,7.53978
2016_12_PIT_IND,2016,12,2016-11-24,IND,00-0027145,P.McAfee,1,5.03646
2016_12_PIT_IND,2016,12,2016-11-24,IND,00-0028595,S.Tolzien,40,-10.37763
2016_12_PIT_IND,2016,12,2016-11-24,PIT,00-0022924,B.Roethlisberger,20,14.73982
2016_12_PIT_IND,2016,12,2016-11-24,PIT,00-0030524,L.Jones,1,-1.4807
2016_12_SD_HOU,2016,12,2016-11-27,HOU,00-0029682,B.Osweiler,39,-2.8394
2016_12_SD_HOU,2016,12,2016-11-27,LAC,00-0022942,P.Rivers,31,7.28875
2016_12_SEA_TB,2016,12,2016-11-27,SEA,00-0029263,R.Wilson,45,-21.09923
2016_12_SEA_TB,2016,12,2016-11-27,TB,00-0031503,J.Winston,30,8.85771
2016_12_SF_MIA,2016,12,2016-11-27,MIA,00-0029701,R.Tannehill,34,15.47753
2016_12_SF_MIA,2016,12,2016-11-27,SF,00-0027974,C.Kaepernick,53,8.70917
2016_12_TEN_CHI,2016,12,2016-11-27,CHI,00-0030533,M.Barkley,54,2.78218
2016_12_TEN_CHI,2016,12,2016-11-27,TEN,00-0032268,M.Mariota,25,14.53183
2016_12_WAS_DAL,2016,12,2016-11-24,DAL,00-0033077,D.Prescott,27,13.53147
2016_12_WAS_DAL,2016,12,2016-11-24,WAS,00-0029604,K.Cousins,53,26.15486
2016_13_BUF_OAK,2016,13,2016-12-04,BUF,00-0028118,T.Taylor,41,-7.13028
2016_13_BUF_OAK,2016,13,2016-12-04,LV,00-0031280,D.Carr,35,7.82881
2016_13_CAR_SEA,2016,13,2016-12-04,CAR,00-0023645,D.Anderson,1,-5.25227
2016_13_CAR_SEA,2016,13,2016-12-04,CAR,00-0027939,C.Newton,33,-0.54182
2016_13_CAR_SEA,2016,13,2016-12-04,SEA,00-0029263,R.Wilson,41,7.27424
2016_13_CAR_SEA,2016,13,2016-12-04,SEA,00-0032462,T.Boykin,3,3.08088
2016_13_DAL_MIN,2016,13,2016-12-01,DAL,00-0033077,D.Prescott,25,-1.63301
2016_13_DAL_MIN,2016,13,2016-12-01,MIN,00-0020679,S.Hill,2,-0.63652
2016_13_DAL_MIN,2016,13,2016-12-01,MIN,00-0027854,S.Bradford,48,-0.31387
2016_13_DAL_MIN,2016,13,2016-12-01,MIN,00-0031376,J.McKinnon,1,-0.48067
2016_13_DEN_JAX,2016,13,2016-12-04,DEN,00-0033108,P.Lynch,28,-10.86518
2016_13_DEN_JAX,2016,13,2016-12-04,JAX,00-0031407,B.Bortles,45,-24.66847
2016_13_DET_NO,2016,13,2016-12-04,DET,00-0026498,M.Stafford,47,16.74332
2016_13_DET_NO,2016,13,2016-12-04,NO,00-0020531,D.Brees,44,-7.5962
2016_13_HOU_GB,2016,13,2016-12-04,GB,00-0023459,A.Rodgers,33,7.80606
2016_13_HOU_GB,2016,13,2016-12-04,HOU,00-0029682,B.Osweiler,40,-0.51433
2016_13_IND_NYJ,2016,13,2016-12-05,IND,00-0028595,S.Tolzien,1,1.1525
2016_13_IND_NYJ,2016,13,2016-12-05,IND,00-0029668,A.Luck,32,23.5269
2016_13_IND_NYJ,2016,13,2016-12-05,NYJ,00-0023682,R.Fitzpatrick,13,-1.85023
2016_13_IND_NYJ,2016,13,2016-12-05,NYJ,00-0031568,B.Petty,26,-9.88685
2016_13_KC_ATL,2016,13,2016-12-04,ATL,00-0026143,M.Ryan,39,0.38611
2016_13_KC_ATL,2016,13,2016-12-04,KC,00-0023436,A.Smith,26,10.48789
2016_13_LA_NE,2016,13,2016-12-04,LA,00-0033106,J.Goff,36,-15.79828
2016_13_LA_NE,2016,13,2016-12-04,NE,00-0019596,T.Brady,46,0.90251
2016_13_MIA_BAL,2016,13,2016-12-04,BAL,00-0026158,J.Flacco,46,10.44397
2016_13_MIA_BAL,2016,13,2016-12-04,BAL,00-0028012,R.Mallett,3,-1.97515
2016_13_MIA_BAL,2016,13,2016-12-04,MIA,00-0029701,R.Tannehill,42,-10.7331
2016_13_NYG_PIT,2016,13,2016-12-04,NYG,00-0022803,E.Manning,41,-16.98329
2016_13_NYG_PIT,2016,13,2016-12-04,PIT,00-0022924,B.Roethlisberger,38,12.53271
2016_13_NYG_PIT,2016,13,2016-12-04,PIT,00-0030496,L.Bell,1,-0.59721
2016_13_PHI_CIN,2016,13,2016-12-04,CIN,00-0027973,A.Dalton,31,15.91592
2016_13_PHI_CIN,2016,13,2016-12-04,PHI,00-0032950,C.Wentz,63,-1.29788
2016_13_SF_CHI,2016,13,2016-12-04,CHI,00-0030533,M.Barkley,20,7.52759
2016_13_SF_CHI,2016,13,2016-12-04,SF,00-0027948,B.Gabbert,12,-4.21459
2016_13_SF_CHI,2016,13,2016-12-04,SF,00-0027974,C.Kaepernick,12,-10.41758
2016_13_TB_SD,2016,13,2016-12-04,LAC,00-0022942,P.Rivers,31,-1.81126
2016_13_TB_SD,2016,13,2016-12-04,TB,00-0031503,J.Winston,32,11.25169
2016_13_WAS_ARI,2016,13,2016-12-04,ARI,00-0021429,C.Palmer,47,14.03238
2016_13_WAS_ARI,2016,13,2016-12-04,WAS,00-0029604,K.Cousins,39,0.2902
2016_14_ARI_MIA,2016,14,2016-12-11,ARI,00-0021429,C.Palmer,37,-8.63779
2016_14_ARI_MIA,2016,14,2016-12-11,MIA,00-0025708,M.Moore,5,1.83989
2016_14_ARI_MIA,2016,14,2016-12-11,MIA,00-0029701,R.Tannehill,23,6.93519
2016_14_ATL_LA,2016,14,2016-12-11,ATL,00-0022787,M.Schaub,2,-2.18008
2016_14_ATL_LA,2016,14,2016-12-11,ATL,00-0026143,M.Ryan,30,15.77717
2016_14_ATL_LA,2016,14,2016-12-11,LA,00-0033106,J.Goff,44,-17.8253
2016_14_BAL_NE,2016,14,2016-12-12,BAL,00-0026158,J.Flacco,55,4.06685
2016_14_BAL_NE,2016,14,2016-12-12,NE,00-0019596,T.Brady,39,13.04512
2016_14_CHI_DET,2016,14,2016-12-11,CHI,00-0030533,M.Barkley,33,3.82698
2016_14_CHI_DET,2016,14,2016-12-11,DET,00-0026498,M.Stafford,41,-1.09765
2016_14_CIN_CLE,2016,14,2016-12-11,CIN,00-0027973,A.Dalton,34,4.48139
2016_14_CIN_CLE,2016,14,2016-12-11,CLE,00-0029665,R.Griffin III,33,-11.86126
2016_14_DAL_NYG,2016,14,2016-12-11,DAL,00-0033077,D.Prescott,40,-25.66456
2016_14_DAL_NYG,2016,14,2016-12-11,NYG,00-0022803,E.Manning,31,-11.91123
2016_14_DEN_TEN,2016,14,2016-12-11,DEN,00-0032156,T.Siemian,54,-1.3969
2016_14_DEN_TEN,2016,14,2016-12-11,DEN,00-0032943,R.Dixon,1,3.53056
2016_14_DEN_TEN,2016,14,2016-12-11,TEN,00-0028009,D.Murray,1,-0.45254
2016_14_DEN_TEN,2016,14,2016-12-11,TEN,00-0032268,M.Mariota,24,-8.56655
2016_14_HOU_IND,2016,14,2016-12-11,HOU,00-0029682,B.Osweiler,25,-5.4141
2016_14_HOU_IND,2016,14,2016-12-11,IND,00-0029668,A.Luck,46,-9.35016
2016_14_MIN_JAX,2016,14,2016-12-11,JAX,00-0031407,B.Bortles,43,1.80727
2016_14_MIN_JAX,2016,14,2016-12-11,MIN,00-0027854,S.Bradford,36,16.44514
2016_14_NO_TB,2016,14,2016-12-11,NO,00-0020531,D.Brees,42,-4.81594
2016_14_NO_TB,2016,14,2016-12-11,TB,00-0031503,J.Winston,31,4.86429
2016_14_NYJ_SF,2016,14,2016-12-11,NYJ,00-0031568,B.Petty,44,-3.50183
2016_14_NYJ_SF,2016,14,2016-12-11,SF,00-0027974,C.Kaepernick,30,-7.84207
2016_14_OAK_KC,2016,14,2016-12-08,KC,00-0023436,A.Smith,28,-0.61086
2016_14_OAK_KC,2016,14,2016-12-08,LV,00-0031280,D.Carr,44,-18.89552
2016_14_PIT_BUF,2016,14,2016-12-11,BUF,00-0028118,T.Taylor,32,2.09906
2016_14_PIT_BUF,2016,14,2016-12-11,PIT,00-0022924,B.Roethlisberger,31,-6.06173
2016_14_SD_CAR,2016,14,2016-12-11,CAR,00-0027939,C.Newton,31,-9.26075
2016_14_SD_CAR,2016,14,2016-12-11,LAC,00-0022942,P.Rivers,44,-8.03171
2016_14_SEA_GB,2016,14,2016-12-11,GB,00-0023459,A.Rodgers,24,13.69451
2016_14_SEA_GB,2016,14,2016-12-11,GB,00-0031589,B.Hundley,2,-1.55808
2016_14_SEA_GB,2016,14,2016-12-11,SEA,00-0029263,R.Wilson,46,-20.8066
2016_14_WAS_PHI,2016,14,2016-12-11,PHI,00-0032950,C.Wentz,51,4.5721
2016_14_WAS_PHI,2016,14,2016-12-11,WAS,00-0029604,K.Cousins,24,4.88262
2016_15_CAR_WAS,2016,15,2016-12-19,CAR,00-0027939,C.Newton,40,4.25145
2016_15_CAR_WAS,2016,15,2016-12-19,WAS,00-0029604,K.Cousins,49,-7.63219
2016_15_CLE_BUF,2016,15,2016-12-18,BUF,00-0028118,T.Taylor,30,11.18887
2016_15_CLE_BUF,2016,15,2016-12-18,BUF,00-0030526,E.Manuel,1,-0.92983
2016_15_CLE_BUF,2016,15,2016-12-18,CLE,00-0029665,R.Griffin III,37,2.70768
2016_15_DET_NYG,2016,15,2016-12-18,DET,00-0026498,M.Stafford,42,-1.27543
2016_15_DET_NYG,2016,15,2016-12-18,NYG,00-0022803,E.Manning,30,5.09175
2016_15_GB_CHI,2016,15,2016-12-18,CHI,00-0030533,M.Barkley,44,4.81979
2016_15_GB_CHI,2016,15,2016-12-18,GB,00-0023459,A.Rodgers,37,0.8413
2016_15_IND_MIN,2016,15,2016-12-18,IND,00-0029668,A.Luck,29,15.2953
2016_15_IND_MIN,2016,15,2016-12-18,MIN,00-0027854,S.Bradford,47,-12.13425
2016_15_JAX_HOU,2016,15,2016-12-18,HOU,00-0029682,B.Osweiler,11,-12.26013
2016_15_JAX_HOU,2016,15,2016-12-18,HOU,00-0031064,T.Savage,37,4.53436
2016_15_JAX_HOU,2016,15,2016-12-18,JAX,00-0031407,B.Bortles,31,-15.07794
2016_15_LA_SEA,2016,15,2016-12-15,LA,00-0028872,J.Hekker,1,-2.64236
2016_15_LA_SEA,2016,15,2016-12-15,LA,00-0028986,C.Keenum,9,-7.02883
2016_15_LA_SEA,2016,15,2016-12-15,LA,00-0033106,J.Goff,29,-6.60425
2016_15_LA_SEA,2016,15,2016-12-15,SEA,00-0029263,R.Wilson,30,12.71734
2016_15_MIA_NYJ,2016,15,2016-12-17,MIA,00-0025708,M.Moore,19,14.98207
2016_15_MIA_NYJ,2016,15,2016-12-17,NYJ,00-0023682,R.Fitzpatrick,12,-7.56749
2016_15_MIA_NYJ,2016,15,2016-12-17,NYJ,00-0031568,B.Petty,39,-11.34362
2016_15_NE_DEN,2016,15,2016-12-18,DEN,00-0032156,T.Siemian,45,-16.36761
2016_15_NE_DEN,2016,15,2016-12-18,NE,00-0019596,T.Brady,34,-0.34328
2016_15_NO_ARI,2016,15,2016-12-18,ARI,00-0021429,C.Palmer,41,5.9807
2016_15_NO_ARI,2016,15,2016-12-18,NO,00-0020531,D.Brees,51,13.1052
2016_15_OAK_SD,2016,15,2016-12-18,LAC,00-0022942,P.Rivers,33,2.4253
2016_15_OAK_SD,2016,15,2016-12-18,LV,00-0031280,D.Carr,34,5.86194
2016_15_PHI_BAL,2016,15,2016-12-18,BAL,00-0026158,J.Flacco,32,-6.68144
2016_15_PHI_BAL,2016,15,2016-12-18,PHI,00-0032950,C.Wentz,45,-5.79872
2016_15_PIT_CIN,2016,15,2016-12-18,CIN,00-0027973,A.Dalton,28,-4.76698
2016_15_PIT_CIN,2016,15,2016-12-18,PIT,00-0022924,B.Roethlisberger,36,14.69108
2016_15_SF_ATL,2016,15,2016-12-18,ATL,00-0022787,M.Schaub,1,2.03549
2016_15_SF_ATL,2016,15,2016-12-18,ATL,00-0026143,M.Ryan,24,20.51476
2016_15_SF_ATL,2016,15,2016-12-18,SF,00-0027974,C.Kaepernick,36,0.79649
2016_15_TB_DAL,2016,15,2016-12-18,DAL,00-0033077,D.Prescott,41,4.68303
2016_15_TB_DAL,2016,15,2016-12-18,TB,00-0031503,J.Winston,40,-2.68025
2016_15_TEN_KC,2016,15,2016-12-18,KC,00-0023436,A.Smith,31,-1.41554
2016_15_TEN_KC,2016,15,2016-12-18,TEN,00-0032268,M.Mariota,33,-7.94378
2016_16_ARI_SEA,2016,16,2016-12-24,ARI,00-0021429,C.Palmer,27,9.7767
2016_16_ARI_SEA,2016,16,2016-12-24,ARI,00-0022921,L.Fitzgerald,1,-0.56238
2016_16_ARI_SEA,2016,16,2016-12-24,SEA,00-0029263,R.Wilson,52,5.63974
2016_16_ATL_CAR,2016,16,2016-12-24,ATL,00-0026143,M.Ryan,39,11.29573
2016_16_ATL_CAR,2016,16,2016-12-24,CAR,00-0027939,C.Newton,48,-16.52453
2016_16_BAL_PIT,2016,16,2016-12-25,BAL,00-0026158,J.Flacco,46,4.16642
2016_16_BAL_PIT,2016,16,2016-12-25,PIT,00-0022924,B.Roethlisberger,31,4.18429
2016_16_CIN_HOU,2016,16,2016-12-24,CIN,00-0027973,A.Dalton,44,-5.68033
2016_16_CIN_HOU,2016,16,2016-12-24,HOU,00-0031064,T.Savage,34,-8.20809
2016_16_DEN_KC,2016,16,2016-12-25,DEN,00-0032156,T.Siemian,43,-13.66188
2016_16_DEN_KC,2016,16,2016-12-25,KC,00-0023436,A.Smith,38,3.79976
2016_16_DEN_KC,2016,16,2016-12-25,KC,00-0029688,D.Poe,1,2.29735
2016_16_DET_DAL,2016,16,2016-12-26,DAL,00-0027902,D.Bryant,1,1.75723
2016_16_DET_DAL,2016,16,2016-12-26,DAL,00-0033077,D.Prescott,24,16.77087
2016_16_DET_DAL,2016,16,2016-12-26,DET,00-0026498,M.Stafford,50,-2.98187
2016_16_IND_OAK,2016,16,2016-12-24,IND,00-0029668,A.Luck,32,9.43718
2016_16_IND_OAK,2016,16,2016-12-24,LV,00-0030419,M.McGloin,3,-0.10183
2016_16_IND_OAK,2016,16,2016-12-24,LV,00-0031280,D.Carr,33,11.5251
2016_16_MIA_BUF,2016,16,2016-12-24,BUF,00-0028118,T.Taylor,45,20.86055
2016_16_MIA_BUF,2016,16,2016-12-24,MIA,00-0025708,M.Moore,29,7.24996
2016_16_MIN_GB,2016,16,2016-12-24,GB,00-0023459,A.Rodgers,44,14.42498
2016_16_MIN_GB,2016,16,2016-12-24,GB,00-0031589,B.Hundley,1,-0.53352
2016_16_MIN_GB,2016,16,2016-12-24,MIN,00-0027854,S.Bradford,55,8.87897
2016_16_NYG_PHI,2016,16,2016-12-22,NYG,00-0022803,E.Manning,63,-3.31149
2016_16_NYG_PHI,2016,16,2016-12-22,PHI,00-0026544,C.Daniel,1,1.59691
2016_16_NYG_PHI,2016,16,2016-12-22,PHI,00-0032950,C.Wentz,26,1.85959
2016_16_NYJ_NE,2016,16,2016-12-24,NE,00-0019596,T.Brady,28,12.42993
2016_16_NYJ_NE,2016,16,2016-12-24,NE,00-0031345,J.Garoppolo,2,-0.20198
2016_16_NYJ_NE,2016,16,2016-12-24,NYJ,00-0023682,R.Fitzpatrick,22,-8.32292
2016_16_NYJ_NE,2016,16,2016-12-24,NYJ,00-0031568,B.Petty,5,-7.07227
2016_16_SD_CLE,2016,16,2016-12-24,CLE,00-0029665,R.Griffin III,35,0.84697
2016_16_SD_CLE,2016,16,2016-12-24,CLE,00-0033104,C.Kessler,5,-2.76533
2016_16_SD_CLE,2016,16,2016-12-24,LAC,00-0022942,P.Rivers,45,9.87901
2016_16_SF_LA,2016,16,2016-12-24,LA,00-0033106,J.Goff,29,-13.0378
2016_16_SF_LA,2016,16,2016-12-24,SF,00-0027974,C.Kaepernick,45,2.27525
2016_16_TB_NO,2016,16,2016-12-24,NO,00-0020531,D.Brees,37,7.85263
2016_16_TB_NO,2016,16,2016-12-24,TB,00-0031503,J.Winston,40,5.3609
2016_16_TEN_JAX,2016,16,2016-12-24,JAX,00-0031407,B.Bortles,41,12.28416
2016_16_TEN_JAX,2016,16,2016-12-24,JAX,00-0031431,M.Lee,1,2.71494
2016_16_TEN_JAX,2016,16,2016-12-24,TEN,00-0023662,M.Cassel,23,-6.90626
2016_16_TEN_JAX,2016,16,2016-12-24,TEN,00-0032268,M.Mariota,23,0.48837
2016_16_WAS_CHI,2016,16,2016-12-24,CHI,00-0030533,M.Barkley,41,-5.51709
2016_16_WAS_CHI,2016,16,2016-12-24,WAS,00-0029604,K.Cousins,31,9.01128
2016_17_ARI_LA,2016,17,2017-01-01,ARI,00-0021429,C.Palmer,39,7.72099
2016_17_ARI_LA,2016,17,2017-01-01,ARI,00-0025430,D.Stanton,4,-2.31987
2016_17_ARI_LA,2016,17,2017-01-01,LA,00-0028872,J.Hekker,1,2.30602
2016_17_ARI_LA,2016,17,2017-01-01,LA,00-0032245,S.Mannion,6,-12.6103
2016_17_ARI_LA,2016,17,2017-01-01,LA,00-0033106,J.Goff,27,-20.65744
2016_17_ARI_LA,2016,17,2017-01-01,LA,00-0033111,P.Cooper,1,-7.61006
2016_17_BAL_CIN,2016,17,2017-01-01,BAL,00-0026158,J.Flacco,52,-12.11852
2016_17_BAL_CIN,2016,17,2017-01-01,BAL,00-0028012,R.Mallett,2,-1.98117
2016_17_BAL_CIN,2016,17,2017-01-01,CIN,00-0027973,A.Dalton,30,3.54647
2016_17_BUF_NYJ,2016,17,2017-01-01,BUF,00-0030526,E.Manuel,24,-6.25281
2016_17_BUF_NYJ,2016,17,2017-01-01,BUF,00-0033098,C.Jones,12,-8.04059
2016_17_BUF_NYJ,2016,17,2017-01-01,NYJ,00-0023682,R.Fitzpatrick,31,5.34876
2016_17_CAR_TB,2016,17,2017-01-01,CAR,00-0027939,C.Newton,35,-5.45894
2016_17_CAR_TB,2016,17,2017-01-01,TB,00-0031503,J.Winston,40,-8.91769
2016_17_CHI_MIN,2016,17,2017-01-01,CHI,00-0030533,M.Barkley,15,-8.78301
2016_17_CHI_MIN,2016,17,2017-01-01,CHI,00-0031076,D.Fales,6,-2.25862
2016_17_CHI_MIN,2016,17,2017-01-01,CHI,00-0031912,C.Meredith,1,2.0902
2016_17_CHI_MIN,2016,17,2017-01-01,MIN,00-0020679,S.Hill,1,-3.01699
2016_17_CHI_MIN,2016,17,2017-01-01,MIN,00-0027854,S.Bradford,34,14.15875
2016_17_CLE_PIT,2016,17,2017-01-01,CLE,00-0029665,R.Griffin III,45,4.39361
2016_17_CLE_PIT,2016,17,2017-01-01,PIT,00-0030524,L.Jones,41,8.32299
2016_17_DAL_PHI,2016,17,2017-01-01,DAL,00-0021678,T.Romo,4,3.706
2016_17_DAL_PHI,2016,17,2017-01-01,DAL,00-0026898,M.Sanchez,21,-14.25199
2016_17_DAL_PHI,2016,17,2017-01-01,DAL,00-0033077,D.Prescott,9,0.22401
2016_17_DAL_PHI,2016,17,2017-01-01,PHI,00-0032950,C.Wentz,46,3.10193
2016_17_GB_DET,2016,17,2017-01-01,DET,00-0026498,M.Stafford,43,9.79107
2016_17_GB_DET,2016,17,2017-01-01,GB,00-0023459,A.Rodgers,46,16.72726
2016_17_HOU_TEN,2016,17,2017-01-01,HOU,00-0029682,B.Osweiler,43,7.65685
2016_17_HOU_TEN,2016,17,2017-01-01,HOU,00-0031064,T.Savage,9,-7.17071
2016_17_HOU_TEN,2016,17,2017-01-01,TEN,00-0023662,M.Cassel,31,-3.63731
2016_17_JAX_IND,2016,17,2017-01-01,IND,00-0029668,A.Luck,44,5.01805
2016_17_JAX_IND,2016,17,2017-01-01,JAX,00-0031407,B.Bortles,42,-0.18484
2016_17_KC_SD,2016,17,2017-01-01,KC,00-0023436,A.Smith,33,13.5009
2016_17_KC_SD,2016,17,2017-01-01,LAC,00-0022942,P.Rivers,39,2.37185
2016_17_NE_MIA,2016,17,2017-01-01,MIA,00-0025708,M.Moore,34,-2.51398
2016_17_NE_MIA,2016,17,2017-01-01,NE,00-0019596,T.Brady,34,16.7603
2016_17_NE_MIA,2016,17,2017-01-01,NE,00-0031345,J.Garoppolo,1,-0.75554
2016_17_NO_ATL,2016,17,2017-01-01,ATL,00-0026143,M.Ryan,37,17.97919
2016_17_NO_ATL,2016,17,2017-01-01,NO,00-0020531,D.Brees,51,7.32458
2016_17_NYG_WAS,2016,17,2017-01-01,NYG,00-0022803,E.Manning,28,-0.68637
2016_17_NYG_WAS,2016,17,2017-01-01,WAS,00-0029604,K.Cousins,39,-11.31745
2016_17_OAK_DEN,2016,17,2017-01-01,DEN,00-0032156,T.Siemian,27,6.86523
2016_17_OAK_DEN,2016,17,2017-01-01,LV,00-0030419,M.McGloin,11,-4.60457
2016_17_OAK_DEN,2016,17,2017-01-01,LV,00-0032893,C.Cook,23,-12.16807
2016_17_SEA_SF,2016,17,2017-01-01,SEA,00-0029263,R.Wilson,34,5.39126
2016_17_SEA_SF,2016,17,2017-01-01,SEA,00-0032462,T.Boykin,7,0.88272
2016_17_SEA_SF,2016,17,2017-01-01,SF,00-0027974,C.Kaepernick,27,4.29894
2016_18_DET_SEA,2016,18,2017-01-07,DET,00-0026498,M.Stafford,38,-8.20842
2016_18_DET_SEA,2016,18,2017-01-07,SEA,00-0029263,R.Wilson,33,12.29697
2016_18_MIA_PIT,2016,18,2017-01-08,MIA,00-0025708,M.Moore,42,-4.33598
2016_18_MIA_PIT,2016,18,2017-01-08,PIT,00-0022924,B.Roethlisberger,21,2.33145
2016_18_NYG_GB,2016,18,2017-01-08,GB,00-0023459,A.Rodgers,45,13.12349
2016_18_NYG_GB,2016,18,2017-01-08,NYG,00-0022803,E.Manning,47,-4.34753
2016_18_OAK_HOU,2016,18,2017-01-07,HOU,00-0029682,B.Osweiler,28,1.67834
2016_18_OAK_HOU,2016,18,2017-01-07,LV,00-0032893,C.Cook,48,-22.59159
2016_19_GB_DAL,2016,19,2017-01-15,DAL,00-0033077,D.Prescott,41,7.89079
2016_19_GB_DAL,2016,19,2017-01-15,GB,00-0023459,A.Rodgers,47,15.27106
2016_19_HOU_NE,2016,19,2017-01-14,HOU,00-0029682,B.Osweiler,44,-16.8606
2016_19_HOU_NE,2016,19,2017-01-14,NE,00-0019596,T.Brady,41,-0.15729
2016_19_PIT_KC,2016,19,2017-01-15,KC,00-0023436,A.Smith,37,-4.25383
2016_19_PIT_KC,2016,19,2017-01-15,PIT,00-0022924,B.Roethlisberger,32,-4.12714
2016_19_SEA_ATL,2016,19,2017-01-14,ATL,00-0026143,M.Ryan,40,16.18739
2016_19_SEA_ATL,2016,19,2017-01-14,SEA,00-0029263,R.Wilson,39,-0.54777
2016_20_GB_ATL,2016,20,2017-01-22,ATL,00-0026143,M.Ryan,40,33.21515
2016_20_GB_ATL,2016,20,2017-01-22,GB,00-0023459,A.Rodgers,50,9.82732
2016_20_PIT_NE,2016,20,2017-01-22,NE,00-0019596,T.Brady,43,17.67278
2016_20_PIT_NE,2016,20,2017-01-22,PIT,00-0022924,B.Roethlisberger,47,2.64427
2016_21_NE_ATL,2016,21,2017-02-05,ATL,00-0026143,M.Ryan,27,3.76296
2016_21_NE_ATL,2016,21,2017-02-05,NE,00-0019596,T.Brady,68,10.98567
2016_21_NE_ATL,2016,21,2017-02-05,NE,00-0027150,J.Edelman,1,-1.85449
2017_01_ARI_DET,2017,1,2017-09-10,ARI,00-0021429,C.Palmer,49,-10.04978
2017_01_ARI_DET,2017,1,2017-09-10,DET,00-0026498,M.Stafford,43,1.516
2017_01_ATL_CHI,2017,1,2017-09-10,ATL,00-0026143,M.Ryan,33,15.47092
2017_01_ATL_CHI,2017,1,2017-09-10,CHI,00-0030520,M.Glennon,44,-6.95936
2017_01_BAL_CIN,2017,1,2017-09-10,BAL,00-0026158,J.Flacco,18,-0.33617
2017_01_BAL_CIN,2017,1,2017-09-10,CIN,00-0027973,A.Dalton,36,-29.3642
2017_01_CAR_SF,2017,1,2017-09-10,CAR,00-0027939,C.Newton,25,3.6412
2017_01_CAR_SF,2017,1,2017-09-10,SF,00-0026625,B.Hoyer,39,-15.5657
2017_01_IND_LA,2017,1,2017-09-10,IND,00-0028595,S.Tolzien,23,-28.04367
2017_01_IND_LA,2017,1,2017-09-10,IND,00-0033119,J.Brissett,3,2.13681
2017_01_IND_LA,2017,1,2017-09-10,LA,00-0032245,S.Mannion,1,-0.16481
2017_01_IND_LA,2017,1,2017-09-10,LA,00-0033106,J.Goff,30,10.69391
2017_01_JAX_HOU,2017,1,2017-09-10,HOU,00-0031064,T.Savage,19,-21.26434
2017_01_JAX_HOU,2017,1,2017-09-10,HOU,00-0033537,D.Watson,29,-15.00469
2017_01_JAX_HOU,2017,1,2017-09-10,JAX,00-0031407,B.Bortles,21,1.92333
2017_01_KC_NE,2017,1,2017-09-07,KC,00-0023436,A.Smith,39,17.78387
2017_01_KC_NE,2017,1,2017-09-07,NE,00-0019596,T.Brady,40,0.5538
2017_01_LAC_DEN,2017,1,2017-09-11,DEN,00-0032156,T.Siemian,37,6.87371
2017_01_LAC_DEN,2017,1,2017-09-11,LAC,00-0022942,P.Rivers,34,2.61878
2017_01_NO_MIN,2017,1,2017-09-11,MIN,00-0027854,S.Bradford,33,21.0961
2017_01_NO_MIN,2017,1,2017-09-11,NO,00-0020531,D.Brees,38,9.74176
2017_01_NYG_DAL,2017,1,2017-09-10,DAL,00-0033077,D.Prescott,41,7.29905
2017_01_NYG_DAL,2017,1,2017-09-10,NYG,00-0022803,E.Manning,41,-6.14404
2017_01_NYJ_BUF,2017,1,2017-09-10,BUF,00-0028118,T.Taylor,33,6.99694
2017_01_NYJ_BUF,2017,1,2017-09-10,NYJ,00-0021206,J.McCown,40,-11.90089
2017_01_OAK_TEN,2017,1,2017-09-10,LV,00-0031280,D.Carr,35,8.17494
2017_01_OAK_TEN,2017,1,2017-09-10,TEN,00-0032268,M.Mariota,43,3.52097
2017_01_PHI_WAS,2017,1,2017-09-10,PHI,00-0032950,C.Wentz,43,8.2511
2017_01_PHI_WAS,2017,1,2017-09-10,WAS,00-0029604,K.Cousins,47,-12.53168
2017_01_PIT_CLE,2017,1,2017-09-10,CLE,00-0033899,D.Kizer,40,-2.0869
2017_01_PIT_CLE,2017,1,2017-09-10,PIT,00-0022924,B.Roethlisberger,37,4.3663
2017_01_SEA_GB,2017,1,2017-09-10,GB,00-0023459,A.Rodgers,49,6.1894
2017_01_SEA_GB,2017,1,2017-09-10,SEA,00-0029263,R.Wilson,32,-7.62708
2017_02_ARI_IND,2017,2,2017-09-17,ARI,00-0021429,C.Palmer,40,1.33638
2017_02_ARI_IND,2017,2,2017-09-17,IND,00-0033119,J.Brissett,43,-5.73867
2017_02_BUF_CAR,2017,2,2017-09-17,BUF,00-0028118,T.Taylor,35,-3.9514
2017_02_BUF_CAR,2017,2,2017-09-17,CAR,00-0027939,C.Newton,40,1.9697
2017_02_CHI_TB,2017,2,2017-09-17,CHI,00-0030520,M.Glennon,46,-6.68908
2017_02_CHI_TB,2017,2,2017-09-17,TB,00-0023682,R.Fitzpatrick,1,-0.90538
2017_02_CHI_TB,2017,2,2017-09-17,TB,00-0031503,J.Winston,33,4.67616
2017_02_CLE_BAL,2017,2,2017-09-17,BAL,00-0026158,J.Flacco,36,6.66895
2017_02_CLE_BAL,2017,2,2017-09-17,CLE,00-0032784,K.Hogan,12,2.12908
2017_02_CLE_BAL,2017,2,2017-09-17,CLE,00-0033899,D.Kizer,37,-14.06199
2017_02_DAL_DEN,2017,2,2017-09-17,DAL,00-0033077,D.Prescott,55,-19.47717
2017_02_DAL_DEN,2017,2,2017-09-17,DEN,00-0032156,T.Siemian,38,5.37993
2017_02_DET_NYG,2017,2,2017-09-18,DET,00-0026498,M.Stafford,27,1.67613
2017_02_DET_NYG,2017,2,2017-09-18,NYG,00-0022803,E.Manning,37,-8.44908
2017_02_GB_ATL,2017,2,2017-09-17,ATL,00-0026143,M.Ryan,32,9.12289
2017_02_GB_ATL,2017,2,2017-09-17,GB,00-0023459,A.Rodgers,54,6.12
2017_02_HOU_CIN,2017,2,2017-09-14,CIN,00-0027973,A.Dalton,39,-9.7255
2017_02_HOU_CIN,2017,2,2017-09-14,HOU,00-0033537,D.Watson,31,0.73814
2017_02_MIA_LAC,2017,2,2017-09-17,LAC,00-0022942,P.Rivers,40,11.50918
2017_02_MIA_LAC,2017,2,2017-09-17,MIA,00-0024226,J.Cutler,35,8.72021
2017_02_MIA_LAC,2017,2,2017-09-17,MIA,00-0031382,J.Landry,1,-0.42777
2017_02_MIN_PIT,2017,2,2017-09-17,MIN,00-0028986,C.Keenum,39,-9.28122
2017_02_MIN_PIT,2017,2,2017-09-17,MIN,00-0029493,R.Quigley,1,-2.664
2017_02_MIN_PIT,2017,2,2017-09-17,PIT,00-0022924,B.Roethlisberger,37,4.23642
2017_02_NE_NO,2017,2,2017-09-17,NE,00-0019596,T.Brady,42,25.03868
2017_02_NE_NO,2017,2,2017-09-17,NO,00-0020531,D.Brees,45,2.59247
2017_02_NYJ_OAK,2017,2,2017-09-17,LV,00-0031280,D.Carr,28,16.91856
2017_02_NYJ_OAK,2017,2,2017-09-17,NYJ,00-0021206,J.McCown,31,1.88453
2017_02_PHI_KC,2017,2,2017-09-17,KC,00-0023436,A.Smith,34,4.76468
2017_02_PHI_KC,2017,2,2017-09-17,PHI,00-0032950,C.Wentz,56,9.20035
2017_02_SF_SEA,2017,2,2017-09-17,SEA,00-0029263,R.Wilson,45,-0.33937
2017_02_SF_SEA,2017,2,2017-09-17,SF,00-0026625,B.Hoyer,29,-15.90884
2017_02_TEN_JAX,2017,2,2017-09-17,JAX,00-0031407,B.Bortles,39,-8.30942
2017_02_TEN_JAX,2017,2,2017-09-17,TEN,00-0032268,M.Mariota,30,3.64985
2017_02_WAS_LA,2017,2,2017-09-17,LA,00-0028872,J.Hekker,1,4.40903
2017_02_WAS_LA,2017,2,2017-09-17,LA,00-0033106,J.Goff,28,-0.77456
2017_02_WAS_LA,2017,2,2017-09-17,WAS,00-0029604,K.Cousins,30,5.50893
2017_03_ATL_DET,2017,3,2017-09-24,ATL,00-0026143,M.Ryan,37,-5.59845
2017_03_ATL_DET,2017,3,2017-09-24,DET,00-0026498,M.Stafford,49,-3.90927
2017_03_BAL_JAX,2017,3,2017-09-24,BAL,00-0026158,J.Flacco,20,-19.04084
2017_03_BAL_JAX,2017,3,2017-09-24,BAL,00-0028012,R.Mallett,9,0.92517
2017_03_BAL_JAX,2017,3,2017-09-24,JAX,00-0026197,C.Henne,2,-2.14175
2017_03_BAL_JAX,2017,3,2017-09-24,JAX,00-0031407,B.Bortles,34,17.04119
2017_03_CIN_GB,2017,3,2017-09-24,CIN,00-0027973,A.Dalton,30,6.12033
2017_03_CIN_GB,2017,3,2017-09-24,GB,00-0023459,A.Rodgers,51,-3.13235
2017_03_CLE_IND,2017,3,2017-09-24,CLE,00-0033899,D.Kizer,52,-2.68182
2017_03_CLE_IND,2017,3,2017-09-24,IND,00-0033119,J.Brissett,29,4.22402
2017_03_DAL_ARI,2017,3,2017-09-25,ARI,00-0021429,C.Palmer,55,0.67526
2017_03_DAL_ARI,2017,3,2017-09-25,DAL,00-0033077,D.Prescott,19,3.70086
2017_03_DEN_BUF,2017,3,2017-09-24,BUF,00-0028118,T.Taylor,33,5.66486
2017_03_DEN_BUF,2017,3,2017-09-24,DEN,00-0032156,T.Siemian,46,-5.86171
2017_03_HOU_NE,2017,3,2017-09-24,HOU,00-0033537,D.Watson,39,7.38661
2017_03_HOU_NE,2017,3,2017-09-24,NE,00-0019596,T.Brady,41,10.89197
2017_03_KC_LAC,2017,3,2017-09-24,KC,00-0023436,A.Smith,27,-2.82867
2017_03_KC_LAC,2017,3,2017-09-24,LAC,00-0022942,P.Rivers,42,-10.30356
2017_03_LA_SF,2017,3,2017-09-21,LA,00-0033106,J.Goff,28,22.50189
2017_03_LA_SF,2017,3,2017-09-21,SF,00-0026625,B.Hoyer,42,5.29793
2017_03_MIA_NYJ,2017,3,2017-09-24,MIA,00-0024226,J.Cutler,48,-11.0437
2017_03_MIA_NYJ,2017,3,2017-09-24,MIA,00-0033400,M.Haack,1,-1.32096
2017_03_MIA_NYJ,2017,3,2017-09-24,NYJ,00-0021206,J.McCown,26,9.78142
2017_03_NO_CAR,2017,3,2017-09-24,CAR,00-0023645,D.Anderson,7,-2.82823
2017_03_NO_CAR,2017,3,2017-09-24,CAR,00-0027939,C.Newton,31,-13.72007
2017_03_NO_CAR,2017,3,2017-09-24,NO,00-0020531,D.Brees,30,12.85683
2017_03_NYG_PHI,2017,3,2017-09-24,NYG,00-0022803,E.Manning,47,8.63001
2017_03_NYG_PHI,2017,3,2017-09-24,PHI,00-0032950,C.Wentz,37,-7.83177
2017_03_OAK_WAS,2017,3,2017-09-24,LV,00-0031280,D.Carr,36,-20.41255
2017_03_OAK_WAS,2017,3,2017-09-24,WAS,00-0029604,K.Cousins,32,18.73312
2017_03_PIT_CHI,2017,3,2017-09-24,CHI,00-0030520,M.Glennon,25,-8.93758
2017_03_PIT_CHI,2017,3,2017-09-24,PIT,00-0022924,B.Roethlisberger,43,-2.22109
2017_03_SEA_TEN,2017,3,2017-09-24,SEA,00-0029263,R.Wilson,55,12.41611
2017_03_SEA_TEN,2017,3,2017-09-24,TEN,00-0032268,M.Mariota,34,1.74667
2017_03_TB_MIN,2017,3,2017-09-24,MIN,00-0028986,C.Keenum,36,22.88434
2017_03_TB_MIN,2017,3,2017-09-24,TB,00-0031503,J.Winston,43,-0.35041
2017_04_BUF_ATL,2017,4,2017-10-01,ATL,00-0026143,M.Ryan,44,-10.78758
2017_04_BUF_ATL,2017,4,2017-10-01,BUF,00-0028118,T.Taylor,25,6.76698
2017_04_CAR_NE,2017,4,2017-10-01,CAR,00-0027939,C.Newton,33,19.18186
2017_04_CAR_NE,2017,4,2017-10-01,NE,00-0019596,T.Brady,48,9.75853
2017_04_CHI_GB,2017,4,2017-09-28,CHI,00-0030520,M.Glennon,34,-5.45046
2017_04_CHI_GB,2017,4,2017-09-28,GB,00-0023459,A.Rodgers,28,10.81218
2017_04_CHI_GB,2017,4,2017-09-28,GB,00-0031589,B.Hundley,1,-0.55458
2017_04_CIN_CLE,2017,4,2017-10-01,CIN,00-0027973,A.Dalton,37,14.59721
2017_04_CIN_CLE,2017,4,2017-10-01,CLE,00-0032784,K.Hogan,9,1.2925
2017_04_CIN_CLE,2017,4,2017-10-01,CLE,00-0033899,D.Kizer,38,-15.51013
2017_04_DET_MIN,2017,4,2017-10-01,DET,00-0026498,M.Stafford,37,-3.37332
2017_04_DET_MIN,2017,4,2017-10-01,MIN,00-0028986,C.Keenum,32,-8.5278
2017_04_IND_SEA,2017,4,2017-10-01,IND,00-0033119,J.Brissett,34,-13.04516
2017_04_IND_SEA,2017,4,2017-10-01,SEA,00-0029263,R.Wilson,33,13.35713
2017_04_JAX_NYJ,2017,4,2017-10-01,JAX,00-0031407,B.Bortles,38,-10.70708
2017_04_JAX_NYJ,2017,4,2017-10-01,NYJ,00-0021206,J.McCown,35,-3.74577
2017_04_JAX_NYJ,2017,4,2017-10-01,NYJ,00-0032449,L.Edwards,1,2.4863
2017_04_LA_DAL,2017,4,2017-10-01,DAL,00-0033077,D.Prescott,40,6.05781
2017_04_LA_DAL,2017,4,2017-10-01,LA,00-0033106,J.Goff,37,6.87675
2017_04_NO_MIA,2017,4,2017-10-01,MIA,00-0024226,J.Cutler,32,-9.65068
2017_04_NO_MIA,2017,4,2017-10-01,NO,00-0020531,D.Brees,41,15.19476
2017_04_NYG_TB,2017,4,2017-10-01,NYG,00-0022803,E.Manning,52,9.54445
2017_04_NYG_TB,2017,4,2017-10-01,TB,00-0031503,J.Winston,41,7.66358
2017_04_OAK_DEN,2017,4,2017-10-01,DEN,00-0032156,T.Siemian,31,-0.12399
2017_04_OAK_DEN,2017,4,2017-10-01,LV,00-0030526,E.Manuel,18,-1.73834
2017_04_OAK_DEN,2017,4,2017-10-01,LV,00-0031280,D.Carr,20,-0.18883
2017_04_PHI_LAC,2017,4,2017-10-01,LAC,00-0022942,P.Rivers,40,11.07945
2017_04_PHI_LAC,2017,4,2017-10-01,PHI,00-0032950,C.Wentz,34,11.62554
2017_04_PIT_BAL,2017,4,2017-10-01,BAL,00-0026158,J.Flacco,51,-11.61105
2017_04_PIT_BAL,2017,4,2017-10-01,PIT,00-0022924,B.Roethlisberger,31,4.81186
2017_04_SF_ARI,2017,4,2017-10-01,ARI,00-0021429,C.Palmer,57,-2.37846
2017_04_SF_ARI,2017,4,2017-10-01,SF,00-0026625,B.Hoyer,52,-7.18529
2017_04_TEN_HOU,2017,4,2017-10-01,HOU,00-0031064,T.Savage,1,-1.52761
2017_04_TEN_HOU,2017,4,2017-10-01,HOU,00-0033537,D.Watson,36,20.05899
2017_04_TEN_HOU,2017,4,2017-10-01,TEN,00-0023662,M.Cassel,12,-22.40402
2017_04_TEN_HOU,2017,4,2017-10-01,TEN,00-0032268,M.Mariota,10,-1.11562
2017_04_WAS_KC,2017,4,2017-10-02,KC,00-0023436,A.Smith,43,8.1305
2017_04_WAS_KC,2017,4,2017-10-02,WAS,00-0029604,K.Cousins,27,6.23299
2017_05_ARI_PHI,2017,5,2017-10-08,ARI,00-0021429,C.Palmer,46,-4.15685
2017_05_ARI_PHI,2017,5,2017-10-08,PHI,00-0032950,C.Wentz,34,17.07031
2017_05_BAL_OAK,2017,5,2017-10-08,BAL,00-0026158,J.Flacco,26,8.87838
2017_05_BAL_OAK,2017,5,2017-10-08,LV,00-0030526,E.Manuel,30,-8.4803
2017_05_BUF_CIN,2017,5,2017-10-08,BUF,00-0028118,T.Taylor,44,-6.53491
2017_05_BUF_CIN,2017,5,2017-10-08,CIN,00-0027973,A.Dalton,38,0.77329
2017_05_CAR_DET,2017,5,2017-10-08,CAR,00-0027939,C.Newton,37,16.86893
2017_05_CAR_DET,2017,5,2017-10-08,DET,00-0026498,M.Stafford,41,-6.22253
2017_05_GB_DAL,2017,5,2017-10-08,DAL,00-0033077,D.Prescott,39,7.37434
2017_05_GB_DAL,2017,5,2017-10-08,GB,00-0023459,A.Rodgers,37,13.33334
2017_05_JAX_PIT,2017,5,2017-10-08,JAX,00-0031407,B.Bortles,17,-0.38553
2017_05_JAX_PIT,2017,5,2017-10-08,PIT,00-0022924,B.Roethlisberger,57,-20.01621
2017_05_KC_HOU,2017,5,2017-10-08,HOU,00-0033537,D.Watson,34,15.75171
2017_05_KC_HOU,2017,5,2017-10-08,KC,00-0023436,A.Smith,42,28.44548
2017_05_LAC_NYG,2017,5,2017-10-08,LAC,00-0022942,P.Rivers,45,4.92285
2017_05_LAC_NYG,2017,5,2017-10-08,NYG,00-0022803,E.Manning,41,-8.58929
2017_05_MIN_CHI,2017,5,2017-10-09,CHI,00-0031079,P.O'Donnell,1,6.2936
2017_05_MIN_CHI,2017,5,2017-10-09,CHI,00-0033869,M.Trubisky,29,-9.21763
2017_05_MIN_CHI,2017,5,2017-10-09,MIN,00-0027854,S.Bradford,15,-8.0812
2017_05_MIN_CHI,2017,5,2017-10-09,MIN,00-0028986,C.Keenum,22,7.56822
2017_05_NE_TB,2017,5,2017-10-05,NE,00-0019596,T.Brady,45,1.53599
2017_05_NE_TB,2017,5,2017-10-05,TB,00-0031503,J.Winston,49,0.35008
2017_05_NYJ_CLE,2017,5,2017-10-08,CLE,00-0032784,K.Hogan,20,7.0317
2017_05_NYJ_CLE,2017,5,2017-10-08,CLE,00-0033899,D.Kizer,21,-4.56073
2017_05_NYJ_CLE,2017,5,2017-10-08,NYJ,00-0021206,J.McCown,33,-0.49565
2017_05_SEA_LA,2017,5,2017-10-08,LA,00-0033106,J.Goff,49,-6.55962
2017_05_SEA_LA,2017,5,2017-10-08,SEA,00-0029263,R.Wilson,42,-8.2455
2017_05_SEA_LA,2017,5,2017-10-08,SEA,00-0032475,T.McEvoy,1,-2.0763
2017_05_SF_IND,2017,5,2017-10-08,IND,00-0033119,J.Brissett,43,-1.19801
2017_05_SF_IND,2017,5,2017-10-08,SF,00-0026625,B.Hoyer,48,14.96622
2017_05_TEN_MIA,2017,5,2017-10-08,MIA,00-0024226,J.Cutler,28,-11.88762
2017_05_TEN_MIA,2017,5,2017-10-08,MIA,00-0029878,M.Gray,1,-0.36919
2017_05_TEN_MIA,2017,5,2017-10-08,TEN,00-0023662,M.Cassel,38,-15.80257
2017_06_CHI_BAL,2017,6,2017-10-15,BAL,00-0026158,J.Flacco,44,-30.20684
2017_06_CHI_BAL,2017,6,2017-10-15,CHI,00-0033556,T.Cohen,1,3.5462
2017_06_CHI_BAL,2017,6,2017-10-15,CHI,00-0033869,M.Trubisky,22,-3.07084
2017_06_CLE_HOU,2017,6,2017-10-15,CLE,00-0032784,K.Hogan,45,-23.55039
2017_06_CLE_HOU,2017,6,2017-10-15,HOU,00-0033537,D.Watson,32,-2.26232
2017_06_DET_NO,2017,6,2017-10-15,DET,00-0026498,M.Stafford,59,-24.41254
2017_06_DET_NO,2017,6,2017-10-15,NO,00-0020531,D.Brees,30,-12.37608
2017_06_GB_MIN,2017,6,2017-10-15,GB,00-0023459,A.Rodgers,4,-1.65214
2017_06_GB_MIN,2017,6,2017-10-15,GB,00-0031589,B.Hundley,38,-13.74613
2017_06_GB_MIN,2017,6,2017-10-15,MIN,00-0028986,C.Keenum,39,-0.12707
2017_06_IND_TEN,2017,6,2017-10-16,IND,00-0033119,J.Brissett,41,-5.37045
2017_06_IND_TEN,2017,6,2017-10-16,TEN,00-0032268,M.Mariota,33,3.95856
2017_06_LAC_OAK,2017,6,2017-10-15,LAC,00-0022942,P.Rivers,37,2.93392
2017_06_LAC_OAK,2017,6,2017-10-15,LV,00-0031280,D.Carr,31,-7.78786
2017_06_LA_JAX,2017,6,2017-10-15,JAX,00-0031407,B.Bortles,42,-6.07901
2017_06_LA_JAX,2017,6,2017-10-15,LA,00-0033106,J.Goff,26,-8.46968
2017_06_MIA_ATL,2017,6,2017-10-15,ATL,00-0026143,M.Ryan,36,3.96362
2017_06_MIA_ATL,2017,6,2017-10-15,MIA,00-0024226,J.Cutler,33,1.43484
2017_06_NE_NYJ,2017,6,2017-10-15,NE,00-0019596,T.Brady,38,12.77078
2017_06_NE_NYJ,2017,6,2017-10-15,NYJ,00-0021206,J.McCown,52,6.11934
2017_06_NYG_DEN,2017,6,2017-10-15,DEN,00-0029682,B.Osweiler,3,0.03423
2017_06_NYG_DEN,2017,6,2017-10-15,DEN,00-0032156,T.Siemian,55,-13.61967
2017_06_NYG_DEN,2017,6,2017-10-15,NYG,00-0022803,E.Manning,22,0.84818
2017_06_PHI_CAR,2017,6,2017-10-12,CAR,00-0027939,C.Newton,57,-12.26055
2017_06_PHI_CAR,2017,6,2017-10-12,PHI,00-0032950,C.Wentz,35,-0.98088
2017_06_PIT_KC,2017,6,2017-10-15,KC,00-0023436,A.Smith,39,0.34049
2017_06_PIT_KC,2017,6,2017-10-15,PIT,00-0022924,B.Roethlisberger,26,3.52262
2017_06_SF_WAS,2017,6,2017-10-15,SF,00-0026625,B.Hoyer,12,-7.17407
2017_06_SF_WAS,2017,6,2017-10-15,SF,00-0033936,C.Beathard,39,7.53679
2017_06_SF_WAS,2017,6,2017-10-15,WAS,00-0029604,K.Cousins,39,11.20076
2017_06_TB_ARI,2017,6,2017-10-15,ARI,00-0021429,C.Palmer,24,1.972
2017_06_TB_ARI,2017,6,2017-10-15,TB,00-0023682,R.Fitzpatrick,36,9.69112
2017_06_TB_ARI,2017,6,2017-10-15,TB,00-0031503,J.Winston,10,-0.72656
2017_07_ARI_LA,2017,7,2017-10-22,ARI,00-0021429,C.Palmer,19,-4.54834
2017_07_ARI_LA,2017,7,2017-10-22,ARI,00-0025430,D.Stanton,16,-10.60082
2017_07_ARI_LA,2017,7,2017-10-22,LA,00-0033106,J.Goff,39,3.67114
2017_07_ATL_NE,2017,7,2017-10-22,ATL,00-0026143,M.Ryan,37,7.11274
2017_07_ATL_NE,2017,7,2017-10-22,NE,00-0019596,T.Brady,32,15.28017
2017_07_BAL_MIN,2017,7,2017-10-22,BAL,00-0026158,J.Flacco,44,-5.74724
2017_07_BAL_MIN,2017,7,2017-10-22,MIN,00-0028986,C.Keenum,32,0.82377
2017_07_CAR_CHI,2017,7,2017-10-22,CAR,00-0027939,C.Newton,43,-12.05112
2017_07_CAR_CHI,2017,7,2017-10-22,CHI,00-0033869,M.Trubisky,12,-3.33143
2017_07_CIN_PIT,2017,7,2017-10-22,CIN,00-0027973,A.Dalton,36,-10.00956
2017_07_CIN_PIT,2017,7,2017-10-22,PIT,00-0022924,B.Roethlisberger,24,5.66155
2017_07_CIN_PIT,2017,7,2017-10-22,PIT,00-0028954,R.Golden,1,4.97093
2017_07_DAL_SF,2017,7,2017-10-22,DAL,00-0033077,D.Prescott,26,15.07671
2017_07_DAL_SF,2017,7,2017-10-22,DAL,00-0033662,C.Rush,2,-3.4715
2017_07_DAL_SF,2017,7,2017-10-22,SF,00-0033936,C.Beathard,45,-17.46158
2017_07_DEN_LAC,2017,7,2017-10-22,DEN,00-0032156,T.Siemian,42,-18.86389
2017_07_DEN_LAC,2017,7,2017-10-22,LAC,00-0022942,P.Rivers,29,0.86821
2017_07_JAX_IND,2017,7,2017-10-22,IND,00-0033119,J.Brissett,51,-14.27261
2017_07_JAX_IND,2017,7,2017-10-22,JAX,00-0031407,B.Bortles,29,19.49248
2017_07_JAX_IND,2017,7,2017-10-22,JAX,00-0031431,M.Lee,1,-0.3734
2017_07_KC_OAK,2017,7,2017-10-19,KC,00-0023436,A.Smith,37,22.00218
2017_07_KC_OAK,2017,7,2017-10-19,LV,00-0031280,D.Carr,53,21.57686
2017_07_NO_GB,2017,7,2017-10-22,GB,00-0031589,B.Hundley,28,-1.13543
2017_07_NO_GB,2017,7,2017-10-22,NO,00-0020531,D.Brees,39,14.26034
2017_07_NYJ_MIA,2017,7,2017-10-22,MIA,00-0024226,J.Cutler,18,-0.65074
2017_07_NYJ_MIA,2017,7,2017-10-22,MIA,00-0025708,M.Moore,22,4.10389
2017_07_NYJ_MIA,2017,7,2017-10-22,NYJ,00-0021206,J.McCown,31,3.94094
2017_07_SEA_NYG,2017,7,2017-10-22,NYG,00-0022803,E.Manning,40,-17.57416
2017_07_SEA_NYG,2017,7,2017-10-22,SEA,00-0029263,R.Wilson,41,12.59991
2017_07_TB_BUF,2017,7,2017-10-22,BUF,00-0028118,T.Taylor,37,14.55917
2017_07_TB_BUF,2017,7,2017-10-22,TB,00-0031503,J.Winston,45,16.2941
2017_07_TEN_CLE,2017,7,2017-10-22,CLE,00-0033104,C.Kessler,21,-5.76582
2017_07_TEN_CLE,2017,7,2017-10-22,CLE,00-0033899,D.Kizer,20,-4.61922
2017_07_TEN_CLE,2017,7,2017-10-22,TEN,00-0032268,M.Mariota,37,-1.29732
2017_07_WAS_PHI,2017,7,2017-10-23,PHI,00-0032950,C.Wentz,32,18.47287
2017_07_WAS_PHI,2017,7,2017-10-23,WAS,00-0029604,K.Cousins,45,3.78447
2017_08_ATL_NYJ,2017,8,2017-10-29,ATL,00-0026143,M.Ryan,32,10.60422
2017_08_ATL_NYJ,2017,8,2017-10-29,NYJ,00-0021206,J.McCown,35,6.22678
2017_08_CAR_TB,2017,8,2017-10-29,CAR,00-0027939,C.Newton,34,-2.65374
2017_08_CAR_TB,2017,8,2017-10-29,TB,00-0031503,J.Winston,44,-16.62499
2017_08_CHI_NO,2017,8,2017-10-29,CHI,00-0033869,M.Trubisky,36,-5.02994
2017_08_CHI_NO,2017,8,2017-10-29,NO,00-0020531,D.Brees,31,4.664
2017_08_DAL_WAS,2017,8,2017-10-29,DAL,00-0033077,D.Prescott,25,0.115
2017_08_DAL_WAS,2017,8,2017-10-29,WAS,00-0029604,K.Cousins,43,-6.48936
2017_08_DEN_KC,2017,8,2017-10-30,DEN,00-0032156,T.Siemian,41,-11.17947
2017_08_DEN_KC,2017,8,2017-10-30,KC,00-0023436,A.Smith,34,-3.84454
2017_08_DEN_KC,2017,8,2017-10-30,KC,00-0033040,T.Hill,1,-5.14032
2017_08_HOU_SEA,2017,8,2017-10-29,HOU,00-0033537,D.Watson,39,13.8966
2017_08_HOU_SEA,2017,8,2017-10-29,SEA,00-0029263,R.Wilson,45,17.54063
2017_08_IND_CIN,2017,8,2017-10-29,CIN,00-0027973,A.Dalton,33,4.04722
2017_08_IND_CIN,2017,8,2017-10-29,IND,00-0033119,J.Brissett,44,-4.62134
2017_08_LAC_NE,2017,8,2017-10-29,LAC,00-0022942,P.Rivers,30,2.84674
2017_08_LAC_NE,2017,8,2017-10-29,NE,00-0019596,T.Brady,50,9.12134
2017_08_MIA_BAL,2017,8,2017-10-26,BAL,00-0026158,J.Flacco,16,3.57381
2017_08_MIA_BAL,2017,8,2017-10-26,BAL,00-0028012,R.Mallett,7,-1.60891
2017_08_MIA_BAL,2017,8,2017-10-26,MIA,00-0025708,M.Moore,47,-31.46507
2017_08_MIN_CLE,2017,8,2017-10-29,CLE,00-0033899,D.Kizer,39,-12.31928
2017_08_MIN_CLE,2017,8,2017-10-29,MIN,00-0028986,C.Keenum,44,6.24469
2017_08_OAK_BUF,2017,8,2017-10-29,BUF,00-0028118,T.Taylor,28,7.53232
2017_08_OAK_BUF,2017,8,2017-10-29,LV,00-0031280,D.Carr,49,-8.30999
2017_08_PIT_DET,2017,8,2017-10-29,DET,00-0026498,M.Stafford,48,3.38423
2017_08_PIT_DET,2017,8,2017-10-29,PIT,00-0022924,B.Roethlisberger,31,10.894
2017_08_SF_PHI,2017,8,2017-10-29,PHI,00-0032950,C.Wentz,36,-5.54123
2017_08_SF_PHI,2017,8,2017-10-29,SF,00-0033936,C.Beathard,45,-15.56141
2017_09_ARI_SF,2017,9,2017-11-05,ARI,00-0025430,D.Stanton,30,1.89334
2017_09_ARI_SF,2017,9,2017-11-05,SF,00-0033936,C.Beathard,58,-22.3457
2017_09_ATL_CAR,2017,9,2017-11-05,ATL,00-0026143,M.Ryan,40,-1.48476
2017_09_ATL_CAR,2017,9,2017-11-05,CAR,00-0027939,C.Newton,27,0.44509
2017_09_BAL_TEN,2017,9,2017-11-05,BAL,00-0024417,S.Koch,1,5.17386
2017_09_BAL_TEN,2017,9,2017-11-05,BAL,00-0026158,J.Flacco,55,-0.34821
2017_09_BAL_TEN,2017,9,2017-11-05,TEN,00-0032268,M.Mariota,31,0.34774
2017_09_BUF_NYJ,2017,9,2017-11-02,BUF,00-0028118,T.Taylor,49,-8.12753
2017_09_BUF_NYJ,2017,9,2017-11-02,NYJ,00-0021206,J.McCown,23,9.40606
2017_09_CIN_JAX,2017,9,2017-11-05,CIN,00-0027973,A.Dalton,20,-2.32736
2017_09_CIN_JAX,2017,9,2017-11-05,JAX,00-0031407,B.Bortles,39,14.2753
2017_09_DEN_PHI,2017,9,2017-11-05,DEN,00-0029682,B.Osweiler,41,-7.65484
2017_09_DEN_PHI,2017,9,2017-11-05,PHI,00-0029567,N.Foles,2,-3.16718
2017_09_DEN_PHI,2017,9,2017-11-05,PHI,00-0032950,C.Wentz,29,15.4994
2017_09_DET_GB,2017,9,2017-11-06,DET,00-0026498,M.Stafford,34,33.54849
2017_09_DET_GB,2017,9,2017-11-06,GB,00-0031589,B.Hundley,42,-8.83526
2017_09_IND_HOU,2017,9,2017-11-05,HOU,00-0031064,T.Savage,46,-9.43234
2017_09_IND_HOU,2017,9,2017-11-05,IND,00-0033119,J.Brissett,34,1.92221
2017_09_KC_DAL,2017,9,2017-11-05,DAL,00-0033077,D.Prescott,36,14.0826
2017_09_KC_DAL,2017,9,2017-11-05,KC,00-0023436,A.Smith,39,2.51305
2017_09_LA_NYG,2017,9,2017-11-05,LA,00-0033106,J.Goff,22,25.02632
2017_09_LA_NYG,2017,9,2017-11-05,NYG,00-0022803,E.Manning,38,1.47466
2017_09_LA_NYG,2017,9,2017-11-05,NYG,00-0030565,G.Smith,2,-1.55871
2017_09_OAK_MIA,2017,9,2017-11-05,LV,00-0031280,D.Carr,31,11.99359
2017_09_OAK_MIA,2017,9,2017-11-05,MIA,00-0024226,J.Cutler,43,12.04316
2017_09_TB_NO,2017,9,2017-11-05,NO,00-0020531,D.Brees,29,12.41821
2017_09_TB_NO,2017,9,2017-11-05,TB,00-0023682,R.Fitzpatrick,19,-10.69633
2017_09_TB_NO,2017,9,2017-11-05,TB,00-0031503,J.Winston,16,-2.95651
2017_09_WAS_SEA,2017,9,2017-11-05,SEA,00-0029263,R.Wilson,53,1.42972
2017_09_WAS_SEA,2017,9,2017-11-05,WAS,00-0029604,K.Cousins,38,0.30364
2017_10_CIN_TEN,2017,10,2017-11-12,CIN,00-0027973,A.Dalton,36,-3.35428
2017_10_CIN_TEN,2017,10,2017-11-12,TEN,00-0032268,M.Mariota,51,-9.16329
2017_10_CLE_DET,2017,10,2017-11-12,CLE,00-0033104,C.Kessler,6,-7.12737
2017_10_CLE_DET,2017,10,2017-11-12,CLE,00-0033899,D.Kizer,42,-3.86748
2017_10_CLE_DET,2017,10,2017-11-12,DET,00-0026498,M.Stafford,32,4.63175
2017_10_DAL_ATL,2017,10,2017-11-12,ATL,00-0026143,M.Ryan,30,10.38711
2017_10_DAL_ATL,2017,10,2017-11-12,DAL,00-0033077,D.Prescott,43,-9.21048
2017_10_GB_CHI,2017,10,2017-11-12,CHI,00-0033869,M.Trubisky,40,-2.61489
2017_10_GB_CHI,2017,10,2017-11-12,GB,00-0031589,B.Hundley,29,8.08659
2017_10_HOU_LA,2017,10,2017-11-12,HOU,00-0031064,T.Savage,40,-17.63961
2017_10_HOU_LA,2017,10,2017-11-12,LA,00-0028872,J.Hekker,1,-2.24803
2017_10_HOU_LA,2017,10,2017-11-12,LA,00-0033106,J.Goff,41,9.10545
2017_10_LAC_JAX,2017,10,2017-11-12,JAX,00-0031407,B.Bortles,57,-9.53445
2017_10_LAC_JAX,2017,10,2017-11-12,LAC,00-0022942,P.Rivers,37,-0.29448
2017_10_MIA_CAR,2017,10,2017-11-13,CAR,00-0027939,C.Newton,35,19.62708
2017_10_MIA_CAR,2017,10,2017-11-13,MIA,00-0024226,J.Cutler,37,5.46656
2017_10_MIN_WAS,2017,10,2017-11-12,MIN,00-0028986,C.Keenum,30,14.87124
2017_10_MIN_WAS,2017,10,2017-11-12,WAS,00-0029604,K.Cousins,47,2.71812
2017_10_NE_DEN,2017,10,2017-11-12,DEN,00-0029682,B.Osweiler,33,-0.68123
2017_10_NE_DEN,2017,10,2017-11-12,NE,00-0019596,T.Brady,35,11.8743
2017_10_NE_DEN,2017,10,2017-11-12,NE,00-0026625,B.Hoyer,3,0.90907
2017_10_NO_BUF,2017,10,2017-11-12,BUF,00-0028118,T.Taylor,22,-13.97635
2017_10_NO_BUF,2017,10,2017-11-12,BUF,00-0033958,N.Peterman,10,5.08432
2017_10_NO_BUF,2017,10,2017-11-12,NO,00-0020531,D.Brees,26,11.23106
2017_10_NYG_SF,2017,10,2017-11-12,NYG,00-0022803,E.Manning,40,8.57923
2017_10_NYG_SF,2017,10,2017-11-12,SF,00-0033936,C.Beathard,25,14.72506
2017_10_NYJ_TB,2017,10,2017-11-12,NYJ,00-0021206,J.McCown,45,-5.69535
2017_10_NYJ_TB,2017,10,2017-11-12,TB,00-0023682,R.Fitzpatrick,37,-2.68431
2017_10_PIT_IND,2017,10,2017-11-12,IND,00-0033119,J.Brissett,30,-1.68219
2017_10_PIT_IND,2017,10,2017-11-12,PIT,00-0022924,B.Roethlisberger,33,5.71959
2017_10_SEA_ARI,2017,10,2017-11-09,ARI,00-0025430,D.Stanton,50,-2.04768
2017_10_SEA_ARI,2017,10,2017-11-09,SEA,00-0029263,R.Wilson,38,4.68097
2017_11_ARI_HOU,2017,11,2017-11-19,ARI,00-0027948,B.Gabbert,38,-0.96069
2017_11_ARI_HOU,2017,11,2017-11-19,HOU,00-0031064,T.Savage,34,0.3426
2017_11_ATL_SEA,2017,11,2017-11-20,ATL,00-0026143,M.Ryan,29,14.84584
2017_11_ATL_SEA,2017,11,2017-11-20,SEA,00-0023742,J.Ryan,1,-2.35914
2017_11_ATL_SEA,2017,11,2017-11-20,SEA,00-0029263,R.Wilson,50,4.04139
2017_11_BAL_GB,2017,11,2017-11-19,BAL,00-0026158,J.Flacco,31,-6.20059
2017_11_BAL_GB,2017,11,2017-11-19,GB,00-0031589,B.Hundley,45,-27.05733
2017_11_BUF_LAC,2017,11,2017-11-19,BUF,00-0028118,T.Taylor,26,3.28061
2017_11_BUF_LAC,2017,11,2017-11-19,BUF,00-0033958,N.Peterman,15,-21.6127
2017_11_BUF_LAC,2017,11,2017-11-19,LAC,00-0022942,P.Rivers,32,9.93126
2017_11_BUF_LAC,2017,11,2017-11-19,LAC,00-0024264,K.Clemens,5,2.82224
2017_11_CIN_DEN,2017,11,2017-11-19,CIN,00-0027973,A.Dalton,27,4.95133
2017_11_CIN_DEN,2017,11,2017-11-19,DEN,00-0029682,B.Osweiler,49,-7.79369
2017_11_DET_CHI,2017,11,2017-11-19,CHI,00-0033869,M.Trubisky,33,5.36852
2017_11_DET_CHI,2017,11,2017-11-19,DET,00-0026498,M.Stafford,36,9.73099
2017_11_JAX_CLE,2017,11,2017-11-19,CLE,00-0033899,D.Kizer,39,-31.09804
2017_11_JAX_CLE,2017,11,2017-11-19,JAX,00-0031407,B.Bortles,33,-5.52247
2017_11_KC_NYG,2017,11,2017-11-19,KC,00-0023436,A.Smith,45,-7.05376
2017_11_KC_NYG,2017,11,2017-11-19,KC,00-0030506,T.Kelce,1,-2.99739
2017_11_KC_NYG,2017,11,2017-11-19,NYG,00-0022803,E.Manning,36,1.36191
2017_11_KC_NYG,2017,11,2017-11-19,NYG,00-0027994,S.Vereen,1,-4.0465
2017_11_LA_MIN,2017,11,2017-11-19,LA,00-0033106,J.Goff,39,-4.79854
2017_11_LA_MIN,2017,11,2017-11-19,MIN,00-0028986,C.Keenum,40,13.7467
2017_11_NE_OAK,2017,11,2017-11-19,LV,00-0031280,D.Carr,50,-4.95096
2017_11_NE_OAK,2017,11,2017-11-19,NE,00-0019596,T.Brady,38,19.60382
2017_11_PHI_DAL,2017,11,2017-11-19,DAL,00-0033077,D.Prescott,35,-28.42694
2017_11_PHI_DAL,2017,11,2017-11-19,DAL,00-0033662,C.Rush,1,-0.86327
2017_11_PHI_DAL,2017,11,2017-11-19,PHI,00-0032950,C.Wentz,28,7.14594
2017_11_TB_MIA,2017,11,2017-11-19,MIA,00-0024226,J.Cutler,13,-12.40015
2017_11_TB_MIA,2017,11,2017-11-19,MIA,00-0025708,M.Moore,29,15.26821
2017_11_TB_MIA,2017,11,2017-11-19,TB,00-0023682,R.Fitzpatrick,40,6.90619
2017_11_TEN_PIT,2017,11,2017-11-16,PIT,00-0022924,B.Roethlisberger,49,11.89103
2017_11_TEN_PIT,2017,11,2017-11-16,TEN,00-0027690,E.Decker,1,-0.835
2017_11_TEN_PIT,2017,11,2017-11-16,TEN,00-0032268,M.Mariota,39,-7.36425
2017_11_WAS_NO,2017,11,2017-11-19,NO,00-0020531,D.Brees,42,10.00246
2017_11_WAS_NO,2017,11,2017-11-19,WAS,00-0029604,K.Cousins,37,16.18657
2017_12_BUF_KC,2017,12,2017-11-26,BUF,00-0028118,T.Taylor,34,3.84697
2017_12_BUF_KC,2017,12,2017-11-26,KC,00-0023436,A.Smith,41,-10.44974
2017_12_CAR_NYJ,2017,12,2017-11-26,CAR,00-0027939,C.Newton,31,0.76109
2017_12_CAR_NYJ,2017,12,2017-11-26,NYJ,00-0021206,J.McCown,39,-3.26176
2017_12_CHI_PHI,2017,12,2017-11-26,CHI,00-0033869,M.Trubisky,37,-12.26963
2017_12_CHI_PHI,2017,12,2017-11-26,PHI,00-0029567,N.Foles,3,1.86101
2017_12_CHI_PHI,2017,12,2017-11-26,PHI,00-0032950,C.Wentz,40,7.41805
2017_12_CLE_CIN,2017,12,2017-11-26,CIN,00-0027973,A.Dalton,31,8.11792
2017_12_CLE_CIN,2017,12,2017-11-26,CLE,00-0033104,C.Kessler,2,-2.39578
2017_12_CLE_CIN,2017,12,2017-11-26,CLE,00-0033899,D.Kizer,39,4.81466
2017_12_DEN_OAK,2017,12,2017-11-26,DEN,00-0032156,T.Siemian,24,9.93402
2017_12_DEN_OAK,2017,12,2017-11-26,DEN,00-0033108,P.Lynch,19,-15.36524
2017_12_DEN_OAK,2017,12,2017-11-26,LV,00-0031280,D.Carr,26,5.92251
2017_12_GB_PIT,2017,12,2017-11-26,GB,00-0031589,B.Hundley,31,11.29379
2017_12_GB_PIT,2017,12,2017-11-26,PIT,00-0022924,B.Roethlisberger,49,14.87647
2017_12_HOU_BAL,2017,12,2017-11-27,BAL,00-0024417,S.Koch,1,4.25123
2017_12_HOU_BAL,2017,12,2017-11-27,BAL,00-0026158,J.Flacco,36,-10.04563
2017_12_HOU_BAL,2017,12,2017-11-27,HOU,00-0031064,T.Savage,39,-3.97483
2017_12_JAX_ARI,2017,12,2017-11-26,ARI,00-0027948,B.Gabbert,43,-6.12908
2017_12_JAX_ARI,2017,12,2017-11-26,JAX,00-0031407,B.Bortles,35,-9.16863
2017_12_LAC_DAL,2017,12,2017-11-23,DAL,00-0033077,D.Prescott,29,-14.76646
2017_12_LAC_DAL,2017,12,2017-11-23,LAC,00-0022942,P.Rivers,33,31.32698
2017_12_MIA_NE,2017,12,2017-11-26,MIA,00-0025708,M.Moore,42,-8.07799
2017_12_MIA_NE,2017,12,2017-11-26,NE,00-0019596,T.Brady,29,8.55589
2017_12_MIN_DET,2017,12,2017-11-23,DET,00-0026498,M.Stafford,38,-1.31142
2017_12_MIN_DET,2017,12,2017-11-23,MIN,00-0028986,C.Keenum,35,17.41891
2017_12_NO_LA,2017,12,2017-11-26,LA,00-0033106,J.Goff,47,8.36847
2017_12_NO_LA,2017,12,2017-11-26,LA,00-0033908,C.Kupp,1,-0.3983
2017_12_NO_LA,2017,12,2017-11-26,NO,00-0020531,D.Brees,36,-1.02291
2017_12_NYG_WAS,2017,12,2017-11-23,NYG,00-0022803,E.Manning,32,-17.59152
2017_12_NYG_WAS,2017,12,2017-11-23,WAS,00-0029604,K.Cousins,38,-9.77988
2017_12_SEA_SF,2017,12,2017-11-26,SEA,00-0029263,R.Wilson,38,6.1879
2017_12_SEA_SF,2017,12,2017-11-26,SF,00-0031345,J.Garoppolo,3,4.08604
2017_12_SEA_SF,2017,12,2017-11-26,SF,00-0033936,C.Beathard,42,-16.13068
2017_12_TB_ATL,2017,12,2017-11-26,ATL,00-0026143,M.Ryan,34,16.55112
2017_12_TB_ATL,2017,12,2017-11-26,ATL,00-0029632,M.Sanu,1,4.45807
2017_12_TB_ATL,2017,12,2017-11-26,TB,00-0023682,R.Fitzpatrick,47,3.99068
2017_12_TEN_IND,2017,12,2017-11-26,IND,00-0033119,J.Brissett,38,-4.44426
2017_12_TEN_IND,2017,12,2017-11-26,TEN,00-0032268,M.Mariota,26,-1.98611
2017_13_CAR_NO,2017,13,2017-12-03,CAR,00-0027939,C.Newton,31,0.78014
2017_13_CAR_NO,2017,13,2017-12-03,CAR,00-0031363,M.Palardy,1,-2.96294
2017_13_CAR_NO,2017,13,2017-12-03,NO,00-0020531,D.Brees,37,1.2239
2017_13_CLE_LAC,2017,13,2017-12-03,CLE,00-0033899,D.Kizer,36,-2.60593
2017_13_CLE_LAC,2017,13,2017-12-03,LAC,00-0022942,P.Rivers,44,15.2373
2017_13_DEN_MIA,2017,13,2017-12-03,DEN,00-0032156,T.Siemian,46,-26.87422
2017_13_DEN_MIA,2017,13,2017-12-03,MIA,00-0024226,J.Cutler,34,-13.11008
2017_13_DEN_MIA,2017,13,2017-12-03,MIA,00-0031076,D.Fales,1,-1.25069
2017_13_DET_BAL,2017,13,2017-12-03,BAL,00-0026158,J.Flacco,36,5.92144
2017_13_DET_BAL,2017,13,2017-12-03,DET,00-0026498,M.Stafford,34,7.29782
2017_13_DET_BAL,2017,13,2017-12-03,DET,00-0032431,J.Rudock,5,-6.67055
2017_13_HOU_TEN,2017,13,2017-12-03,HOU,00-0031064,T.Savage,52,10.45092
2017_13_HOU_TEN,2017,13,2017-12-03,TEN,00-0032268,M.Mariota,28,3.75606
2017_13_IND_JAX,2017,13,2017-12-03,IND,00-0033119,J.Brissett,43,-6.44403
2017_13_IND_JAX,2017,13,2017-12-03,JAX,00-0029304,B.Nortman,1,4.49339
2017_13_IND_JAX,2017,13,2017-12-03,JAX,00-0031407,B.Bortles,38,19.33849
2017_13_KC_NYJ,2017,13,2017-12-03,KC,00-0023436,A.Smith,36,21.80788
2017_13_KC_NYJ,2017,13,2017-12-03,NYJ,00-0021206,J.McCown,38,21.86184
2017_13_LA_ARI,2017,13,2017-12-03,ARI,00-0027948,B.Gabbert,42,-16.77953
2017_13_LA_ARI,2017,13,2017-12-03,LA,00-0033106,J.Goff,32,3.68035
2017_13_MIN_ATL,2017,13,2017-12-03,ATL,00-0026143,M.Ryan,30,-1.42953
2017_13_MIN_ATL,2017,13,2017-12-03,MIN,00-0028986,C.Keenum,33,4.83108
2017_13_NE_BUF,2017,13,2017-12-03,BUF,00-0027796,J.Webb,1,-0.60116
2017_13_NE_BUF,2017,13,2017-12-03,BUF,00-0028118,T.Taylor,24,-9.38551
2017_13_NE_BUF,2017,13,2017-12-03,BUF,00-0033958,N.Peterman,17,-11.8623
2017_13_NE_BUF,2017,13,2017-12-03,NE,00-0019596,T.Brady,33,12.50099
2017_13_NYG_OAK,2017,13,2017-12-03,LV,00-0031280,D.Carr,37,7.03356
2017_13_NYG_OAK,2017,13,2017-12-03,NYG,00-0030565,G.Smith,40,-8.4158
2017_13_PHI_SEA,2017,13,2017-12-03,PHI,00-0032950,C.Wentz,49,2.9563
2017_13_PHI_SEA,2017,13,2017-12-03,SEA,00-0029263,R.Wilson,35,9.38379
2017_13_PIT_CIN,2017,13,2017-12-04,CIN,00-0027973,A.Dalton,38,6.77532
2017_13_PIT_CIN,2017,13,2017-12-04,PIT,00-0022924,B.Roethlisberger,41,2.23118
2017_13_SF_CHI,2017,13,2017-12-03,CHI,00-0033869,M.Trubisky,20,-0.67601
2017_13_SF_CHI,2017,13,2017-12-03,SF,00-0031345,J.Garoppolo,40,11.54154
2017_13_TB_GB,2017,13,2017-12-03,GB,00-0031589,B.Hundley,28,-6.86467
2017_13_TB_GB,2017,13,2017-12-03,TB,00-0031503,J.Winston,41,0.83859
2017_13_WAS_DAL,2017,13,2017-11-30,DAL,00-0033077,D.Prescott,27,-1.05438
2017_13_WAS_DAL,2017,13,2017-11-30,WAS,00-0029604,K.Cousins,43,-5.43751
2017_14_BAL_PIT,2017,14,2017-12-10,BAL,00-0026158,J.Flacco,35,7.84559
2017_14_BAL_PIT,2017,14,2017-12-10,PIT,00-0022924,B.Roethlisberger,68,17.19431
2017_14_CHI_CIN,2017,14,2017-12-10,CHI,00-0033869,M.Trubisky,33,13.5594
2017_14_CHI_CIN,2017,14,2017-12-10,CIN,00-0027973,A.Dalton,31,-13.7846
2017_14_CHI_CIN,2017,14,2017-12-10,CIN,00-0031288,A.McCarron,9,-3.58869
2017_14_DAL_NYG,2017,14,2017-12-10,DAL,00-0033077,D.Prescott,33,17.65485
2017_14_DAL_NYG,2017,14,2017-12-10,NYG,00-0022803,E.Manning,46,-8.9609
2017_14_DET_TB,2017,14,2017-12-10,DET,00-0026498,M.Stafford,44,11.46298
2017_14_DET_TB,2017,14,2017-12-10,TB,00-0031503,J.Winston,42,-2.98133
2017_14_GB_CLE,2017,14,2017-12-10,CLE,00-0033899,D.Kizer,31,7.79947
2017_14_GB_CLE,2017,14,2017-12-10,GB,00-0031589,B.Hundley,50,15.00125
2017_14_IND_BUF,2017,14,2017-12-10,BUF,00-0027796,J.Webb,6,-4.63432
2017_14_IND_BUF,2017,14,2017-12-10,BUF,00-0033958,N.Peterman,10,0.31461
2017_14_IND_BUF,2017,14,2017-12-10,IND,00-0033119,J.Brissett,24,-4.15846
2017_14_MIN_CAR,2017,14,2017-12-10,CAR,00-0027939,C.Newton,27,-2.45915
2017_14_MIN_CAR,2017,14,2017-12-10,MIN,00-0028986,C.Keenum,55,-7.69431
2017_14_NE_MIA,2017,14,2017-12-11,MIA,00-0024226,J.Cutler,41,3.02385
2017_14_NE_MIA,2017,14,2017-12-11,NE,00-0019596,T.Brady,45,-6.70767
2017_14_NO_ATL,2017,14,2017-12-07,ATL,00-0026143,M.Ryan,29,-4.10569
2017_14_NO_ATL,2017,14,2017-12-07,NO,00-0020531,D.Brees,37,1.38071
2017_14_NYJ_DEN,2017,14,2017-12-10,DEN,00-0032156,T.Siemian,35,3.5761
2017_14_NYJ_DEN,2017,14,2017-12-10,NYJ,00-0021206,J.McCown,17,-13.52659
2017_14_NYJ_DEN,2017,14,2017-12-10,NYJ,00-0031568,B.Petty,10,-7.82125
2017_14_OAK_KC,2017,14,2017-12-10,KC,00-0023436,A.Smith,41,2.99726
2017_14_OAK_KC,2017,14,2017-12-10,LV,00-0031280,D.Carr,44,-12.28902
2017_14_PHI_LA,2017,14,2017-12-10,LA,00-0033106,J.Goff,29,-6.43888
2017_14_PHI_LA,2017,14,2017-12-10,PHI,00-0029567,N.Foles,11,-1.75653
2017_14_PHI_LA,2017,14,2017-12-10,PHI,00-0032950,C.Wentz,45,18.4689
2017_14_SEA_JAX,2017,14,2017-12-10,JAX,00-0031407,B.Bortles,28,10.60161
2017_14_SEA_JAX,2017,14,2017-12-10,SEA,00-0029263,R.Wilson,35,1.1922
2017_14_SF_HOU,2017,14,2017-12-10,HOU,00-0028090,T.Yates,30,2.56437
2017_14_SF_HOU,2017,14,2017-12-10,HOU,00-0031064,T.Savage,14,-6.31046
2017_14_SF_HOU,2017,14,2017-12-10,SF,00-0031345,J.Garoppolo,35,8.17184
2017_14_TEN_ARI,2017,14,2017-12-10,ARI,00-0027948,B.Gabbert,36,-8.10466
2017_14_TEN_ARI,2017,14,2017-12-10,TEN,00-0032268,M.Mariota,35,-15.73779
2017_14_WAS_LAC,2017,14,2017-12-10,LAC,00-0022942,P.Rivers,33,11.45789
2017_14_WAS_LAC,2017,14,2017-12-10,LAC,00-0024264,K.Clemens,3,-12.56304
2017_14_WAS_LAC,2017,14,2017-12-10,WAS,00-0029604,K.Cousins,31,-9.6229
2017_15_ARI_WAS,2017,15,2017-12-17,ARI,00-0027948,B.Gabbert,48,-22.50505
2017_15_ARI_WAS,2017,15,2017-12-17,WAS,00-0029604,K.Cousins,28,-1.78384
2017_15_ATL_TB,2017,15,2017-12-18,ATL,00-0026143,M.Ryan,35,9.67259
2017_15_ATL_TB,2017,15,2017-12-18,TB,00-0031503,J.Winston,38,14.71721
2017_15_BAL_CLE,2017,15,2017-12-17,BAL,00-0026158,J.Flacco,43,5.59274
2017_15_BAL_CLE,2017,15,2017-12-17,CLE,00-0033899,D.Kizer,43,-21.35112
2017_15_CHI_DET,2017,15,2017-12-16,CHI,00-0033869,M.Trubisky,48,-2.66288
2017_15_CHI_DET,2017,15,2017-12-16,DET,00-0026498,M.Stafford,37,1.0709
2017_15_CIN_MIN,2017,15,2017-12-17,CIN,00-0027973,A.Dalton,25,-21.27394
2017_15_CIN_MIN,2017,15,2017-12-17,CIN,00-0031288,A.McCarron,6,0.99966
2017_15_CIN_MIN,2017,15,2017-12-17,MIN,00-0028986,C.Keenum,26,7.53647
2017_15_CIN_MIN,2017,15,2017-12-17,MIN,00-0031237,T.Bridgewater,2,-7.34885
2017_15_DAL_OAK,2017,15,2017-12-17,DAL,00-0033077,D.Prescott,31,0.69386
2017_15_DAL_OAK,2017,15,2017-12-17,LV,00-0031280,D.Carr,41,2.60856
2017_15_DEN_IND,2017,15,2017-12-14,DEN,00-0029682,B.Osweiler,19,18.76904
2017_15_DEN_IND,2017,15,2017-12-14,DEN,00-0032156,T.Siemian,11,-2.44986
2017_15_DEN_IND,2017,15,2017-12-14,IND,00-0033119,J.Brissett,35,-1.61831
2017_15_GB_CAR,2017,15,2017-12-17,CAR,00-0027939,C.Newton,36,15.28933
2017_15_GB_CAR,2017,15,2017-12-17,GB,00-0023459,A.Rodgers,52,-0.90935
2017_15_HOU_JAX,2017,15,2017-12-17,HOU,00-0028090,T.Yates,35,-14.01084
2017_15_HOU_JAX,2017,15,2017-12-17,JAX,00-0031407,B.Bortles,30,18.67686
2017_15_LAC_KC,2017,15,2017-12-16,KC,00-0023436,A.Smith,33,5.7387
2017_15_LAC_KC,2017,15,2017-12-16,LAC,00-0022942,P.Rivers,38,-10.81768
2017_15_LA_SEA,2017,15,2017-12-17,LA,00-0032245,S.Mannion,2,-3.44997
2017_15_LA_SEA,2017,15,2017-12-17,LA,00-0033106,J.Goff,23,2.07179
2017_15_LA_SEA,2017,15,2017-12-17,SEA,00-0029263,R.Wilson,42,-23.49103
2017_15_MIA_BUF,2017,15,2017-12-17,BUF,00-0028118,T.Taylor,35,7.3537
2017_15_MIA_BUF,2017,15,2017-12-17,MIA,00-0024226,J.Cutler,53,-8.24653
2017_15_NE_PIT,2017,15,2017-12-17,NE,00-0019596,T.Brady,37,6.37792
2017_15_NE_PIT,2017,15,2017-12-17,PIT,00-0022924,B.Roethlisberger,34,13.07043
2017_15_NYJ_NO,2017,15,2017-12-17,NO,00-0020531,D.Brees,36,-1.86899
2017_15_NYJ_NO,2017,15,2017-12-17,NYJ,00-0031568,B.Petty,42,-8.60244
2017_15_PHI_NYG,2017,15,2017-12-17,NYG,00-0022803,E.Manning,58,10.9735
2017_15_PHI_NYG,2017,15,2017-12-17,PHI,00-0029567,N.Foles,39,10.50724
2017_15_TEN_SF,2017,15,2017-12-17,SF,00-0031345,J.Garoppolo,45,15.16005
2017_15_TEN_SF,2017,15,2017-12-17,TEN,00-0032268,M.Mariota,34,8.83469
2017_16_ATL_NO,2017,16,2017-12-24,ATL,00-0026143,M.Ryan,42,4.86854
2017_16_ATL_NO,2017,16,2017-12-24,NO,00-0020531,D.Brees,29,-3.00428
2017_16_BUF_NE,2017,16,2017-12-24,BUF,00-0028118,T.Taylor,46,-4.21249
2017_16_BUF_NE,2017,16,2017-12-24,NE,00-0019596,T.Brady,30,2.78525
2017_16_CLE_CHI,2017,16,2017-12-24,CHI,00-0033869,M.Trubisky,32,0.94324
2017_16_CLE_CHI,2017,16,2017-12-24,CLE,00-0033899,D.Kizer,40,-19.06859
2017_16_DEN_WAS,2017,16,2017-12-24,DEN,00-0029682,B.Osweiler,45,-23.01406
2017_16_DEN_WAS,2017,16,2017-12-24,WAS,00-0029604,K.Cousins,39,10.09019
2017_16_DET_CIN,2017,16,2017-12-24,CIN,00-0027973,A.Dalton,44,-1.08878
2017_16_DET_CIN,2017,16,2017-12-24,DET,00-0026498,M.Stafford,38,-5.59148
2017_16_IND_BAL,2017,16,2017-12-23,BAL,00-0026158,J.Flacco,40,8.09392
2017_16_IND_BAL,2017,16,2017-12-23,IND,00-0033119,J.Brissett,37,6.60362
2017_16_JAX_SF,2017,16,2017-12-24,JAX,00-0031407,B.Bortles,54,0.58273
2017_16_JAX_SF,2017,16,2017-12-24,SF,00-0031345,J.Garoppolo,32,12.72001
2017_16_LAC_NYJ,2017,16,2017-12-24,LAC,00-0022942,P.Rivers,40,6.85307
2017_16_LAC_NYJ,2017,16,2017-12-24,NYJ,00-0031568,B.Petty,34,-11.37452
2017_16_LA_TEN,2017,16,2017-12-24,LA,00-0028872,J.Hekker,1,-3.415
2017_16_LA_TEN,2017,16,2017-12-24,LA,00-0033106,J.Goff,40,15.35666
2017_16_LA_TEN,2017,16,2017-12-24,TEN,00-0032268,M.Mariota,42,-1.07545
2017_16_MIA_KC,2017,16,2017-12-24,KC,00-0023436,A.Smith,42,17.063
2017_16_MIA_KC,2017,16,2017-12-24,MIA,00-0024226,J.Cutler,38,-5.07085
2017_16_MIN_GB,2017,16,2017-12-23,GB,00-0031589,B.Hundley,45,-22.21643
2017_16_MIN_GB,2017,16,2017-12-23,MIN,00-0028986,C.Keenum,28,-3.11432
2017_16_NYG_ARI,2017,16,2017-12-24,ARI,00-0022921,L.Fitzgerald,1,1.24125
2017_16_NYG_ARI,2017,16,2017-12-24,ARI,00-0025430,D.Stanton,36,-6.93922
2017_16_NYG_ARI,2017,16,2017-12-24,NYG,00-0022803,E.Manning,48,-20.12728
2017_16_OAK_PHI,2017,16,2017-12-25,LV,00-0031280,D.Carr,32,-21.3426
2017_16_OAK_PHI,2017,16,2017-12-25,PHI,00-0029567,N.Foles,40,-16.28205
2017_16_PIT_HOU,2017,16,2017-12-25,HOU,00-0028090,T.Yates,23,-15.2858
2017_16_PIT_HOU,2017,16,2017-12-25,HOU,00-0031800,T.Heinicke,3,-1.69105
2017_16_PIT_HOU,2017,16,2017-12-25,PIT,00-0022924,B.Roethlisberger,29,13.04889
2017_16_PIT_HOU,2017,16,2017-12-25,PIT,00-0030524,L.Jones,1,-1.06396
2017_16_SEA_DAL,2017,16,2017-12-24,DAL,00-0033077,D.Prescott,40,-17.77769
2017_16_SEA_DAL,2017,16,2017-12-24,SEA,00-0029263,R.Wilson,26,-0.2132
2017_16_TB_CAR,2017,16,2017-12-24,CAR,00-0023645,D.Anderson,1,-1.36624
2017_16_TB_CAR,2017,16,2017-12-24,CAR,00-0027939,C.Newton,30,-10.43662
2017_16_TB_CAR,2017,16,2017-12-24,TB,00-0031503,J.Winston,35,8.57762
2017_17_ARI_SEA,2017,17,2017-12-31,ARI,00-0025430,D.Stanton,35,-4.95078
2017_17_ARI_SEA,2017,17,2017-12-31,SEA,00-0029263,R.Wilson,35,0.32918
2017_17_BUF_MIA,2017,17,2017-12-31,BUF,00-0028118,T.Taylor,35,10.33521
2017_17_BUF_MIA,2017,17,2017-12-31,MIA,00-0024226,J.Cutler,2,-1.14454
2017_17_BUF_MIA,2017,17,2017-12-31,MIA,00-0031076,D.Fales,45,-0.76037
2017_17_CAR_ATL,2017,17,2017-12-31,ATL,00-0026143,M.Ryan,47,7.18446
2017_17_CAR_ATL,2017,17,2017-12-31,CAR,00-0027939,C.Newton,39,-12.49555
2017_17_CHI_MIN,2017,17,2017-12-31,CHI,00-0033556,T.Cohen,1,-0.47693
2017_17_CHI_MIN,2017,17,2017-12-31,CHI,00-0033869,M.Trubisky,38,-18.40206
2017_17_CHI_MIN,2017,17,2017-12-31,MIN,00-0028986,C.Keenum,31,-0.96857
2017_17_CIN_BAL,2017,17,2017-12-31,BAL,00-0026158,J.Flacco,48,-18.0829
2017_17_CIN_BAL,2017,17,2017-12-31,CIN,00-0027973,A.Dalton,44,2.67497
2017_17_CLE_PIT,2017,17,2017-12-31,CLE,00-0033899,D.Kizer,41,7.12183
2017_17_CLE_PIT,2017,17,2017-12-31,PIT,00-0030524,L.Jones,30,-2.76892
2017_17_DAL_PHI,2017,17,2017-12-31,DAL,00-0033077,D.Prescott,33,1.29341
2017_17_DAL_PHI,2017,17,2017-12-31,PHI,00-0029567,N.Foles,11,-7.92767
2017_17_DAL_PHI,2017,17,2017-12-31,PHI,00-0032792,N.Sudfeld,27,-8.85316
2017_17_GB_DET,2017,17,2017-12-31,DET,00-0026498,M.Stafford,32,10.06261
2017_17_GB_DET,2017,17,2017-12-31,GB,00-0028002,R.Cobb,1,0.60665
2017_17_GB_DET,2017,17,2017-12-31,GB,00-0031589,B.Hundley,29,-12.73163
2017_17_GB_DET,2017,17,2017-12-31,GB,00-0032630,J.Callahan,7,-3.55425
2017_17_HOU_IND,2017,17,2017-12-31,HOU,00-0028090,T.Yates,27,0.61039
2017_17_HOU_IND,2017,17,2017-12-31,IND,00-0033119,J.Brissett,29,1.98837
2017_17_JAX_TEN,2017,17,2017-12-31,JAX,00-0031407,B.Bortles,36,-14.71118
2017_17_JAX_TEN,2017,17,2017-12-31,TEN,00-0032268,M.Mariota,28,-1.11885
2017_17_KC_DEN,2017,17,2017-12-31,DEN,00-0033108,P.Lynch,39,-4.25177
2017_17_KC_DEN,2017,17,2017-12-31,KC,00-0030151,T.Bray,1,-1.15612
2017_17_KC_DEN,2017,17,2017-12-31,KC,00-0033873,P.Mahomes,39,8.13848
2017_17_NO_TB,2017,17,2017-12-31,NO,00-0020531,D.Brees,32,8.96478
2017_17_NO_TB,2017,17,2017-12-31,TB,00-0031503,J.Winston,58,12.31264
2017_17_NYJ_NE,2017,17,2017-12-31,NE,00-0019596,T.Brady,39,-2.19856
2017_17_NYJ_NE,2017,17,2017-12-31,NE,00-0026625,B.Hoyer,3,-2.6544
2017_17_NYJ_NE,2017,17,2017-12-31,NYJ,00-0031568,B.Petty,40,-1.90555
2017_17_OAK_LAC,2017,17,2017-12-31,LAC,00-0022942,P.Rivers,39,20.02321
2017_17_OAK_LAC,2017,17,2017-12-31,LV,00-0031280,D.Carr,31,-1.02853
2017_17_SF_LA,2017,17,2017-12-31,LA,00-0032245,S.Mannion,37,-14.51754
2017_17_SF_LA,2017,17,2017-12-31,SF,00-0031345,J.Garoppolo,33,8.7184
2017_17_WAS_NYG,2017,17,2017-12-31,NYG,00-0022803,E.Manning,30,-12.70168
2017_17_WAS_NYG,2017,17,2017-12-31,WAS,00-0029604,K.Cousins,40,-22.484
2017_18_ATL_LA,2017,18,2018-01-06,ATL,00-0026143,M.Ryan,35,6.22536
2017_18_ATL_LA,2017,18,2018-01-06,LA,00-0033106,J.Goff,48,-3.94311
2017_18_BUF_JAX,2017,18,2018-01-07,BUF,00-0028118,T.Taylor,43,-9.18921
2017_18_BUF_JAX,2017,18,2018-01-07,BUF,00-0033958,N.Peterman,4,-1.2899
2017_18_BUF_JAX,2017,18,2018-01-07,JAX,00-0031407,B.Bortles,29,-5.29759
2017_18_CAR_NO,2017,18,2018-01-07,CAR,00-0023645,D.Anderson,1,-0.89262
2017_18_CAR_NO,2017,18,2018-01-07,CAR,00-0027939,C.Newton,46,10.04361
2017_18_CAR_NO,2017,18,2018-01-07,NO,00-0020531,D.Brees,34,16.44558
2017_18_TEN_KC,2017,18,2018-01-06,KC,00-0023436,A.Smith,39,4.41066
2017_18_TEN_KC,2017,18,2018-01-06,TEN,00-0032268,M.Mariota,37,7.24303
2017_19_ATL_PHI,2017,19,2018-01-13,ATL,00-0026143,M.Ryan,39,-2.31911
2017_19_ATL_PHI,2017,19,2018-01-13,PHI,00-0029567,N.Foles,31,8.65165
2017_19_JAX_PIT,2017,19,2018-01-14,JAX,00-0031407,B.Bortles,28,13.24169
2017_19_JAX_PIT,2017,19,2018-01-14,PIT,00-0022924,B.Roethlisberger,62,18.60353
2017_19_NO_MIN,2017,19,2018-01-14,MIN,00-0028986,C.Keenum,43,4.41946
2017_19_NO_MIN,2017,19,2018-01-14,NO,00-0020531,D.Brees,42,6.68035
2017_19_NO_MIN,2017,19,2018-01-14,NO,00-0030663,W.Snead,1,-1.53748
2017_19_TEN_NE,2017,19,2018-01-13,NE,00-0019596,T.Brady,53,15.63255
2017_19_TEN_NE,2017,19,2018-01-13,TEN,00-0032268,M.Mariota,49,3.30031
2017_20_JAX_NE,2017,20,2018-01-21,JAX,00-0031407,B.Bortles,39,7.62839
2017_20_JAX_NE,2017,20,2018-01-21,NE,00-0019596,T.Brady,42,8.25265
2017_20_JAX_NE,2017,20,2018-01-21,NE,00-0026035,D.Amendola,1,-3.80053
2017_20_MIN_PHI,2017,20,2018-01-21,MIN,00-0028986,C.Keenum,50,-11.59507
2017_20_MIN_PHI,2017,20,2018-01-21,PHI,00-0029567,N.Foles,34,23.88105
2017_21_PHI_NE,2017,21,2018-02-04,NE,00-0019596,T.Brady,48,19.77532
2017_21_PHI_NE,2017,21,2018-02-04,NE,00-0026035,D.Amendola,1,-1.00078
2017_21_PHI_NE,2017,21,2018-02-04,PHI,00-0029567,N.Foles,43,21.71014
2017_21_PHI_NE,2017,21,2018-02-04,PHI,00-0030710,T.Burton,1,3.13936
2018_01_ATL_PHI,2018,1,2018-09-06,ATL,00-0026143,M.Ryan,49,-10.77665
2018_01_ATL_PHI,2018,1,2018-09-06,PHI,00-0029567,N.Foles,36,-11.16429
2018_01_ATL_PHI,2018,1,2018-09-06,PHI,00-0031549,N.Agholor,1,1.93148
2018_01_BUF_BAL,2018,1,2018-09-09,BAL,00-0026158,J.Flacco,35,9.93133
2018_01_BUF_BAL,2018,1,2018-09-09,BAL,00-0034796,L.Jackson,6,-2.36694
2018_01_BUF_BAL,2018,1,2018-09-09,BUF,00-0033958,N.Peterman,22,-24.76722
2018_01_BUF_BAL,2018,1,2018-09-09,BUF,00-0034857,J.Allen,20,-1.81734
2018_01_CHI_GB,2018,1,2018-09-09,CHI,00-0033869,M.Trubisky,43,-5.283
2018_01_CHI_GB,2018,1,2018-09-09,GB,00-0023459,A.Rodgers,33,10.22915
2018_01_CHI_GB,2018,1,2018-09-09,GB,00-0033899,D.Kizer,9,-7.90437
2018_01_CIN_IND,2018,1,2018-09-09,CIN,00-0027973,A.Dalton,32,-2.18417
2018_01_CIN_IND,2018,1,2018-09-09,IND,00-0029668,A.Luck,56,-0.68879
2018_01_DAL_CAR,2018,1,2018-09-09,CAR,00-0027939,C.Newton,29,-1.34
2018_01_DAL_CAR,2018,1,2018-09-09,DAL,00-0033077,D.Prescott,39,-8.00591
2018_01_HOU_NE,2018,1,2018-09-09,HOU,00-0033537,D.Watson,42,-4.94923
2018_01_HOU_NE,2018,1,2018-09-09,NE,00-0019596,T.Brady,41,2.92257
2018_01_JAX_NYG,2018,1,2018-09-09,JAX,00-0031407,B.Bortles,35,-4.55252
2018_01_JAX_NYG,2018,1,2018-09-09,NYG,00-0022803,E.Manning,40,-12.20636
2018_01_KC_LAC,2018,1,2018-09-09,KC,00-0033873,P.Mahomes,29,13.67049
2018_01_KC_LAC,2018,1,2018-09-09,LAC,00-0022942,P.Rivers,52,16.01196
2018_01_LA_OAK,2018,1,2018-09-10,LA,00-0033106,J.Goff,34,5.47692
2018_01_LA_OAK,2018,1,2018-09-10,LV,00-0031280,D.Carr,42,-12.7933
2018_01_NYJ_DET,2018,1,2018-09-10,DET,00-0023662,M.Cassel,6,-8.03438
2018_01_NYJ_DET,2018,1,2018-09-10,DET,00-0026498,M.Stafford,47,-15.62554
2018_01_NYJ_DET,2018,1,2018-09-10,NYJ,00-0034869,S.Darnold,23,7.2839
2018_01_PIT_CLE,2018,1,2018-09-09,CLE,00-0028118,T.Taylor,53,-12.2429
2018_01_PIT_CLE,2018,1,2018-09-09,PIT,00-0022924,B.Roethlisberger,46,-4.27715
2018_01_SEA_DEN,2018,1,2018-09-09,DEN,00-0028986,C.Keenum,40,-3.83724
2018_01_SEA_DEN,2018,1,2018-09-09,SEA,00-0029263,R.Wilson,40,5.22007
2018_01_SF_MIN,2018,1,2018-09-09,MIN,00-0029604,K.Cousins,43,0.00014
2018_01_SF_MIN,2018,1,2018-09-09,SF,00-0031345,J.Garoppolo,38,-12.92566
2018_01_TB_NO,2018,1,2018-09-09,NO,00-0020531,D.Brees,46,16.65012
2018_01_TB_NO,2018,1,2018-09-09,TB,00-0023682,R.Fitzpatrick,34,29.2342
2018_01_TEN_MIA,2018,1,2018-09-09,MIA,00-0029701,R.Tannehill,29,2.21008
2018_01_TEN_MIA,2018,1,2018-09-09,TEN,00-0027948,B.Gabbert,22,-6.95127
2018_01_TEN_MIA,2018,1,2018-09-09,TEN,00-0032268,M.Mariota,17,-10.58595
2018_01_WAS_ARI,2018,1,2018-09-09,ARI,00-0027854,S.Bradford,37,-13.49318
2018_01_WAS_ARI,2018,1,2018-09-09,WAS,00-0023436,A.Smith,36,9.2336
2018_02_ARI_LA,2018,2,2018-09-16,ARI,00-0027854,S.Bradford,28,-13.06872
2018_02_ARI_LA,2018,2,2018-09-16,LA,00-0033106,J.Goff,34,14.94831
2018_02_BAL_CIN,2018,2,2018-09-13,BAL,00-0026158,J.Flacco,58,-7.63204
2018_02_BAL_CIN,2018,2,2018-09-13,CIN,00-0027973,A.Dalton,42,9.40459
2018_02_CAR_ATL,2018,2,2018-09-16,ATL,00-0026143,M.Ryan,31,16.70048
2018_02_CAR_ATL,2018,2,2018-09-16,CAR,00-0027939,C.Newton,50,6.14768
2018_02_CLE_NO,2018,2,2018-09-16,CLE,00-0028118,T.Taylor,35,-0.59672
2018_02_CLE_NO,2018,2,2018-09-16,NO,00-0020531,D.Brees,38,-5.09602
2018_02_DET_SF,2018,2,2018-09-16,DET,00-0026498,M.Stafford,56,6.10485
2018_02_DET_SF,2018,2,2018-09-16,SF,00-0031345,J.Garoppolo,33,5.69717
2018_02_HOU_TEN,2018,2,2018-09-16,HOU,00-0033537,D.Watson,39,8.72379
2018_02_HOU_TEN,2018,2,2018-09-16,TEN,00-0027948,B.Gabbert,21,-0.52253
2018_02_HOU_TEN,2018,2,2018-09-16,TEN,00-0032764,D.Henry,1,0.44136
2018_02_HOU_TEN,2018,2,2018-09-16,TEN,00-0033132,K.Byard,1,7.64647
2018_02_IND_WAS,2018,2,2018-09-16,IND,00-0029668,A.Luck,33,0.15817
2018_02_IND_WAS,2018,2,2018-09-16,WAS,00-0023436,A.Smith,49,-3.67412
2018_02_KC_PIT,2018,2,2018-09-16,KC,00-0033873,P.Mahomes,31,25.82185
2018_02_KC_PIT,2018,2,2018-09-16,PIT,00-0022924,B.Roethlisberger,63,18.20188
2018_02_LAC_BUF,2018,2,2018-09-16,BUF,00-0034857,J.Allen,40,-0.87066
2018_02_LAC_BUF,2018,2,2018-09-16,LAC,00-0022942,P.Rivers,30,18.10089
2018_02_MIA_NYJ,2018,2,2018-09-16,MIA,00-0029701,R.Tannehill,27,-5.63741
2018_02_MIA_NYJ,2018,2,2018-09-16,NYJ,00-0034869,S.Darnold,45,-11.05456
2018_02_MIN_GB,2018,2,2018-09-16,GB,00-0023459,A.Rodgers,47,3.29099
2018_02_MIN_GB,2018,2,2018-09-16,MIN,00-0029604,K.Cousins,52,14.12118
2018_02_NE_JAX,2018,2,2018-09-16,JAX,00-0031407,B.Bortles,50,17.68034
2018_02_NE_JAX,2018,2,2018-09-16,NE,00-0019596,T.Brady,38,6.8231
2018_02_NYG_DAL,2018,2,2018-09-16,DAL,00-0033077,D.Prescott,25,-2.13613
2018_02_NYG_DAL,2018,2,2018-09-16,NYG,00-0022803,E.Manning,51,-7.75113
2018_02_OAK_DEN,2018,2,2018-09-16,DEN,00-0028986,C.Keenum,37,-0.75366
2018_02_OAK_DEN,2018,2,2018-09-16,LV,00-0031280,D.Carr,33,10.02736
2018_02_PHI_TB,2018,2,2018-09-16,PHI,00-0029567,N.Foles,51,-3.64771
2018_02_PHI_TB,2018,2,2018-09-16,TB,00-0023682,R.Fitzpatrick,35,13.44332
2018_02_SEA_CHI,2018,2,2018-09-17,CHI,00-0033869,M.Trubisky,39,-0.61113
2018_02_SEA_CHI,2018,2,2018-09-17,SEA,00-0029263,R.Wilson,42,-10.2548
2018_03_BUF_MIN,2018,3,2018-09-23,BUF,00-0034857,J.Allen,29,10.73854
2018_03_BUF_MIN,2018,3,2018-09-23,MIN,00-0029604,K.Cousins,60,-21.00535
2018_03_CHI_ARI,2018,3,2018-09-23,ARI,00-0027854,S.Bradford,22,-4.12202
2018_03_CHI_ARI,2018,3,2018-09-23,ARI,00-0034343,J.Rosen,9,-0.6012
2018_03_CHI_ARI,2018,3,2018-09-23,CHI,00-0033869,M.Trubisky,40,-3.17452
2018_03_CIN_CAR,2018,3,2018-09-23,CAR,00-0027939,C.Newton,27,3.66328
2018_03_CIN_CAR,2018,3,2018-09-23,CIN,00-0027973,A.Dalton,47,3.47091
2018_03_DAL_SEA,2018,3,2018-09-23,DAL,00-0033077,D.Prescott,40,-12.81068
2018_03_DAL_SEA,2018,3,2018-09-23,SEA,00-0029263,R.Wilson,28,8.01291
2018_03_DEN_BAL,2018,3,2018-09-23,BAL,00-0026158,J.Flacco,41,6.40975
2018_03_DEN_BAL,2018,3,2018-09-23,DEN,00-0028986,C.Keenum,37,-7.07734
2018_03_GB_WAS,2018,3,2018-09-23,GB,00-0023459,A.Rodgers,49,-7.82971
2018_03_GB_WAS,2018,3,2018-09-23,GB,00-0034162,J.Scott,1,-0.65218
2018_03_GB_WAS,2018,3,2018-09-23,WAS,00-0023436,A.Smith,24,7.21965
2018_03_IND_PHI,2018,3,2018-09-23,IND,00-0029668,A.Luck,43,-9.15743
2018_03_IND_PHI,2018,3,2018-09-23,IND,00-0033119,J.Brissett,1,-0.15777
2018_03_IND_PHI,2018,3,2018-09-23,PHI,00-0032950,C.Wentz,44,-6.19548
2018_03_LAC_LA,2018,3,2018-09-23,LA,00-0033106,J.Goff,38,17.29473
2018_03_LAC_LA,2018,3,2018-09-23,LAC,00-0022942,P.Rivers,31,3.50559
2018_03_LAC_LA,2018,3,2018-09-23,LAC,00-0030279,K.Allen,1,-1.58533
2018_03_NE_DET,2018,3,2018-09-23,DET,00-0026498,M.Stafford,37,5.60546
2018_03_NE_DET,2018,3,2018-09-23,NE,00-0019596,T.Brady,28,-10.86992
2018_03_NO_ATL,2018,3,2018-09-23,ATL,00-0026143,M.Ryan,41,19.89809
2018_03_NO_ATL,2018,3,2018-09-23,NO,00-0020531,D.Brees,51,21.32213
2018_03_NYG_HOU,2018,3,2018-09-23,HOU,00-0033537,D.Watson,46,12.39237
2018_03_NYG_HOU,2018,3,2018-09-23,NYG,00-0022803,E.Manning,33,15.53474
2018_03_NYJ_CLE,2018,3,2018-09-20,CLE,00-0028118,T.Taylor,18,-9.03681
2018_03_NYJ_CLE,2018,3,2018-09-20,CLE,00-0034855,B.Mayfield,24,9.26686
2018_03_NYJ_CLE,2018,3,2018-09-20,NYJ,00-0034869,S.Darnold,33,-8.46742
2018_03_OAK_MIA,2018,3,2018-09-23,LV,00-0031280,D.Carr,42,9.37603
2018_03_OAK_MIA,2018,3,2018-09-23,MIA,00-0029701,R.Tannehill,26,14.44224
2018_03_OAK_MIA,2018,3,2018-09-23,MIA,00-0030669,A.Wilson,1,4.35198
2018_03_PIT_TB,2018,3,2018-09-24,PIT,00-0022924,B.Roethlisberger,41,12.52067
2018_03_PIT_TB,2018,3,2018-09-24,TB,00-0023682,R.Fitzpatrick,57,2.19492
2018_03_SF_KC,2018,3,2018-09-23,KC,00-0033873,P.Mahomes,41,20.74804
2018_03_SF_KC,2018,3,2018-09-23,SF,00-0031345,J.Garoppolo,36,7.51828
2018_03_TEN_JAX,2018,3,2018-09-23,JAX,00-0031407,B.Bortles,40,-6.62147
2018_03_TEN_JAX,2018,3,2018-09-23,TEN,00-0027948,B.Gabbert,5,-3.64401
2018_03_TEN_JAX,2018,3,2018-09-23,TEN,00-0032268,M.Mariota,24,1.09128
2018_04_BAL_PIT,2018,4,2018-09-30,BAL,00-0026158,J.Flacco,44,11.53617
2018_04_BAL_PIT,2018,4,2018-09-30,PIT,00-0022924,B.Roethlisberger,48,-9.86901
2018_04_BUF_GB,2018,4,2018-09-30,BUF,00-0034857,J.Allen,43,-21.14158
2018_04_BUF_GB,2018,4,2018-09-30,GB,00-0023459,A.Rodgers,46,2.73607
2018_04_CIN_ATL,2018,4,2018-09-30,ATL,00-0026143,M.Ryan,42,17.90508
2018_04_CIN_ATL,2018,4,2018-09-30,CIN,00-0027973,A.Dalton,46,16.91831
2018_04_CLE_OAK,2018,4,2018-09-30,CLE,00-0034855,B.Mayfield,45,-2.3179
2018_04_CLE_OAK,2018,4,2018-09-30,LV,00-0031280,D.Carr,60,3.01661
2018_04_DET_DAL,2018,4,2018-09-30,DAL,00-0033077,D.Prescott,31,8.03038
2018_04_DET_DAL,2018,4,2018-09-30,DET,00-0026498,M.Stafford,34,16.30507
2018_04_HOU_IND,2018,4,2018-09-30,HOU,00-0033537,D.Watson,50,11.2215
2018_04_HOU_IND,2018,4,2018-09-30,IND,00-0029668,A.Luck,68,11.88161
2018_04_KC_DEN,2018,4,2018-10-01,DEN,00-0028986,C.Keenum,37,-5.36859
2018_04_KC_DEN,2018,4,2018-10-01,KC,00-0033873,P.Mahomes,47,11.53804
2018_04_MIA_NE,2018,4,2018-09-30,MIA,00-0029682,B.Osweiler,6,6.07839
2018_04_MIA_NE,2018,4,2018-09-30,MIA,00-0029701,R.Tannehill,22,-12.37216
2018_04_MIA_NE,2018,4,2018-09-30,NE,00-0019596,T.Brady,35,11.91471
2018_04_MIN_LA,2018,4,2018-09-27,LA,00-0028872,J.Hekker,1,-2.7179
2018_04_MIN_LA,2018,4,2018-09-27,LA,00-0033106,J.Goff,35,27.75472
2018_04_MIN_LA,2018,4,2018-09-27,MIN,00-0029604,K.Cousins,56,15.20849
2018_04_NO_NYG,2018,4,2018-09-30,NO,00-0020531,D.Brees,33,5.2123
2018_04_NO_NYG,2018,4,2018-09-30,NO,00-0033357,T.Hill,2,2.54529
2018_04_NO_NYG,2018,4,2018-09-30,NYG,00-0022803,E.Manning,45,-1.70152
2018_04_NYJ_JAX,2018,4,2018-09-30,JAX,00-0031407,B.Bortles,42,13.83355
2018_04_NYJ_JAX,2018,4,2018-09-30,NYJ,00-0034869,S.Darnold,39,-8.04081
2018_04_PHI_TEN,2018,4,2018-09-30,PHI,00-0032950,C.Wentz,56,2.95851
2018_04_PHI_TEN,2018,4,2018-09-30,TEN,00-0032268,M.Mariota,49,11.95026
2018_04_SEA_ARI,2018,4,2018-09-30,ARI,00-0034343,J.Rosen,30,4.19802
2018_04_SEA_ARI,2018,4,2018-09-30,SEA,00-0029263,R.Wilson,29,-1.36765
2018_04_SF_LAC,2018,4,2018-09-30,LAC,00-0022942,P.Rivers,40,-2.10304
2018_04_SF_LAC,2018,4,2018-09-30,SF,00-0033936,C.Beathard,42,-2.90191
2018_04_TB_CHI,2018,4,2018-09-30,CHI,00-0033869,M.Trubisky,28,25.6388
2018_04_TB_CHI,2018,4,2018-09-30,TB,00-0023682,R.Fitzpatrick,20,-6.23091
2018_04_TB_CHI,2018,4,2018-09-30,TB,00-0031503,J.Winston,23,2.71569
2018_05_ARI_SF,2018,5,2018-10-07,ARI,00-0034343,J.Rosen,25,-3.63856
2018_05_ARI_SF,2018,5,2018-10-07,SF,00-0033936,C.Beathard,59,-3.45116
2018_05_ATL_PIT,2018,5,2018-10-07,ATL,00-0022787,M.Schaub,7,-2.43651
2018_05_ATL_PIT,2018,5,2018-10-07,ATL,00-0026143,M.Ryan,45,0.32591
2018_05_ATL_PIT,2018,5,2018-10-07,PIT,00-0022924,B.Roethlisberger,31,12.62876
2018_05_BAL_CLE,2018,5,2018-10-07,BAL,00-0026158,J.Flacco,59,-14.09392
2018_05_BAL_CLE,2018,5,2018-10-07,BAL,00-0034796,L.Jackson,1,-0.49083
2018_05_BAL_CLE,2018,5,2018-10-07,CLE,00-0034855,B.Mayfield,49,-2.74812
2018_05_DAL_HOU,2018,5,2018-10-07,DAL,00-0033077,D.Prescott,33,-4.59687
2018_05_DAL_HOU,2018,5,2018-10-07,HOU,00-0033537,D.Watson,51,1.69653
2018_05_DEN_NYJ,2018,5,2018-10-07,DEN,00-0028986,C.Keenum,55,-0.55379
2018_05_DEN_NYJ,2018,5,2018-10-07,NYJ,00-0034869,S.Darnold,23,3.92091
2018_05_GB_DET,2018,5,2018-10-07,DET,00-0026498,M.Stafford,29,7.11042
2018_05_GB_DET,2018,5,2018-10-07,GB,00-0023459,A.Rodgers,58,14.47493
2018_05_IND_NE,2018,5,2018-10-04,IND,00-0029668,A.Luck,60,0.41019
2018_05_IND_NE,2018,5,2018-10-04,NE,00-0019596,T.Brady,44,9.8798
2018_05_JAX_KC,2018,5,2018-10-07,JAX,00-0031407,B.Bortles,68,-16.09502
2018_05_JAX_KC,2018,5,2018-10-07,KC,00-0033873,P.Mahomes,41,10.74309
2018_05_LA_SEA,2018,5,2018-10-07,LA,00-0033106,J.Goff,35,11.36955
2018_05_LA_SEA,2018,5,2018-10-07,SEA,00-0029263,R.Wilson,23,8.24157
2018_05_MIA_CIN,2018,5,2018-10-07,CIN,00-0027973,A.Dalton,34,0.6068
2018_05_MIA_CIN,2018,5,2018-10-07,MIA,00-0029701,R.Tannehill,37,-14.6332
2018_05_MIN_PHI,2018,5,2018-10-07,MIN,00-0029604,K.Cousins,39,10.21436
2018_05_MIN_PHI,2018,5,2018-10-07,PHI,00-0032950,C.Wentz,41,-0.13153
2018_05_NYG_CAR,2018,5,2018-10-07,CAR,00-0027939,C.Newton,37,-0.72276
2018_05_NYG_CAR,2018,5,2018-10-07,NYG,00-0022803,E.Manning,37,2.25658
2018_05_NYG_CAR,2018,5,2018-10-07,NYG,00-0031235,O.Beckham,1,5.62791
2018_05_OAK_LAC,2018,5,2018-10-07,LAC,00-0022942,P.Rivers,28,19.14484
2018_05_OAK_LAC,2018,5,2018-10-07,LV,00-0031280,D.Carr,35,-4.14278
2018_05_TEN_BUF,2018,5,2018-10-07,BUF,00-0034721,C.Bojorquez,1,-2.96383
2018_05_TEN_BUF,2018,5,2018-10-07,BUF,00-0034857,J.Allen,22,-6.93253
2018_05_TEN_BUF,2018,5,2018-10-07,TEN,00-0032268,M.Mariota,30,-6.94562
2018_05_WAS_NO,2018,5,2018-10-08,NO,00-0020531,D.Brees,32,21.41802
2018_05_WAS_NO,2018,5,2018-10-08,WAS,00-0023436,A.Smith,42,-9.35879
2018_06_ARI_MIN,2018,6,2018-10-14,ARI,00-0034343,J.Rosen,35,-11.85843
2018_06_ARI_MIN,2018,6,2018-10-14,MIN,00-0029604,K.Cousins,38,-12.80994
2018_06_BAL_TEN,2018,6,2018-10-14,BAL,00-0026158,J.Flacco,38,9.95994
2018_06_BAL_TEN,2018,6,2018-10-14,TEN,00-0032268,M.Mariota,28,-10.72047
2018_06_BUF_HOU,2018,6,2018-10-14,BUF,00-0033958,N.Peterman,13,-5.48621
2018_06_BUF_HOU,2018,6,2018-10-14,BUF,00-0034857,J.Allen,23,-4.66088
2018_06_BUF_HOU,2018,6,2018-10-14,HOU,00-0030564,D.Hopkins,1,-0.4456
2018_06_BUF_HOU,2018,6,2018-10-14,HOU,00-0033537,D.Watson,33,-16.94928
2018_06_CAR_WAS,2018,6,2018-10-14,CAR,00-0027939,C.Newton,43,4.70881
2018_06_CAR_WAS,2018,6,2018-10-14,WAS,00-0023436,A.Smith,42,-6.72873
2018_06_CHI_MIA,2018,6,2018-10-14,CHI,00-0033869,M.Trubisky,36,8.69894
2018_06_CHI_MIA,2018,6,2018-10-14,MIA,00-0029682,B.Osweiler,44,8.58457
2018_06_IND_NYJ,2018,6,2018-10-14,IND,00-0029668,A.Luck,45,-5.00496
2018_06_IND_NYJ,2018,6,2018-10-14,NYJ,00-0034869,S.Darnold,33,7.78527
2018_06_JAX_DAL,2018,6,2018-10-14,DAL,00-0033077,D.Prescott,37,6.15104
2018_06_JAX_DAL,2018,6,2018-10-14,JAX,00-0031407,B.Bortles,31,-17.92871
2018_06_KC_NE,2018,6,2018-10-14,KC,00-0033873,P.Mahomes,37,8.64126
2018_06_KC_NE,2018,6,2018-10-14,NE,00-0019596,T.Brady,38,4.63679
2018_06_LAC_CLE,2018,6,2018-10-14,CLE,00-0034855,B.Mayfield,52,-23.56993
2018_06_LAC_CLE,2018,6,2018-10-14,LAC,00-0022942,P.Rivers,21,4.57688
2018_06_LAC_CLE,2018,6,2018-10-14,LAC,00-0030565,G.Smith,1,0.24945
2018_06_LA_DEN,2018,6,2018-10-14,DEN,00-0028986,C.Keenum,44,1.25106
2018_06_LA_DEN,2018,6,2018-10-14,LA,00-0033106,J.Goff,35,-2.74146
2018_06_PHI_NYG,2018,6,2018-10-11,NYG,00-0022803,E.Manning,47,-15.44942
2018_06_PHI_NYG,2018,6,2018-10-11,PHI,00-0032950,C.Wentz,39,20.49802
2018_06_PIT_CIN,2018,6,2018-10-14,CIN,00-0027973,A.Dalton,45,4.62551
2018_06_PIT_CIN,2018,6,2018-10-14,PIT,00-0022924,B.Roethlisberger,46,19.04877
2018_06_SEA_OAK,2018,6,2018-10-14,LV,00-0031280,D.Carr,40,-10.10202
2018_06_SEA_OAK,2018,6,2018-10-14,SEA,00-0029263,R.Wilson,26,14.39428
2018_06_SF_GB,2018,6,2018-10-15,GB,00-0023459,A.Rodgers,51,8.27456
2018_06_SF_GB,2018,6,2018-10-15,SF,00-0033936,C.Beathard,28,6.9114
2018_06_TB_ATL,2018,6,2018-10-14,ATL,00-0026143,M.Ryan,43,18.76624
2018_06_TB_ATL,2018,6,2018-10-14,TB,00-0031503,J.Winston,45,15.32102
2018_07_BUF_IND,2018,7,2018-10-21,BUF,00-0023645,D.Anderson,33,-27.78776
2018_07_BUF_IND,2018,7,2018-10-21,IND,00-0029668,A.Luck,24,9.9391
2018_07_CAR_PHI,2018,7,2018-10-21,CAR,00-0027939,C.Newton,44,9.23979
2018_07_CAR_PHI,2018,7,2018-10-21,PHI,00-0032950,C.Wentz,41,6.50029
2018_07_CIN_KC,2018,7,2018-10-21,CIN,00-0027973,A.Dalton,31,-11.20962
2018_07_CIN_KC,2018,7,2018-10-21,CIN,00-0032436,J.Driskel,5,2.67041
2018_07_CIN_KC,2018,7,2018-10-21,KC,00-0033873,P.Mahomes,43,22.92691
2018_07_CLE_TB,2018,7,2018-10-21,CLE,00-0034855,B.Mayfield,42,-2.16308
2018_07_CLE_TB,2018,7,2018-10-21,TB,00-0031503,J.Winston,63,-4.35717
2018_07_DAL_WAS,2018,7,2018-10-21,DAL,00-0033077,D.Prescott,44,3.13185
2018_07_DAL_WAS,2018,7,2018-10-21,WAS,00-0023436,A.Smith,29,5.33027
2018_07_DEN_ARI,2018,7,2018-10-18,ARI,00-0034343,J.Rosen,46,-37.0387
2018_07_DEN_ARI,2018,7,2018-10-18,DEN,00-0027685,E.Sanders,1,2.56147
2018_07_DEN_ARI,2018,7,2018-10-18,DEN,00-0028986,C.Keenum,24,0.63745
2018_07_DET_MIA,2018,7,2018-10-21,DET,00-0026498,M.Stafford,24,14.72188
2018_07_DET_MIA,2018,7,2018-10-21,MIA,00-0029682,B.Osweiler,36,8.25656
2018_07_HOU_JAX,2018,7,2018-10-21,HOU,00-0033537,D.Watson,28,1.14169
2018_07_HOU_JAX,2018,7,2018-10-21,JAX,00-0031407,B.Bortles,17,-8.4143
2018_07_HOU_JAX,2018,7,2018-10-21,JAX,00-0033104,C.Kessler,36,-4.95367
2018_07_LA_SF,2018,7,2018-10-21,LA,00-0033106,J.Goff,26,9.00999
2018_07_LA_SF,2018,7,2018-10-21,SF,00-0033936,C.Beathard,35,-21.5474
2018_07_MIN_NYJ,2018,7,2018-10-21,MIN,00-0029604,K.Cousins,41,2.22755
2018_07_MIN_NYJ,2018,7,2018-10-21,NYJ,00-0034869,S.Darnold,47,-25.43224
2018_07_NE_CHI,2018,7,2018-10-21,CHI,00-0033869,M.Trubisky,57,4.61782
2018_07_NE_CHI,2018,7,2018-10-21,NE,00-0019596,T.Brady,38,14.33415
2018_07_NO_BAL,2018,7,2018-10-21,BAL,00-0026158,J.Flacco,40,7.77204
2018_07_NO_BAL,2018,7,2018-10-21,BAL,00-0034796,L.Jackson,1,-0.41336
2018_07_NO_BAL,2018,7,2018-10-21,NO,00-0020531,D.Brees,31,7.13501
2018_07_NYG_ATL,2018,7,2018-10-22,ATL,00-0026143,M.Ryan,42,11.84599
2018_07_NYG_ATL,2018,7,2018-10-22,NYG,00-0022803,E.Manning,43,12.83739
2018_07_TEN_LAC,2018,7,2018-10-21,LAC,00-0022942,P.Rivers,28,15.84467
2018_07_TEN_LAC,2018,7,2018-10-21,TEN,00-0032268,M.Mariota,39,10.26166
2018_08_BAL_CAR,2018,8,2018-10-28,BAL,00-0026158,J.Flacco,42,-5.56498
2018_08_BAL_CAR,2018,8,2018-10-28,BAL,00-0034796,L.Jackson,5,2.80648
2018_08_BAL_CAR,2018,8,2018-10-28,CAR,00-0027939,C.Newton,34,10.60797
2018_08_BAL_CAR,2018,8,2018-10-28,CAR,00-0031800,T.Heinicke,1,1.44849
2018_08_CLE_PIT,2018,8,2018-10-28,CLE,00-0034855,B.Mayfield,39,-3.25996
2018_08_CLE_PIT,2018,8,2018-10-28,PIT,00-0022924,B.Roethlisberger,37,2.91513
2018_08_DEN_KC,2018,8,2018-10-28,DEN,00-0028986,C.Keenum,40,0.69371
2018_08_DEN_KC,2018,8,2018-10-28,KC,00-0033873,P.Mahomes,37,11.83091
2018_08_GB_LA,2018,8,2018-10-28,GB,00-0023459,A.Rodgers,34,6.38838
2018_08_GB_LA,2018,8,2018-10-28,LA,00-0028872,J.Hekker,1,3.14721
2018_08_GB_LA,2018,8,2018-10-28,LA,00-0033106,J.Goff,43,6.94488
2018_08_IND_OAK,2018,8,2018-10-28,IND,00-0029668,A.Luck,31,16.61784
2018_08_IND_OAK,2018,8,2018-10-28,LV,00-0031280,D.Carr,28,12.65144
2018_08_MIA_HOU,2018,8,2018-10-25,HOU,00-0033537,D.Watson,21,17.46077
2018_08_MIA_HOU,2018,8,2018-10-25,MIA,00-0026035,D.Amendola,1,2.50179
2018_08_MIA_HOU,2018,8,2018-10-25,MIA,00-0029682,B.Osweiler,39,-8.61493
2018_08_NE_BUF,2018,8,2018-10-29,BUF,00-0023645,D.Anderson,42,-15.81769
2018_08_NE_BUF,2018,8,2018-10-29,BUF,00-0033958,N.Peterman,2,-0.56908
2018_08_NE_BUF,2018,8,2018-10-29,NE,00-0019596,T.Brady,47,10.08787
2018_08_NO_MIN,2018,8,2018-10-28,MIN,00-0029604,K.Cousins,44,-6.10205
2018_08_NO_MIN,2018,8,2018-10-28,NO,00-0020531,D.Brees,23,1.07211
2018_08_NO_MIN,2018,8,2018-10-28,NO,00-0033357,T.Hill,1,3.20231
2018_08_NYJ_CHI,2018,8,2018-10-28,CHI,00-0033869,M.Trubisky,34,10.7389
2018_08_NYJ_CHI,2018,8,2018-10-28,NYJ,00-0034869,S.Darnold,32,1.28704
2018_08_PHI_JAX,2018,8,2018-10-28,JAX,00-0031407,B.Bortles,51,0.01165
2018_08_PHI_JAX,2018,8,2018-10-28,PHI,00-0032950,C.Wentz,37,10.89566
2018_08_SEA_DET,2018,8,2018-10-28,DET,00-0026498,M.Stafford,44,3.55779
2018_08_SEA_DET,2018,8,2018-10-28,SEA,00-0029263,R.Wilson,19,15.82409
2018_08_SF_ARI,2018,8,2018-10-28,ARI,00-0034343,J.Rosen,45,-4.17285
2018_08_SF_ARI,2018,8,2018-10-28,SF,00-0033936,C.Beathard,34,-5.51873
2018_08_TB_CIN,2018,8,2018-10-28,CIN,00-0027973,A.Dalton,37,9.59743
2018_08_TB_CIN,2018,8,2018-10-28,TB,00-0023682,R.Fitzpatrick,17,14.14697
2018_08_TB_CIN,2018,8,2018-10-28,TB,00-0031503,J.Winston,43,-6.68379
2018_08_WAS_NYG,2018,8,2018-10-28,NYG,00-0022803,E.Manning,53,-8.306
2018_08_WAS_NYG,2018,8,2018-10-28,WAS,00-0023436,A.Smith,33,3.97504
2018_09_ATL_WAS,2018,9,2018-11-04,ATL,00-0026143,M.Ryan,40,18.92377
2018_09_ATL_WAS,2018,9,2018-11-04,WAS,00-0023436,A.Smith,50,-0.53155
2018_09_CHI_BUF,2018,9,2018-11-04,BUF,00-0033958,N.Peterman,59,-23.16259
2018_09_CHI_BUF,2018,9,2018-11-04,CHI,00-0033869,M.Trubisky,21,-2.31238
2018_09_DET_MIN,2018,9,2018-11-04,DET,00-0026498,M.Stafford,49,-14.16279
2018_09_DET_MIN,2018,9,2018-11-04,MIN,00-0029604,K.Cousins,23,1.92686
2018_09_GB_NE,2018,9,2018-11-04,GB,00-0023459,A.Rodgers,47,4.27098
2018_09_GB_NE,2018,9,2018-11-04,NE,00-0019596,T.Brady,37,0.21165
2018_09_GB_NE,2018,9,2018-11-04,NE,00-0027150,J.Edelman,1,3.39579
2018_09_HOU_DEN,2018,9,2018-11-04,DEN,00-0028986,C.Keenum,44,2.55414
2018_09_HOU_DEN,2018,9,2018-11-04,HOU,00-0033537,D.Watson,34,10.2608
2018_09_KC_CLE,2018,9,2018-11-04,CLE,00-0028118,T.Taylor,1,2.68652
2018_09_KC_CLE,2018,9,2018-11-04,CLE,00-0034855,B.Mayfield,44,2.47207
2018_09_KC_CLE,2018,9,2018-11-04,KC,00-0033873,P.Mahomes,34,23.96357
2018_09_LAC_SEA,2018,9,2018-11-04,LAC,00-0022942,P.Rivers,28,7.50109
2018_09_LAC_SEA,2018,9,2018-11-04,SEA,00-0029263,R.Wilson,45,-6.06053
2018_09_LA_NO,2018,9,2018-11-04,LA,00-0033106,J.Goff,43,14.45467
2018_09_LA_NO,2018,9,2018-11-04,NO,00-0020531,D.Brees,38,24.40464
2018_09_LA_NO,2018,9,2018-11-04,NO,00-0033357,T.Hill,1,2.47202
2018_09_NYJ_MIA,2018,9,2018-11-04,MIA,00-0029682,B.Osweiler,29,-7.84536
2018_09_NYJ_MIA,2018,9,2018-11-04,NYJ,00-0034869,S.Darnold,43,-17.50484
2018_09_OAK_SF,2018,9,2018-11-01,LV,00-0031280,D.Carr,30,-3.25857
2018_09_OAK_SF,2018,9,2018-11-01,LV,00-0031288,A.McCarron,4,-2.60523
2018_09_OAK_SF,2018,9,2018-11-01,SF,00-0033319,N.Mullens,22,18.61388
2018_09_PIT_BAL,2018,9,2018-11-04,BAL,00-0026158,J.Flacco,39,-2.36228
2018_09_PIT_BAL,2018,9,2018-11-04,BAL,00-0034796,L.Jackson,1,1.22363
2018_09_PIT_BAL,2018,9,2018-11-04,PIT,00-0022924,B.Roethlisberger,49,16.52222
2018_09_PIT_BAL,2018,9,2018-11-04,PIT,00-0033949,J.Dobbs,1,2.42865
2018_09_TB_CAR,2018,9,2018-11-04,CAR,00-0027939,C.Newton,28,7.20846
2018_09_TB_CAR,2018,9,2018-11-04,TB,00-0023682,R.Fitzpatrick,47,5.65964
2018_09_TB_CAR,2018,9,2018-11-04,TB,00-0029692,B.Anger,1,-2.90344
2018_09_TEN_DAL,2018,9,2018-11-05,DAL,00-0029000,C.Beasley,1,-0.4814
2018_09_TEN_DAL,2018,9,2018-11-05,DAL,00-0033077,D.Prescott,38,-4.25572
2018_09_TEN_DAL,2018,9,2018-11-05,TEN,00-0032268,M.Mariota,35,12.72707
2018_10_ARI_KC,2018,10,2018-11-11,ARI,00-0034343,J.Rosen,44,-10.97918
2018_10_ARI_KC,2018,10,2018-11-11,KC,00-0033873,P.Mahomes,34,8.48008
2018_10_ATL_CLE,2018,10,2018-11-11,ATL,00-0026143,M.Ryan,55,5.38182
2018_10_ATL_CLE,2018,10,2018-11-11,CLE,00-0034253,D.Hilliard,1,-6.41837
2018_10_ATL_CLE,2018,10,2018-11-11,CLE,00-0034855,B.Mayfield,22,20.9857
2018_10_BUF_NYJ,2018,10,2018-11-11,BUF,00-0030533,M.Barkley,26,14.35238
2018_10_BUF_NYJ,2018,10,2018-11-11,BUF,00-0031260,L.Thomas,1,3.80663
2018_10_BUF_NYJ,2018,10,2018-11-11,NYJ,00-0021206,J.McCown,38,-21.32134
2018_10_CAR_PIT,2018,10,2018-11-08,CAR,00-0027939,C.Newton,34,-4.63986
2018_10_CAR_PIT,2018,10,2018-11-08,PIT,00-0022924,B.Roethlisberger,28,30.26966
2018_10_CAR_PIT,2018,10,2018-11-08,PIT,00-0033949,J.Dobbs,2,-2.20842
2018_10_DAL_PHI,2018,10,2018-11-11,DAL,00-0033077,D.Prescott,42,6.92874
2018_10_DAL_PHI,2018,10,2018-11-11,PHI,00-0032950,C.Wentz,46,0.14911
2018_10_DET_CHI,2018,10,2018-11-11,CHI,00-0033869,M.Trubisky,33,18.3594
2018_10_DET_CHI,2018,10,2018-11-11,DET,00-0026498,M.Stafford,50,-0.42285
2018_10_JAX_IND,2018,10,2018-11-11,IND,00-0029668,A.Luck,29,13.60458
2018_10_JAX_IND,2018,10,2018-11-11,JAX,00-0031407,B.Bortles,40,14.26181
2018_10_JAX_IND,2018,10,2018-11-11,JAX,00-0034437,L.Cooke,1,2.74487
2018_10_LAC_OAK,2018,10,2018-11-11,LAC,00-0022942,P.Rivers,28,6.63418
2018_10_LAC_OAK,2018,10,2018-11-11,LV,00-0031280,D.Carr,42,-11.79217
2018_10_MIA_GB,2018,10,2018-11-11,GB,00-0023459,A.Rodgers,33,2.88384
2018_10_MIA_GB,2018,10,2018-11-11,MIA,00-0029682,B.Osweiler,43,-14.72364
2018_10_NE_TEN,2018,10,2018-11-11,NE,00-0019596,T.Brady,43,-3.83746
2018_10_NE_TEN,2018,10,2018-11-11,NE,00-0026625,B.Hoyer,1,-0.16654
2018_10_NE_TEN,2018,10,2018-11-11,NE,00-0027150,J.Edelman,1,-0.22059
2018_10_NE_TEN,2018,10,2018-11-11,TEN,00-0031972,D.Jennings,1,1.27129
2018_10_NE_TEN,2018,10,2018-11-11,TEN,00-0032268,M.Mariota,27,8.74236
2018_10_NO_CIN,2018,10,2018-11-11,CIN,00-0027973,A.Dalton,24,-14.32889
2018_10_NO_CIN,2018,10,2018-11-11,CIN,00-0032436,J.Driskel,3,2.62869
2018_10_NO_CIN,2018,10,2018-11-11,NO,00-0020531,D.Brees,25,23.49722
2018_10_NO_CIN,2018,10,2018-11-11,NO,00-0031237,T.Bridgewater,1,-1.16673
2018_10_NO_CIN,2018,10,2018-11-11,NO,00-0033357,T.Hill,1,-0.31077
2018_10_NYG_SF,2018,10,2018-11-12,NYG,00-0022803,E.Manning,32,5.52276
2018_10_NYG_SF,2018,10,2018-11-12,SF,00-0033319,N.Mullens,37,0.09542
2018_10_SEA_LA,2018,10,2018-11-11,LA,00-0033106,J.Goff,42,11.97851
2018_10_SEA_LA,2018,10,2018-11-11,SEA,00-0029263,R.Wilson,35,7.28972
2018_10_WAS_TB,2018,10,2018-11-11,TB,00-0023682,R.Fitzpatrick,49,-3.91292
2018_10_WAS_TB,2018,10,2018-11-11,WAS,00-0023436,A.Smith,31,2.6086
2018_11_CAR_DET,2018,11,2018-11-18,CAR,00-0027939,C.Newton,41,13.59309
2018_11_CAR_DET,2018,11,2018-11-18,CAR,00-0031800,T.Heinicke,1,-1.41148
2018_11_CAR_DET,2018,11,2018-11-18,DET,00-0026498,M.Stafford,39,2.63738
2018_11_CIN_BAL,2018,11,2018-11-18,BAL,00-0034796,L.Jackson,25,-5.11208
2018_11_CIN_BAL,2018,11,2018-11-18,CIN,00-0027973,A.Dalton,39,5.97016
2018_11_CIN_BAL,2018,11,2018-11-18,CIN,00-0033009,T.Boyd,1,-0.51259
2018_11_DAL_ATL,2018,11,2018-11-18,ATL,00-0026143,M.Ryan,37,0.62642
2018_11_DAL_ATL,2018,11,2018-11-18,DAL,00-0033077,D.Prescott,34,2.96385
2018_11_DEN_LAC,2018,11,2018-11-18,DEN,00-0028986,C.Keenum,31,-1.04042
2018_11_DEN_LAC,2018,11,2018-11-18,DEN,00-0034064,C.Wadman,1,3.39374
2018_11_DEN_LAC,2018,11,2018-11-18,LAC,00-0022942,P.Rivers,46,14.03789
2018_11_GB_SEA,2018,11,2018-11-15,GB,00-0023459,A.Rodgers,36,10.0278
2018_11_GB_SEA,2018,11,2018-11-15,SEA,00-0029263,R.Wilson,35,4.82776
2018_11_HOU_WAS,2018,11,2018-11-18,HOU,00-0033537,D.Watson,29,-6.80918
2018_11_HOU_WAS,2018,11,2018-11-18,WAS,00-0023436,A.Smith,33,-15.74782
2018_11_HOU_WAS,2018,11,2018-11-18,WAS,00-0027688,C.McCoy,15,0.57044
2018_11_KC_LA,2018,11,2018-11-19,KC,00-0033873,P.Mahomes,54,8.40491
2018_11_KC_LA,2018,11,2018-11-19,LA,00-0033106,J.Goff,56,11.60673
2018_11_MIN_CHI,2018,11,2018-11-18,CHI,00-0033869,M.Trubisky,37,2.12057
2018_11_MIN_CHI,2018,11,2018-11-18,MIN,00-0029604,K.Cousins,49,-0.7344
2018_11_OAK_ARI,2018,11,2018-11-18,ARI,00-0034343,J.Rosen,21,-7.71504
2018_11_OAK_ARI,2018,11,2018-11-18,LV,00-0031280,D.Carr,33,0.28186
2018_11_PHI_NO,2018,11,2018-11-18,NO,00-0020531,D.Brees,30,28.46379
2018_11_PHI_NO,2018,11,2018-11-18,NO,00-0033357,T.Hill,2,0.50031
2018_11_PHI_NO,2018,11,2018-11-18,PHI,00-0032950,C.Wentz,36,-19.63095
2018_11_PIT_JAX,2018,11,2018-11-18,JAX,00-0031407,B.Bortles,26,-3.66014
2018_11_PIT_JAX,2018,11,2018-11-18,PIT,00-0022924,B.Roethlisberger,47,-6.95115
2018_11_TB_NYG,2018,11,2018-11-18,NYG,00-0022803,E.Manning,22,9.77199
2018_11_TB_NYG,2018,11,2018-11-18,TB,00-0023682,R.Fitzpatrick,24,-7.45944
2018_11_TB_NYG,2018,11,2018-11-18,TB,00-0031503,J.Winston,20,17.51743
2018_11_TEN_IND,2018,11,2018-11-18,IND,00-0029668,A.Luck,29,21.50508
2018_11_TEN_IND,2018,11,2018-11-18,IND,00-0031387,E.Ebron,1,-1.62425
2018_11_TEN_IND,2018,11,2018-11-18,IND,00-0033119,J.Brissett,2,-2.6134
2018_11_TEN_IND,2018,11,2018-11-18,TEN,00-0027948,B.Gabbert,17,0.41784
2018_11_TEN_IND,2018,11,2018-11-18,TEN,00-0032268,M.Mariota,20,-3.57938
2018_12_ARI_LAC,2018,12,2018-11-25,ARI,00-0034343,J.Rosen,21,-9.88851
2018_12_ARI_LAC,2018,12,2018-11-25,LAC,00-0022942,P.Rivers,34,13.07477
2018_12_ARI_LAC,2018,12,2018-11-25,LAC,00-0030565,G.Smith,4,-2.05616
2018_12_ATL_NO,2018,12,2018-11-22,ATL,00-0026143,M.Ryan,55,-1.89181
2018_12_ATL_NO,2018,12,2018-11-22,NO,00-0020531,D.Brees,23,4.90563
2018_12_ATL_NO,2018,12,2018-11-22,NO,00-0033357,T.Hill,2,-0.7562
2018_12_CHI_DET,2018,12,2018-11-22,CHI,00-0026544,C.Daniel,42,-0.36136
2018_12_CHI_DET,2018,12,2018-11-22,CHI,00-0034353,A.Miller,1,1.58132
2018_12_CHI_DET,2018,12,2018-11-22,DET,00-0026498,M.Stafford,40,-11.25278
2018_12_CLE_CIN,2018,12,2018-11-25,CIN,00-0027973,A.Dalton,18,3.56429
2018_12_CLE_CIN,2018,12,2018-11-25,CIN,00-0032436,J.Driskel,32,0.85182
2018_12_CLE_CIN,2018,12,2018-11-25,CLE,00-0034855,B.Mayfield,27,22.58145
2018_12_GB_MIN,2018,12,2018-11-25,GB,00-0023459,A.Rodgers,32,-4.14452
2018_12_GB_MIN,2018,12,2018-11-25,MIN,00-0029604,K.Cousins,42,10.8182
2018_12_JAX_BUF,2018,12,2018-11-25,BUF,00-0034857,J.Allen,26,8.18747
2018_12_JAX_BUF,2018,12,2018-11-25,JAX,00-0031407,B.Bortles,31,-8.37018
2018_12_MIA_IND,2018,12,2018-11-25,IND,00-0029668,A.Luck,39,7.89617
2018_12_MIA_IND,2018,12,2018-11-25,IND,00-0033119,J.Brissett,1,2.09313
2018_12_MIA_IND,2018,12,2018-11-25,MIA,00-0029701,R.Tannehill,27,2.4997
2018_12_NE_NYJ,2018,12,2018-11-25,NE,00-0019596,T.Brady,31,15.24079
2018_12_NE_NYJ,2018,12,2018-11-25,NYJ,00-0021206,J.McCown,49,-0.43247
2018_12_NYG_PHI,2018,12,2018-11-25,NYG,00-0022803,E.Manning,39,9.12502
2018_12_NYG_PHI,2018,12,2018-11-25,PHI,00-0032950,C.Wentz,31,8.93742
2018_12_OAK_BAL,2018,12,2018-11-25,BAL,00-0034796,L.Jackson,27,-0.69917
2018_12_OAK_BAL,2018,12,2018-11-25,LV,00-0031280,D.Carr,37,-3.90714
2018_12_PIT_DEN,2018,12,2018-11-25,DEN,00-0028986,C.Keenum,30,2.93982
2018_12_PIT_DEN,2018,12,2018-11-25,PIT,00-0022924,B.Roethlisberger,60,0.17598
2018_12_PIT_DEN,2018,12,2018-11-25,PIT,00-0027793,A.Brown,1,-0.45709
2018_12_PIT_DEN,2018,12,2018-11-25,PIT,00-0031136,C.Boswell,1,3.99139
2018_12_SEA_CAR,2018,12,2018-11-25,CAR,00-0027939,C.Newton,31,11.4232
2018_12_SEA_CAR,2018,12,2018-11-25,SEA,00-0029263,R.Wilson,32,21.08457
2018_12_SF_TB,2018,12,2018-11-25,SF,00-0033319,N.Mullens,36,-8.33739
2018_12_SF_TB,2018,12,2018-11-25,TB,00-0031503,J.Winston,43,15.93102
2018_12_TEN_HOU,2018,12,2018-11-26,HOU,00-0033537,D.Watson,33,7.87687
2018_12_TEN_HOU,2018,12,2018-11-26,TEN,00-0032268,M.Mariota,34,6.70069
2018_12_WAS_DAL,2018,12,2018-11-22,DAL,00-0033077,D.Prescott,37,10.09545
2018_12_WAS_DAL,2018,12,2018-11-22,WAS,00-0027688,C.McCoy,45,-4.28632
2018_13_ARI_GB,2018,13,2018-12-02,ARI,00-0034343,J.Rosen,29,0.26054
2018_13_ARI_GB,2018,13,2018-12-02,GB,00-0023459,A.Rodgers,54,4.3016
2018_13_BAL_ATL,2018,13,2018-12-02,ATL,00-0026143,M.Ryan,30,-12.51402
2018_13_BAL_ATL,2018,13,2018-12-02,ATL,00-0029632,M.Sanu,1,-1.7795
2018_13_BAL_ATL,2018,13,2018-12-02,BAL,00-0024417,S.Koch,1,4.49072
2018_13_BAL_ATL,2018,13,2018-12-02,BAL,00-0029665,R.Griffin III,4,0.55088
2018_13_BAL_ATL,2018,13,2018-12-02,BAL,00-0034796,L.Jackson,24,-11.56388
2018_13_BUF_MIA,2018,13,2018-12-02,BUF,00-0034857,J.Allen,42,7.40039
2018_13_BUF_MIA,2018,13,2018-12-02,MIA,00-0029701,R.Tannehill,27,-0.65761
2018_13_CAR_TB,2018,13,2018-12-02,CAR,00-0027939,C.Newton,47,-9.90434
2018_13_CAR_TB,2018,13,2018-12-02,CAR,00-0031800,T.Heinicke,1,-0.25254
2018_13_CAR_TB,2018,13,2018-12-02,TB,00-0031503,J.Winston,39,11.60057
2018_13_CHI_NYG,2018,13,2018-12-02,CHI,00-0026544,C.Daniel,45,-12.51354
2018_13_CHI_NYG,2018,13,2018-12-02,CHI,00-0033556,T.Cohen,1,3.1577
2018_13_CHI_NYG,2018,13,2018-12-02,NYG,00-0022803,E.Manning,38,-5.92472
2018_13_CHI_NYG,2018,13,2018-12-02,NYG,00-0031235,O.Beckham,1,3.8536
2018_13_CLE_HOU,2018,13,2018-12-02,CLE,00-0034855,B.Mayfield,41,-8.60863
2018_13_CLE_HOU,2018,13,2018-12-02,HOU,00-0033537,D.Watson,40,7.05002
2018_13_DEN_CIN,2018,13,2018-12-02,CIN,00-0032436,J.Driskel,41,-8.82156
2018_13_DEN_CIN,2018,13,2018-12-02,DEN,00-0028986,C.Keenum,24,3.56376
2018_13_IND_JAX,2018,13,2018-12-02,IND,00-0029668,A.Luck,57,-10.98355
2018_13_IND_JAX,2018,13,2018-12-02,JAX,00-0033104,C.Kessler,32,-0.41388
2018_13_KC_OAK,2018,13,2018-12-02,KC,00-0033873,P.Mahomes,42,13.09599
2018_13_KC_OAK,2018,13,2018-12-02,LV,00-0031280,D.Carr,41,12.47637
2018_13_LAC_PIT,2018,13,2018-12-02,LAC,00-0022942,P.Rivers,38,16.17605
2018_13_LAC_PIT,2018,13,2018-12-02,PIT,00-0022924,B.Roethlisberger,46,5.87618
2018_13_LA_DET,2018,13,2018-12-02,DET,00-0026498,M.Stafford,37,-8.85425
2018_13_LA_DET,2018,13,2018-12-02,DET,00-0031326,B.Ellington,1,-0.44012
2018_13_LA_DET,2018,13,2018-12-02,LA,00-0033106,J.Goff,35,-5.03163
2018_13_MIN_NE,2018,13,2018-12-02,MIN,00-0029604,K.Cousins,46,-11.60606
2018_13_MIN_NE,2018,13,2018-12-02,NE,00-0019596,T.Brady,33,10.60311
2018_13_NO_DAL,2018,13,2018-11-29,DAL,00-0033077,D.Prescott,37,1.76188
2018_13_NO_DAL,2018,13,2018-11-29,NO,00-0020531,D.Brees,30,-9.37604
2018_13_NYJ_TEN,2018,13,2018-12-02,NYJ,00-0021206,J.McCown,33,-7.04066
2018_13_NYJ_TEN,2018,13,2018-12-02,TEN,00-0032268,M.Mariota,41,-5.64896
2018_13_SF_SEA,2018,13,2018-12-02,SEA,00-0029263,R.Wilson,23,12.31607
2018_13_SF_SEA,2018,13,2018-12-02,SF,00-0033319,N.Mullens,50,4.98231
2018_13_WAS_PHI,2018,13,2018-12-03,PHI,00-0032950,C.Wentz,39,12.50666
2018_13_WAS_PHI,2018,13,2018-12-03,WAS,00-0026898,M.Sanchez,24,-7.01111
2018_13_WAS_PHI,2018,13,2018-12-03,WAS,00-0027688,C.McCoy,5,0.30039
2018_14_ATL_GB,2018,14,2018-12-09,ATL,00-0026143,M.Ryan,44,6.57711
2018_14_ATL_GB,2018,14,2018-12-09,GB,00-0023459,A.Rodgers,39,6.80634
2018_14_BAL_KC,2018,14,2018-12-09,BAL,00-0029665,R.Griffin III,2,-0.49091
2018_14_BAL_KC,2018,14,2018-12-09,BAL,00-0034796,L.Jackson,28,6.42467
2018_14_BAL_KC,2018,14,2018-12-09,KC,00-0033873,P.Mahomes,57,11.05408
2018_14_CAR_CLE,2018,14,2018-12-09,CAR,00-0027939,C.Newton,45,-1.89919
2018_14_CAR_CLE,2018,14,2018-12-09,CAR,00-0031800,T.Heinicke,1,-0.31566
2018_14_CAR_CLE,2018,14,2018-12-09,CLE,00-0031382,J.Landry,1,-0.42684
2018_14_CAR_CLE,2018,14,2018-12-09,CLE,00-0034855,B.Mayfield,24,-1.77303
2018_14_CIN_LAC,2018,14,2018-12-09,CIN,00-0032436,J.Driskel,31,6.86994
2018_14_CIN_LAC,2018,14,2018-12-09,LAC,00-0022942,P.Rivers,32,3.64978
2018_14_DEN_SF,2018,14,2018-12-09,DEN,00-0028986,C.Keenum,47,-5.05385
2018_14_DEN_SF,2018,14,2018-12-09,SF,00-0033319,N.Mullens,36,7.4607
2018_14_DET_ARI,2018,14,2018-12-09,ARI,00-0034343,J.Rosen,46,-14.81541
2018_14_DET_ARI,2018,14,2018-12-09,DET,00-0026498,M.Stafford,25,-9.4956
2018_14_IND_HOU,2018,14,2018-12-09,HOU,00-0033537,D.Watson,46,4.56836
2018_14_IND_HOU,2018,14,2018-12-09,IND,00-0029668,A.Luck,45,11.60683
2018_14_JAX_TEN,2018,14,2018-12-06,JAX,00-0033104,C.Kessler,49,-8.27967
2018_14_JAX_TEN,2018,14,2018-12-06,TEN,00-0032268,M.Mariota,26,4.30194
2018_14_LA_CHI,2018,14,2018-12-09,CHI,00-0033869,M.Trubisky,34,-12.19921
2018_14_LA_CHI,2018,14,2018-12-09,LA,00-0028872,J.Hekker,1,2.5492
2018_14_LA_CHI,2018,14,2018-12-09,LA,00-0033106,J.Goff,48,-21.60867
2018_14_MIN_SEA,2018,14,2018-12-10,MIN,00-0029604,K.Cousins,35,-11.92749
2018_14_MIN_SEA,2018,14,2018-12-10,SEA,00-0029263,R.Wilson,24,-10.18115
2018_14_NE_MIA,2018,14,2018-12-09,MIA,00-0029682,B.Osweiler,1,-0.26631
2018_14_NE_MIA,2018,14,2018-12-09,MIA,00-0029701,R.Tannehill,23,9.06508
2018_14_NE_MIA,2018,14,2018-12-09,NE,00-0019596,T.Brady,45,19.84591
2018_14_NO_TB,2018,14,2018-12-09,NO,00-0020531,D.Brees,32,1.30471
2018_14_NO_TB,2018,14,2018-12-09,TB,00-0031503,J.Winston,47,0.83821
2018_14_NYG_WAS,2018,14,2018-12-09,NYG,00-0022803,E.Manning,24,7.9348
2018_14_NYG_WAS,2018,14,2018-12-09,NYG,00-0034369,K.Lauletta,5,-6.70542
2018_14_NYG_WAS,2018,14,2018-12-09,WAS,00-0026300,J.Johnson,21,7.78278
2018_14_NYG_WAS,2018,14,2018-12-09,WAS,00-0026898,M.Sanchez,19,-23.08641
2018_14_NYJ_BUF,2018,14,2018-12-09,BUF,00-0033891,Z.Jones,1,-1.47406
2018_14_NYJ_BUF,2018,14,2018-12-09,BUF,00-0034857,J.Allen,45,1.93173
2018_14_NYJ_BUF,2018,14,2018-12-09,NYJ,00-0021206,J.McCown,1,-0.80173
2018_14_NYJ_BUF,2018,14,2018-12-09,NYJ,00-0034869,S.Darnold,24,6.13816
2018_14_PHI_DAL,2018,14,2018-12-09,DAL,00-0033077,D.Prescott,57,12.34793
2018_14_PHI_DAL,2018,14,2018-12-09,PHI,00-0032950,C.Wentz,36,2.88864
2018_14_PIT_OAK,2018,14,2018-12-09,LV,00-0031280,D.Carr,38,12.68161
2018_14_PIT_OAK,2018,14,2018-12-09,PIT,00-0022924,B.Roethlisberger,30,21.62784
2018_14_PIT_OAK,2018,14,2018-12-09,PIT,00-0033949,J.Dobbs,11,-7.14997
2018_15_ARI_ATL,2018,15,2018-12-16,ARI,00-0030520,M.Glennon,15,5.01138
2018_15_ARI_ATL,2018,15,2018-12-16,ARI,00-0034343,J.Rosen,29,-22.72713
2018_15_ARI_ATL,2018,15,2018-12-16,ATL,00-0026143,M.Ryan,39,4.60016
2018_15_CLE_DEN,2018,15,2018-12-15,CLE,00-0034855,B.Mayfield,34,-1.75486
2018_15_CLE_DEN,2018,15,2018-12-15,DEN,00-0028986,C.Keenum,50,1.33922
2018_15_DAL_IND,2018,15,2018-12-16,DAL,00-0033077,D.Prescott,42,-11.74863
2018_15_DAL_IND,2018,15,2018-12-16,IND,00-0029668,A.Luck,29,7.73065
2018_15_DET_BUF,2018,15,2018-12-16,BUF,00-0034857,J.Allen,29,1.29759
2018_15_DET_BUF,2018,15,2018-12-16,DET,00-0026498,M.Stafford,29,3.14436
2018_15_GB_CHI,2018,15,2018-12-16,CHI,00-0033869,M.Trubisky,31,14.5771
2018_15_GB_CHI,2018,15,2018-12-16,GB,00-0023459,A.Rodgers,50,-1.27152
2018_15_HOU_NYJ,2018,15,2018-12-15,HOU,00-0033537,D.Watson,35,6.57282
2018_15_HOU_NYJ,2018,15,2018-12-15,NYJ,00-0034869,S.Darnold,45,9.97444
2018_15_LAC_KC,2018,15,2018-12-13,KC,00-0033873,P.Mahomes,37,11.01928
2018_15_LAC_KC,2018,15,2018-12-13,LAC,00-0022942,P.Rivers,43,5.57453
2018_15_MIA_MIN,2018,15,2018-12-16,MIA,00-0029701,R.Tannehill,34,-24.84726
2018_15_MIA_MIN,2018,15,2018-12-16,MIN,00-0029604,K.Cousins,24,-0.00608
2018_15_NE_PIT,2018,15,2018-12-16,NE,00-0019596,T.Brady,37,1.67082
2018_15_NE_PIT,2018,15,2018-12-16,PIT,00-0022924,B.Roethlisberger,36,3.95386
2018_15_NO_CAR,2018,15,2018-12-17,CAR,00-0027939,C.Newton,33,-11.82069
2018_15_NO_CAR,2018,15,2018-12-17,CAR,00-0033280,C.McCaffrey,1,6.5492
2018_15_NO_CAR,2018,15,2018-12-17,NO,00-0020531,D.Brees,37,-4.68031
2018_15_OAK_CIN,2018,15,2018-12-16,CIN,00-0032436,J.Driskel,37,-1.5374
2018_15_OAK_CIN,2018,15,2018-12-16,LV,00-0031280,D.Carr,41,-4.15355
2018_15_PHI_LA,2018,15,2018-12-16,LA,00-0028872,J.Hekker,1,-2.9254
2018_15_PHI_LA,2018,15,2018-12-16,LA,00-0033106,J.Goff,56,-1.32424
2018_15_PHI_LA,2018,15,2018-12-16,PHI,00-0029567,N.Foles,32,7.1918
2018_15_SEA_SF,2018,15,2018-12-16,SEA,00-0029263,R.Wilson,35,8.3859
2018_15_SEA_SF,2018,15,2018-12-16,SF,00-0033319,N.Mullens,32,9.21976
2018_15_TB_BAL,2018,15,2018-12-16,BAL,00-0034796,L.Jackson,29,4.55409
2018_15_TB_BAL,2018,15,2018-12-16,TB,00-0031503,J.Winston,26,-9.09465
2018_15_TEN_NYG,2018,15,2018-12-16,NYG,00-0022803,E.Manning,47,-11.65502
2018_15_TEN_NYG,2018,15,2018-12-16,TEN,00-0032268,M.Mariota,21,-3.67652
2018_15_TEN_NYG,2018,15,2018-12-16,TEN,00-0032764,D.Henry,1,0.4393
2018_15_WAS_JAX,2018,15,2018-12-16,JAX,00-0033104,C.Kessler,29,-13.70297
2018_15_WAS_JAX,2018,15,2018-12-16,WAS,00-0026300,J.Johnson,33,5.73053
2018_16_ATL_CAR,2018,16,2018-12-23,ATL,00-0026143,M.Ryan,27,6.08174
2018_16_ATL_CAR,2018,16,2018-12-23,CAR,00-0031800,T.Heinicke,56,-17.9414
2018_16_ATL_CAR,2018,16,2018-12-23,CAR,00-0034577,K.Allen,4,2.17193
2018_16_BAL_LAC,2018,16,2018-12-22,BAL,00-0034796,L.Jackson,28,1.46435
2018_16_BAL_LAC,2018,16,2018-12-22,LAC,00-0022942,P.Rivers,42,-20.19232
2018_16_BUF_NE,2018,16,2018-12-23,BUF,00-0034857,J.Allen,43,-17.85921
2018_16_BUF_NE,2018,16,2018-12-23,NE,00-0019596,T.Brady,25,-16.55389
2018_16_BUF_NE,2018,16,2018-12-23,NE,00-0026625,B.Hoyer,1,-2.8354
2018_16_CHI_SF,2018,16,2018-12-23,CHI,00-0033869,M.Trubisky,32,7.30116
2018_16_CHI_SF,2018,16,2018-12-23,SF,00-0033319,N.Mullens,39,-2.13975
2018_16_CIN_CLE,2018,16,2018-12-23,CIN,00-0032436,J.Driskel,25,0.92597
2018_16_CIN_CLE,2018,16,2018-12-23,CLE,00-0031382,J.Landry,1,3.99683
2018_16_CIN_CLE,2018,16,2018-12-23,CLE,00-0034855,B.Mayfield,40,17.64973
2018_16_DEN_OAK,2018,16,2018-12-24,DEN,00-0028986,C.Keenum,40,-0.61122
2018_16_DEN_OAK,2018,16,2018-12-24,LV,00-0031280,D.Carr,27,4.14408
2018_16_GB_NYJ,2018,16,2018-12-23,GB,00-0023459,A.Rodgers,62,19.70314
2018_16_GB_NYJ,2018,16,2018-12-23,NYJ,00-0034869,S.Darnold,38,19.64076
2018_16_HOU_PHI,2018,16,2018-12-23,HOU,00-0033537,D.Watson,50,12.24984
2018_16_HOU_PHI,2018,16,2018-12-23,PHI,00-0029567,N.Foles,49,19.68205
2018_16_HOU_PHI,2018,16,2018-12-23,PHI,00-0032792,N.Sudfeld,1,-0.27875
2018_16_JAX_MIA,2018,16,2018-12-23,JAX,00-0031407,B.Bortles,7,0.73467
2018_16_JAX_MIA,2018,16,2018-12-23,JAX,00-0033104,C.Kessler,22,-2.8201
2018_16_JAX_MIA,2018,16,2018-12-23,JAX,00-0033839,D.Westbrook,1,-0.46382
2018_16_JAX_MIA,2018,16,2018-12-23,MIA,00-0029701,R.Tannehill,27,-6.96174
2018_16_KC_SEA,2018,16,2018-12-23,KC,00-0033873,P.Mahomes,44,9.79215
2018_16_KC_SEA,2018,16,2018-12-23,SEA,00-0029263,R.Wilson,36,18.03671
2018_16_LA_ARI,2018,16,2018-12-23,ARI,00-0022921,L.Fitzgerald,1,3.08804
2018_16_LA_ARI,2018,16,2018-12-23,ARI,00-0030520,M.Glennon,7,3.73014
2018_16_LA_ARI,2018,16,2018-12-23,ARI,00-0034343,J.Rosen,31,-8.25713
2018_16_LA_ARI,2018,16,2018-12-23,LA,00-0033106,J.Goff,27,4.2921
2018_16_MIN_DET,2018,16,2018-12-23,DET,00-0023662,M.Cassel,13,-5.57997
2018_16_MIN_DET,2018,16,2018-12-23,DET,00-0026498,M.Stafford,34,-13.38988
2018_16_MIN_DET,2018,16,2018-12-23,MIN,00-0029604,K.Cousins,30,9.85474
2018_16_NYG_IND,2018,16,2018-12-23,IND,00-0029668,A.Luck,48,14.09568
2018_16_NYG_IND,2018,16,2018-12-23,NYG,00-0022803,E.Manning,33,18.50365
2018_16_PIT_NO,2018,16,2018-12-23,NO,00-0020531,D.Brees,41,9.41163
2018_16_PIT_NO,2018,16,2018-12-23,NO,00-0033357,T.Hill,1,-5.28777
2018_16_PIT_NO,2018,16,2018-12-23,PIT,00-0022924,B.Roethlisberger,53,13.51582
2018_16_TB_DAL,2018,16,2018-12-23,DAL,00-0033077,D.Prescott,26,2.48655
2018_16_TB_DAL,2018,16,2018-12-23,TB,00-0031503,J.Winston,54,5.38336
2018_16_WAS_TEN,2018,16,2018-12-22,TEN,00-0027948,B.Gabbert,12,2.76666
2018_16_WAS_TEN,2018,16,2018-12-22,TEN,00-0032268,M.Mariota,16,4.68897
2018_16_WAS_TEN,2018,16,2018-12-22,TEN,00-0032764,D.Henry,1,-0.41871
2018_16_WAS_TEN,2018,16,2018-12-22,WAS,00-0026300,J.Johnson,26,-3.20223
2018_17_ARI_SEA,2018,17,2018-12-30,ARI,00-0034343,J.Rosen,40,-21.22011
2018_17_ARI_SEA,2018,17,2018-12-30,SEA,00-0029263,R.Wilson,27,-10.08803
2018_17_ATL_TB,2018,17,2018-12-30,ATL,00-0026143,M.Ryan,46,15.48034
2018_17_ATL_TB,2018,17,2018-12-30,ATL,00-0029632,M.Sanu,1,2.7172
2018_17_ATL_TB,2018,17,2018-12-30,TB,00-0031503,J.Winston,37,12.94986
2018_17_CAR_NO,2018,17,2018-12-30,CAR,00-0031395,G.Gilbert,4,-0.35655
2018_17_CAR_NO,2018,17,2018-12-30,CAR,00-0034577,K.Allen,30,12.45499
2018_17_CAR_NO,2018,17,2018-12-30,NO,00-0031237,T.Bridgewater,27,-7.70564
2018_17_CHI_MIN,2018,17,2018-12-30,CHI,00-0033869,M.Trubisky,28,3.0826
2018_17_CHI_MIN,2018,17,2018-12-30,MIN,00-0029604,K.Cousins,38,-22.9229
2018_17_CIN_PIT,2018,17,2018-12-30,CIN,00-0032436,J.Driskel,29,-10.09835
2018_17_CIN_PIT,2018,17,2018-12-30,PIT,00-0022924,B.Roethlisberger,47,-3.84216
2018_17_CLE_BAL,2018,17,2018-12-30,BAL,00-0034796,L.Jackson,28,1.45032
2018_17_CLE_BAL,2018,17,2018-12-30,CLE,00-0034855,B.Mayfield,42,7.67271
2018_17_DAL_NYG,2018,17,2018-12-30,DAL,00-0033077,D.Prescott,49,19.56872
2018_17_DAL_NYG,2018,17,2018-12-30,NYG,00-0022803,E.Manning,42,3.11983
2018_17_DET_GB,2018,17,2018-12-30,DET,00-0023853,M.Prater,1,4.07093
2018_17_DET_GB,2018,17,2018-12-30,DET,00-0026498,M.Stafford,33,17.51884
2018_17_DET_GB,2018,17,2018-12-30,GB,00-0023459,A.Rodgers,6,-4.56118
2018_17_DET_GB,2018,17,2018-12-30,GB,00-0033899,D.Kizer,40,-10.57052
2018_17_IND_TEN,2018,17,2018-12-30,IND,00-0029668,A.Luck,40,5.42261
2018_17_IND_TEN,2018,17,2018-12-30,TEN,00-0027948,B.Gabbert,29,-15.34206
2018_17_JAX_HOU,2018,17,2018-12-30,HOU,00-0033537,D.Watson,42,-2.29257
2018_17_JAX_HOU,2018,17,2018-12-30,JAX,00-0031407,B.Bortles,35,-14.41554
2018_17_LAC_DEN,2018,17,2018-12-30,DEN,00-0028986,C.Keenum,50,-3.6845
2018_17_LAC_DEN,2018,17,2018-12-30,LAC,00-0022942,P.Rivers,24,0.2035
2018_17_LAC_DEN,2018,17,2018-12-30,LAC,00-0030565,G.Smith,1,-4.42422
2018_17_MIA_BUF,2018,17,2018-12-30,BUF,00-0034857,J.Allen,32,13.77339
2018_17_MIA_BUF,2018,17,2018-12-30,MIA,00-0029701,R.Tannehill,36,-16.00103
2018_17_MIA_BUF,2018,17,2018-12-30,MIA,00-0030085,K.Stills,1,1.28393
2018_17_NYJ_NE,2018,17,2018-12-30,NE,00-0019596,T.Brady,34,12.98089
2018_17_NYJ_NE,2018,17,2018-12-30,NYJ,00-0034869,S.Darnold,33,-7.70344
2018_17_OAK_KC,2018,17,2018-12-30,KC,00-0026197,C.Henne,3,0.37696
2018_17_OAK_KC,2018,17,2018-12-30,KC,00-0033873,P.Mahomes,25,15.83673
2018_17_OAK_KC,2018,17,2018-12-30,LV,00-0031280,D.Carr,36,-16.24729
2018_17_PHI_WAS,2018,17,2018-12-30,PHI,00-0029567,N.Foles,36,6.01413
2018_17_PHI_WAS,2018,17,2018-12-30,PHI,00-0032792,N.Sudfeld,1,3.04002
2018_17_PHI_WAS,2018,17,2018-12-30,WAS,00-0026300,J.Johnson,33,-18.82657
2018_17_PHI_WAS,2018,17,2018-12-30,WAS,00-0030140,T.Way,1,2.73439
2018_17_SF_LA,2018,17,2018-12-30,LA,00-0032245,S.Mannion,3,1.25644
2018_17_SF_LA,2018,17,2018-12-30,LA,00-0033106,J.Goff,25,13.91292
2018_17_SF_LA,2018,17,2018-12-30,SF,00-0033319,N.Mullens,36,0.83497
2018_18_IND_HOU,2018,18,2019-01-05,HOU,00-0033537,D.Watson,57,-8.18093
2018_18_IND_HOU,2018,18,2019-01-05,IND,00-0029668,A.Luck,37,5.51641
2018_18_LAC_BAL,2018,18,2019-01-06,BAL,00-0034796,L.Jackson,38,-1.23156
2018_18_LAC_BAL,2018,18,2019-01-06,LAC,00-0022942,P.Rivers,35,-5.30011
2018_18_PHI_CHI,2018,18,2019-01-06,CHI,00-0033869,M.Trubisky,46,4.5079
2018_18_PHI_CHI,2018,18,2019-01-06,PHI,00-0029567,N.Foles,41,5.66945
2018_18_SEA_DAL,2018,18,2019-01-05,DAL,00-0033077,D.Prescott,34,-1.6781
2018_18_SEA_DAL,2018,18,2019-01-05,SEA,00-0029263,R.Wilson,29,2.1806
2018_19_DAL_LA,2018,19,2019-01-12,DAL,00-0033077,D.Prescott,34,7.77398
2018_19_DAL_LA,2018,19,2019-01-12,LA,00-0033106,J.Goff,28,3.16635
2018_19_IND_KC,2018,19,2019-01-12,IND,00-0029668,A.Luck,41,-13.72853
2018_19_IND_KC,2018,19,2019-01-12,KC,00-0033873,P.Mahomes,47,-3.55582
2018_19_LAC_NE,2018,19,2019-01-13,LAC,00-0022942,P.Rivers,53,8.69437
2018_19_LAC_NE,2018,19,2019-01-13,NE,00-0019596,T.Brady,44,13.96616
2018_19_PHI_NO,2018,19,2019-01-13,NO,00-0020531,D.Brees,39,10.29708
2018_19_PHI_NO,2018,19,2019-01-13,NO,00-0033357,T.Hill,1,0.16966
2018_19_PHI_NO,2018,19,2019-01-13,PHI,00-0029567,N.Foles,31,-2.12215
2018_20_LA_NO,2018,20,2019-01-20,LA,00-0028872,J.Hekker,1,3.34713
2018_20_LA_NO,2018,20,2019-01-20,LA,00-0033106,J.Goff,43,1.36586
2018_20_LA_NO,2018,20,2019-01-20,NO,00-0020531,D.Brees,42,1.39645
2018_20_LA_NO,2018,20,2019-01-20,NO,00-0033357,T.Hill,1,-0.76439
2018_20_NE_KC,2018,20,2019-01-20,KC,00-0033873,P.Mahomes,36,8.22186
2018_20_NE_KC,2018,20,2019-01-20,NE,00-0019596,T.Brady,46,12.54014
2018_21_NE_LA,2018,21,2019-02-03,LA,00-0033106,J.Goff,41,-11.52515
2018_21_NE_LA,2018,21,2019-02-03,NE,00-0019596,T.Brady,36,-2.64833
2019_01_ATL_MIN,2019,1,2019-09-08,ATL,00-0026143,M.Ryan,52,-5.00237
2019_01_ATL_MIN,2019,1,2019-09-08,MIN,00-0029604,K.Cousins,11,8.41887
2019_01_BAL_MIA,2019,1,2019-09-08,BAL,00-0029665,R.Griffin III,6,8.93726
2019_01_BAL_MIA,2019,1,2019-09-08,BAL,00-0034796,L.Jackson,21,29.05244
2019_01_BAL_MIA,2019,1,2019-09-08,MIA,00-0023682,R.Fitzpatrick,32,0.54826
2019_01_BAL_MIA,2019,1,2019-09-08,MIA,00-0034343,J.Rosen,4,-6.26598
2019_01_BUF_NYJ,2019,1,2019-09-08,BUF,00-0034857,J.Allen,44,-7.02504
2019_01_BUF_NYJ,2019,1,2019-09-08,NYJ,00-0034869,S.Darnold,45,-4.61077
2019_01_CIN_SEA,2019,1,2019-09-08,CIN,00-0027973,A.Dalton,56,8.67744
2019_01_CIN_SEA,2019,1,2019-09-08,SEA,00-0029263,R.Wilson,24,-2.10202
2019_01_DEN_OAK,2019,1,2019-09-09,DEN,00-0026158,J.Flacco,34,7.5736
2019_01_DEN_OAK,2019,1,2019-09-09,LV,00-0031280,D.Carr,27,17.00267
2019_01_DET_ARI,2019,1,2019-09-08,ARI,00-0035228,K.Murray,59,-8.4688
2019_01_DET_ARI,2019,1,2019-09-08,DET,00-0026498,M.Stafford,48,11.78113
2019_01_GB_CHI,2019,1,2019-09-05,CHI,00-0033869,M.Trubisky,52,-15.20466
2019_01_GB_CHI,2019,1,2019-09-05,GB,00-0023459,A.Rodgers,36,-3.55847
2019_01_HOU_NO,2019,1,2019-09-09,HOU,00-0033537,D.Watson,38,9.80617
2019_01_HOU_NO,2019,1,2019-09-09,NO,00-0020531,D.Brees,42,13.50316
2019_01_IND_LAC,2019,1,2019-09-08,IND,00-0033119,J.Brissett,30,6.98101
2019_01_IND_LAC,2019,1,2019-09-08,LAC,00-0022942,P.Rivers,39,7.80636
2019_01_KC_JAX,2019,1,2019-09-08,JAX,00-0029567,N.Foles,8,6.1071
2019_01_KC_JAX,2019,1,2019-09-08,JAX,00-0035289,G.Minshew II,27,5.54171
2019_01_KC_JAX,2019,1,2019-09-08,KC,00-0025708,M.Moore,1,-0.30291
2019_01_KC_JAX,2019,1,2019-09-08,KC,00-0033873,P.Mahomes,33,23.56155
2019_01_LA_CAR,2019,1,2019-09-08,CAR,00-0027939,C.Newton,41,-9.19857
2019_01_LA_CAR,2019,1,2019-09-08,LA,00-0033106,J.Goff,41,-2.09385
2019_01_NYG_DAL,2019,1,2019-09-08,DAL,00-0033077,D.Prescott,32,30.21753
2019_01_NYG_DAL,2019,1,2019-09-08,NYG,00-0022803,E.Manning,46,1.99435
2019_01_NYG_DAL,2019,1,2019-09-08,NYG,00-0035710,D.Jones,5,-1.87954
2019_01_PIT_NE,2019,1,2019-09-08,NE,00-0019596,T.Brady,37,17.00039
2019_01_PIT_NE,2019,1,2019-09-08,NE,00-0027150,J.Edelman,1,1.9238
2019_01_PIT_NE,2019,1,2019-09-08,PIT,00-0022924,B.Roethlisberger,48,-8.15244
2019_01_SF_TB,2019,1,2019-09-08,SF,00-0031345,J.Garoppolo,28,-3.18885
2019_01_SF_TB,2019,1,2019-09-08,TB,00-0031503,J.Winston,42,-23.91704
2019_01_TEN_CLE,2019,1,2019-09-08,CLE,00-0034855,B.Mayfield,43,-17.78465
2019_01_TEN_CLE,2019,1,2019-09-08,TEN,00-0032268,M.Mariota,30,7.38108
2019_01_WAS_PHI,2019,1,2019-09-08,PHI,00-0032950,C.Wentz,40,17.38984
2019_01_WAS_PHI,2019,1,2019-09-08,WAS,00-0028986,C.Keenum,44,22.10246
2019_02_ARI_BAL,2019,2,2019-09-15,ARI,00-0035228,K.Murray,43,9.87714
2019_02_ARI_BAL,2019,2,2019-09-15,BAL,00-0034796,L.Jackson,44,13.28122
2019_02_BUF_NYG,2019,2,2019-09-15,BUF,00-0034857,J.Allen,36,7.33013
2019_02_BUF_NYG,2019,2,2019-09-15,NYG,00-0022803,E.Manning,46,-8.68128
2019_02_CHI_DEN,2019,2,2019-09-15,CHI,00-0033869,M.Trubisky,27,-0.12265
2019_02_CHI_DEN,2019,2,2019-09-15,DEN,00-0026158,J.Flacco,52,7.00282
2019_02_CLE_NYJ,2019,2,2019-09-16,CLE,00-0034855,B.Mayfield,37,1.64448
2019_02_CLE_NYJ,2019,2,2019-09-16,NYJ,00-0032156,T.Siemian,8,-5.56111
2019_02_CLE_NYJ,2019,2,2019-09-16,NYJ,00-0034412,L.Falk,27,-10.41183
2019_02_DAL_WAS,2019,2,2019-09-15,DAL,00-0033077,D.Prescott,32,13.30247
2019_02_DAL_WAS,2019,2,2019-09-15,WAS,00-0028986,C.Keenum,38,6.97903
2019_02_IND_TEN,2019,2,2019-09-15,IND,00-0033119,J.Brissett,34,-3.18754
2019_02_IND_TEN,2019,2,2019-09-15,TEN,00-0032268,M.Mariota,33,-3.31381
2019_02_JAX_HOU,2019,2,2019-09-15,HOU,00-0033537,D.Watson,34,-5.70284
2019_02_JAX_HOU,2019,2,2019-09-15,JAX,00-0035289,G.Minshew II,43,-2.39817
2019_02_KC_OAK,2019,2,2019-09-15,KC,00-0033873,P.Mahomes,46,25.75273
2019_02_KC_OAK,2019,2,2019-09-15,LV,00-0031280,D.Carr,43,-10.22288
2019_02_LAC_DET,2019,2,2019-09-15,DET,00-0026498,M.Stafford,32,4.83263
2019_02_LAC_DET,2019,2,2019-09-15,LAC,00-0022942,P.Rivers,38,2.93626
2019_02_MIN_GB,2019,2,2019-09-15,GB,00-0023459,A.Rodgers,36,-0.09024
2019_02_MIN_GB,2019,2,2019-09-15,MIN,00-0029604,K.Cousins,35,-11.22116
2019_02_NE_MIA,2019,2,2019-09-15,MIA,00-0023682,R.Fitzpatrick,26,-30.87729
2019_02_NE_MIA,2019,2,2019-09-15,MIA,00-0034343,J.Rosen,21,-8.81722
2019_02_NE_MIA,2019,2,2019-09-15,NE,00-0019596,T.Brady,30,15.97141
2019_02_NO_LA,2019,2,2019-09-15,LA,00-0033106,J.Goff,31,7.71503
2019_02_NO_LA,2019,2,2019-09-15,NO,00-0020531,D.Brees,5,-2.47539
2019_02_NO_LA,2019,2,2019-09-15,NO,00-0031237,T.Bridgewater,34,-2.8268
2019_02_PHI_ATL,2019,2,2019-09-15,ATL,00-0026143,M.Ryan,45,2.00479
2019_02_PHI_ATL,2019,2,2019-09-15,PHI,00-0021206,J.McCown,5,1.12893
2019_02_PHI_ATL,2019,2,2019-09-15,PHI,00-0032950,C.Wentz,46,-5.42511
2019_02_SEA_PIT,2019,2,2019-09-15,PIT,00-0022924,B.Roethlisberger,16,-4.98039
2019_02_SEA_PIT,2019,2,2019-09-15,PIT,00-0034771,M.Rudolph,20,0.4931
2019_02_SEA_PIT,2019,2,2019-09-15,SEA,00-0029263,R.Wilson,41,15.39846
2019_02_SF_CIN,2019,2,2019-09-15,CIN,00-0027973,A.Dalton,47,4.40083
2019_02_SF_CIN,2019,2,2019-09-15,SF,00-0031345,J.Garoppolo,27,17.77696
2019_02_SF_CIN,2019,2,2019-09-15,SF,00-0034860,D.Pettis,1,1.24181
2019_02_TB_CAR,2019,2,2019-09-12,CAR,00-0027939,C.Newton,54,-4.10572
2019_02_TB_CAR,2019,2,2019-09-12,TB,00-0031503,J.Winston,29,5.75191
2019_03_ATL_IND,2019,3,2019-09-22,ATL,00-0026143,M.Ryan,34,21.29821
2019_03_ATL_IND,2019,3,2019-09-22,IND,00-0033119,J.Brissett,39,18.9937
2019_03_BAL_KC,2019,3,2019-09-22,BAL,00-0034796,L.Jackson,50,6.33808
2019_03_BAL_KC,2019,3,2019-09-22,KC,00-0033873,P.Mahomes,39,17.69075
2019_03_CAR_ARI,2019,3,2019-09-22,ARI,00-0035228,K.Murray,54,-13.07204
2019_03_CAR_ARI,2019,3,2019-09-22,CAR,00-0034577,K.Allen,29,13.09033
2019_03_CHI_WAS,2019,3,2019-09-23,CHI,00-0033869,M.Trubisky,34,8.87398
2019_03_CHI_WAS,2019,3,2019-09-23,WAS,00-0028986,C.Keenum,47,-8.24339
2019_03_CIN_BUF,2019,3,2019-09-22,BUF,00-0034857,J.Allen,40,0.52282
2019_03_CIN_BUF,2019,3,2019-09-22,CIN,00-0027973,A.Dalton,37,-9.46446
2019_03_DEN_GB,2019,3,2019-09-22,DEN,00-0026158,J.Flacco,35,-10.85658
2019_03_DEN_GB,2019,3,2019-09-22,GB,00-0023459,A.Rodgers,29,6.42095
2019_03_DET_PHI,2019,3,2019-09-22,DET,00-0026498,M.Stafford,33,4.88324
2019_03_DET_PHI,2019,3,2019-09-22,PHI,00-0032950,C.Wentz,42,-3.7524
2019_03_HOU_LAC,2019,3,2019-09-22,HOU,00-0033537,D.Watson,40,22.38768
2019_03_HOU_LAC,2019,3,2019-09-22,LAC,00-0022942,P.Rivers,53,3.57917
2019_03_LA_CLE,2019,3,2019-09-22,CLE,00-0034855,B.Mayfield,39,-4.86187
2019_03_LA_CLE,2019,3,2019-09-22,LA,00-0033106,J.Goff,41,4.64781
2019_03_MIA_DAL,2019,3,2019-09-22,DAL,00-0033077,D.Prescott,34,6.40474
2019_03_MIA_DAL,2019,3,2019-09-22,MIA,00-0023682,R.Fitzpatrick,2,2.31789
2019_03_MIA_DAL,2019,3,2019-09-22,MIA,00-0034343,J.Rosen,45,-11.3366
2019_03_NO_SEA,2019,3,2019-09-22,NO,00-0031237,T.Bridgewater,29,8.83487
2019_03_NO_SEA,2019,3,2019-09-22,SEA,00-0029263,R.Wilson,53,15.64957
2019_03_NYG_TB,2019,3,2019-09-22,NYG,00-0035710,D.Jones,44,9.35998
2019_03_NYG_TB,2019,3,2019-09-22,TB,00-0031503,J.Winston,42,8.24018
2019_03_NYJ_NE,2019,3,2019-09-22,NE,00-0019596,T.Brady,42,10.75186
2019_03_NYJ_NE,2019,3,2019-09-22,NE,00-0035264,J.Stidham,4,-9.22779
2019_03_NYJ_NE,2019,3,2019-09-22,NYJ,00-0034412,L.Falk,27,-16.79989
2019_03_OAK_MIN,2019,3,2019-09-22,LV,00-0031280,D.Carr,38,0.12349
2019_03_OAK_MIN,2019,3,2019-09-22,MIN,00-0029604,K.Cousins,23,9.59403
2019_03_PIT_SF,2019,3,2019-09-22,PIT,00-0034771,M.Rudolph,33,-8.03588
2019_03_PIT_SF,2019,3,2019-09-22,SF,00-0031345,J.Garoppolo,33,3.58502
2019_03_TEN_JAX,2019,3,2019-09-19,JAX,00-0035289,G.Minshew II,33,0.46425
2019_03_TEN_JAX,2019,3,2019-09-19,TEN,00-0032268,M.Mariota,53,-3.95639
2019_04_CAR_HOU,2019,4,2019-09-29,CAR,00-0034577,K.Allen,37,-7.51519
2019_04_CAR_HOU,2019,4,2019-09-29,HOU,00-0030564,D.Hopkins,1,-6.88185
2019_04_CAR_HOU,2019,4,2019-09-29,HOU,00-0033537,D.Watson,40,-16.86235
2019_04_CIN_PIT,2019,4,2019-09-30,CIN,00-0027973,A.Dalton,46,-26.31397
2019_04_CIN_PIT,2019,4,2019-09-30,PIT,00-0034331,J.Samuels,3,1.98269
2019_04_CIN_PIT,2019,4,2019-09-30,PIT,00-0034771,M.Rudolph,28,10.90278
2019_04_CLE_BAL,2019,4,2019-09-29,BAL,00-0034796,L.Jackson,39,-0.78247
2019_04_CLE_BAL,2019,4,2019-09-29,CLE,00-0031235,O.Beckham,1,-0.45141
2019_04_CLE_BAL,2019,4,2019-09-29,CLE,00-0034855,B.Mayfield,32,15.10257
2019_04_DAL_NO,2019,4,2019-09-29,DAL,00-0033077,D.Prescott,34,-0.82748
2019_04_DAL_NO,2019,4,2019-09-29,NO,00-0031237,T.Bridgewater,37,-9.40742
2019_04_JAX_DEN,2019,4,2019-09-29,DEN,00-0026158,J.Flacco,38,4.68123
2019_04_JAX_DEN,2019,4,2019-09-29,JAX,00-0035289,G.Minshew II,38,3.07527
2019_04_KC_DET,2019,4,2019-09-29,DET,00-0026498,M.Stafford,40,6.25794
2019_04_KC_DET,2019,4,2019-09-29,KC,00-0033873,P.Mahomes,47,11.01978
2019_04_LAC_MIA,2019,4,2019-09-29,LAC,00-0022942,P.Rivers,31,20.41342
2019_04_LAC_MIA,2019,4,2019-09-29,LAC,00-0028118,T.Taylor,1,1.11482
2019_04_LAC_MIA,2019,4,2019-09-29,MIA,00-0034343,J.Rosen,28,-3.79533
2019_04_LAC_MIA,2019,4,2019-09-29,MIA,00-0035350,P.Williams,1,-0.92685
2019_04_MIN_CHI,2019,4,2019-09-29,CHI,00-0026544,C.Daniel,32,5.68771
2019_04_MIN_CHI,2019,4,2019-09-29,CHI,00-0033869,M.Trubisky,3,0.24888
2019_04_MIN_CHI,2019,4,2019-09-29,MIN,00-0029604,K.Cousins,42,-13.33614
2019_04_NE_BUF,2019,4,2019-09-29,BUF,00-0030533,M.Barkley,17,-2.20742
2019_04_NE_BUF,2019,4,2019-09-29,BUF,00-0034857,J.Allen,34,-17.94169
2019_04_NE_BUF,2019,4,2019-09-29,NE,00-0019596,T.Brady,39,-15.86176
2019_04_OAK_IND,2019,4,2019-09-29,IND,00-0033119,J.Brissett,49,-0.12053
2019_04_OAK_IND,2019,4,2019-09-29,LV,00-0031280,D.Carr,32,7.45499
2019_04_PHI_GB,2019,4,2019-09-26,GB,00-0023459,A.Rodgers,58,16.79795
2019_04_PHI_GB,2019,4,2019-09-26,PHI,00-0032950,C.Wentz,29,7.47683
2019_04_SEA_ARI,2019,4,2019-09-29,ARI,00-0035228,K.Murray,38,-7.80001
2019_04_SEA_ARI,2019,4,2019-09-29,SEA,00-0029263,R.Wilson,34,5.85777
2019_04_TB_LA,2019,4,2019-09-29,LA,00-0033106,J.Goff,70,-1.93402
2019_04_TB_LA,2019,4,2019-09-29,TB,00-0031503,J.Winston,43,23.5941
2019_04_TEN_ATL,2019,4,2019-09-29,ATL,00-0026143,M.Ryan,60,-3.7823
2019_04_TEN_ATL,2019,4,2019-09-29,TEN,00-0032268,M.Mariota,28,7.03402
2019_04_WAS_NYG,2019,4,2019-09-29,NYG,00-0035710,D.Jones,34,10.46694
2019_04_WAS_NYG,2019,4,2019-09-29,WAS,00-0028986,C.Keenum,12,-7.92657
2019_04_WAS_NYG,2019,4,2019-09-29,WAS,00-0035232,D.Haskins,21,-11.03933
2019_05_ARI_CIN,2019,5,2019-10-06,ARI,00-0035228,K.Murray,35,12.29314
2019_05_ARI_CIN,2019,5,2019-10-06,CIN,00-0027973,A.Dalton,39,9.4187
2019_05_ATL_HOU,2019,5,2019-10-06,ATL,00-0026143,M.Ryan,49,6.08399
2019_05_ATL_HOU,2019,5,2019-10-06,HOU,00-0033537,D.Watson,34,34.06122
2019_05_BAL_PIT,2019,5,2019-10-06,BAL,00-0034796,L.Jackson,38,-6.11773
2019_05_BAL_PIT,2019,5,2019-10-06,PIT,00-0034331,J.Samuels,2,-5.49415
2019_05_BAL_PIT,2019,5,2019-10-06,PIT,00-0034771,M.Rudolph,21,2.52323
2019_05_BAL_PIT,2019,5,2019-10-06,PIT,00-0035577,D.Hodges,10,-1.00664
2019_05_BUF_TEN,2019,5,2019-10-06,BUF,00-0034857,J.Allen,40,-3.02038
2019_05_BUF_TEN,2019,5,2019-10-06,TEN,00-0032268,M.Mariota,30,-2.52432
2019_05_CHI_OAK,2019,5,2019-10-06,CHI,00-0026544,C.Daniel,35,2.61168
2019_05_CHI_OAK,2019,5,2019-10-06,LV,00-0031280,D.Carr,33,2.36137
2019_05_CLE_SF,2019,5,2019-10-07,CLE,00-0031235,O.Beckham,1,1.35434
2019_05_CLE_SF,2019,5,2019-10-07,CLE,00-0031395,G.Gilbert,1,-1.0042
2019_05_CLE_SF,2019,5,2019-10-07,CLE,00-0034855,B.Mayfield,26,-23.26943
2019_05_CLE_SF,2019,5,2019-10-07,SF,00-0031345,J.Garoppolo,31,6.75573
2019_05_DEN_LAC,2019,5,2019-10-06,DEN,00-0026158,J.Flacco,25,-4.51803
2019_05_DEN_LAC,2019,5,2019-10-06,LAC,00-0022942,P.Rivers,47,-16.00848
2019_05_GB_DAL,2019,5,2019-10-06,DAL,00-0033077,D.Prescott,51,3.35027
2019_05_GB_DAL,2019,5,2019-10-06,GB,00-0023459,A.Rodgers,37,1.82878
2019_05_IND_KC,2019,5,2019-10-06,IND,00-0033119,J.Brissett,31,-4.97252
2019_05_IND_KC,2019,5,2019-10-06,KC,00-0033873,P.Mahomes,45,-0.92717
2019_05_JAX_CAR,2019,5,2019-10-06,CAR,00-0033280,C.McCaffrey,1,-1.41296
2019_05_JAX_CAR,2019,5,2019-10-06,CAR,00-0034577,K.Allen,34,1.4446
2019_05_JAX_CAR,2019,5,2019-10-06,JAX,00-0035289,G.Minshew II,51,1.90049
2019_05_LA_SEA,2019,5,2019-10-03,LA,00-0033106,J.Goff,50,14.46619
2019_05_LA_SEA,2019,5,2019-10-03,SEA,00-0029263,R.Wilson,29,13.70539
2019_05_MIN_NYG,2019,5,2019-10-06,MIN,00-0029604,K.Cousins,31,20.15798
2019_05_MIN_NYG,2019,5,2019-10-06,NYG,00-0035710,D.Jones,43,-9.22017
2019_05_NE_WAS,2019,5,2019-10-06,NE,00-0019596,T.Brady,46,13.16398
2019_05_NE_WAS,2019,5,2019-10-06,NE,00-0035264,J.Stidham,1,-0.92208
2019_05_NE_WAS,2019,5,2019-10-06,WAS,00-0027688,C.McCoy,35,-25.92951
2019_05_NYJ_PHI,2019,5,2019-10-06,NYJ,00-0031076,D.Fales,1,-0.84204
2019_05_NYJ_PHI,2019,5,2019-10-06,NYJ,00-0034412,L.Falk,35,-33.18706
2019_05_NYJ_PHI,2019,5,2019-10-06,PHI,00-0032950,C.Wentz,31,-0.31871
2019_05_TB_NO,2019,5,2019-10-06,NO,00-0031237,T.Bridgewater,38,8.5584
2019_05_TB_NO,2019,5,2019-10-06,NO,00-0033357,T.Hill,2,1.71994
2019_05_TB_NO,2019,5,2019-10-06,NO,00-0033906,A.Kamara,1,0.96481
2019_05_TB_NO,2019,5,2019-10-06,TB,00-0031503,J.Winston,36,0.42125
2019_06_ATL_ARI,2019,6,2019-10-13,ARI,00-0035228,K.Murray,40,19.80079
2019_06_ATL_ARI,2019,6,2019-10-13,ATL,00-0026143,M.Ryan,40,19.5052
2019_06_CAR_TB,2019,6,2019-10-13,CAR,00-0034577,K.Allen,34,5.53193
2019_06_CAR_TB,2019,6,2019-10-13,TB,00-0031503,J.Winston,62,-16.07895
2019_06_CIN_BAL,2019,6,2019-10-13,BAL,00-0034796,L.Jackson,36,5.84652
2019_06_CIN_BAL,2019,6,2019-10-13,CIN,00-0027973,A.Dalton,42,0.071
2019_06_DAL_NYJ,2019,6,2019-10-13,DAL,00-0033077,D.Prescott,42,12.89025
2019_06_DAL_NYJ,2019,6,2019-10-13,NYJ,00-0034869,S.Darnold,35,11.24947
2019_06_DET_GB,2019,6,2019-10-14,DET,00-0026498,M.Stafford,36,2.23831
2019_06_DET_GB,2019,6,2019-10-14,GB,00-0023459,A.Rodgers,41,-1.14618
2019_06_HOU_KC,2019,6,2019-10-13,HOU,00-0033537,D.Watson,47,17.98284
2019_06_HOU_KC,2019,6,2019-10-13,KC,00-0033873,P.Mahomes,36,1.57851
2019_06_NO_JAX,2019,6,2019-10-13,JAX,00-0035289,G.Minshew II,32,-8.81526
2019_06_NO_JAX,2019,6,2019-10-13,NO,00-0031237,T.Bridgewater,39,2.54082
2019_06_NYG_NE,2019,6,2019-10-10,NE,00-0019596,T.Brady,44,-2.46983
2019_06_NYG_NE,2019,6,2019-10-10,NYG,00-0035710,D.Jones,33,-23.01153
2019_06_PHI_MIN,2019,6,2019-10-13,MIN,00-0029604,K.Cousins,31,18.10417
2019_06_PHI_MIN,2019,6,2019-10-13,PHI,00-0032950,C.Wentz,43,-0.46524
2019_06_PHI_MIN,2019,6,2019-10-13,PHI,00-0033787,J.Elliott,1,-2.40307
2019_06_PIT_LAC,2019,6,2019-10-13,LAC,00-0022942,P.Rivers,45,5.735
2019_06_PIT_LAC,2019,6,2019-10-13,PIT,00-0035577,D.Hodges,21,2.23411
2019_06_SEA_CLE,2019,6,2019-10-13,CLE,00-0034855,B.Mayfield,40,-1.54453
2019_06_SEA_CLE,2019,6,2019-10-13,SEA,00-0029263,R.Wilson,41,21.04788
2019_06_SF_LA,2019,6,2019-10-13,LA,00-0033106,J.Goff,28,-18.18959
2019_06_SF_LA,2019,6,2019-10-13,SF,00-0031345,J.Garoppolo,35,-0.13731
2019_06_TEN_DEN,2019,6,2019-10-13,DEN,00-0026158,J.Flacco,30,-3.72422
2019_06_TEN_DEN,2019,6,2019-10-13,TEN,00-0029701,R.Tannehill,21,-4.49049
2019_06_TEN_DEN,2019,6,2019-10-13,TEN,00-0032268,M.Mariota,22,-10.87243
2019_06_WAS_MIA,2019,6,2019-10-13,MIA,00-0023682,R.Fitzpatrick,18,5.66147
2019_06_WAS_MIA,2019,6,2019-10-13,MIA,00-0034343,J.Rosen,30,-20.29288
2019_06_WAS_MIA,2019,6,2019-10-13,WAS,00-0028986,C.Keenum,26,0.83017
2019_07_ARI_NYG,2019,7,2019-10-20,ARI,00-0035228,K.Murray,27,5.76661
2019_07_ARI_NYG,2019,7,2019-10-20,NYG,00-0035710,D.Jones,47,-10.43875
2019_07_BAL_SEA,2019,7,2019-10-20,BAL,00-0034796,L.Jackson,26,9.39402
2019_07_BAL_SEA,2019,7,2019-10-20,SEA,00-0029263,R.Wilson,44,-12.75206
2019_07_HOU_IND,2019,7,2019-10-20,HOU,00-0033537,D.Watson,40,3.24181
2019_07_HOU_IND,2019,7,2019-10-20,IND,00-0033119,J.Brissett,42,20.49437
2019_07_HOU_IND,2019,7,2019-10-20,IND,00-0033251,Z.Pascal,1,-0.70423
2019_07_JAX_CIN,2019,7,2019-10-20,CIN,00-0027973,A.Dalton,47,-12.00511
2019_07_JAX_CIN,2019,7,2019-10-20,JAX,00-0035289,G.Minshew II,39,4.64805
2019_07_KC_DEN,2019,7,2019-10-17,DEN,00-0026158,J.Flacco,42,-20.40842
2019_07_KC_DEN,2019,7,2019-10-17,DEN,00-0034064,C.Wadman,1,-3.18508
2019_07_KC_DEN,2019,7,2019-10-17,KC,00-0025708,M.Moore,20,-2.91216
2019_07_KC_DEN,2019,7,2019-10-17,KC,00-0033873,P.Mahomes,11,4.93127
2019_07_LAC_TEN,2019,7,2019-10-20,LAC,00-0022942,P.Rivers,39,14.098
2019_07_LAC_TEN,2019,7,2019-10-20,TEN,00-0025825,B.Kern,1,3.66743
2019_07_LAC_TEN,2019,7,2019-10-20,TEN,00-0029701,R.Tannehill,32,11.69155
2019_07_LA_ATL,2019,7,2019-10-20,ATL,00-0022787,M.Schaub,6,5.3087
2019_07_LA_ATL,2019,7,2019-10-20,ATL,00-0026143,M.Ryan,33,-15.22204
2019_07_LA_ATL,2019,7,2019-10-20,LA,00-0028872,J.Hekker,1,3.90073
2019_07_LA_ATL,2019,7,2019-10-20,LA,00-0033106,J.Goff,37,14.47165
2019_07_MIA_BUF,2019,7,2019-10-20,BUF,00-0034857,J.Allen,30,10.28559
2019_07_MIA_BUF,2019,7,2019-10-20,MIA,00-0023682,R.Fitzpatrick,37,7.05031
2019_07_MIA_BUF,2019,7,2019-10-20,MIA,00-0030669,A.Wilson,1,-1.76061
2019_07_MIN_DET,2019,7,2019-10-20,DET,00-0026498,M.Stafford,47,12.7558
2019_07_MIN_DET,2019,7,2019-10-20,MIN,00-0029604,K.Cousins,34,25.22498
2019_07_NE_NYJ,2019,7,2019-10-21,NE,00-0019596,T.Brady,45,4.30389
2019_07_NE_NYJ,2019,7,2019-10-21,NYJ,00-0034869,S.Darnold,33,-31.66147
2019_07_NO_CHI,2019,7,2019-10-20,CHI,00-0033869,M.Trubisky,56,-2.87393
2019_07_NO_CHI,2019,7,2019-10-20,NO,00-0031237,T.Bridgewater,41,13.07573
2019_07_OAK_GB,2019,7,2019-10-20,GB,00-0023459,A.Rodgers,34,32.61483
2019_07_OAK_GB,2019,7,2019-10-20,LV,00-0030520,M.Glennon,3,4.70685
2019_07_OAK_GB,2019,7,2019-10-20,LV,00-0031280,D.Carr,29,12.02864
2019_07_PHI_DAL,2019,7,2019-10-20,DAL,00-0033077,D.Prescott,31,10.24381
2019_07_PHI_DAL,2019,7,2019-10-20,PHI,00-0032950,C.Wentz,31,-12.11645
2019_07_SF_WAS,2019,7,2019-10-20,SF,00-0031345,J.Garoppolo,25,3.45014
2019_07_SF_WAS,2019,7,2019-10-20,WAS,00-0028986,C.Keenum,15,-0.67805
2019_08_ARI_NO,2019,8,2019-10-27,ARI,00-0031589,B.Hundley,2,-1.8499
2019_08_ARI_NO,2019,8,2019-10-27,ARI,00-0035228,K.Murray,36,-8.79985
2019_08_ARI_NO,2019,8,2019-10-27,NO,00-0020531,D.Brees,43,13.7134
2019_08_CAR_SF,2019,8,2019-10-27,CAR,00-0034577,K.Allen,44,-31.1493
2019_08_CAR_SF,2019,8,2019-10-27,SF,00-0031345,J.Garoppolo,25,5.10622
2019_08_CIN_LA,2019,8,2019-10-27,CIN,00-0027973,A.Dalton,55,0.5238
2019_08_CIN_LA,2019,8,2019-10-27,LA,00-0033106,J.Goff,31,23.48644
2019_08_CLE_NE,2019,8,2019-10-27,CLE,00-0034855,B.Mayfield,37,-7.62252
2019_08_CLE_NE,2019,8,2019-10-27,NE,00-0019596,T.Brady,39,5.2037
2019_08_DEN_IND,2019,8,2019-10-27,DEN,00-0026158,J.Flacco,36,-5.16955
2019_08_DEN_IND,2019,8,2019-10-27,IND,00-0033119,J.Brissett,33,-3.99336
2019_08_GB_KC,2019,8,2019-10-27,GB,00-0023459,A.Rodgers,41,16.17468
2019_08_GB_KC,2019,8,2019-10-27,KC,00-0025708,M.Moore,39,6.96779
2019_08_LAC_CHI,2019,8,2019-10-27,CHI,00-0033869,M.Trubisky,40,-4.35142
2019_08_LAC_CHI,2019,8,2019-10-27,LAC,00-0022942,P.Rivers,30,-0.59082
2019_08_MIA_PIT,2019,8,2019-10-28,MIA,00-0023682,R.Fitzpatrick,41,-7.07642
2019_08_MIA_PIT,2019,8,2019-10-28,PIT,00-0034771,M.Rudolph,38,3.61976
2019_08_NYG_DET,2019,8,2019-10-27,DET,00-0026498,M.Stafford,36,14.08254
2019_08_NYG_DET,2019,8,2019-10-27,NYG,00-0035710,D.Jones,45,1.4473
2019_08_NYJ_JAX,2019,8,2019-10-27,JAX,00-0035289,G.Minshew II,40,17.1343
2019_08_NYJ_JAX,2019,8,2019-10-27,NYJ,00-0034869,S.Darnold,38,-10.70303
2019_08_OAK_HOU,2019,8,2019-10-27,HOU,00-0033537,D.Watson,46,11.5327
2019_08_OAK_HOU,2019,8,2019-10-27,LV,00-0031280,D.Carr,30,14.74049
2019_08_PHI_BUF,2019,8,2019-10-27,BUF,00-0034857,J.Allen,43,-3.6565
2019_08_PHI_BUF,2019,8,2019-10-27,PHI,00-0032950,C.Wentz,30,6.18601
2019_08_SEA_ATL,2019,8,2019-10-27,ATL,00-0022787,M.Schaub,52,11.43377
2019_08_SEA_ATL,2019,8,2019-10-27,SEA,00-0029263,R.Wilson,24,7.13503
2019_08_TB_TEN,2019,8,2019-10-27,TB,00-0031503,J.Winston,51,5.453
2019_08_TB_TEN,2019,8,2019-10-27,TEN,00-0029701,R.Tannehill,36,3.2258
2019_08_WAS_MIN,2019,8,2019-10-24,MIN,00-0029604,K.Cousins,30,6.77692
2019_08_WAS_MIN,2019,8,2019-10-24,WAS,00-0028986,C.Keenum,18,0.87017
2019_08_WAS_MIN,2019,8,2019-10-24,WAS,00-0035232,D.Haskins,7,-9.43149
2019_09_CHI_PHI,2019,9,2019-11-03,CHI,00-0033869,M.Trubisky,25,-5.85304
2019_09_CHI_PHI,2019,9,2019-11-03,PHI,00-0032950,C.Wentz,45,6.98312
2019_09_CLE_DEN,2019,9,2019-11-03,CLE,00-0034855,B.Mayfield,46,9.31501
2019_09_CLE_DEN,2019,9,2019-11-03,DEN,00-0032434,B.Allen,25,0.37753
2019_09_DAL_NYG,2019,9,2019-11-04,DAL,00-0033077,D.Prescott,36,6.38447
2019_09_DAL_NYG,2019,9,2019-11-04,NYG,00-0035710,D.Jones,50,-15.37775
2019_09_DET_OAK,2019,9,2019-11-03,DET,00-0026498,M.Stafford,44,12.81371
2019_09_DET_OAK,2019,9,2019-11-03,LV,00-0031280,D.Carr,32,12.18613
2019_09_GB_LAC,2019,9,2019-11-03,GB,00-0023459,A.Rodgers,39,-3.27346
2019_09_GB_LAC,2019,9,2019-11-03,LAC,00-0022942,P.Rivers,31,9.32667
2019_09_HOU_JAX,2019,9,2019-11-03,HOU,00-0033537,D.Watson,32,17.65903
2019_09_HOU_JAX,2019,9,2019-11-03,JAX,00-0034437,L.Cooke,1,-3.83003
2019_09_HOU_JAX,2019,9,2019-11-03,JAX,00-0035289,G.Minshew II,54,-14.22846
2019_09_IND_PIT,2019,9,2019-11-03,IND,00-0026625,B.Hoyer,31,-9.24657
2019_09_IND_PIT,2019,9,2019-11-03,IND,00-0033119,J.Brissett,7,2.97898
2019_09_IND_PIT,2019,9,2019-11-03,PIT,00-0034771,M.Rudolph,37,-3.83841
2019_09_MIN_KC,2019,9,2019-11-03,KC,00-0025708,M.Moore,39,2.5456
2019_09_MIN_KC,2019,9,2019-11-03,MIN,00-0029604,K.Cousins,40,9.79973
2019_09_NE_BAL,2019,9,2019-11-03,BAL,00-0034796,L.Jackson,26,12.57521
2019_09_NE_BAL,2019,9,2019-11-03,NE,00-0019596,T.Brady,48,-8.34949
2019_09_NYJ_MIA,2019,9,2019-11-03,MIA,00-0023682,R.Fitzpatrick,42,14.50354
2019_09_NYJ_MIA,2019,9,2019-11-03,NYJ,00-0034869,S.Darnold,42,1.99029
2019_09_SF_ARI,2019,9,2019-10-31,ARI,00-0035228,K.Murray,28,4.11871
2019_09_SF_ARI,2019,9,2019-10-31,SF,00-0031345,J.Garoppolo,39,21.47439
2019_09_TB_SEA,2019,9,2019-11-03,SEA,00-0029263,R.Wilson,47,16.44853
2019_09_TB_SEA,2019,9,2019-11-03,TB,00-0031503,J.Winston,47,13.04084
2019_09_TEN_CAR,2019,9,2019-11-03,CAR,00-0034577,K.Allen,35,4.2713
2019_09_TEN_CAR,2019,9,2019-11-03,TEN,00-0029701,R.Tannehill,44,9.26373
2019_09_WAS_BUF,2019,9,2019-11-03,BUF,00-0034857,J.Allen,23,7.76959
2019_09_WAS_BUF,2019,9,2019-11-03,WAS,00-0035232,D.Haskins,29,-4.83089
2019_10_ARI_TB,2019,10,2019-11-10,ARI,00-0022824,A.Lee,1,4.24069
2019_10_ARI_TB,2019,10,2019-11-10,ARI,00-0035228,K.Murray,46,0.68208
2019_10_ARI_TB,2019,10,2019-11-10,TB,00-0031503,J.Winston,55,1.57875
2019_10_ATL_NO,2019,10,2019-11-10,ATL,00-0026143,M.Ryan,38,4.28051
2019_10_ATL_NO,2019,10,2019-11-10,NO,00-0020531,D.Brees,49,-17.50518
2019_10_ATL_NO,2019,10,2019-11-10,NO,00-0033357,T.Hill,1,1.0698
2019_10_BAL_CIN,2019,10,2019-11-10,BAL,00-0029665,R.Griffin III,6,-3.42834
2019_10_BAL_CIN,2019,10,2019-11-10,BAL,00-0034796,L.Jackson,17,24.29967
2019_10_BAL_CIN,2019,10,2019-11-10,CIN,00-0035652,R.Finley,35,-23.61419
2019_10_BUF_CLE,2019,10,2019-11-10,BUF,00-0034857,J.Allen,43,-0.04879
2019_10_BUF_CLE,2019,10,2019-11-10,CLE,00-0034855,B.Mayfield,41,4.98541
2019_10_CAR_GB,2019,10,2019-11-10,CAR,00-0034577,K.Allen,48,3.70529
2019_10_CAR_GB,2019,10,2019-11-10,GB,00-0023459,A.Rodgers,32,5.78381
2019_10_DET_CHI,2019,10,2019-11-10,CHI,00-0033869,M.Trubisky,29,-2.28285
2019_10_DET_CHI,2019,10,2019-11-10,DET,00-0032436,J.Driskel,50,-6.06908
2019_10_KC_TEN,2019,10,2019-11-10,KC,00-0023534,D.Colquitt,1,-2.30529
2019_10_KC_TEN,2019,10,2019-11-10,KC,00-0033873,P.Mahomes,52,24.45063
2019_10_KC_TEN,2019,10,2019-11-10,TEN,00-0029701,R.Tannehill,25,0.29626
2019_10_LAC_OAK,2019,10,2019-11-07,LAC,00-0022942,P.Rivers,36,-12.22028
2019_10_LAC_OAK,2019,10,2019-11-07,LV,00-0031280,D.Carr,35,4.44548
2019_10_LA_PIT,2019,10,2019-11-10,LA,00-0028872,J.Hekker,1,-3.51239
2019_10_LA_PIT,2019,10,2019-11-10,LA,00-0033106,J.Goff,45,-18.0644
2019_10_LA_PIT,2019,10,2019-11-10,PIT,00-0034771,M.Rudolph,41,-3.84138
2019_10_MIA_IND,2019,10,2019-11-10,IND,00-0026625,B.Hoyer,41,-20.79822
2019_10_MIA_IND,2019,10,2019-11-10,MIA,00-0023682,R.Fitzpatrick,39,-7.56347
2019_10_MIN_DAL,2019,10,2019-11-10,DAL,00-0028002,R.Cobb,1,-0.39894
2019_10_MIN_DAL,2019,10,2019-11-10,DAL,00-0033077,D.Prescott,47,20.73787
2019_10_MIN_DAL,2019,10,2019-11-10,MIN,00-0029604,K.Cousins,34,10.8252
2019_10_NYG_NYJ,2019,10,2019-11-10,NYG,00-0035710,D.Jones,48,7.01373
2019_10_NYG_NYJ,2019,10,2019-11-10,NYJ,00-0034869,S.Darnold,33,7.15157
2019_10_SEA_SF,2019,10,2019-11-11,SEA,00-0029263,R.Wilson,43,-14.7547
2019_10_SEA_SF,2019,10,2019-11-11,SF,00-0031345,J.Garoppolo,50,-21.7586
2019_11_ARI_SF,2019,11,2019-11-17,ARI,00-0035228,K.Murray,37,-7.89864
2019_11_ARI_SF,2019,11,2019-11-17,SF,00-0031345,J.Garoppolo,48,13.67641
2019_11_ATL_CAR,2019,11,2019-11-17,ATL,00-0026143,M.Ryan,34,13.85892
2019_11_ATL_CAR,2019,11,2019-11-17,ATL,00-0030465,K.Barner,1,-0.14811
2019_11_ATL_CAR,2019,11,2019-11-17,CAR,00-0034577,K.Allen,56,-17.86522
2019_11_BUF_MIA,2019,11,2019-11-17,BUF,00-0034857,J.Allen,36,14.32974
2019_11_BUF_MIA,2019,11,2019-11-17,MIA,00-0023682,R.Fitzpatrick,52,-9.33076
2019_11_CHI_LA,2019,11,2019-11-17,CHI,00-0026544,C.Daniel,6,-4.84914
2019_11_CHI_LA,2019,11,2019-11-17,CHI,00-0033869,M.Trubisky,45,-7.86496
2019_11_CHI_LA,2019,11,2019-11-17,LA,00-0033106,J.Goff,19,4.32319
2019_11_CIN_OAK,2019,11,2019-11-17,CIN,00-0035652,R.Finley,38,-18.5056
2019_11_CIN_OAK,2019,11,2019-11-17,LV,00-0031280,D.Carr,34,9.64977
2019_11_DAL_DET,2019,11,2019-11-17,DAL,00-0033077,D.Prescott,49,22.2926
2019_11_DAL_DET,2019,11,2019-11-17,DET,00-0032436,J.Driskel,33,7.09753
2019_11_DEN_MIN,2019,11,2019-11-17,DEN,00-0032434,B.Allen,42,-6.1294
2019_11_DEN_MIN,2019,11,2019-11-17,DEN,00-0034348,C.Sutton,1,2.55382
2019_11_DEN_MIN,2019,11,2019-11-17,MIN,00-0029604,K.Cousins,40,7.79691
2019_11_HOU_BAL,2019,11,2019-11-17,BAL,00-0024417,S.Koch,1,-2.6248
2019_11_HOU_BAL,2019,11,2019-11-17,BAL,00-0029665,R.Griffin III,2,0.88291
2019_11_HOU_BAL,2019,11,2019-11-17,BAL,00-0034796,L.Jackson,28,22.27157
2019_11_HOU_BAL,2019,11,2019-11-17,HOU,00-0031288,A.McCarron,2,-4.61141
2019_11_HOU_BAL,2019,11,2019-11-17,HOU,00-0033537,D.Watson,37,-18.71548
2019_11_JAX_IND,2019,11,2019-11-17,IND,00-0033119,J.Brissett,29,0.94867
2019_11_JAX_IND,2019,11,2019-11-17,JAX,00-0029567,N.Foles,49,-2.72867
2019_11_KC_LAC,2019,11,2019-11-18,KC,00-0033873,P.Mahomes,37,4.53738
2019_11_KC_LAC,2019,11,2019-11-18,LAC,00-0022942,P.Rivers,52,-3.37002
2019_11_NE_PHI,2019,11,2019-11-17,NE,00-0019596,T.Brady,48,-5.90288
2019_11_NE_PHI,2019,11,2019-11-17,NE,00-0027150,J.Edelman,1,3.61226
2019_11_NE_PHI,2019,11,2019-11-17,PHI,00-0032950,C.Wentz,47,-14.5017
2019_11_NO_TB,2019,11,2019-11-17,NO,00-0020531,D.Brees,35,11.73359
2019_11_NO_TB,2019,11,2019-11-17,NO,00-0033357,T.Hill,1,-2.22787
2019_11_NO_TB,2019,11,2019-11-17,TB,00-0031503,J.Winston,54,-8.30643
2019_11_NYJ_WAS,2019,11,2019-11-17,NYJ,00-0028064,B.Powell,1,-0.52241
2019_11_NYJ_WAS,2019,11,2019-11-17,NYJ,00-0034869,S.Darnold,32,11.11009
2019_11_NYJ_WAS,2019,11,2019-11-17,WAS,00-0035232,D.Haskins,42,-12.05069
2019_11_PIT_CLE,2019,11,2019-11-14,CLE,00-0034855,B.Mayfield,33,1.08325
2019_11_PIT_CLE,2019,11,2019-11-14,PIT,00-0034771,M.Rudolph,49,-28.18954
2019_12_BAL_LA,2019,12,2019-11-25,BAL,00-0029665,R.Griffin III,4,0.97714
2019_12_BAL_LA,2019,12,2019-11-25,BAL,00-0034796,L.Jackson,24,21.70208
2019_12_BAL_LA,2019,12,2019-11-25,LA,00-0033106,J.Goff,39,-9.27334
2019_12_CAR_NO,2019,12,2019-11-24,CAR,00-0034577,K.Allen,41,14.08766
2019_12_CAR_NO,2019,12,2019-11-24,NO,00-0020531,D.Brees,40,8.7797
2019_12_DAL_NE,2019,12,2019-11-24,DAL,00-0033077,D.Prescott,34,-7.30655
2019_12_DAL_NE,2019,12,2019-11-24,NE,00-0019596,T.Brady,39,-6.42748
2019_12_DEN_BUF,2019,12,2019-11-24,BUF,00-0034857,J.Allen,28,8.08083
2019_12_DEN_BUF,2019,12,2019-11-24,DEN,00-0032434,B.Allen,31,-16.27142
2019_12_DET_WAS,2019,12,2019-11-24,DET,00-0032436,J.Driskel,43,-0.82315
2019_12_DET_WAS,2019,12,2019-11-24,WAS,00-0034928,S.Sims,1,-0.35982
2019_12_DET_WAS,2019,12,2019-11-24,WAS,00-0035232,D.Haskins,34,-9.82115
2019_12_GB_SF,2019,12,2019-11-24,GB,00-0023459,A.Rodgers,41,-16.82129
2019_12_GB_SF,2019,12,2019-11-24,GB,00-0034177,T.Boyle,4,-0.45442
2019_12_GB_SF,2019,12,2019-11-24,SF,00-0031345,J.Garoppolo,23,7.64235
2019_12_IND_HOU,2019,12,2019-11-21,HOU,00-0033537,D.Watson,31,7.49671
2019_12_IND_HOU,2019,12,2019-11-21,IND,00-0033119,J.Brissett,28,-3.03122
2019_12_JAX_TEN,2019,12,2019-11-24,JAX,00-0029567,N.Foles,53,-0.51111
2019_12_JAX_TEN,2019,12,2019-11-24,TEN,00-0029701,R.Tannehill,20,14.68793
2019_12_MIA_CLE,2019,12,2019-11-24,CLE,00-0034855,B.Mayfield,35,13.64249
2019_12_MIA_CLE,2019,12,2019-11-24,MIA,00-0023682,R.Fitzpatrick,47,1.05684
2019_12_NYG_CHI,2019,12,2019-11-24,CHI,00-0033869,M.Trubisky,46,-3.54888
2019_12_NYG_CHI,2019,12,2019-11-24,NYG,00-0035710,D.Jones,39,-13.11351
2019_12_OAK_NYJ,2019,12,2019-11-24,LV,00-0030520,M.Glennon,7,-3.66041
2019_12_OAK_NYJ,2019,12,2019-11-24,LV,00-0031280,D.Carr,28,-5.09113
2019_12_OAK_NYJ,2019,12,2019-11-24,NYJ,00-0034869,S.Darnold,32,15.68741
2019_12_PIT_CIN,2019,12,2019-11-24,CIN,00-0035652,R.Finley,31,-15.06226
2019_12_PIT_CIN,2019,12,2019-11-24,PIT,00-0034771,M.Rudolph,19,-7.54662
2019_12_PIT_CIN,2019,12,2019-11-24,PIT,00-0035577,D.Hodges,14,-0.24363
2019_12_SEA_PHI,2019,12,2019-11-24,PHI,00-0032950,C.Wentz,51,-13.56786
2019_12_SEA_PHI,2019,12,2019-11-24,SEA,00-0029263,R.Wilson,32,-2.38749
2019_12_TB_ATL,2019,12,2019-11-24,ATL,00-0022787,M.Schaub,9,4.43292
2019_12_TB_ATL,2019,12,2019-11-24,ATL,00-0026143,M.Ryan,53,-12.98844
2019_12_TB_ATL,2019,12,2019-11-24,TB,00-0031503,J.Winston,32,15.3297
2019_13_BUF_DAL,2019,13,2019-11-28,BUF,00-0031051,J.Brown,1,3.18743
2019_13_BUF_DAL,2019,13,2019-11-28,BUF,00-0034857,J.Allen,31,13.09576
2019_13_BUF_DAL,2019,13,2019-11-28,DAL,00-0033077,D.Prescott,56,-4.54105
2019_13_CHI_DET,2019,13,2019-11-28,CHI,00-0033869,M.Trubisky,42,8.82501
2019_13_CHI_DET,2019,13,2019-11-28,DET,00-0035040,D.Blough,41,3.80456
2019_13_CLE_PIT,2019,13,2019-12-01,CLE,00-0031395,G.Gilbert,2,-0.05568
2019_13_CLE_PIT,2019,13,2019-12-01,CLE,00-0034855,B.Mayfield,37,-4.57134
2019_13_CLE_PIT,2019,13,2019-12-01,PIT,00-0035577,D.Hodges,23,6.13339
2019_13_GB_NYG,2019,13,2019-12-01,GB,00-0023459,A.Rodgers,36,20.45913
2019_13_GB_NYG,2019,13,2019-12-01,NYG,00-0035710,D.Jones,38,-2.48306
2019_13_LAC_DEN,2019,13,2019-12-01,DEN,00-0035704,D.Lock,31,-3.23286
2019_13_LAC_DEN,2019,13,2019-12-01,LAC,00-0022942,P.Rivers,32,3.95279
2019_13_LA_ARI,2019,13,2019-12-01,ARI,00-0035228,K.Murray,42,-25.63889
2019_13_LA_ARI,2019,13,2019-12-01,LA,00-0031407,B.Bortles,2,-1.42864
2019_13_LA_ARI,2019,13,2019-12-01,LA,00-0033106,J.Goff,43,23.65039
2019_13_MIN_SEA,2019,13,2019-12-02,MIN,00-0029604,K.Cousins,38,1.15329
2019_13_MIN_SEA,2019,13,2019-12-02,SEA,00-0029263,R.Wilson,36,-2.1131
2019_13_NE_HOU,2019,13,2019-12-01,HOU,00-0030564,D.Hopkins,1,1.30336
2019_13_NE_HOU,2019,13,2019-12-01,HOU,00-0033537,D.Watson,29,11.07047
2019_13_NE_HOU,2019,13,2019-12-01,NE,00-0019596,T.Brady,51,5.40109
2019_13_NO_ATL,2019,13,2019-11-28,ATL,00-0026143,M.Ryan,61,-16.68975
2019_13_NO_ATL,2019,13,2019-11-28,NO,00-0020531,D.Brees,30,-0.60992
2019_13_NO_ATL,2019,13,2019-11-28,NO,00-0033357,T.Hill,1,-0.63275
2019_13_NYJ_CIN,2019,13,2019-12-01,CIN,00-0027973,A.Dalton,39,2.44902
2019_13_NYJ_CIN,2019,13,2019-12-01,NYJ,00-0034869,S.Darnold,54,-10.31149
2019_13_OAK_KC,2019,13,2019-12-01,KC,00-0033873,P.Mahomes,32,7.37938
2019_13_OAK_KC,2019,13,2019-12-01,LV,00-0031280,D.Carr,34,-4.7925
2019_13_PHI_MIA,2019,13,2019-12-01,MIA,00-0023682,R.Fitzpatrick,43,13.82654
2019_13_PHI_MIA,2019,13,2019-12-01,MIA,00-0033400,M.Haack,1,2.27036
2019_13_PHI_MIA,2019,13,2019-12-01,PHI,00-0032950,C.Wentz,48,9.64571
2019_13_SF_BAL,2019,13,2019-12-01,BAL,00-0034796,L.Jackson,24,-1.75144
2019_13_SF_BAL,2019,13,2019-12-01,SF,00-0031345,J.Garoppolo,25,1.39209
2019_13_TB_JAX,2019,13,2019-12-01,JAX,00-0029567,N.Foles,17,-16.52436
2019_13_TB_JAX,2019,13,2019-12-01,JAX,00-0035289,G.Minshew II,31,-12.06993
2019_13_TB_JAX,2019,13,2019-12-01,TB,00-0031503,J.Winston,39,0.11554
2019_13_TEN_IND,2019,13,2019-12-01,IND,00-0033119,J.Brissett,43,-3.03546
2019_13_TEN_IND,2019,13,2019-12-01,TEN,00-0029701,R.Tannehill,29,-4.18355
2019_13_WAS_CAR,2019,13,2019-12-01,CAR,00-0034577,K.Allen,56,-1.18301
2019_13_WAS_CAR,2019,13,2019-12-01,WAS,00-0035232,D.Haskins,32,-6.38067
2019_14_BAL_BUF,2019,14,2019-12-08,BAL,00-0034796,L.Jackson,26,0.88484
2019_14_BAL_BUF,2019,14,2019-12-08,BUF,00-0034857,J.Allen,46,-21.79667
2019_14_CAR_ATL,2019,14,2019-12-08,ATL,00-0026143,M.Ryan,36,7.59989
2019_14_CAR_ATL,2019,14,2019-12-08,CAR,00-0034577,K.Allen,50,-6.40462
2019_14_CIN_CLE,2019,14,2019-12-08,CIN,00-0027973,A.Dalton,39,-5.70771
2019_14_CIN_CLE,2019,14,2019-12-08,CIN,00-0032543,A.Erickson,1,1.73896
2019_14_CIN_CLE,2019,14,2019-12-08,CLE,00-0034855,B.Mayfield,27,1.93677
2019_14_DAL_CHI,2019,14,2019-12-05,CHI,00-0033869,M.Trubisky,37,9.97732
2019_14_DAL_CHI,2019,14,2019-12-05,DAL,00-0033077,D.Prescott,51,3.32098
2019_14_DEN_HOU,2019,14,2019-12-08,DEN,00-0035704,D.Lock,30,20.55136
2019_14_DEN_HOU,2019,14,2019-12-08,HOU,00-0033537,D.Watson,58,-7.86966
2019_14_DET_MIN,2019,14,2019-12-08,DET,00-0035040,D.Blough,45,-9.51185
2019_14_DET_MIN,2019,14,2019-12-08,MIN,00-0029604,K.Cousins,31,5.66134
2019_14_IND_TB,2019,14,2019-12-08,IND,00-0033119,J.Brissett,40,-0.17991
2019_14_IND_TB,2019,14,2019-12-08,TB,00-0029857,R.Griffin III,4,-0.62392
2019_14_IND_TB,2019,14,2019-12-08,TB,00-0031503,J.Winston,48,8.13774
2019_14_KC_NE,2019,14,2019-12-08,KC,00-0033873,P.Mahomes,44,1.02897
2019_14_KC_NE,2019,14,2019-12-08,NE,00-0019596,T.Brady,40,-16.5802
2019_14_KC_NE,2019,14,2019-12-08,NE,00-0031062,J.White,1,2.00019
2019_14_LAC_JAX,2019,14,2019-12-08,JAX,00-0034437,L.Cooke,1,3.12917
2019_14_LAC_JAX,2019,14,2019-12-08,JAX,00-0035289,G.Minshew II,45,-13.15615
2019_14_LAC_JAX,2019,14,2019-12-08,LAC,00-0022942,P.Rivers,23,25.13448
2019_14_LAC_JAX,2019,14,2019-12-08,LAC,00-0028118,T.Taylor,5,2.53756
2019_14_MIA_NYJ,2019,14,2019-12-08,MIA,00-0023682,R.Fitzpatrick,45,2.30622
2019_14_MIA_NYJ,2019,14,2019-12-08,NYJ,00-0034869,S.Darnold,36,7.15049
2019_14_NYG_PHI,2019,14,2019-12-09,NYG,00-0022803,E.Manning,32,-1.83098
2019_14_NYG_PHI,2019,14,2019-12-09,PHI,00-0032950,C.Wentz,54,3.97636
2019_14_PIT_ARI,2019,14,2019-12-08,ARI,00-0035228,K.Murray,38,-6.73868
2019_14_PIT_ARI,2019,14,2019-12-08,PIT,00-0035577,D.Hodges,26,6.82369
2019_14_SEA_LA,2019,14,2019-12-08,LA,00-0033106,J.Goff,32,7.73675
2019_14_SEA_LA,2019,14,2019-12-08,LA,00-0033908,C.Kupp,1,-1.31501
2019_14_SEA_LA,2019,14,2019-12-08,SEA,00-0029263,R.Wilson,45,-6.60124
2019_14_SF_NO,2019,14,2019-12-08,NO,00-0020531,D.Brees,40,18.05662
2019_14_SF_NO,2019,14,2019-12-08,NO,00-0033357,T.Hill,2,-2.03522
2019_14_SF_NO,2019,14,2019-12-08,SF,00-0027685,E.Sanders,1,3.32012
2019_14_SF_NO,2019,14,2019-12-08,SF,00-0031345,J.Garoppolo,39,16.79945
2019_14_TEN_OAK,2019,14,2019-12-08,LV,00-0031280,D.Carr,38,-1.58316
2019_14_TEN_OAK,2019,14,2019-12-08,TEN,00-0029701,R.Tannehill,29,22.28565
2019_14_WAS_GB,2019,14,2019-12-08,GB,00-0023459,A.Rodgers,34,-2.65662
2019_14_WAS_GB,2019,14,2019-12-08,WAS,00-0035232,D.Haskins,30,-1.24828
2019_15_ATL_SF,2019,15,2019-12-15,ATL,00-0026143,M.Ryan,45,6.496
2019_15_ATL_SF,2019,15,2019-12-15,SF,00-0031345,J.Garoppolo,36,1.69668
2019_15_BUF_PIT,2019,15,2019-12-15,BUF,00-0034857,J.Allen,30,-2.95709
2019_15_BUF_PIT,2019,15,2019-12-15,PIT,00-0035577,D.Hodges,42,-15.77738
2019_15_CHI_GB,2019,15,2019-12-15,CHI,00-0033869,M.Trubisky,58,-3.71174
2019_15_CHI_GB,2019,15,2019-12-15,GB,00-0023459,A.Rodgers,36,-3.34793
2019_15_CLE_ARI,2019,15,2019-12-15,ARI,00-0035228,K.Murray,27,6.87974
2019_15_CLE_ARI,2019,15,2019-12-15,CLE,00-0034855,B.Mayfield,45,1.03627
2019_15_DEN_KC,2019,15,2019-12-15,DEN,00-0035704,D.Lock,42,-11.68436
2019_15_DEN_KC,2019,15,2019-12-15,KC,00-0033873,P.Mahomes,39,10.32478
2019_15_HOU_TEN,2019,15,2019-12-15,HOU,00-0033537,D.Watson,32,6.66715
2019_15_HOU_TEN,2019,15,2019-12-15,TEN,00-0025825,B.Kern,1,-2.17181
2019_15_HOU_TEN,2019,15,2019-12-15,TEN,00-0029701,R.Tannehill,38,4.43117
2019_15_IND_NO,2019,15,2019-12-16,IND,00-0033119,J.Brissett,36,-7.54708
2019_15_IND_NO,2019,15,2019-12-16,NO,00-0020531,D.Brees,30,21.45338
2019_15_JAX_OAK,2019,15,2019-12-15,JAX,00-0035289,G.Minshew II,35,5.76326
2019_15_JAX_OAK,2019,15,2019-12-15,LV,00-0031280,D.Carr,40,4.54085
2019_15_LA_DAL,2019,15,2019-12-15,DAL,00-0033077,D.Prescott,25,6.719
2019_15_LA_DAL,2019,15,2019-12-15,LA,00-0028872,J.Hekker,1,2.85662
2019_15_LA_DAL,2019,15,2019-12-15,LA,00-0033106,J.Goff,53,-6.09371
2019_15_MIA_NYG,2019,15,2019-12-15,MIA,00-0023682,R.Fitzpatrick,48,0.39328
2019_15_MIA_NYG,2019,15,2019-12-15,NYG,00-0022803,E.Manning,29,1.82453
2019_15_MIA_NYG,2019,15,2019-12-15,NYG,00-0029623,A.Tanney,1,-0.04524
2019_15_MIN_LAC,2019,15,2019-12-15,LAC,00-0022942,P.Rivers,42,-17.39569
2019_15_MIN_LAC,2019,15,2019-12-15,MIN,00-0029604,K.Cousins,25,6.19783
2019_15_NE_CIN,2019,15,2019-12-15,CIN,00-0027973,A.Dalton,31,-12.47257
2019_15_NE_CIN,2019,15,2019-12-15,NE,00-0019596,T.Brady,31,-2.43284
2019_15_NYJ_BAL,2019,15,2019-12-12,BAL,00-0029665,R.Griffin III,1,-0.40547
2019_15_NYJ_BAL,2019,15,2019-12-12,BAL,00-0034796,L.Jackson,26,18.66056
2019_15_NYJ_BAL,2019,15,2019-12-12,NYJ,00-0034869,S.Darnold,34,-7.15133
2019_15_PHI_WAS,2019,15,2019-12-15,PHI,00-0032950,C.Wentz,47,8.90859
2019_15_PHI_WAS,2019,15,2019-12-15,WAS,00-0035232,D.Haskins,31,-0.4091
2019_15_SEA_CAR,2019,15,2019-12-15,CAR,00-0033280,C.McCaffrey,1,-0.50225
2019_15_SEA_CAR,2019,15,2019-12-15,CAR,00-0034577,K.Allen,45,-0.74365
2019_15_SEA_CAR,2019,15,2019-12-15,SEA,00-0029263,R.Wilson,29,17.40967
2019_15_SEA_CAR,2019,15,2019-12-15,SEA,00-0029664,J.Gordon,1,-2.87346
2019_15_TB_DET,2019,15,2019-12-15,DET,00-0035040,D.Blough,48,-21.63289
2019_15_TB_DET,2019,15,2019-12-15,TB,00-0031503,J.Winston,44,25.19754
2019_16_ARI_SEA,2019,16,2019-12-22,ARI,00-0031589,B.Hundley,12,2.56518
2019_16_ARI_SEA,2019,16,2019-12-22,ARI,00-0035228,K.Murray,22,1.8031
2019_16_ARI_SEA,2019,16,2019-12-22,SEA,00-0029263,R.Wilson,37,-9.54358
2019_16_BAL_CLE,2019,16,2019-12-22,BAL,00-0034796,L.Jackson,34,14.51322
2019_16_BAL_CLE,2019,16,2019-12-22,CLE,00-0033923,K.Hunt,1,-1.22352
2019_16_BAL_CLE,2019,16,2019-12-22,CLE,00-0034855,B.Mayfield,34,1.62595
2019_16_BUF_NE,2019,16,2019-12-21,BUF,00-0034857,J.Allen,31,3.41066
2019_16_BUF_NE,2019,16,2019-12-21,NE,00-0019596,T.Brady,34,3.64363
2019_16_CAR_IND,2019,16,2019-12-22,CAR,00-0031363,M.Palardy,1,3.80444
2019_16_CAR_IND,2019,16,2019-12-22,CAR,00-0035251,W.Grier,52,-11.29192
2019_16_CAR_IND,2019,16,2019-12-22,IND,00-0033119,J.Brissett,32,-4.02526
2019_16_CIN_MIA,2019,16,2019-12-22,CIN,00-0027973,A.Dalton,59,12.52846
2019_16_CIN_MIA,2019,16,2019-12-22,MIA,00-0023682,R.Fitzpatrick,55,19.37609
2019_16_DAL_PHI,2019,16,2019-12-22,DAL,00-0033077,D.Prescott,47,-4.97662
2019_16_DAL_PHI,2019,16,2019-12-22,PHI,00-0032950,C.Wentz,44,7.90807
2019_16_DET_DEN,2019,16,2019-12-22,DEN,00-0034959,A.Beck,1,2.35155
2019_16_DET_DEN,2019,16,2019-12-22,DEN,00-0035704,D.Lock,35,4.27078
2019_16_DET_DEN,2019,16,2019-12-22,DET,00-0035040,D.Blough,28,-5.20277
2019_16_GB_MIN,2019,16,2019-12-23,GB,00-0023459,A.Rodgers,43,-17.81991
2019_16_GB_MIN,2019,16,2019-12-23,MIN,00-0029604,K.Cousins,36,-22.88603
2019_16_GB_MIN,2019,16,2019-12-23,MIN,00-0031588,S.Diggs,1,-1.81941
2019_16_HOU_TB,2019,16,2019-12-21,HOU,00-0033537,D.Watson,42,-5.15573
2019_16_HOU_TB,2019,16,2019-12-21,TB,00-0031503,J.Winston,53,-3.9087
2019_16_JAX_ATL,2019,16,2019-12-22,ATL,00-0026143,M.Ryan,47,10.82834
2019_16_JAX_ATL,2019,16,2019-12-22,JAX,00-0034437,L.Cooke,1,3.03078
2019_16_JAX_ATL,2019,16,2019-12-22,JAX,00-0035289,G.Minshew II,40,-4.52071
2019_16_KC_CHI,2019,16,2019-12-22,CHI,00-0033869,M.Trubisky,37,-12.19086
2019_16_KC_CHI,2019,16,2019-12-22,KC,00-0033873,P.Mahomes,36,16.05576
2019_16_LA_SF,2019,16,2019-12-21,LA,00-0033106,J.Goff,50,4.73248
2019_16_LA_SF,2019,16,2019-12-21,SF,00-0031345,J.Garoppolo,34,-6.30339
2019_16_NO_TEN,2019,16,2019-12-22,NO,00-0020531,D.Brees,41,8.60393
2019_16_NO_TEN,2019,16,2019-12-22,NO,00-0033357,T.Hill,2,-0.72963
2019_16_NO_TEN,2019,16,2019-12-22,TEN,00-0029701,R.Tannehill,33,1.0665
2019_16_NYG_WAS,2019,16,2019-12-22,NYG,00-0035710,D.Jones,46,25.49884
2019_16_NYG_WAS,2019,16,2019-12-22,WAS,00-0028986,C.Keenum,24,3.86198
2019_16_NYG_WAS,2019,16,2019-12-22,WAS,00-0035232,D.Haskins,17,10.15776
2019_16_NYG_WAS,2019,16,2019-12-22,WAS,00-0035297,K.Harmon,1,0.90287
2019_16_OAK_LAC,2019,16,2019-12-22,LAC,00-0022942,P.Rivers,40,4.62981
2019_16_OAK_LAC,2019,16,2019-12-22,LV,00-0031280,D.Carr,34,16.75121
2019_16_PIT_NYJ,2019,16,2019-12-22,NYJ,00-0034869,S.Darnold,29,-4.05911
2019_16_PIT_NYJ,2019,16,2019-12-22,PIT,00-0034771,M.Rudolph,22,4.06846
2019_16_PIT_NYJ,2019,16,2019-12-22,PIT,00-0035577,D.Hodges,20,-8.99243
2019_17_ARI_LA,2019,17,2019-12-29,ARI,00-0031589,B.Hundley,1,-0.50453
2019_17_ARI_LA,2019,17,2019-12-29,ARI,00-0035228,K.Murray,42,7.92243
2019_17_ARI_LA,2019,17,2019-12-29,LA,00-0033106,J.Goff,47,14.91611
2019_17_ATL_TB,2019,17,2019-12-29,ATL,00-0026143,M.Ryan,58,-7.24326
2019_17_ATL_TB,2019,17,2019-12-29,TB,00-0031503,J.Winston,27,-7.85616
2019_17_CHI_MIN,2019,17,2019-12-29,CHI,00-0033869,M.Trubisky,42,-2.28709
2019_17_CHI_MIN,2019,17,2019-12-29,MIN,00-0032245,S.Mannion,21,-4.0609
2019_17_CLE_CIN,2019,17,2019-12-29,CIN,00-0027973,A.Dalton,31,9.46511
2019_17_CLE_CIN,2019,17,2019-12-29,CLE,00-0034855,B.Mayfield,37,4.46798
2019_17_GB_DET,2019,17,2019-12-29,DET,00-0026035,D.Amendola,1,1.95854
2019_17_GB_DET,2019,17,2019-12-29,DET,00-0035040,D.Blough,32,-13.70537
2019_17_GB_DET,2019,17,2019-12-29,GB,00-0023459,A.Rodgers,57,8.30261
2019_17_IND_JAX,2019,17,2019-12-29,IND,00-0033119,J.Brissett,30,-12.4714
2019_17_IND_JAX,2019,17,2019-12-29,JAX,00-0035289,G.Minshew II,44,10.73707
2019_17_LAC_KC,2019,17,2019-12-29,KC,00-0033873,P.Mahomes,27,-0.87603
2019_17_LAC_KC,2019,17,2019-12-29,LAC,00-0022942,P.Rivers,50,8.97715
2019_17_MIA_NE,2019,17,2019-12-29,MIA,00-0023682,R.Fitzpatrick,47,13.98679
2019_17_MIA_NE,2019,17,2019-12-29,MIA,00-0030669,A.Wilson,2,0.94252
2019_17_MIA_NE,2019,17,2019-12-29,MIA,00-0033400,M.Haack,1,-2.8551
2019_17_MIA_NE,2019,17,2019-12-29,NE,00-0019596,T.Brady,30,0.15215
2019_17_NO_CAR,2019,17,2019-12-29,CAR,00-0034577,K.Allen,44,1.62146
2019_17_NO_CAR,2019,17,2019-12-29,CAR,00-0035251,W.Grier,11,-16.33414
2019_17_NO_CAR,2019,17,2019-12-29,NO,00-0020531,D.Brees,30,18.67665
2019_17_NO_CAR,2019,17,2019-12-29,NO,00-0031237,T.Bridgewater,2,0.84391
2019_17_NYJ_BUF,2019,17,2019-12-29,BUF,00-0030533,M.Barkley,35,-7.37431
2019_17_NYJ_BUF,2019,17,2019-12-29,BUF,00-0034857,J.Allen,5,-4.21332
2019_17_NYJ_BUF,2019,17,2019-12-29,NYJ,00-0034869,S.Darnold,38,1.82687
2019_17_OAK_DEN,2019,17,2019-12-29,DEN,00-0035704,D.Lock,34,5.67282
2019_17_OAK_DEN,2019,17,2019-12-29,LV,00-0031280,D.Carr,47,5.44393
2019_17_PHI_NYG,2019,17,2019-12-29,NYG,00-0035710,D.Jones,52,-5.72649
2019_17_PHI_NYG,2019,17,2019-12-29,PHI,00-0032950,C.Wentz,43,6.80286
2019_17_PIT_BAL,2019,17,2019-12-29,BAL,00-0029665,R.Griffin III,25,-6.16184
2019_17_PIT_BAL,2019,17,2019-12-29,PIT,00-0035577,D.Hodges,27,-13.89191
2019_17_SF_SEA,2019,17,2019-12-29,SEA,00-0029263,R.Wilson,47,11.12139
2019_17_SF_SEA,2019,17,2019-12-29,SF,00-0031345,J.Garoppolo,24,15.22362
2019_17_TEN_HOU,2019,17,2019-12-29,HOU,00-0031288,A.McCarron,45,-3.03763
2019_17_TEN_HOU,2019,17,2019-12-29,TEN,00-0029701,R.Tannehill,22,16.62015
2019_17_TEN_HOU,2019,17,2019-12-29,TEN,00-0032268,M.Mariota,1,1.73006
2019_17_WAS_DAL,2019,17,2019-12-29,DAL,00-0033077,D.Prescott,37,8.01877
2019_17_WAS_DAL,2019,17,2019-12-29,WAS,00-0028986,C.Keenum,39,-23.89894
2019_18_BUF_HOU,2019,18,2020-01-04,BUF,00-0031051,J.Brown,1,2.35522
2019_18_BUF_HOU,2019,18,2020-01-04,BUF,00-0034857,J.Allen,49,-1.27482
2019_18_BUF_HOU,2019,18,2020-01-04,HOU,00-0033537,D.Watson,39,-1.61895
2019_18_MIN_NO,2019,18,2020-01-05,MIN,00-0029604,K.Cousins,33,6.40299
2019_18_MIN_NO,2019,18,2020-01-05,MIN,00-0031588,S.Diggs,1,-1.51973
2019_18_MIN_NO,2019,18,2020-01-05,NO,00-0020531,D.Brees,37,-14.11017
2019_18_MIN_NO,2019,18,2020-01-05,NO,00-0033357,T.Hill,1,3.26796
2019_18_SEA_PHI,2019,18,2020-01-05,PHI,00-0021206,J.McCown,32,-3.77027
2019_18_SEA_PHI,2019,18,2020-01-05,PHI,00-0032950,C.Wentz,5,-5.2586
2019_18_SEA_PHI,2019,18,2020-01-05,SEA,00-0029263,R.Wilson,35,19.34533
2019_18_TEN_NE,2019,18,2020-01-04,NE,00-0019596,T.Brady,37,-3.11488
2019_18_TEN_NE,2019,18,2020-01-04,TEN,00-0029701,R.Tannehill,17,-1.32947
2019_18_TEN_NE,2019,18,2020-01-04,TEN,00-0032268,M.Mariota,1,-0.20805
2019_19_HOU_KC,2019,19,2020-01-12,HOU,00-0030085,K.Stills,1,-2.03057
2019_19_HOU_KC,2019,19,2020-01-12,HOU,00-0033537,D.Watson,58,6.25658
2019_19_HOU_KC,2019,19,2020-01-12,KC,00-0031325,S.Watkins,1,-0.87034
2019_19_HOU_KC,2019,19,2020-01-12,KC,00-0033873,P.Mahomes,39,23.80145
2019_19_MIN_SF,2019,19,2020-01-11,MIN,00-0029604,K.Cousins,35,-15.27571
2019_19_MIN_SF,2019,19,2020-01-11,SF,00-0031345,J.Garoppolo,21,-0.70771
2019_19_SEA_GB,2019,19,2020-01-12,GB,00-0023459,A.Rodgers,30,14.5831
2019_19_SEA_GB,2019,19,2020-01-12,SEA,00-0029263,R.Wilson,42,16.37361
2019_19_TEN_BAL,2019,19,2020-01-11,BAL,00-0034796,L.Jackson,70,-6.77498
2019_19_TEN_BAL,2019,19,2020-01-11,TEN,00-0029701,R.Tannehill,16,1.24604
2019_19_TEN_BAL,2019,19,2020-01-11,TEN,00-0032764,D.Henry,1,2.309
2019_20_GB_SF,2019,20,2020-01-19,GB,00-0023459,A.Rodgers,42,10.771
2019_20_GB_SF,2019,20,2020-01-19,SF,00-0031345,J.Garoppolo,9,-0.34453
2019_20_TEN_KC,2019,20,2020-01-19,KC,00-0033873,P.Mahomes,43,21.81359
2019_20_TEN_KC,2019,20,2020-01-19,TEN,00-0025825,B.Kern,1,3.94281
2019_20_TEN_KC,2019,20,2020-01-19,TEN,00-0029701,R.Tannehill,36,3.05082
2019_21_SF_KC,2019,21,2020-02-02,KC,00-0033873,P.Mahomes,50,5.48292
2019_21_SF_KC,2019,21,2020-02-02,SF,00-0031345,J.Garoppolo,33,0.69923
2020_01_ARI_SF,2020,1,2020-09-13,ARI,00-0035228,K.Murray,49,7.31833
2020_01_ARI_SF,2020,1,2020-09-13,SF,00-0031345,J.Garoppolo,37,0.82352
2020_01_CHI_DET,2020,1,2020-09-13,CHI,00-0033869,M.Trubisky,39,4.82319
2020_01_CHI_DET,2020,1,2020-09-13,DET,00-0026498,M.Stafford,46,1.9502
2020_01_CLE_BAL,2020,1,2020-09-13,BAL,00-0029665,R.Griffin III,1,-0.90652
2020_01_CLE_BAL,2020,1,2020-09-13,BAL,00-0034796,L.Jackson,29,17.76433
2020_01_CLE_BAL,2020,1,2020-09-13,CLE,00-0034855,B.Mayfield,42,-10.67797
2020_01_DAL_LA,2020,1,2020-09-13,DAL,00-0033077,D.Prescott,45,-1.90189
2020_01_DAL_LA,2020,1,2020-09-13,LA,00-0033106,J.Goff,34,4.65797
2020_01_GB_MIN,2020,1,2020-09-13,GB,00-0023459,A.Rodgers,44,17.96795
2020_01_GB_MIN,2020,1,2020-09-13,MIN,00-0029604,K.Cousins,31,8.38643
2020_01_HOU_KC,2020,1,2020-09-10,HOU,00-0033537,D.Watson,40,4.51169
2020_01_HOU_KC,2020,1,2020-09-10,KC,00-0033873,P.Mahomes,33,13.98783
2020_01_IND_JAX,2020,1,2020-09-13,IND,00-0022942,P.Rivers,47,9.58146
2020_01_IND_JAX,2020,1,2020-09-13,IND,00-0033119,J.Brissett,1,-1.98418
2020_01_IND_JAX,2020,1,2020-09-13,JAX,00-0035289,G.Minshew II,28,7.60258
2020_01_LAC_CIN,2020,1,2020-09-13,CIN,00-0036442,J.Burrow,42,-7.18024
2020_01_LAC_CIN,2020,1,2020-09-13,LAC,00-0028118,T.Taylor,34,0.31188
2020_01_LV_CAR,2020,1,2020-09-13,CAR,00-0031237,T.Bridgewater,39,5.86715
2020_01_LV_CAR,2020,1,2020-09-13,LV,00-0031280,D.Carr,30,10.77747
2020_01_MIA_NE,2020,1,2020-09-13,MIA,00-0023682,R.Fitzpatrick,34,-8.53395
2020_01_MIA_NE,2020,1,2020-09-13,NE,00-0027939,C.Newton,22,-2.72544
2020_01_NYJ_BUF,2020,1,2020-09-13,BUF,00-0034857,J.Allen,52,16.30509
2020_01_NYJ_BUF,2020,1,2020-09-13,NYJ,00-0034869,S.Darnold,37,-8.75722
2020_01_PHI_WAS,2020,1,2020-09-13,PHI,00-0032950,C.Wentz,50,-19.57596
2020_01_PHI_WAS,2020,1,2020-09-13,WAS,00-0035232,D.Haskins,36,-1.76894
2020_01_PIT_NYG,2020,1,2020-09-14,NYG,00-0035710,D.Jones,47,1.7771
2020_01_PIT_NYG,2020,1,2020-09-14,PIT,00-0022924,B.Roethlisberger,35,15.39477
2020_01_SEA_ATL,2020,1,2020-09-13,ATL,00-0026143,M.Ryan,56,7.04084
2020_01_SEA_ATL,2020,1,2020-09-13,SEA,00-0029263,R.Wilson,39,18.9936
2020_01_TB_NO,2020,1,2020-09-13,NO,00-0020531,D.Brees,32,-3.83567
2020_01_TB_NO,2020,1,2020-09-13,NO,00-0033357,T.Hill,2,3.72629
2020_01_TB_NO,2020,1,2020-09-13,TB,00-0019596,T.Brady,40,-9.75372
2020_01_TEN_DEN,2020,1,2020-09-14,DEN,00-0035704,D.Lock,34,-6.07547
2020_01_TEN_DEN,2020,1,2020-09-14,TEN,00-0029701,R.Tannehill,45,10.68676
2020_02_ATL_DAL,2020,2,2020-09-20,ATL,00-0026143,M.Ryan,41,15.42882
2020_02_ATL_DAL,2020,2,2020-09-20,ATL,00-0034411,R.Gage,1,-2.01243
2020_02_ATL_DAL,2020,2,2020-09-20,DAL,00-0027973,A.Dalton,1,-0.21477
2020_02_ATL_DAL,2020,2,2020-09-20,DAL,00-0028664,C.Jones,1,-3.3216
2020_02_ATL_DAL,2020,2,2020-09-20,DAL,00-0033077,D.Prescott,48,12.21973
2020_02_BAL_HOU,2020,2,2020-09-20,BAL,00-0034796,L.Jackson,31,5.07732
2020_02_BAL_HOU,2020,2,2020-09-20,HOU,00-0033537,D.Watson,44,-8.34821
2020_02_BUF_MIA,2020,2,2020-09-20,BUF,00-0034857,J.Allen,37,22.91064
2020_02_BUF_MIA,2020,2,2020-09-20,MIA,00-0023682,R.Fitzpatrick,51,6.63084
2020_02_CAR_TB,2020,2,2020-09-20,CAR,00-0031237,T.Bridgewater,47,-8.24084
2020_02_CAR_TB,2020,2,2020-09-20,TB,00-0019596,T.Brady,35,0.52438
2020_02_CIN_CLE,2020,2,2020-09-17,CIN,00-0036442,J.Burrow,67,15.13685
2020_02_CIN_CLE,2020,2,2020-09-17,CLE,00-0034855,B.Mayfield,24,12.60477
2020_02_DEN_PIT,2020,2,2020-09-20,DEN,00-0032436,J.Driskel,41,-4.14594
2020_02_DEN_PIT,2020,2,2020-09-20,DEN,00-0035704,D.Lock,6,-8.16126
2020_02_DEN_PIT,2020,2,2020-09-20,PIT,00-0022924,B.Roethlisberger,42,1.10793
2020_02_DET_GB,2020,2,2020-09-20,DET,00-0026498,M.Stafford,38,-5.06612
2020_02_DET_GB,2020,2,2020-09-20,GB,00-0023459,A.Rodgers,33,15.23453
2020_02_JAX_TEN,2020,2,2020-09-20,JAX,00-0035289,G.Minshew II,50,14.67413
2020_02_JAX_TEN,2020,2,2020-09-20,TEN,00-0029701,R.Tannehill,27,19.13256
2020_02_KC_LAC,2020,2,2020-09-20,KC,00-0033873,P.Mahomes,54,8.11743
2020_02_KC_LAC,2020,2,2020-09-20,LAC,00-0036355,J.Herbert,37,2.40719
2020_02_LA_PHI,2020,2,2020-09-20,LA,00-0033106,J.Goff,30,21.026
2020_02_LA_PHI,2020,2,2020-09-20,PHI,00-0032950,C.Wentz,44,-9.05511
2020_02_MIN_IND,2020,2,2020-09-20,IND,00-0022942,P.Rivers,27,2.86114
2020_02_MIN_IND,2020,2,2020-09-20,MIN,00-0029604,K.Cousins,28,-13.04659
2020_02_NE_SEA,2020,2,2020-09-20,NE,00-0027939,C.Newton,47,22.46446
2020_02_NE_SEA,2020,2,2020-09-20,SEA,00-0029263,R.Wilson,34,13.55148
2020_02_NO_LV,2020,2,2020-09-21,LV,00-0031280,D.Carr,42,14.25302
2020_02_NO_LV,2020,2,2020-09-21,NO,00-0020531,D.Brees,38,3.84634
2020_02_NYG_CHI,2020,2,2020-09-20,CHI,00-0033869,M.Trubisky,33,3.28866
2020_02_NYG_CHI,2020,2,2020-09-20,NYG,00-0035710,D.Jones,45,-7.10567
2020_02_SF_NYJ,2020,2,2020-09-20,NYJ,00-0034869,S.Darnold,34,-1.22279
2020_02_SF_NYJ,2020,2,2020-09-20,SF,00-0031345,J.Garoppolo,17,14.4057
2020_02_SF_NYJ,2020,2,2020-09-20,SF,00-0033319,N.Mullens,13,-6.85406
2020_02_WAS_ARI,2020,2,2020-09-20,ARI,00-0035228,K.Murray,43,3.35649
2020_02_WAS_ARI,2020,2,2020-09-20,WAS,00-0035232,D.Haskins,38,-7.32319
2020_03_CAR_LAC,2020,3,2020-09-27,CAR,00-0031237,T.Bridgewater,31,1.94639
2020_03_CAR_LAC,2020,3,2020-09-27,LAC,00-0036355,J.Herbert,52,0.41429
2020_03_CHI_ATL,2020,3,2020-09-27,ATL,00-0026143,M.Ryan,40,-7.07553
2020_03_CHI_ATL,2020,3,2020-09-27,CHI,00-0029567,N.Foles,29,5.13004
2020_03_CHI_ATL,2020,3,2020-09-27,CHI,00-0033869,M.Trubisky,25,-1.7406
2020_03_CIN_PHI,2020,3,2020-09-27,CIN,00-0036442,J.Burrow,52,3.75849
2020_03_CIN_PHI,2020,3,2020-09-27,PHI,00-0032950,C.Wentz,56,-0.10406
2020_03_DAL_SEA,2020,3,2020-09-27,DAL,00-0033077,D.Prescott,62,9.47579
2020_03_DAL_SEA,2020,3,2020-09-27,SEA,00-0029263,R.Wilson,48,5.43274
2020_03_DET_ARI,2020,3,2020-09-27,ARI,00-0035228,K.Murray,37,-3.19221
2020_03_DET_ARI,2020,3,2020-09-27,DET,00-0026498,M.Stafford,35,6.25322
2020_03_GB_NO,2020,3,2020-09-27,GB,00-0023459,A.Rodgers,34,13.29591
2020_03_GB_NO,2020,3,2020-09-27,NO,00-0020531,D.Brees,37,11.02612
2020_03_GB_NO,2020,3,2020-09-27,NO,00-0033357,T.Hill,1,0.36053
2020_03_HOU_PIT,2020,3,2020-09-27,HOU,00-0033537,D.Watson,33,7.08886
2020_03_HOU_PIT,2020,3,2020-09-27,PIT,00-0022924,B.Roethlisberger,39,7.60606
2020_03_KC_BAL,2020,3,2020-09-28,BAL,00-0034796,L.Jackson,35,-12.22465
2020_03_KC_BAL,2020,3,2020-09-28,KC,00-0033873,P.Mahomes,46,35.25243
2020_03_LA_BUF,2020,3,2020-09-27,BUF,00-0034857,J.Allen,37,8.45506
2020_03_LA_BUF,2020,3,2020-09-27,LA,00-0033106,J.Goff,35,11.56875
2020_03_LV_NE,2020,3,2020-09-27,LV,00-0031280,D.Carr,36,-2.08099
2020_03_LV_NE,2020,3,2020-09-27,NE,00-0027939,C.Newton,31,-2.70608
2020_03_MIA_JAX,2020,3,2020-09-24,JAX,00-0035289,G.Minshew II,49,-8.50044
2020_03_MIA_JAX,2020,3,2020-09-24,MIA,00-0023682,R.Fitzpatrick,24,10.36706
2020_03_NYJ_IND,2020,3,2020-09-27,IND,00-0022942,P.Rivers,21,9.94698
2020_03_NYJ_IND,2020,3,2020-09-27,IND,00-0033119,J.Brissett,4,-0.41621
2020_03_NYJ_IND,2020,3,2020-09-27,NYJ,00-0034869,S.Darnold,36,-22.1287
2020_03_SF_NYG,2020,3,2020-09-27,NYG,00-0035710,D.Jones,35,-6.42586
2020_03_SF_NYG,2020,3,2020-09-27,SF,00-0033319,N.Mullens,38,24.9493
2020_03_TB_DEN,2020,3,2020-09-27,DEN,00-0032436,J.Driskel,37,-9.06944
2020_03_TB_DEN,2020,3,2020-09-27,DEN,00-0034955,B.Rypien,10,-2.88966
2020_03_TB_DEN,2020,3,2020-09-27,TB,00-0019596,T.Brady,41,11.14269
2020_03_TEN_MIN,2020,3,2020-09-27,MIN,00-0029604,K.Cousins,30,5.53766
2020_03_TEN_MIN,2020,3,2020-09-27,TEN,00-0029701,R.Tannehill,39,0.44771
2020_03_TEN_MIN,2020,3,2020-09-27,TEN,00-0032009,A.Humphries,1,-0.47477
2020_03_WAS_CLE,2020,3,2020-09-27,CLE,00-0034855,B.Mayfield,26,7.7266
2020_03_WAS_CLE,2020,3,2020-09-27,WAS,00-0035232,D.Haskins,41,-7.01985
2020_04_ARI_CAR,2020,4,2020-10-04,ARI,00-0035228,K.Murray,35,4.72477
2020_04_ARI_CAR,2020,4,2020-10-04,CAR,00-0031237,T.Bridgewater,40,19.29635
2020_04_ATL_GB,2020,4,2020-10-05,ATL,00-0026143,M.Ryan,45,3.1981
2020_04_ATL_GB,2020,4,2020-10-05,GB,00-0023459,A.Rodgers,35,25.93772
2020_04_BAL_WAS,2020,4,2020-10-04,BAL,00-0024417,S.Koch,1,3.39333
2020_04_BAL_WAS,2020,4,2020-10-04,BAL,00-0029665,R.Griffin III,1,-1.79564
2020_04_BAL_WAS,2020,4,2020-10-04,BAL,00-0034796,L.Jackson,25,8.30919
2020_04_BAL_WAS,2020,4,2020-10-04,WAS,00-0035232,D.Haskins,48,-4.61298
2020_04_BUF_LV,2020,4,2020-10-04,BUF,00-0034857,J.Allen,35,18.57367
2020_04_BUF_LV,2020,4,2020-10-04,LV,00-0031280,D.Carr,49,6.67077
2020_04_CLE_DAL,2020,4,2020-10-04,CLE,00-0031382,J.Landry,1,3.4451
2020_04_CLE_DAL,2020,4,2020-10-04,CLE,00-0034855,B.Mayfield,32,9.022
2020_04_CLE_DAL,2020,4,2020-10-04,DAL,00-0033077,D.Prescott,62,9.58266
2020_04_DEN_NYJ,2020,4,2020-10-01,DEN,00-0034955,B.Rypien,31,1.20407
2020_04_DEN_NYJ,2020,4,2020-10-01,NYJ,00-0026158,J.Flacco,2,-0.94741
2020_04_DEN_NYJ,2020,4,2020-10-01,NYJ,00-0034869,S.Darnold,53,-5.34442
2020_04_IND_CHI,2020,4,2020-10-04,CHI,00-0029567,N.Foles,43,-4.56332
2020_04_IND_CHI,2020,4,2020-10-04,IND,00-0022942,P.Rivers,30,6.71901
2020_04_JAX_CIN,2020,4,2020-10-04,CIN,00-0036442,J.Burrow,39,9.33807
2020_04_JAX_CIN,2020,4,2020-10-04,JAX,00-0035289,G.Minshew II,44,11.0135
2020_04_LAC_TB,2020,4,2020-10-04,LAC,00-0036355,J.Herbert,29,15.82985
2020_04_LAC_TB,2020,4,2020-10-04,TB,00-0019596,T.Brady,46,12.68564
2020_04_MIN_HOU,2020,4,2020-10-04,HOU,00-0033537,D.Watson,40,4.8973
2020_04_MIN_HOU,2020,4,2020-10-04,MIN,00-0029604,K.Cousins,26,8.80085
2020_04_NE_KC,2020,4,2020-10-05,KC,00-0033873,P.Mahomes,35,4.93644
2020_04_NE_KC,2020,4,2020-10-05,NE,00-0026625,B.Hoyer,27,-7.5453
2020_04_NE_KC,2020,4,2020-10-05,NE,00-0035264,J.Stidham,14,-10.85453
2020_04_NO_DET,2020,4,2020-10-04,DET,00-0026498,M.Stafford,36,3.93257
2020_04_NO_DET,2020,4,2020-10-04,NO,00-0020531,D.Brees,27,10.55481
2020_04_NYG_LA,2020,4,2020-10-04,LA,00-0033106,J.Goff,34,-5.79683
2020_04_NYG_LA,2020,4,2020-10-04,NYG,00-0035710,D.Jones,45,-9.78689
2020_04_PHI_SF,2020,4,2020-10-04,PHI,00-0032950,C.Wentz,34,-1.53713
2020_04_PHI_SF,2020,4,2020-10-04,SF,00-0033319,N.Mullens,30,-12.48671
2020_04_PHI_SF,2020,4,2020-10-04,SF,00-0033936,C.Beathard,19,3.96739
2020_04_SEA_MIA,2020,4,2020-10-04,MIA,00-0023682,R.Fitzpatrick,50,5.48701
2020_04_SEA_MIA,2020,4,2020-10-04,SEA,00-0029263,R.Wilson,37,12.74076
2020_05_ARI_NYJ,2020,5,2020-10-11,ARI,00-0035228,K.Murray,37,13.5026
2020_05_ARI_NYJ,2020,5,2020-10-11,NYJ,00-0026158,J.Flacco,39,-0.23493
2020_05_ARI_NYJ,2020,5,2020-10-11,NYJ,00-0035510,J.Smith,1,-1.92288
2020_05_BUF_TEN,2020,5,2020-10-13,BUF,00-0030533,M.Barkley,5,-3.52393
2020_05_BUF_TEN,2020,5,2020-10-13,BUF,00-0034857,J.Allen,44,5.27218
2020_05_BUF_TEN,2020,5,2020-10-13,TEN,00-0029701,R.Tannehill,31,19.25499
2020_05_CAR_ATL,2020,5,2020-10-11,ATL,00-0026143,M.Ryan,38,-3.96894
2020_05_CAR_ATL,2020,5,2020-10-11,CAR,00-0031237,T.Bridgewater,38,14.99285
2020_05_CIN_BAL,2020,5,2020-10-11,BAL,00-0034796,L.Jackson,38,-5.07219
2020_05_CIN_BAL,2020,5,2020-10-11,CIN,00-0036442,J.Burrow,39,-25.42638
2020_05_IND_CLE,2020,5,2020-10-11,CLE,00-0031235,O.Beckham,1,0.58917
2020_05_IND_CLE,2020,5,2020-10-11,CLE,00-0034855,B.Mayfield,39,5.64307
2020_05_IND_CLE,2020,5,2020-10-11,IND,00-0022942,P.Rivers,34,-6.86282
2020_05_JAX_HOU,2020,5,2020-10-11,HOU,00-0033537,D.Watson,38,13.89933
2020_05_JAX_HOU,2020,5,2020-10-11,JAX,00-0035289,G.Minshew II,55,3.37265
2020_05_JAX_HOU,2020,5,2020-10-11,JAX,00-0035831,J.Robinson,1,-4.40899
2020_05_LAC_NO,2020,5,2020-10-12,LAC,00-0036355,J.Herbert,38,5.48305
2020_05_LAC_NO,2020,5,2020-10-12,NO,00-0020531,D.Brees,49,-0.21163
2020_05_LAC_NO,2020,5,2020-10-12,NO,00-0033357,T.Hill,1,-0.4979
2020_05_LA_WAS,2020,5,2020-10-11,LA,00-0033106,J.Goff,32,14.54901
2020_05_LA_WAS,2020,5,2020-10-11,WAS,00-0023436,A.Smith,24,-21.1531
2020_05_LA_WAS,2020,5,2020-10-11,WAS,00-0034577,K.Allen,16,-1.00368
2020_05_LV_KC,2020,5,2020-10-11,KC,00-0033873,P.Mahomes,50,9.40151
2020_05_LV_KC,2020,5,2020-10-11,LV,00-0031280,D.Carr,32,16.93093
2020_05_MIA_SF,2020,5,2020-10-11,MIA,00-0023682,R.Fitzpatrick,31,24.76049
2020_05_MIA_SF,2020,5,2020-10-11,SF,00-0031345,J.Garoppolo,20,-12.65417
2020_05_MIA_SF,2020,5,2020-10-11,SF,00-0033936,C.Beathard,20,-7.88029
2020_05_MIN_SEA,2020,5,2020-10-11,MIN,00-0029604,K.Cousins,42,11.70412
2020_05_MIN_SEA,2020,5,2020-10-11,SEA,00-0029263,R.Wilson,41,4.27152
2020_05_NYG_DAL,2020,5,2020-10-11,DAL,00-0027973,A.Dalton,12,1.35865
2020_05_NYG_DAL,2020,5,2020-10-11,DAL,00-0033077,D.Prescott,22,-0.23752
2020_05_NYG_DAL,2020,5,2020-10-11,DAL,00-0034418,C.Wilson,1,2.66844
2020_05_NYG_DAL,2020,5,2020-10-11,NYG,00-0035710,D.Jones,35,-1.98119
2020_05_PHI_PIT,2020,5,2020-10-11,PHI,00-0032950,C.Wentz,42,3.65837
2020_05_PHI_PIT,2020,5,2020-10-11,PHI,00-0036389,J.Hurts,1,1.16605
2020_05_PHI_PIT,2020,5,2020-10-11,PIT,00-0022924,B.Roethlisberger,35,13.15162
2020_05_TB_CHI,2020,5,2020-10-08,CHI,00-0029567,N.Foles,45,-4.6268
2020_05_TB_CHI,2020,5,2020-10-08,TB,00-0019596,T.Brady,44,-2.62361
2020_06_ARI_DAL,2020,6,2020-10-19,ARI,00-0035228,K.Murray,27,3.99124
2020_06_ARI_DAL,2020,6,2020-10-19,DAL,00-0027973,A.Dalton,59,-8.95071
2020_06_ATL_MIN,2020,6,2020-10-18,ATL,00-0026143,M.Ryan,44,30.26311
2020_06_ATL_MIN,2020,6,2020-10-18,MIN,00-0029604,K.Cousins,37,-0.77512
2020_06_BAL_PHI,2020,6,2020-10-18,BAL,00-0034796,L.Jackson,33,5.92441
2020_06_BAL_PHI,2020,6,2020-10-18,PHI,00-0032950,C.Wentz,47,-4.24731
2020_06_CHI_CAR,2020,6,2020-10-18,CAR,00-0031237,T.Bridgewater,40,-8.66925
2020_06_CHI_CAR,2020,6,2020-10-18,CHI,00-0029567,N.Foles,39,2.61076
2020_06_CIN_IND,2020,6,2020-10-18,CIN,00-0036442,J.Burrow,42,12.87412
2020_06_CIN_IND,2020,6,2020-10-18,IND,00-0022942,P.Rivers,45,13.43013
2020_06_CLE_PIT,2020,6,2020-10-18,CLE,00-0028986,C.Keenum,10,-4.15652
2020_06_CLE_PIT,2020,6,2020-10-18,CLE,00-0034855,B.Mayfield,23,-13.35342
2020_06_CLE_PIT,2020,6,2020-10-18,PIT,00-0022924,B.Roethlisberger,24,1.12679
2020_06_CLE_PIT,2020,6,2020-10-18,PIT,00-0034771,M.Rudolph,1,-0.63311
2020_06_DEN_NE,2020,6,2020-10-18,DEN,00-0035704,D.Lock,27,-6.31292
2020_06_DEN_NE,2020,6,2020-10-18,NE,00-0027150,J.Edelman,2,3.4443
2020_06_DEN_NE,2020,6,2020-10-18,NE,00-0027939,C.Newton,32,-16.59138
2020_06_DET_JAX,2020,6,2020-10-18,DET,00-0026498,M.Stafford,32,6.60861
2020_06_DET_JAX,2020,6,2020-10-18,JAX,00-0035289,G.Minshew II,47,-2.20713
2020_06_GB_TB,2020,6,2020-10-18,GB,00-0023459,A.Rodgers,41,-13.22842
2020_06_GB_TB,2020,6,2020-10-18,GB,00-0034177,T.Boyle,1,-2.06142
2020_06_GB_TB,2020,6,2020-10-18,TB,00-0019596,T.Brady,27,6.48245
2020_06_GB_TB,2020,6,2020-10-18,TB,00-0027948,B.Gabbert,2,0.57706
2020_06_HOU_TEN,2020,6,2020-10-18,HOU,00-0028002,R.Cobb,1,-0.51737
2020_06_HOU_TEN,2020,6,2020-10-18,HOU,00-0033537,D.Watson,41,22.50407
2020_06_HOU_TEN,2020,6,2020-10-18,TEN,00-0029701,R.Tannehill,43,16.3455
2020_06_KC_BUF,2020,6,2020-10-19,BUF,00-0034857,J.Allen,31,0.85193
2020_06_KC_BUF,2020,6,2020-10-19,KC,00-0033873,P.Mahomes,33,16.74395
2020_06_LA_SF,2020,6,2020-10-18,LA,00-0033106,J.Goff,39,-1.35294
2020_06_LA_SF,2020,6,2020-10-18,SF,00-0031345,J.Garoppolo,34,12.38856
2020_06_NYJ_MIA,2020,6,2020-10-18,MIA,00-0023682,R.Fitzpatrick,30,-3.79217
2020_06_NYJ_MIA,2020,6,2020-10-18,MIA,00-0036212,T.Tagovailoa,2,0.7485
2020_06_NYJ_MIA,2020,6,2020-10-18,NYJ,00-0026158,J.Flacco,47,-18.15749
2020_06_WAS_NYG,2020,6,2020-10-18,NYG,00-0035710,D.Jones,21,2.15048
2020_06_WAS_NYG,2020,6,2020-10-18,WAS,00-0034577,K.Allen,47,1.33379
2020_07_BUF_NYJ,2020,7,2020-10-25,BUF,00-0034857,J.Allen,48,9.96768
2020_07_BUF_NYJ,2020,7,2020-10-25,NYJ,00-0034869,S.Darnold,29,-12.36169
2020_07_CAR_NO,2020,7,2020-10-25,CAR,00-0031237,T.Bridgewater,31,14.56745
2020_07_CAR_NO,2020,7,2020-10-25,NO,00-0020531,D.Brees,36,15.28171
2020_07_CAR_NO,2020,7,2020-10-25,NO,00-0033357,T.Hill,1,-0.80867
2020_07_CHI_LA,2020,7,2020-10-26,CHI,00-0029567,N.Foles,44,-17.92633
2020_07_CHI_LA,2020,7,2020-10-26,LA,00-0033106,J.Goff,35,3.64504
2020_07_CLE_CIN,2020,7,2020-10-25,CIN,00-0033009,T.Boyd,1,1.23613
2020_07_CLE_CIN,2020,7,2020-10-25,CIN,00-0036442,J.Burrow,52,18.20346
2020_07_CLE_CIN,2020,7,2020-10-25,CLE,00-0031382,J.Landry,1,1.21062
2020_07_CLE_CIN,2020,7,2020-10-25,CLE,00-0034855,B.Mayfield,27,22.05137
2020_07_DAL_WAS,2020,7,2020-10-25,DAL,00-0027973,A.Dalton,25,-7.63269
2020_07_DAL_WAS,2020,7,2020-10-25,DAL,00-0036384,B.DiNucci,6,-2.50425
2020_07_DAL_WAS,2020,7,2020-10-25,WAS,00-0034577,K.Allen,28,10.3996
2020_07_DET_ATL,2020,7,2020-10-25,ATL,00-0026143,M.Ryan,44,9.68192
2020_07_DET_ATL,2020,7,2020-10-25,DET,00-0026498,M.Stafford,35,12.4834
2020_07_GB_HOU,2020,7,2020-10-25,GB,00-0023459,A.Rodgers,34,17.99236
2020_07_GB_HOU,2020,7,2020-10-25,HOU,00-0033537,D.Watson,48,8.08697
2020_07_JAX_LAC,2020,7,2020-10-25,JAX,00-0035289,G.Minshew II,36,-2.66038
2020_07_JAX_LAC,2020,7,2020-10-25,LAC,00-0035282,E.Stick,1,-0.23897
2020_07_JAX_LAC,2020,7,2020-10-25,LAC,00-0036355,J.Herbert,47,18.50463
2020_07_KC_DEN,2020,7,2020-10-25,DEN,00-0035704,D.Lock,44,-18.59316
2020_07_KC_DEN,2020,7,2020-10-25,KC,00-0026197,C.Henne,3,2.15309
2020_07_KC_DEN,2020,7,2020-10-25,KC,00-0033873,P.Mahomes,26,-2.36332
2020_07_NYG_PHI,2020,7,2020-10-22,NYG,00-0035710,D.Jones,34,-3.79194
2020_07_NYG_PHI,2020,7,2020-10-22,PHI,00-0032950,C.Wentz,48,7.87363
2020_07_PIT_TEN,2020,7,2020-10-25,PIT,00-0022924,B.Roethlisberger,49,6.07014
2020_07_PIT_TEN,2020,7,2020-10-25,TEN,00-0025825,B.Kern,1,-1.87633
2020_07_PIT_TEN,2020,7,2020-10-25,TEN,00-0029701,R.Tannehill,33,6.55871
2020_07_SEA_ARI,2020,7,2020-10-25,ARI,00-0035228,K.Murray,48,9.28849
2020_07_SEA_ARI,2020,7,2020-10-25,SEA,00-0029263,R.Wilson,57,1.90368
2020_07_SF_NE,2020,7,2020-10-25,NE,00-0027939,C.Newton,18,-12.28914
2020_07_SF_NE,2020,7,2020-10-25,NE,00-0035264,J.Stidham,12,-3.44288
2020_07_SF_NE,2020,7,2020-10-25,SF,00-0031345,J.Garoppolo,27,16.8744
2020_07_TB_LV,2020,7,2020-10-25,LV,00-0031280,D.Carr,41,-3.11705
2020_07_TB_LV,2020,7,2020-10-25,TB,00-0019596,T.Brady,43,27.05648
2020_08_ATL_CAR,2020,8,2020-10-29,ATL,00-0026143,M.Ryan,36,15.92376
2020_08_ATL_CAR,2020,8,2020-10-29,CAR,00-0031237,T.Bridgewater,30,0.54251
2020_08_ATL_CAR,2020,8,2020-10-29,CAR,00-0033275,P.Walker,4,-2.82685
2020_08_DAL_PHI,2020,8,2020-11-01,DAL,00-0036384,B.DiNucci,44,-24.44147
2020_08_DAL_PHI,2020,8,2020-11-01,PHI,00-0032950,C.Wentz,32,-16.18901
2020_08_DAL_PHI,2020,8,2020-11-01,PHI,00-0033733,G.Ward,1,-1.21592
2020_08_DAL_PHI,2020,8,2020-11-01,PHI,00-0036389,J.Hurts,1,0.68573
2020_08_IND_DET,2020,8,2020-11-01,DET,00-0026498,M.Stafford,47,-6.02791
2020_08_IND_DET,2020,8,2020-11-01,IND,00-0022942,P.Rivers,35,17.67825
2020_08_IND_DET,2020,8,2020-11-01,IND,00-0033251,Z.Pascal,1,-0.55611
2020_08_LAC_DEN,2020,8,2020-11-01,DEN,00-0035704,D.Lock,43,2.77503
2020_08_LAC_DEN,2020,8,2020-11-01,LAC,00-0030279,K.Allen,1,-0.51742
2020_08_LAC_DEN,2020,8,2020-11-01,LAC,00-0036355,J.Herbert,47,4.83712
2020_08_LA_MIA,2020,8,2020-11-01,LA,00-0033106,J.Goff,62,-25.45234
2020_08_LA_MIA,2020,8,2020-11-01,MIA,00-0036212,T.Tagovailoa,24,-10.68444
2020_08_LV_CLE,2020,8,2020-11-01,CLE,00-0034855,B.Mayfield,29,-5.13503
2020_08_LV_CLE,2020,8,2020-11-01,LV,00-0031280,D.Carr,29,2.47372
2020_08_MIN_GB,2020,8,2020-11-01,GB,00-0023459,A.Rodgers,43,10.0604
2020_08_MIN_GB,2020,8,2020-11-01,MIN,00-0029604,K.Cousins,15,12.01354
2020_08_NE_BUF,2020,8,2020-11-01,BUF,00-0034857,J.Allen,22,-1.37826
2020_08_NE_BUF,2020,8,2020-11-01,NE,00-0027939,C.Newton,28,2.20867
2020_08_NO_CHI,2020,8,2020-11-01,CHI,00-0029567,N.Foles,46,-1.91719
2020_08_NO_CHI,2020,8,2020-11-01,NO,00-0020531,D.Brees,43,7.35426
2020_08_NYJ_KC,2020,8,2020-11-01,KC,00-0026197,C.Henne,4,-1.12929
2020_08_NYJ_KC,2020,8,2020-11-01,KC,00-0033873,P.Mahomes,42,27.69037
2020_08_NYJ_KC,2020,8,2020-11-01,KC,00-0035889,T.Townsend,1,3.45302
2020_08_NYJ_KC,2020,8,2020-11-01,NYJ,00-0034869,S.Darnold,34,-10.32197
2020_08_PIT_BAL,2020,8,2020-11-01,BAL,00-0034796,L.Jackson,36,-7.4379
2020_08_PIT_BAL,2020,8,2020-11-01,PIT,00-0022924,B.Roethlisberger,34,0.27486
2020_08_SF_SEA,2020,8,2020-11-01,SEA,00-0029263,R.Wilson,40,18.01916
2020_08_SF_SEA,2020,8,2020-11-01,SF,00-0031345,J.Garoppolo,20,-6.14535
2020_08_SF_SEA,2020,8,2020-11-01,SF,00-0033319,N.Mullens,25,18.30487
2020_08_TB_NYG,2020,8,2020-11-02,NYG,00-0027891,G.Tate,1,2.64877
2020_08_TB_NYG,2020,8,2020-11-02,NYG,00-0035710,D.Jones,45,1.78104
2020_08_TB_NYG,2020,8,2020-11-02,TB,00-0019596,T.Brady,42,6.45339
2020_08_TEN_CIN,2020,8,2020-11-01,CIN,00-0036442,J.Burrow,38,17.36017
2020_08_TEN_CIN,2020,8,2020-11-01,TEN,00-0029701,R.Tannehill,33,2.90797
2020_09_BAL_IND,2020,9,2020-11-08,BAL,00-0034796,L.Jackson,29,6.30399
2020_09_BAL_IND,2020,9,2020-11-08,IND,00-0022942,P.Rivers,41,-13.80241
2020_09_BAL_IND,2020,9,2020-11-08,IND,00-0033119,J.Brissett,1,-0.31588
2020_09_CAR_KC,2020,9,2020-11-08,CAR,00-0031237,T.Bridgewater,51,17.88593
2020_09_CAR_KC,2020,9,2020-11-08,CAR,00-0036320,J.Charlton,1,4.7322
2020_09_CAR_KC,2020,9,2020-11-08,KC,00-0033873,P.Mahomes,47,15.16695
2020_09_CHI_TEN,2020,9,2020-11-08,CHI,00-0029567,N.Foles,56,-6.55323
2020_09_CHI_TEN,2020,9,2020-11-08,TEN,00-0029701,R.Tannehill,25,-1.01351
2020_09_DEN_ATL,2020,9,2020-11-08,ATL,00-0026143,M.Ryan,38,11.87798
2020_09_DEN_ATL,2020,9,2020-11-08,DEN,00-0035704,D.Lock,55,3.68416
2020_09_DET_MIN,2020,9,2020-11-08,DET,00-0026498,M.Stafford,34,-1.44142
2020_09_DET_MIN,2020,9,2020-11-08,DET,00-0026544,C.Daniel,13,-4.59052
2020_09_DET_MIN,2020,9,2020-11-08,MIN,00-0029604,K.Cousins,21,6.33551
2020_09_GB_SF,2020,9,2020-11-05,GB,00-0023459,A.Rodgers,33,20.95287
2020_09_GB_SF,2020,9,2020-11-05,SF,00-0033319,N.Mullens,36,-2.95358
2020_09_HOU_JAX,2020,9,2020-11-08,HOU,00-0033537,D.Watson,40,14.67846
2020_09_HOU_JAX,2020,9,2020-11-08,JAX,00-0036312,J.Luton,41,5.52976
2020_09_LV_LAC,2020,9,2020-11-08,LAC,00-0036355,J.Herbert,46,8.92583
2020_09_LV_LAC,2020,9,2020-11-08,LV,00-0031280,D.Carr,26,3.11293
2020_09_MIA_ARI,2020,9,2020-11-08,ARI,00-0035228,K.Murray,32,10.9256
2020_09_MIA_ARI,2020,9,2020-11-08,MIA,00-0036212,T.Tagovailoa,33,12.3471
2020_09_NE_NYJ,2020,9,2020-11-09,NE,00-0027939,C.Newton,35,13.53896
2020_09_NE_NYJ,2020,9,2020-11-09,NYJ,00-0026158,J.Flacco,26,14.23741
2020_09_NO_TB,2020,9,2020-11-08,NO,00-0020531,D.Brees,33,5.41427
2020_09_NO_TB,2020,9,2020-11-08,NO,00-0031503,J.Winston,1,1.88549
2020_09_NO_TB,2020,9,2020-11-08,NO,00-0033357,T.Hill,3,6.28903
2020_09_NO_TB,2020,9,2020-11-08,TB,00-0019596,T.Brady,41,-23.32335
2020_09_NYG_WAS,2020,9,2020-11-08,NYG,00-0035710,D.Jones,39,2.6041
2020_09_NYG_WAS,2020,9,2020-11-08,WAS,00-0023436,A.Smith,34,2.11664
2020_09_NYG_WAS,2020,9,2020-11-08,WAS,00-0034577,K.Allen,7,-1.66621
2020_09_PIT_DAL,2020,9,2020-11-08,DAL,00-0031395,G.Gilbert,41,-6.99105
2020_09_PIT_DAL,2020,9,2020-11-08,PIT,00-0022924,B.Roethlisberger,43,13.67796
2020_09_PIT_DAL,2020,9,2020-11-08,PIT,00-0034771,M.Rudolph,3,-1.20699
2020_09_SEA_BUF,2020,9,2020-11-08,BUF,00-0034857,J.Allen,48,17.1443
2020_09_SEA_BUF,2020,9,2020-11-08,SEA,00-0029263,R.Wilson,47,2.21928
2020_10_BAL_NE,2020,10,2020-11-15,BAL,00-0034796,L.Jackson,40,5.78037
2020_10_BAL_NE,2020,10,2020-11-15,NE,00-0027939,C.Newton,18,3.25961
2020_10_BAL_NE,2020,10,2020-11-15,NE,00-0034960,J.Meyers,1,3.51888
2020_10_BUF_ARI,2020,10,2020-11-15,ARI,00-0035228,K.Murray,39,4.6255
2020_10_BUF_ARI,2020,10,2020-11-15,BUF,00-0033466,I.McKenzie,1,2.29472
2020_10_BUF_ARI,2020,10,2020-11-15,BUF,00-0034857,J.Allen,50,0.29966
2020_10_CIN_PIT,2020,10,2020-11-15,CIN,00-0036442,J.Burrow,43,-16.32461
2020_10_CIN_PIT,2020,10,2020-11-15,PIT,00-0022924,B.Roethlisberger,46,11.55769
2020_10_DEN_LV,2020,10,2020-11-15,DEN,00-0035704,D.Lock,49,-17.92732
2020_10_DEN_LV,2020,10,2020-11-15,LV,00-0031280,D.Carr,27,3.28194
2020_10_HOU_CLE,2020,10,2020-11-15,CLE,00-0034855,B.Mayfield,22,-4.22127
2020_10_HOU_CLE,2020,10,2020-11-15,HOU,00-0033537,D.Watson,34,2.97061
2020_10_IND_TEN,2020,10,2020-11-12,IND,00-0022942,P.Rivers,39,15.04416
2020_10_IND_TEN,2020,10,2020-11-12,TEN,00-0029701,R.Tannehill,30,-3.06546
2020_10_JAX_GB,2020,10,2020-11-15,GB,00-0023459,A.Rodgers,36,2.2138
2020_10_JAX_GB,2020,10,2020-11-15,JAX,00-0036312,J.Luton,38,-12.14811
2020_10_LAC_MIA,2020,10,2020-11-15,LAC,00-0036355,J.Herbert,36,-4.66246
2020_10_LAC_MIA,2020,10,2020-11-15,MIA,00-0036212,T.Tagovailoa,26,8.517
2020_10_MIN_CHI,2020,10,2020-11-16,CHI,00-0029567,N.Foles,29,-15.04813
2020_10_MIN_CHI,2020,10,2020-11-16,CHI,00-0030151,T.Bray,4,-1.06109
2020_10_MIN_CHI,2020,10,2020-11-16,MIN,00-0029604,K.Cousins,37,5.82205
2020_10_PHI_NYG,2020,10,2020-11-15,NYG,00-0035710,D.Jones,33,8.61842
2020_10_PHI_NYG,2020,10,2020-11-15,PHI,00-0032950,C.Wentz,41,-4.47373
2020_10_SEA_LA,2020,10,2020-11-15,LA,00-0033106,J.Goff,42,4.82312
2020_10_SEA_LA,2020,10,2020-11-15,SEA,00-0029263,R.Wilson,50,-7.07611
2020_10_SF_NO,2020,10,2020-11-15,NO,00-0020531,D.Brees,13,0.0396
2020_10_SF_NO,2020,10,2020-11-15,NO,00-0031503,J.Winston,13,-0.8678
2020_10_SF_NO,2020,10,2020-11-15,NO,00-0033357,T.Hill,1,-1.99504
2020_10_SF_NO,2020,10,2020-11-15,SF,00-0033319,N.Mullens,41,-0.01315
2020_10_SF_NO,2020,10,2020-11-15,SF,00-0033936,C.Beathard,1,-1.04301
2020_10_TB_CAR,2020,10,2020-11-15,CAR,00-0031237,T.Bridgewater,28,-2.07746
2020_10_TB_CAR,2020,10,2020-11-15,CAR,00-0033275,P.Walker,5,-4.29563
2020_10_TB_CAR,2020,10,2020-11-15,CAR,00-0036320,J.Charlton,1,-3.27428
2020_10_TB_CAR,2020,10,2020-11-15,TB,00-0019596,T.Brady,41,22.32508
2020_10_WAS_DET,2020,10,2020-11-15,DET,00-0026498,M.Stafford,34,11.17118
2020_10_WAS_DET,2020,10,2020-11-15,WAS,00-0023436,A.Smith,58,11.88816
2020_11_ARI_SEA,2020,11,2020-11-19,ARI,00-0035228,K.Murray,47,11.36069
2020_11_ARI_SEA,2020,11,2020-11-19,SEA,00-0029263,R.Wilson,38,10.90218
2020_11_ATL_NO,2020,11,2020-11-22,ATL,00-0026143,M.Ryan,45,-15.59228
2020_11_ATL_NO,2020,11,2020-11-22,NO,00-0033357,T.Hill,30,2.62135
2020_11_CIN_WAS,2020,11,2020-11-22,CIN,00-0035652,R.Finley,15,-11.77042
2020_11_CIN_WAS,2020,11,2020-11-22,CIN,00-0036442,J.Burrow,35,2.96318
2020_11_CIN_WAS,2020,11,2020-11-22,WAS,00-0023436,A.Smith,27,-3.53454
2020_11_DAL_MIN,2020,11,2020-11-22,DAL,00-0027973,A.Dalton,34,1.54401
2020_11_DAL_MIN,2020,11,2020-11-22,MIN,00-0029604,K.Cousins,33,4.30542
2020_11_DET_CAR,2020,11,2020-11-22,CAR,00-0033275,P.Walker,35,-0.54502
2020_11_DET_CAR,2020,11,2020-11-22,CAR,00-0034827,D.Moore,1,-0.40847
2020_11_DET_CAR,2020,11,2020-11-22,DET,00-0026498,M.Stafford,39,-10.73416
2020_11_GB_IND,2020,11,2020-11-22,GB,00-0023459,A.Rodgers,39,2.4881
2020_11_GB_IND,2020,11,2020-11-22,IND,00-0022942,P.Rivers,37,3.36199
2020_11_KC_LV,2020,11,2020-11-22,KC,00-0030506,T.Kelce,1,0.87868
2020_11_KC_LV,2020,11,2020-11-22,KC,00-0033873,P.Mahomes,47,21.70372
2020_11_KC_LV,2020,11,2020-11-22,LV,00-0031280,D.Carr,33,15.80583
2020_11_LA_TB,2020,11,2020-11-23,LA,00-0033106,J.Goff,50,9.73121
2020_11_LA_TB,2020,11,2020-11-23,TB,00-0019596,T.Brady,49,-9.62815
2020_11_MIA_DEN,2020,11,2020-11-22,DEN,00-0035704,D.Lock,31,4.45759
2020_11_MIA_DEN,2020,11,2020-11-22,MIA,00-0023682,R.Fitzpatrick,19,-0.0132
2020_11_MIA_DEN,2020,11,2020-11-22,MIA,00-0036212,T.Tagovailoa,26,-9.75089
2020_11_NE_HOU,2020,11,2020-11-22,HOU,00-0033537,D.Watson,43,22.50788
2020_11_NE_HOU,2020,11,2020-11-22,NE,00-0027939,C.Newton,42,11.02134
2020_11_NYJ_LAC,2020,11,2020-11-22,LAC,00-0036355,J.Herbert,54,12.93508
2020_11_NYJ_LAC,2020,11,2020-11-22,NYJ,00-0026158,J.Flacco,32,-2.07761
2020_11_PHI_CLE,2020,11,2020-11-22,CLE,00-0034855,B.Mayfield,24,0.11021
2020_11_PHI_CLE,2020,11,2020-11-22,PHI,00-0032950,C.Wentz,40,-9.5923
2020_11_PIT_JAX,2020,11,2020-11-22,JAX,00-0036312,J.Luton,39,-26.25813
2020_11_PIT_JAX,2020,11,2020-11-22,PIT,00-0022924,B.Roethlisberger,46,6.68169
2020_11_TEN_BAL,2020,11,2020-11-22,BAL,00-0034796,L.Jackson,33,4.57493
2020_11_TEN_BAL,2020,11,2020-11-22,TEN,00-0029701,R.Tannehill,35,9.33024
2020_11_TEN_BAL,2020,11,2020-11-22,TEN,00-0034438,L.Woodside,1,3.01928
2020_12_ARI_NE,2020,12,2020-11-29,ARI,00-0035228,K.Murray,39,-1.38121
2020_12_ARI_NE,2020,12,2020-11-29,NE,00-0027939,C.Newton,20,-11.83576
2020_12_BAL_PIT,2020,12,2020-12-02,BAL,00-0029665,R.Griffin III,15,-17.62746
2020_12_BAL_PIT,2020,12,2020-12-02,BAL,00-0035146,T.McSorley,7,3.1972
2020_12_BAL_PIT,2020,12,2020-12-02,PIT,00-0022924,B.Roethlisberger,51,-4.71956
2020_12_CAR_MIN,2020,12,2020-11-29,CAR,00-0031237,T.Bridgewater,37,3.80464
2020_12_CAR_MIN,2020,12,2020-11-29,MIN,00-0029604,K.Cousins,48,7.79154
2020_12_CHI_GB,2020,12,2020-11-29,CHI,00-0033869,M.Trubisky,50,-2.86591
2020_12_CHI_GB,2020,12,2020-11-29,GB,00-0023459,A.Rodgers,31,15.77243
2020_12_CLE_JAX,2020,12,2020-11-29,CLE,00-0034855,B.Mayfield,32,7.1916
2020_12_CLE_JAX,2020,12,2020-11-29,JAX,00-0030520,M.Glennon,35,4.94879
2020_12_HOU_DET,2020,12,2020-11-26,DET,00-0026498,M.Stafford,47,-0.75919
2020_12_HOU_DET,2020,12,2020-11-26,DET,00-0033572,J.Agnew,1,-0.46816
2020_12_HOU_DET,2020,12,2020-11-26,HOU,00-0033537,D.Watson,30,18.85641
2020_12_KC_TB,2020,12,2020-11-29,KC,00-0030506,T.Kelce,1,-0.42558
2020_12_KC_TB,2020,12,2020-11-29,KC,00-0033873,P.Mahomes,53,22.12023
2020_12_KC_TB,2020,12,2020-11-29,TB,00-0019596,T.Brady,42,7.2311
2020_12_LAC_BUF,2020,12,2020-11-29,BUF,00-0029000,C.Beasley,1,2.91377
2020_12_LAC_BUF,2020,12,2020-11-29,BUF,00-0030533,M.Barkley,1,-1.61599
2020_12_LAC_BUF,2020,12,2020-11-29,BUF,00-0034857,J.Allen,27,2.91644
2020_12_LAC_BUF,2020,12,2020-11-29,LAC,00-0036355,J.Herbert,55,5.12908
2020_12_LV_ATL,2020,12,2020-11-29,ATL,00-0026143,M.Ryan,41,-3.41645
2020_12_LV_ATL,2020,12,2020-11-29,LV,00-0031280,D.Carr,37,-26.27472
2020_12_LV_ATL,2020,12,2020-11-29,LV,00-0033958,N.Peterman,8,-2.19492
2020_12_MIA_NYJ,2020,12,2020-11-29,MIA,00-0023682,R.Fitzpatrick,43,6.07691
2020_12_MIA_NYJ,2020,12,2020-11-29,NYJ,00-0034869,S.Darnold,32,-10.63172
2020_12_NO_DEN,2020,12,2020-11-29,DEN,00-0035864,K.Hinton,11,-12.91544
2020_12_NO_DEN,2020,12,2020-11-29,NO,00-0033357,T.Hill,21,-10.09431
2020_12_NYG_CIN,2020,12,2020-11-29,CIN,00-0032434,B.Allen,33,-19.0056
2020_12_NYG_CIN,2020,12,2020-11-29,NYG,00-0027688,C.McCoy,12,-3.21898
2020_12_NYG_CIN,2020,12,2020-11-29,NYG,00-0027891,G.Tate,1,-0.78337
2020_12_NYG_CIN,2020,12,2020-11-29,NYG,00-0035710,D.Jones,30,5.37692
2020_12_SEA_PHI,2020,12,2020-11-30,PHI,00-0032950,C.Wentz,53,-11.88489
2020_12_SEA_PHI,2020,12,2020-11-30,PHI,00-0036389,J.Hurts,1,0.04932
2020_12_SEA_PHI,2020,12,2020-11-30,SEA,00-0029263,R.Wilson,35,-1.32981
2020_12_SF_LA,2020,12,2020-11-29,LA,00-0033106,J.Goff,37,-26.31194
2020_12_SF_LA,2020,12,2020-11-29,SF,00-0033319,N.Mullens,37,-4.87818
2020_12_TEN_IND,2020,12,2020-11-29,IND,00-0022942,P.Rivers,43,5.89467
2020_12_TEN_IND,2020,12,2020-11-29,IND,00-0033119,J.Brissett,4,-2.86058
2020_12_TEN_IND,2020,12,2020-11-29,TEN,00-0029701,R.Tannehill,23,10.55917
2020_12_WAS_DAL,2020,12,2020-11-26,DAL,00-0027973,A.Dalton,40,-18.51717
2020_12_WAS_DAL,2020,12,2020-11-26,DAL,00-0036358,C.Lamb,1,-1.23706
2020_12_WAS_DAL,2020,12,2020-11-26,WAS,00-0023436,A.Smith,30,-7.37206
2020_12_WAS_DAL,2020,12,2020-11-26,WAS,00-0031260,L.Thomas,1,1.86337
2020_13_BUF_SF,2020,13,2020-12-07,BUF,00-0034857,J.Allen,43,22.99182
2020_13_BUF_SF,2020,13,2020-12-07,SF,00-0033319,N.Mullens,39,11.08436
2020_13_CIN_MIA,2020,13,2020-12-06,CIN,00-0032434,B.Allen,25,-6.15368
2020_13_CIN_MIA,2020,13,2020-12-06,CIN,00-0033009,T.Boyd,1,-0.50022
2020_13_CIN_MIA,2020,13,2020-12-06,CIN,00-0035652,R.Finley,8,-3.699
2020_13_CIN_MIA,2020,13,2020-12-06,MIA,00-0036212,T.Tagovailoa,39,6.92944
2020_13_CLE_TEN,2020,13,2020-12-06,CLE,00-0031382,J.Landry,1,1.77059
2020_13_CLE_TEN,2020,13,2020-12-06,CLE,00-0034855,B.Mayfield,35,24.90232
2020_13_CLE_TEN,2020,13,2020-12-06,TEN,00-0029701,R.Tannehill,48,12.17309
2020_13_DAL_BAL,2020,13,2020-12-08,BAL,00-0034796,L.Jackson,22,1.06069
2020_13_DAL_BAL,2020,13,2020-12-08,DAL,00-0027973,A.Dalton,49,8.0652
2020_13_DEN_KC,2020,13,2020-12-06,DEN,00-0035704,D.Lock,29,3.50412
2020_13_DEN_KC,2020,13,2020-12-06,KC,00-0033873,P.Mahomes,44,8.15246
2020_13_DET_CHI,2020,13,2020-12-06,CHI,00-0033869,M.Trubisky,37,6.29014
2020_13_DET_CHI,2020,13,2020-12-06,DET,00-0026498,M.Stafford,44,17.36182
2020_13_IND_HOU,2020,13,2020-12-06,HOU,00-0033537,D.Watson,48,2.96269
2020_13_IND_HOU,2020,13,2020-12-06,IND,00-0022942,P.Rivers,38,9.9969
2020_13_JAX_MIN,2020,13,2020-12-06,JAX,00-0030520,M.Glennon,46,-8.05782
2020_13_JAX_MIN,2020,13,2020-12-06,MIN,00-0029604,K.Cousins,48,-1.22258
2020_13_LA_ARI,2020,13,2020-12-06,ARI,00-0035228,K.Murray,41,-11.5099
2020_13_LA_ARI,2020,13,2020-12-06,LA,00-0033106,J.Goff,48,18.20021
2020_13_LV_NYJ,2020,13,2020-12-06,LV,00-0031280,D.Carr,50,6.71358
2020_13_LV_NYJ,2020,13,2020-12-06,NYJ,00-0034869,S.Darnold,28,-2.15699
2020_13_NE_LAC,2020,13,2020-12-06,LAC,00-0036355,J.Herbert,55,-28.0814
2020_13_NE_LAC,2020,13,2020-12-06,NE,00-0027939,C.Newton,23,-2.46916
2020_13_NE_LAC,2020,13,2020-12-06,NE,00-0035264,J.Stidham,3,5.60779
2020_13_NO_ATL,2020,13,2020-12-06,ATL,00-0026143,M.Ryan,42,-10.73948
2020_13_NO_ATL,2020,13,2020-12-06,NO,00-0033357,T.Hill,43,5.57209
2020_13_NYG_SEA,2020,13,2020-12-06,NYG,00-0027688,C.McCoy,25,-8.50175
2020_13_NYG_SEA,2020,13,2020-12-06,SEA,00-0029263,R.Wilson,54,-12.34593
2020_13_PHI_GB,2020,13,2020-12-06,GB,00-0023459,A.Rodgers,36,15.44379
2020_13_PHI_GB,2020,13,2020-12-06,PHI,00-0032950,C.Wentz,21,-6.14578
2020_13_PHI_GB,2020,13,2020-12-06,PHI,00-0036389,J.Hurts,20,1.80799
2020_13_WAS_PIT,2020,13,2020-12-07,PIT,00-0022924,B.Roethlisberger,53,-2.34915
2020_13_WAS_PIT,2020,13,2020-12-07,WAS,00-0023436,A.Smith,49,0.34774
2020_14_ARI_NYG,2020,14,2020-12-13,ARI,00-0035228,K.Murray,44,7.17859
2020_14_ARI_NYG,2020,14,2020-12-13,NYG,00-0027688,C.McCoy,5,-3.25742
2020_14_ARI_NYG,2020,14,2020-12-13,NYG,00-0035710,D.Jones,27,-14.10628
2020_14_ATL_LAC,2020,14,2020-12-13,ATL,00-0026143,M.Ryan,35,-2.80969
2020_14_ATL_LAC,2020,14,2020-12-13,ATL,00-0034411,R.Gage,1,4.14873
2020_14_ATL_LAC,2020,14,2020-12-13,LAC,00-0036355,J.Herbert,45,5.20893
2020_14_BAL_CLE,2020,14,2020-12-14,BAL,00-0034796,L.Jackson,25,12.54877
2020_14_BAL_CLE,2020,14,2020-12-14,BAL,00-0035146,T.McSorley,4,-0.54015
2020_14_BAL_CLE,2020,14,2020-12-14,CLE,00-0031382,J.Landry,1,0.73411
2020_14_BAL_CLE,2020,14,2020-12-14,CLE,00-0034855,B.Mayfield,52,12.84359
2020_14_DAL_CIN,2020,14,2020-12-13,CIN,00-0032434,B.Allen,38,10.3533
2020_14_DAL_CIN,2020,14,2020-12-13,CIN,00-0035652,R.Finley,4,-5.00506
2020_14_DAL_CIN,2020,14,2020-12-13,DAL,00-0027973,A.Dalton,25,12.63104
2020_14_DEN_CAR,2020,14,2020-12-13,CAR,00-0031237,T.Bridgewater,46,-0.81634
2020_14_DEN_CAR,2020,14,2020-12-13,DEN,00-0035704,D.Lock,30,10.11329
2020_14_GB_DET,2020,14,2020-12-13,DET,00-0026498,M.Stafford,38,7.31241
2020_14_GB_DET,2020,14,2020-12-13,DET,00-0026544,C.Daniel,6,0.63261
2020_14_GB_DET,2020,14,2020-12-13,GB,00-0023459,A.Rodgers,37,21.44888
2020_14_HOU_CHI,2020,14,2020-12-13,CHI,00-0033869,M.Trubisky,39,10.06005
2020_14_HOU_CHI,2020,14,2020-12-13,HOU,00-0031288,A.McCarron,1,-4.92601
2020_14_HOU_CHI,2020,14,2020-12-13,HOU,00-0033537,D.Watson,42,1.44951
2020_14_IND_LV,2020,14,2020-12-13,IND,00-0022942,P.Rivers,28,16.3096
2020_14_IND_LV,2020,14,2020-12-13,LV,00-0031280,D.Carr,47,0.78066
2020_14_IND_LV,2020,14,2020-12-13,LV,00-0033891,Z.Jones,1,2.22142
2020_14_KC_MIA,2020,14,2020-12-13,KC,00-0033873,P.Mahomes,39,3.60151
2020_14_KC_MIA,2020,14,2020-12-13,MIA,00-0036212,T.Tagovailoa,56,1.25785
2020_14_KC_MIA,2020,14,2020-12-13,MIA,00-0036364,L.Bowden,2,-0.90357
2020_14_MIN_TB,2020,14,2020-12-13,MIN,00-0029604,K.Cousins,47,5.52917
2020_14_MIN_TB,2020,14,2020-12-13,TB,00-0019596,T.Brady,22,8.72787
2020_14_NE_LA,2020,14,2020-12-10,LA,00-0033106,J.Goff,27,-3.8988
2020_14_NE_LA,2020,14,2020-12-10,NE,00-0027939,C.Newton,22,-17.68943
2020_14_NE_LA,2020,14,2020-12-10,NE,00-0035264,J.Stidham,9,-7.37837
2020_14_NO_PHI,2020,14,2020-12-13,NO,00-0033357,T.Hill,46,4.45358
2020_14_NO_PHI,2020,14,2020-12-13,PHI,00-0036389,J.Hurts,33,5.73266
2020_14_NYJ_SEA,2020,14,2020-12-13,NYJ,00-0034869,S.Darnold,30,-5.99766
2020_14_NYJ_SEA,2020,14,2020-12-13,SEA,00-0029263,R.Wilson,27,14.15685
2020_14_NYJ_SEA,2020,14,2020-12-13,SEA,00-0030565,G.Smith,6,0.63879
2020_14_PIT_BUF,2020,14,2020-12-13,BUF,00-0034857,J.Allen,46,-4.41312
2020_14_PIT_BUF,2020,14,2020-12-13,PIT,00-0022924,B.Roethlisberger,38,-13.88479
2020_14_TEN_JAX,2020,14,2020-12-13,JAX,00-0030520,M.Glennon,23,-7.22677
2020_14_TEN_JAX,2020,14,2020-12-13,JAX,00-0035289,G.Minshew II,33,1.09778
2020_14_TEN_JAX,2020,14,2020-12-13,TEN,00-0029701,R.Tannehill,25,4.97886
2020_14_WAS_SF,2020,14,2020-12-13,SF,00-0033319,N.Mullens,49,-24.40027
2020_14_WAS_SF,2020,14,2020-12-13,WAS,00-0023436,A.Smith,20,-12.01857
2020_14_WAS_SF,2020,14,2020-12-13,WAS,00-0035232,D.Haskins,13,-4.68083
2020_14_WAS_SF,2020,14,2020-12-13,WAS,00-0036142,I.Wright,1,-0.55979
2020_15_BUF_DEN,2020,15,2020-12-19,BUF,00-0034857,J.Allen,43,29.83612
2020_15_BUF_DEN,2020,15,2020-12-19,DEN,00-0035704,D.Lock,39,-12.52756
2020_15_CAR_GB,2020,15,2020-12-19,CAR,00-0031237,T.Bridgewater,41,6.23391
2020_15_CAR_GB,2020,15,2020-12-19,GB,00-0023459,A.Rodgers,37,-4.14948
2020_15_CHI_MIN,2020,15,2020-12-20,CHI,00-0033869,M.Trubisky,26,7.10692
2020_15_CHI_MIN,2020,15,2020-12-20,MIN,00-0029604,K.Cousins,40,4.59243
2020_15_CLE_NYG,2020,15,2020-12-20,CLE,00-0034855,B.Mayfield,35,21.70019
2020_15_CLE_NYG,2020,15,2020-12-20,NYG,00-0027688,C.McCoy,33,3.96817
2020_15_CLE_NYG,2020,15,2020-12-20,NYG,00-0032943,R.Dixon,1,-2.57393
2020_15_DET_TEN,2020,15,2020-12-20,DET,00-0026498,M.Stafford,33,15.7897
2020_15_DET_TEN,2020,15,2020-12-20,DET,00-0026544,C.Daniel,7,2.40345
2020_15_DET_TEN,2020,15,2020-12-20,TEN,00-0029701,R.Tannehill,29,23.22101
2020_15_HOU_IND,2020,15,2020-12-20,HOU,00-0033537,D.Watson,49,9.65014
2020_15_HOU_IND,2020,15,2020-12-20,IND,00-0022942,P.Rivers,29,9.71886
2020_15_HOU_IND,2020,15,2020-12-20,IND,00-0033119,J.Brissett,1,-0.49754
2020_15_JAX_BAL,2020,15,2020-12-20,BAL,00-0034796,L.Jackson,24,14.90063
2020_15_JAX_BAL,2020,15,2020-12-20,BAL,00-0035993,T.Huntley,4,-4.10804
2020_15_JAX_BAL,2020,15,2020-12-20,JAX,00-0035289,G.Minshew II,35,6.52584
2020_15_KC_NO,2020,15,2020-12-20,KC,00-0033873,P.Mahomes,54,2.7311
2020_15_KC_NO,2020,15,2020-12-20,NO,00-0020531,D.Brees,35,-3.06996
2020_15_LAC_LV,2020,15,2020-12-17,LAC,00-0036355,J.Herbert,34,21.28187
2020_15_LAC_LV,2020,15,2020-12-17,LV,00-0031280,D.Carr,6,-0.32588
2020_15_LAC_LV,2020,15,2020-12-17,LV,00-0032268,M.Mariota,31,14.74425
2020_15_NE_MIA,2020,15,2020-12-20,MIA,00-0036212,T.Tagovailoa,29,-0.67197
2020_15_NE_MIA,2020,15,2020-12-20,MIA,00-0036364,L.Bowden,1,0.61612
2020_15_NE_MIA,2020,15,2020-12-20,NE,00-0027939,C.Newton,32,-5.7877
2020_15_NYJ_LA,2020,15,2020-12-20,LA,00-0033106,J.Goff,38,-11.37362
2020_15_NYJ_LA,2020,15,2020-12-20,NYJ,00-0034869,S.Darnold,35,5.14889
2020_15_PHI_ARI,2020,15,2020-12-20,ARI,00-0022824,A.Lee,1,4.01401
2020_15_PHI_ARI,2020,15,2020-12-20,ARI,00-0035228,K.Murray,39,2.5193
2020_15_PHI_ARI,2020,15,2020-12-20,PHI,00-0036389,J.Hurts,55,9.96069
2020_15_PIT_CIN,2020,15,2020-12-21,CIN,00-0035652,R.Finley,16,-0.85607
2020_15_PIT_CIN,2020,15,2020-12-21,PIT,00-0022924,B.Roethlisberger,39,-12.57129
2020_15_SEA_WAS,2020,15,2020-12-20,SEA,00-0029263,R.Wilson,30,-1.22377
2020_15_SEA_WAS,2020,15,2020-12-20,WAS,00-0035232,D.Haskins,62,1.9826
2020_15_SF_DAL,2020,15,2020-12-20,DAL,00-0027973,A.Dalton,37,-0.17068
2020_15_SF_DAL,2020,15,2020-12-20,DAL,00-0034418,C.Wilson,1,0.1545
2020_15_SF_DAL,2020,15,2020-12-20,SF,00-0033319,N.Mullens,39,0.40214
2020_15_SF_DAL,2020,15,2020-12-20,SF,00-0033936,C.Beathard,7,6.23622
2020_15_TB_ATL,2020,15,2020-12-20,ATL,00-0026143,M.Ryan,53,6.85222
2020_15_TB_ATL,2020,15,2020-12-20,TB,00-0019596,T.Brady,48,14.32021
2020_16_ATL_KC,2020,16,2020-12-27,ATL,00-0026143,M.Ryan,39,4.93981
2020_16_ATL_KC,2020,16,2020-12-27,KC,00-0031325,S.Watkins,1,-1.95865
2020_16_ATL_KC,2020,16,2020-12-27,KC,00-0033873,P.Mahomes,46,1.75744
2020_16_BUF_NE,2020,16,2020-12-28,BUF,00-0030533,M.Barkley,3,0.07307
2020_16_BUF_NE,2020,16,2020-12-28,BUF,00-0034857,J.Allen,37,19.98067
2020_16_BUF_NE,2020,16,2020-12-28,BUF,00-0035290,J.Johnson,1,3.11537
2020_16_BUF_NE,2020,16,2020-12-28,NE,00-0027939,C.Newton,14,-3.70059
2020_16_BUF_NE,2020,16,2020-12-28,NE,00-0035264,J.Stidham,12,-3.79673
2020_16_CAR_WAS,2020,16,2020-12-27,CAR,00-0031237,T.Bridgewater,34,-3.22732
2020_16_CAR_WAS,2020,16,2020-12-27,WAS,00-0031800,T.Heinicke,23,5.58013
2020_16_CAR_WAS,2020,16,2020-12-27,WAS,00-0035232,D.Haskins,30,-16.32608
2020_16_CHI_JAX,2020,16,2020-12-27,CHI,00-0029567,N.Foles,1,-0.78549
2020_16_CHI_JAX,2020,16,2020-12-27,CHI,00-0033869,M.Trubisky,38,15.21536
2020_16_CHI_JAX,2020,16,2020-12-27,JAX,00-0030520,M.Glennon,38,-5.02522
2020_16_CIN_HOU,2020,16,2020-12-27,CIN,00-0032434,B.Allen,37,22.74538
2020_16_CIN_HOU,2020,16,2020-12-27,CIN,00-0032543,A.Erickson,1,-0.48907
2020_16_CIN_HOU,2020,16,2020-12-27,HOU,00-0033537,D.Watson,37,7.84646
2020_16_CLE_NYJ,2020,16,2020-12-27,CLE,00-0034855,B.Mayfield,55,-9.00294
2020_16_CLE_NYJ,2020,16,2020-12-27,NYJ,00-0031941,J.Crowder,1,3.84617
2020_16_CLE_NYJ,2020,16,2020-12-27,NYJ,00-0034869,S.Darnold,37,-0.45437
2020_16_DEN_LAC,2020,16,2020-12-27,DEN,00-0035704,D.Lock,50,0.19987
2020_16_DEN_LAC,2020,16,2020-12-27,LAC,00-0036355,J.Herbert,38,2.22926
2020_16_IND_PIT,2020,16,2020-12-27,IND,00-0022942,P.Rivers,39,-6.40299
2020_16_IND_PIT,2020,16,2020-12-27,PIT,00-0022924,B.Roethlisberger,50,2.96604
2020_16_LA_SEA,2020,16,2020-12-27,LA,00-0033106,J.Goff,52,-3.95467
2020_16_LA_SEA,2020,16,2020-12-27,SEA,00-0029263,R.Wilson,38,4.12385
2020_16_MIA_LV,2020,16,2020-12-26,LV,00-0031280,D.Carr,36,0.19337
2020_16_MIA_LV,2020,16,2020-12-26,MIA,00-0023682,R.Fitzpatrick,13,11.62179
2020_16_MIA_LV,2020,16,2020-12-26,MIA,00-0036212,T.Tagovailoa,27,-4.84654
2020_16_MIN_NO,2020,16,2020-12-25,MIN,00-0029604,K.Cousins,43,6.92385
2020_16_MIN_NO,2020,16,2020-12-25,NO,00-0020531,D.Brees,26,10.5795
2020_16_MIN_NO,2020,16,2020-12-25,NO,00-0033357,T.Hill,2,0.21582
2020_16_NYG_BAL,2020,16,2020-12-27,BAL,00-0034796,L.Jackson,28,11.48415
2020_16_NYG_BAL,2020,16,2020-12-27,NYG,00-0035710,D.Jones,48,-5.65741
2020_16_PHI_DAL,2020,16,2020-12-27,DAL,00-0027973,A.Dalton,33,12.02459
2020_16_PHI_DAL,2020,16,2020-12-27,PHI,00-0036389,J.Hurts,48,-7.85127
2020_16_SF_ARI,2020,16,2020-12-26,ARI,00-0035228,K.Murray,57,-14.88835
2020_16_SF_ARI,2020,16,2020-12-26,SF,00-0033936,C.Beathard,25,2.28208
2020_16_TB_DET,2020,16,2020-12-26,DET,00-0026498,M.Stafford,3,-1.20918
2020_16_TB_DET,2020,16,2020-12-26,DET,00-0026544,C.Daniel,21,-12.51665
2020_16_TB_DET,2020,16,2020-12-26,DET,00-0035040,D.Blough,12,-7.85691
2020_16_TB_DET,2020,16,2020-12-26,TB,00-0019596,T.Brady,28,26.57675
2020_16_TB_DET,2020,16,2020-12-26,TB,00-0027948,B.Gabbert,17,0.84817
2020_16_TEN_GB,2020,16,2020-12-27,GB,00-0023459,A.Rodgers,28,11.10708
2020_16_TEN_GB,2020,16,2020-12-27,TEN,00-0029701,R.Tannehill,28,-8.06905
2020_16_TEN_GB,2020,16,2020-12-27,TEN,00-0034438,L.Woodside,2,-1.48448
2020_17_ARI_LA,2020,17,2021-01-03,ARI,00-0035228,K.Murray,13,2.80912
2020_17_ARI_LA,2020,17,2021-01-03,ARI,00-0035752,C.Streveler,18,-13.41811
2020_17_ARI_LA,2020,17,2021-01-03,LA,00-0034899,J.Wolford,42,-0.33471
2020_17_ATL_TB,2020,17,2021-01-03,ATL,00-0026143,M.Ryan,45,8.5578
2020_17_ATL_TB,2020,17,2021-01-03,TB,00-0019596,T.Brady,42,21.97403
2020_17_BAL_CIN,2020,17,2021-01-03,BAL,00-0034796,L.Jackson,23,9.8241
2020_17_BAL_CIN,2020,17,2021-01-03,BAL,00-0035993,T.Huntley,1,0.57487
2020_17_BAL_CIN,2020,17,2021-01-03,CIN,00-0032434,B.Allen,21,-24.30606
2020_17_DAL_NYG,2020,17,2021-01-03,DAL,00-0027973,A.Dalton,57,-8.76666
2020_17_DAL_NYG,2020,17,2021-01-03,NYG,00-0035710,D.Jones,29,2.79499
2020_17_GB_CHI,2020,17,2021-01-03,CHI,00-0033869,M.Trubisky,45,-6.85763
2020_17_GB_CHI,2020,17,2021-01-03,GB,00-0023459,A.Rodgers,26,20.78336
2020_17_JAX_IND,2020,17,2021-01-03,IND,00-0022942,P.Rivers,27,-0.07631
2020_17_JAX_IND,2020,17,2021-01-03,JAX,00-0030520,M.Glennon,48,-12.60002
2020_17_LAC_KC,2020,17,2021-01-03,KC,00-0026197,C.Henne,33,12.93249
2020_17_LAC_KC,2020,17,2021-01-03,LAC,00-0036355,J.Herbert,35,19.72516
2020_17_LV_DEN,2020,17,2021-01-03,DEN,00-0035704,D.Lock,44,3.90322
2020_17_LV_DEN,2020,17,2021-01-03,LV,00-0031280,D.Carr,41,2.34999
2020_17_MIA_BUF,2020,17,2021-01-03,BUF,00-0030533,M.Barkley,13,5.20975
2020_17_MIA_BUF,2020,17,2021-01-03,BUF,00-0034857,J.Allen,27,11.1826
2020_17_MIA_BUF,2020,17,2021-01-03,MIA,00-0036212,T.Tagovailoa,61,-13.77043
2020_17_MIA_BUF,2020,17,2021-01-03,MIA,00-0036364,L.Bowden,1,2.34606
2020_17_MIN_DET,2020,17,2021-01-03,DET,00-0026498,M.Stafford,34,11.11261
2020_17_MIN_DET,2020,17,2021-01-03,MIN,00-0029604,K.Cousins,43,18.6751
2020_17_NO_CAR,2020,17,2021-01-03,CAR,00-0031237,T.Bridgewater,25,-8.8197
2020_17_NO_CAR,2020,17,2021-01-03,CAR,00-0033275,P.Walker,16,-14.77899
2020_17_NO_CAR,2020,17,2021-01-03,NO,00-0020531,D.Brees,34,5.19298
2020_17_NO_CAR,2020,17,2021-01-03,NO,00-0033357,T.Hill,1,1.09443
2020_17_NYJ_NE,2020,17,2021-01-03,NE,00-0027939,C.Newton,33,10.56434
2020_17_NYJ_NE,2020,17,2021-01-03,NE,00-0034960,J.Meyers,1,2.11246
2020_17_NYJ_NE,2020,17,2021-01-03,NYJ,00-0034869,S.Darnold,37,-0.39783
2020_17_PIT_CLE,2020,17,2021-01-03,CLE,00-0034855,B.Mayfield,35,7.83593
2020_17_PIT_CLE,2020,17,2021-01-03,PIT,00-0033949,J.Dobbs,5,-2.62309
2020_17_PIT_CLE,2020,17,2021-01-03,PIT,00-0034771,M.Rudolph,41,10.79421
2020_17_SEA_SF,2020,17,2021-01-03,SEA,00-0029263,R.Wilson,42,2.28837
2020_17_SEA_SF,2020,17,2021-01-03,SF,00-0033936,C.Beathard,41,7.02671
2020_17_TEN_HOU,2020,17,2021-01-03,HOU,00-0031288,A.McCarron,1,3.67697
2020_17_TEN_HOU,2020,17,2021-01-03,HOU,00-0033537,D.Watson,46,9.73077
2020_17_TEN_HOU,2020,17,2021-01-03,TEN,00-0029701,R.Tannehill,31,10.75474
2020_17_WAS_PHI,2020,17,2021-01-03,PHI,00-0032792,N.Sudfeld,15,-4.44999
2020_17_WAS_PHI,2020,17,2021-01-03,PHI,00-0033733,G.Ward,1,0.86807
2020_17_WAS_PHI,2020,17,2021-01-03,PHI,00-0036389,J.Hurts,25,-9.03656
2020_17_WAS_PHI,2020,17,2021-01-03,WAS,00-0023436,A.Smith,35,-8.24773
2020_18_BAL_TEN,2020,18,2021-01-10,BAL,00-0034796,L.Jackson,30,7.42636
2020_18_BAL_TEN,2020,18,2021-01-10,TEN,00-0029701,R.Tannehill,28,-0.49901
2020_18_CHI_NO,2020,18,2021-01-10,CHI,00-0033869,M.Trubisky,33,-6.06874
2020_18_CHI_NO,2020,18,2021-01-10,NO,00-0020531,D.Brees,39,14.46335
2020_18_CHI_NO,2020,18,2021-01-10,NO,00-0033357,T.Hill,1,-6.10818
2020_18_CLE_PIT,2020,18,2021-01-10,CLE,00-0034855,B.Mayfield,36,14.16442
2020_18_CLE_PIT,2020,18,2021-01-10,PIT,00-0022924,B.Roethlisberger,68,7.92817
2020_18_IND_BUF,2020,18,2021-01-09,BUF,00-0034857,J.Allen,40,10.93251
2020_18_IND_BUF,2020,18,2021-01-09,IND,00-0022942,P.Rivers,46,13.75333
2020_18_LA_SEA,2020,18,2021-01-09,LA,00-0033106,J.Goff,22,2.35059
2020_18_LA_SEA,2020,18,2021-01-09,LA,00-0034899,J.Wolford,7,-1.45031
2020_18_LA_SEA,2020,18,2021-01-09,SEA,00-0029263,R.Wilson,36,-12.58052
2020_18_TB_WAS,2020,18,2021-01-09,TB,00-0019596,T.Brady,43,19.55171
2020_18_TB_WAS,2020,18,2021-01-09,WAS,00-0031800,T.Heinicke,52,5.04572
2020_19_BAL_BUF,2020,19,2021-01-16,BAL,00-0034796,L.Jackson,29,-9.4142
2020_19_BAL_BUF,2020,19,2021-01-16,BAL,00-0035993,T.Huntley,17,-5.64307
2020_19_BAL_BUF,2020,19,2021-01-16,BUF,00-0034857,J.Allen,40,-2.16904
2020_19_CLE_KC,2020,19,2021-01-17,CLE,00-0034855,B.Mayfield,38,-5.40069
2020_19_CLE_KC,2020,19,2021-01-17,KC,00-0026197,C.Henne,10,0.01602
2020_19_CLE_KC,2020,19,2021-01-17,KC,00-0033873,P.Mahomes,30,12.38513
2020_19_LA_GB,2020,19,2021-01-16,GB,00-0023459,A.Rodgers,37,18.98797
2020_19_LA_GB,2020,19,2021-01-16,LA,00-0033106,J.Goff,32,-1.73211
2020_19_TB_NO,2020,19,2021-01-17,NO,00-0020531,D.Brees,34,-26.1006
2020_19_TB_NO,2020,19,2021-01-17,NO,00-0031503,J.Winston,1,4.6441
2020_19_TB_NO,2020,19,2021-01-17,TB,00-0019596,T.Brady,34,3.61292
2020_20_BUF_KC,2020,20,2021-01-24,BUF,00-0034857,J.Allen,57,-3.1611
2020_20_BUF_KC,2020,20,2021-01-24,KC,00-0033873,P.Mahomes,39,21.91608
2020_20_TB_GB,2020,20,2021-01-24,GB,00-0023459,A.Rodgers,53,3.30952
2020_20_TB_GB,2020,20,2021-01-24,TB,00-0019596,T.Brady,37,9.33155
2020_21_KC_TB,2020,21,2021-02-07,KC,00-0033873,P.Mahomes,56,-11.44453
2020_21_KC_TB,2020,21,2021-02-07,TB,00-0019596,T.Brady,30,8.74857
2021_01_ARI_TEN,2021,1,2021-09-12,ARI,00-0035228,K.Murray,35,12.71368
2021_01_ARI_TEN,2021,1,2021-09-12,TEN,00-0029701,R.Tannehill,43,-17.2591
2021_01_ARI_TEN,2021,1,2021-09-12,TEN,00-0032496,M.Farley,1,3.06227
2021_01_BAL_LV,2021,1,2021-09-13,BAL,00-0034796,L.Jackson,39,2.5678
2021_01_BAL_LV,2021,1,2021-09-13,LV,00-0031280,D.Carr,59,8.59704
2021_01_CHI_LA,2021,1,2021-09-12,CHI,00-0027973,A.Dalton,43,-9.79729
2021_01_CHI_LA,2021,1,2021-09-12,CHI,00-0036945,J.Fields,2,0.39735
2021_01_CHI_LA,2021,1,2021-09-12,LA,00-0026498,M.Stafford,27,18.84858
2021_01_CLE_KC,2021,1,2021-09-12,CLE,00-0031382,J.Landry,1,1.49001
2021_01_CLE_KC,2021,1,2021-09-12,CLE,00-0034855,B.Mayfield,31,10.77663
2021_01_CLE_KC,2021,1,2021-09-12,KC,00-0033873,P.Mahomes,41,24.18585
2021_01_DAL_TB,2021,1,2021-09-09,DAL,00-0033077,D.Prescott,62,13.84654
2021_01_DAL_TB,2021,1,2021-09-09,TB,00-0019596,T.Brady,50,7.77762
2021_01_DEN_NYG,2021,1,2021-09-12,DEN,00-0031237,T.Bridgewater,41,19.38061
2021_01_DEN_NYG,2021,1,2021-09-12,NYG,00-0035710,D.Jones,42,-1.65626
2021_01_GB_NO,2021,1,2021-09-12,GB,00-0023459,A.Rodgers,29,-15.94971
2021_01_GB_NO,2021,1,2021-09-12,GB,00-0036264,J.Love,8,-1.90979
2021_01_GB_NO,2021,1,2021-09-12,NO,00-0031503,J.Winston,23,20.68893
2021_01_GB_NO,2021,1,2021-09-12,NO,00-0033357,T.Hill,1,0.37051
2021_01_JAX_HOU,2021,1,2021-09-12,HOU,00-0028118,T.Taylor,37,17.30328
2021_01_JAX_HOU,2021,1,2021-09-12,JAX,00-0036971,T.Lawrence,52,-3.83804
2021_01_LAC_WAS,2021,1,2021-09-12,LAC,00-0036355,J.Herbert,49,10.38426
2021_01_LAC_WAS,2021,1,2021-09-12,WAS,00-0023682,R.Fitzpatrick,8,-5.47015
2021_01_LAC_WAS,2021,1,2021-09-12,WAS,00-0031800,T.Heinicke,18,4.28239
2021_01_MIA_NE,2021,1,2021-09-12,MIA,00-0036212,T.Tagovailoa,29,1.34209
2021_01_MIA_NE,2021,1,2021-09-12,NE,00-0036972,M.Jones,40,6.83232
2021_01_MIN_CIN,2021,1,2021-09-12,CIN,00-0036442,J.Burrow,31,3.98077
2021_01_MIN_CIN,2021,1,2021-09-12,MIN,00-0029604,K.Cousins,51,10.40181
2021_01_MIN_CIN,2021,1,2021-09-12,MIN,00-0036322,J.Jefferson,1,0.72267
2021_01_NYJ_CAR,2021,1,2021-09-12,CAR,00-0034869,S.Darnold,36,2.87228
2021_01_NYJ_CAR,2021,1,2021-09-12,NYJ,00-0037013,Z.Wilson,43,-6.75128
2021_01_PHI_ATL,2021,1,2021-09-12,ATL,00-0026143,M.Ryan,39,-15.6348
2021_01_PHI_ATL,2021,1,2021-09-12,PHI,00-0036389,J.Hurts,38,14.5818
2021_01_PIT_BUF,2021,1,2021-09-12,BUF,00-0034857,J.Allen,55,-4.08422
2021_01_PIT_BUF,2021,1,2021-09-12,PIT,00-0022924,B.Roethlisberger,35,-0.73357
2021_01_SEA_IND,2021,1,2021-09-12,IND,00-0032950,C.Wentz,44,1.5545
2021_01_SEA_IND,2021,1,2021-09-12,SEA,00-0029263,R.Wilson,28,13.89418
2021_01_SF_DET,2021,1,2021-09-12,DET,00-0033106,J.Goff,63,-9.00002
2021_01_SF_DET,2021,1,2021-09-12,SF,00-0031345,J.Garoppolo,26,17.21427
2021_01_SF_DET,2021,1,2021-09-12,SF,00-0037012,T.Lance,1,1.15287
2021_02_ATL_TB,2021,2,2021-09-19,ATL,00-0026143,M.Ryan,48,-7.22905
2021_02_ATL_TB,2021,2,2021-09-19,ATL,00-0034343,J.Rosen,2,-2.84072
2021_02_ATL_TB,2021,2,2021-09-19,TB,00-0019596,T.Brady,40,3.1384
2021_02_BUF_MIA,2021,2,2021-09-19,BUF,00-0034857,J.Allen,36,3.46566
2021_02_BUF_MIA,2021,2,2021-09-19,MIA,00-0033119,J.Brissett,47,-18.25889
2021_02_BUF_MIA,2021,2,2021-09-19,MIA,00-0036212,T.Tagovailoa,6,-7.60339
2021_02_CIN_CHI,2021,2,2021-09-19,CHI,00-0027973,A.Dalton,14,3.91716
2021_02_CIN_CHI,2021,2,2021-09-19,CHI,00-0036945,J.Fields,19,-8.44505
2021_02_CIN_CHI,2021,2,2021-09-19,CIN,00-0036442,J.Burrow,35,-15.07859
2021_02_DAL_LAC,2021,2,2021-09-19,DAL,00-0033077,D.Prescott,29,-1.66756
2021_02_DAL_LAC,2021,2,2021-09-19,LAC,00-0036355,J.Herbert,45,3.64102
2021_02_DEN_JAX,2021,2,2021-09-19,DEN,00-0031237,T.Bridgewater,38,9.00712
2021_02_DEN_JAX,2021,2,2021-09-19,JAX,00-0036971,T.Lawrence,36,-9.39671
2021_02_DET_GB,2021,2,2021-09-20,DET,00-0033106,J.Goff,39,2.67976
2021_02_DET_GB,2021,2,2021-09-20,GB,00-0023459,A.Rodgers,33,18.27509
2021_02_HOU_CLE,2021,2,2021-09-19,CLE,00-0034855,B.Mayfield,28,4.57253
2021_02_HOU_CLE,2021,2,2021-09-19,HOU,00-0028118,T.Taylor,12,12.33652
2021_02_HOU_CLE,2021,2,2021-09-19,HOU,00-0036898,D.Mills,19,0.44924
2021_02_KC_BAL,2021,2,2021-09-19,BAL,00-0034796,L.Jackson,27,2.07442
2021_02_KC_BAL,2021,2,2021-09-19,KC,00-0033873,P.Mahomes,32,18.70545
2021_02_LA_IND,2021,2,2021-09-19,IND,00-0032950,C.Wentz,39,-1.24735
2021_02_LA_IND,2021,2,2021-09-19,IND,00-0036226,J.Eason,5,-3.10254
2021_02_LA_IND,2021,2,2021-09-19,LA,00-0026498,M.Stafford,32,12.11332
2021_02_LV_PIT,2021,2,2021-09-19,LV,00-0031280,D.Carr,40,22.20266
2021_02_LV_PIT,2021,2,2021-09-19,PIT,00-0022924,B.Roethlisberger,42,2.70704
2021_02_MIN_ARI,2021,2,2021-09-19,ARI,00-0035228,K.Murray,42,8.70885
2021_02_MIN_ARI,2021,2,2021-09-19,MIN,00-0029604,K.Cousins,35,9.81687
2021_02_NE_NYJ,2021,2,2021-09-19,NE,00-0036972,M.Jones,33,-4.3784
2021_02_NE_NYJ,2021,2,2021-09-19,NYJ,00-0037013,Z.Wilson,39,-20.04229
2021_02_NO_CAR,2021,2,2021-09-19,CAR,00-0034869,S.Darnold,41,11.21086
2021_02_NO_CAR,2021,2,2021-09-19,NO,00-0031503,J.Winston,28,-14.60586
2021_02_NO_CAR,2021,2,2021-09-19,NO,00-0033357,T.Hill,1,1.0955
2021_02_NYG_WAS,2021,2,2021-09-16,NYG,00-0035710,D.Jones,38,1.90602
2021_02_NYG_WAS,2021,2,2021-09-16,WAS,00-0031800,T.Heinicke,49,0.75311
2021_02_SF_PHI,2021,2,2021-09-19,PHI,00-0033733,G.Ward,1,-2.80427
2021_02_SF_PHI,2021,2,2021-09-19,PHI,00-0036389,J.Hurts,30,6.95393
2021_02_SF_PHI,2021,2,2021-09-19,SF,00-0031345,J.Garoppolo,33,7.02344
2021_02_TEN_SEA,2021,2,2021-09-19,SEA,00-0029263,R.Wilson,36,8.11572
2021_02_TEN_SEA,2021,2,2021-09-19,TEN,00-0029701,R.Tannehill,45,9.35902
2021_03_ARI_JAX,2021,3,2021-09-26,ARI,00-0035228,K.Murray,37,11.61259
2021_03_ARI_JAX,2021,3,2021-09-26,JAX,00-0036971,T.Lawrence,38,-13.49967
2021_03_ATL_NYG,2021,3,2021-09-26,ATL,00-0026143,M.Ryan,39,5.1524
2021_03_ATL_NYG,2021,3,2021-09-26,NYG,00-0035710,D.Jones,42,4.6217
2021_03_BAL_DET,2021,3,2021-09-26,BAL,00-0034796,L.Jackson,39,8.73908
2021_03_BAL_DET,2021,3,2021-09-26,DET,00-0033106,J.Goff,33,1.5021
2021_03_BAL_DET,2021,3,2021-09-26,DET,00-0036275,D.Swift,1,-0.91252
2021_03_CAR_HOU,2021,3,2021-09-23,CAR,00-0034869,S.Darnold,38,13.83015
2021_03_CAR_HOU,2021,3,2021-09-23,HOU,00-0036898,D.Mills,31,-7.23019
2021_03_CHI_CLE,2021,3,2021-09-26,CHI,00-0036945,J.Fields,30,-21.39707
2021_03_CHI_CLE,2021,3,2021-09-26,CLE,00-0034855,B.Mayfield,39,-0.24148
2021_03_CIN_PIT,2021,3,2021-09-26,CIN,00-0036442,J.Burrow,19,7.10193
2021_03_CIN_PIT,2021,3,2021-09-26,PIT,00-0022924,B.Roethlisberger,63,-8.08234
2021_03_GB_SF,2021,3,2021-09-26,GB,00-0023459,A.Rodgers,32,7.22697
2021_03_GB_SF,2021,3,2021-09-26,SF,00-0031345,J.Garoppolo,44,0.66832
2021_03_IND_TEN,2021,3,2021-09-26,IND,00-0032950,C.Wentz,39,-8.55955
2021_03_IND_TEN,2021,3,2021-09-26,TEN,00-0029701,R.Tannehill,30,1.37678
2021_03_LAC_KC,2021,3,2021-09-26,KC,00-0033873,P.Mahomes,50,6.45647
2021_03_LAC_KC,2021,3,2021-09-26,LAC,00-0036355,J.Herbert,41,15.06344
2021_03_MIA_LV,2021,3,2021-09-26,LV,00-0031280,D.Carr,46,6.62504
2021_03_MIA_LV,2021,3,2021-09-26,MIA,00-0033119,J.Brissett,56,-0.63467
2021_03_NO_NE,2021,3,2021-09-26,NE,00-0036972,M.Jones,56,-17.20038
2021_03_NO_NE,2021,3,2021-09-26,NO,00-0031503,J.Winston,26,4.08446
2021_03_NO_NE,2021,3,2021-09-26,NO,00-0033357,T.Hill,1,1.05327
2021_03_NYJ_DEN,2021,3,2021-09-26,DEN,00-0031237,T.Bridgewater,29,13.69321
2021_03_NYJ_DEN,2021,3,2021-09-26,NYJ,00-0037013,Z.Wilson,40,-24.10539
2021_03_PHI_DAL,2021,3,2021-09-27,DAL,00-0033077,D.Prescott,32,10.11765
2021_03_PHI_DAL,2021,3,2021-09-27,PHI,00-0036389,J.Hurts,48,-9.90674
2021_03_SEA_MIN,2021,3,2021-09-26,MIN,00-0029604,K.Cousins,39,19.21688
2021_03_SEA_MIN,2021,3,2021-09-26,SEA,00-0029263,R.Wilson,37,-0.5358
2021_03_TB_LA,2021,3,2021-09-26,LA,00-0026498,M.Stafford,39,17.66876
2021_03_TB_LA,2021,3,2021-09-26,TB,00-0019596,T.Brady,60,13.18773
2021_03_WAS_BUF,2021,3,2021-09-26,BUF,00-0033869,M.Trubisky,2,1.95615
2021_03_WAS_BUF,2021,3,2021-09-26,BUF,00-0034857,J.Allen,45,19.24045
2021_03_WAS_BUF,2021,3,2021-09-26,WAS,00-0031800,T.Heinicke,30,-0.26149
2021_04_ARI_LA,2021,4,2021-10-03,ARI,00-0035228,K.Murray,39,17.06324
2021_04_ARI_LA,2021,4,2021-10-03,LA,00-0026498,M.Stafford,43,3.73278
2021_04_BAL_DEN,2021,4,2021-10-03,BAL,00-0034796,L.Jackson,41,10.00504
2021_04_BAL_DEN,2021,4,2021-10-03,DEN,00-0031237,T.Bridgewater,19,-6.03794
2021_04_BAL_DEN,2021,4,2021-10-03,DEN,00-0035704,D.Lock,24,-9.43302
2021_04_CAR_DAL,2021,4,2021-10-03,CAR,00-0034869,S.Darnold,46,0.9676
2021_04_CAR_DAL,2021,4,2021-10-03,DAL,00-0033077,D.Prescott,23,12.00319
2021_04_CLE_MIN,2021,4,2021-10-03,CLE,00-0034855,B.Mayfield,37,-7.57035
2021_04_CLE_MIN,2021,4,2021-10-03,MIN,00-0029604,K.Cousins,41,-10.88354
2021_04_DET_CHI,2021,4,2021-10-03,CHI,00-0036945,J.Fields,19,4.57237
2021_04_DET_CHI,2021,4,2021-10-03,DET,00-0033106,J.Goff,43,3.57764
2021_04_HOU_BUF,2021,4,2021-10-03,BUF,00-0033869,M.Trubisky,1,0.51102
2021_04_HOU_BUF,2021,4,2021-10-03,BUF,00-0034857,J.Allen,33,2.50789
2021_04_HOU_BUF,2021,4,2021-10-03,HOU,00-0036898,D.Mills,25,-28.85299
2021_04_IND_MIA,2021,4,2021-10-03,IND,00-0032950,C.Wentz,34,9.91463
2021_04_IND_MIA,2021,4,2021-10-03,MIA,00-0033119,J.Brissett,35,0.72342
2021_04_JAX_CIN,2021,4,2021-09-30,CIN,00-0036442,J.Burrow,33,17.5895
2021_04_JAX_CIN,2021,4,2021-09-30,JAX,00-0036971,T.Lawrence,27,7.61132
2021_04_KC_PHI,2021,4,2021-10-03,KC,00-0033873,P.Mahomes,35,25.3834
2021_04_KC_PHI,2021,4,2021-10-03,PHI,00-0036389,J.Hurts,55,13.53647
2021_04_LV_LAC,2021,4,2021-10-04,LAC,00-0031543,T.Long,1,-2.76716
2021_04_LV_LAC,2021,4,2021-10-04,LAC,00-0036355,J.Herbert,41,5.29979
2021_04_LV_LAC,2021,4,2021-10-04,LV,00-0031280,D.Carr,40,-8.37021
2021_04_NYG_NO,2021,4,2021-10-03,NO,00-0031503,J.Winston,23,10.94581
2021_04_NYG_NO,2021,4,2021-10-03,NO,00-0033357,T.Hill,3,-2.29694
2021_04_NYG_NO,2021,4,2021-10-03,NYG,00-0035710,D.Jones,43,15.98056
2021_04_PIT_GB,2021,4,2021-10-03,GB,00-0023459,A.Rodgers,40,4.99959
2021_04_PIT_GB,2021,4,2021-10-03,PIT,00-0022924,B.Roethlisberger,42,-10.51652
2021_04_SEA_SF,2021,4,2021-10-03,SEA,00-0029263,R.Wilson,28,-1.08993
2021_04_SEA_SF,2021,4,2021-10-03,SF,00-0031345,J.Garoppolo,24,-1.23543
2021_04_SEA_SF,2021,4,2021-10-03,SF,00-0037012,T.Lance,24,9.3607
2021_04_TB_NE,2021,4,2021-10-03,NE,00-0034960,J.Meyers,2,1.78692
2021_04_TB_NE,2021,4,2021-10-03,NE,00-0036972,M.Jones,44,-2.80435
2021_04_TB_NE,2021,4,2021-10-03,TB,00-0019596,T.Brady,45,3.90727
2021_04_TEN_NYJ,2021,4,2021-10-03,NYJ,00-0037013,Z.Wilson,36,7.75093
2021_04_TEN_NYJ,2021,4,2021-10-03,TEN,00-0029701,R.Tannehill,57,-0.36085
2021_04_WAS_ATL,2021,4,2021-10-03,ATL,00-0026143,M.Ryan,43,13.88085
2021_04_WAS_ATL,2021,4,2021-10-03,WAS,00-0031800,T.Heinicke,38,22.83173
2021_05_BUF_KC,2021,5,2021-10-10,BUF,00-0034857,J.Allen,30,17.62974
2021_05_BUF_KC,2021,5,2021-10-10,KC,00-0033873,P.Mahomes,63,-5.19132
2021_05_CHI_LV,2021,5,2021-10-10,CHI,00-0027973,A.Dalton,1,1.59228
2021_05_CHI_LV,2021,5,2021-10-10,CHI,00-0036945,J.Fields,21,4.7579
2021_05_CHI_LV,2021,5,2021-10-10,LV,00-0031280,D.Carr,39,-8.36477
2021_05_CLE_LAC,2021,5,2021-10-10,CLE,00-0034855,B.Mayfield,34,9.66051
2021_05_CLE_LAC,2021,5,2021-10-10,LAC,00-0036355,J.Herbert,48,14.98094
2021_05_DEN_PIT,2021,5,2021-10-10,DEN,00-0031237,T.Bridgewater,41,9.10871
2021_05_DEN_PIT,2021,5,2021-10-10,PIT,00-0022924,B.Roethlisberger,26,9.34853
2021_05_DET_MIN,2021,5,2021-10-10,DET,00-0033106,J.Goff,39,-15.13503
2021_05_DET_MIN,2021,5,2021-10-10,MIN,00-0029604,K.Cousins,36,5.13446
2021_05_GB_CIN,2021,5,2021-10-10,CIN,00-0036442,J.Burrow,42,0.97016
2021_05_GB_CIN,2021,5,2021-10-10,GB,00-0023459,A.Rodgers,40,8.68738
2021_05_IND_BAL,2021,5,2021-10-11,BAL,00-0034796,L.Jackson,52,34.30366
2021_05_IND_BAL,2021,5,2021-10-11,IND,00-0032950,C.Wentz,38,17.25346
2021_05_LA_SEA,2021,5,2021-10-07,LA,00-0026498,M.Stafford,38,14.05563
2021_05_LA_SEA,2021,5,2021-10-07,SEA,00-0029263,R.Wilson,19,-1.74668
2021_05_LA_SEA,2021,5,2021-10-07,SEA,00-0030565,G.Smith,19,4.66946
2021_05_MIA_TB,2021,5,2021-10-10,MIA,00-0033119,J.Brissett,42,-1.07115
2021_05_MIA_TB,2021,5,2021-10-10,TB,00-0019596,T.Brady,43,29.19094
2021_05_MIA_TB,2021,5,2021-10-10,TB,00-0027948,B.Gabbert,3,3.94754
2021_05_NE_HOU,2021,5,2021-10-10,HOU,00-0036898,D.Mills,32,17.8188
2021_05_NE_HOU,2021,5,2021-10-10,NE,00-0036972,M.Jones,30,8.95786
2021_05_NO_WAS,2021,5,2021-10-10,NO,00-0031503,J.Winston,34,8.41483
2021_05_NO_WAS,2021,5,2021-10-10,WAS,00-0031800,T.Heinicke,48,-9.64174
2021_05_NYG_DAL,2021,5,2021-10-10,DAL,00-0033077,D.Prescott,35,10.46968
2021_05_NYG_DAL,2021,5,2021-10-10,DAL,00-0034418,C.Wilson,1,1.25655
2021_05_NYG_DAL,2021,5,2021-10-10,NYG,00-0030520,M.Glennon,25,-2.85833
2021_05_NYG_DAL,2021,5,2021-10-10,NYG,00-0035710,D.Jones,14,1.70932
2021_05_NYG_DAL,2021,5,2021-10-10,NYG,00-0036913,K.Toney,1,-0.74654
2021_05_NYJ_ATL,2021,5,2021-10-10,ATL,00-0026143,M.Ryan,45,16.26183
2021_05_NYJ_ATL,2021,5,2021-10-10,ATL,00-0030578,C.Patterson,1,-0.59964
2021_05_NYJ_ATL,2021,5,2021-10-10,NYJ,00-0037013,Z.Wilson,35,-6.06244
2021_05_PHI_CAR,2021,5,2021-10-10,CAR,00-0034869,S.Darnold,42,-16.92883
2021_05_PHI_CAR,2021,5,2021-10-10,PHI,00-0036389,J.Hurts,40,-17.49951
2021_05_SF_ARI,2021,5,2021-10-10,ARI,00-0035228,K.Murray,33,-0.09264
2021_05_SF_ARI,2021,5,2021-10-10,SF,00-0037012,T.Lance,35,-3.19819
2021_05_TEN_JAX,2021,5,2021-10-10,JAX,00-0036971,T.Lawrence,38,-7.06062
2021_05_TEN_JAX,2021,5,2021-10-10,TEN,00-0029701,R.Tannehill,26,9.76796
2021_06_ARI_CLE,2021,6,2021-10-17,ARI,00-0035228,K.Murray,32,14.57691
2021_06_ARI_CLE,2021,6,2021-10-17,CLE,00-0028986,C.Keenum,3,-3.92579
2021_06_ARI_CLE,2021,6,2021-10-17,CLE,00-0034855,B.Mayfield,36,-7.92629
2021_06_BUF_TEN,2021,6,2021-10-18,BUF,00-0034857,J.Allen,54,12.75384
2021_06_BUF_TEN,2021,6,2021-10-18,TEN,00-0029701,R.Tannehill,29,7.00812
2021_06_CIN_DET,2021,6,2021-10-17,CIN,00-0032434,B.Allen,1,1.67703
2021_06_CIN_DET,2021,6,2021-10-17,CIN,00-0036442,J.Burrow,36,12.30192
2021_06_CIN_DET,2021,6,2021-10-17,DET,00-0033106,J.Goff,43,-8.35828
2021_06_DAL_NE,2021,6,2021-10-17,DAL,00-0033077,D.Prescott,52,23.67265
2021_06_DAL_NE,2021,6,2021-10-17,NE,00-0036972,M.Jones,23,-4.29796
2021_06_GB_CHI,2021,6,2021-10-17,CHI,00-0036945,J.Fields,36,-2.41266
2021_06_GB_CHI,2021,6,2021-10-17,GB,00-0023459,A.Rodgers,28,9.15787
2021_06_HOU_IND,2021,6,2021-10-17,HOU,00-0036898,D.Mills,46,-9.56209
2021_06_HOU_IND,2021,6,2021-10-17,IND,00-0032950,C.Wentz,23,6.04035
2021_06_KC_WAS,2021,6,2021-10-17,KC,00-0033873,P.Mahomes,53,15.84395
2021_06_KC_WAS,2021,6,2021-10-17,WAS,00-0031800,T.Heinicke,39,-5.71605
2021_06_LAC_BAL,2021,6,2021-10-17,BAL,00-0034796,L.Jackson,33,-2.63878
2021_06_LAC_BAL,2021,6,2021-10-17,LAC,00-0036355,J.Herbert,42,-13.54807
2021_06_LA_NYG,2021,6,2021-10-17,LA,00-0026498,M.Stafford,32,18.69135
2021_06_LA_NYG,2021,6,2021-10-17,LA,00-0034899,J.Wolford,2,-3.58802
2021_06_LA_NYG,2021,6,2021-10-17,NYG,00-0035710,D.Jones,56,-14.0149
2021_06_LV_DEN,2021,6,2021-10-17,DEN,00-0031237,T.Bridgewater,56,-0.27091
2021_06_LV_DEN,2021,6,2021-10-17,LV,00-0031280,D.Carr,29,16.49432
2021_06_MIA_JAX,2021,6,2021-10-17,JAX,00-0036971,T.Lawrence,44,10.1062
2021_06_MIA_JAX,2021,6,2021-10-17,MIA,00-0033119,J.Brissett,1,2.2278
2021_06_MIA_JAX,2021,6,2021-10-17,MIA,00-0036212,T.Tagovailoa,49,11.20026
2021_06_MIN_CAR,2021,6,2021-10-17,CAR,00-0034869,S.Darnold,48,-19.21689
2021_06_MIN_CAR,2021,6,2021-10-17,MIN,00-0029604,K.Cousins,48,9.47602
2021_06_SEA_PIT,2021,6,2021-10-17,PIT,00-0022924,B.Roethlisberger,41,-1.09612
2021_06_SEA_PIT,2021,6,2021-10-17,SEA,00-0030565,G.Smith,36,-8.42656
2021_06_TB_PHI,2021,6,2021-10-14,PHI,00-0036389,J.Hurts,33,-2.55875
2021_06_TB_PHI,2021,6,2021-10-14,TB,00-0019596,T.Brady,42,13.49577
2021_07_ATL_MIA,2021,7,2021-10-24,ATL,00-0026143,M.Ryan,42,7.78748
2021_07_ATL_MIA,2021,7,2021-10-24,MIA,00-0036212,T.Tagovailoa,44,8.01007
2021_07_CAR_NYG,2021,7,2021-10-24,CAR,00-0033275,P.Walker,18,-10.24372
2021_07_CAR_NYG,2021,7,2021-10-24,CAR,00-0034869,S.Darnold,28,-10.54108
2021_07_CAR_NYG,2021,7,2021-10-24,NYG,00-0034860,D.Pettis,1,0.98088
2021_07_CAR_NYG,2021,7,2021-10-24,NYG,00-0035710,D.Jones,35,-2.00064
2021_07_CHI_TB,2021,7,2021-10-24,CHI,00-0036945,J.Fields,43,-27.05482
2021_07_CHI_TB,2021,7,2021-10-24,TB,00-0019596,T.Brady,36,9.26259
2021_07_CHI_TB,2021,7,2021-10-24,TB,00-0027948,B.Gabbert,3,-0.65267
2021_07_CIN_BAL,2021,7,2021-10-24,BAL,00-0034796,L.Jackson,42,-7.01129
2021_07_CIN_BAL,2021,7,2021-10-24,BAL,00-0035993,T.Huntley,11,-4.21887
2021_07_CIN_BAL,2021,7,2021-10-24,CIN,00-0036442,J.Burrow,38,19.69437
2021_07_DEN_CLE,2021,7,2021-10-21,CLE,00-0028986,C.Keenum,36,7.01835
2021_07_DEN_CLE,2021,7,2021-10-21,DEN,00-0031237,T.Bridgewater,35,6.32655
2021_07_DET_LA,2021,7,2021-10-24,DET,00-0033106,J.Goff,37,-1.30409
2021_07_DET_LA,2021,7,2021-10-24,DET,00-0035156,J.Fox,1,4.2253
2021_07_DET_LA,2021,7,2021-10-24,LA,00-0026498,M.Stafford,42,14.0386
2021_07_HOU_ARI,2021,7,2021-10-24,ARI,00-0035228,K.Murray,34,12.12831
2021_07_HOU_ARI,2021,7,2021-10-24,HOU,00-0036898,D.Mills,34,-16.39597
2021_07_IND_SF,2021,7,2021-10-24,IND,00-0032950,C.Wentz,29,-1.476
2021_07_IND_SF,2021,7,2021-10-24,SF,00-0031345,J.Garoppolo,29,-12.47841
2021_07_KC_TEN,2021,7,2021-10-24,KC,00-0026197,C.Henne,17,0.38903
2021_07_KC_TEN,2021,7,2021-10-24,KC,00-0033873,P.Mahomes,44,-7.31089
2021_07_KC_TEN,2021,7,2021-10-24,TEN,00-0029701,R.Tannehill,29,16.8915
2021_07_KC_TEN,2021,7,2021-10-24,TEN,00-0032764,D.Henry,1,1.03209
2021_07_NO_SEA,2021,7,2021-10-25,NO,00-0031503,J.Winston,41,-3.55895
2021_07_NO_SEA,2021,7,2021-10-25,SEA,00-0030565,G.Smith,28,-3.26311
2021_07_NYJ_NE,2021,7,2021-10-24,NE,00-0026625,B.Hoyer,4,8.09604
2021_07_NYJ_NE,2021,7,2021-10-24,NE,00-0033307,K.Bourne,1,2.34783
2021_07_NYJ_NE,2021,7,2021-10-24,NE,00-0036972,M.Jones,39,17.17046
2021_07_NYJ_NE,2021,7,2021-10-24,NYJ,00-0034401,M.White,33,-2.76788
2021_07_NYJ_NE,2021,7,2021-10-24,NYJ,00-0037013,Z.Wilson,11,0.29194
2021_07_PHI_LV,2021,7,2021-10-24,LV,00-0031280,D.Carr,35,17.87484
2021_07_PHI_LV,2021,7,2021-10-24,PHI,00-0036389,J.Hurts,40,6.53445
2021_07_WAS_GB,2021,7,2021-10-24,GB,00-0023459,A.Rodgers,40,13.29483
2021_07_WAS_GB,2021,7,2021-10-24,WAS,00-0031800,T.Heinicke,46,-7.09027
2021_08_CAR_ATL,2021,8,2021-10-31,ATL,00-0026143,M.Ryan,31,-8.73546
2021_08_CAR_ATL,2021,8,2021-10-31,CAR,00-0033275,P.Walker,1,-0.25756
2021_08_CAR_ATL,2021,8,2021-10-31,CAR,00-0034869,S.Darnold,28,6.7484
2021_08_CIN_NYJ,2021,8,2021-10-31,CIN,00-0033009,T.Boyd,1,3.19244
2021_08_CIN_NYJ,2021,8,2021-10-31,CIN,00-0036442,J.Burrow,37,-0.31675
2021_08_CIN_NYJ,2021,8,2021-10-31,NYJ,00-0026300,J.Johnson,4,-1.34344
2021_08_CIN_NYJ,2021,8,2021-10-31,NYJ,00-0034401,M.White,47,4.61309
2021_08_DAL_MIN,2021,8,2021-10-31,DAL,00-0033662,C.Rush,44,1.77156
2021_08_DAL_MIN,2021,8,2021-10-31,DAL,00-0034418,C.Wilson,1,2.57764
2021_08_DAL_MIN,2021,8,2021-10-31,MIN,00-0029604,K.Cousins,38,-10.04493
2021_08_DAL_MIN,2021,8,2021-10-31,MIN,00-0036322,J.Jefferson,1,-0.74708
2021_08_GB_ARI,2021,8,2021-10-28,ARI,00-0035228,K.Murray,36,1.25444
2021_08_GB_ARI,2021,8,2021-10-28,GB,00-0023459,A.Rodgers,39,1.9474
2021_08_JAX_SEA,2021,8,2021-10-31,JAX,00-0036971,T.Lawrence,57,-8.99219
2021_08_JAX_SEA,2021,8,2021-10-31,SEA,00-0030565,G.Smith,28,6.5388
2021_08_LA_HOU,2021,8,2021-10-31,HOU,00-0030288,R.Burkhead,1,-0.49312
2021_08_LA_HOU,2021,8,2021-10-31,HOU,00-0036898,D.Mills,43,-6.86876
2021_08_LA_HOU,2021,8,2021-10-31,LA,00-0026498,M.Stafford,32,16.1892
2021_08_LA_HOU,2021,8,2021-10-31,LA,00-0034899,J.Wolford,3,-2.77246
2021_08_MIA_BUF,2021,8,2021-10-31,BUF,00-0029000,C.Beasley,1,-0.47759
2021_08_MIA_BUF,2021,8,2021-10-31,BUF,00-0034857,J.Allen,45,9.52867
2021_08_MIA_BUF,2021,8,2021-10-31,MIA,00-0036212,T.Tagovailoa,43,-2.65137
2021_08_NE_LAC,2021,8,2021-10-31,LAC,00-0036355,J.Herbert,39,-8.05727
2021_08_NE_LAC,2021,8,2021-10-31,NE,00-0036972,M.Jones,38,-1.13691
2021_08_NYG_KC,2021,8,2021-11-01,KC,00-0033873,P.Mahomes,52,-0.97824
2021_08_NYG_KC,2021,8,2021-11-01,NYG,00-0035710,D.Jones,37,-1.97755
2021_08_NYG_KC,2021,8,2021-11-01,NYG,00-0036913,K.Toney,1,1.27589
2021_08_PHI_DET,2021,8,2021-10-31,DET,00-0033106,J.Goff,39,-19.71628
2021_08_PHI_DET,2021,8,2021-10-31,DET,00-0035040,D.Blough,2,-0.58607
2021_08_PHI_DET,2021,8,2021-10-31,PHI,00-0035289,G.Minshew II,2,-0.67309
2021_08_PHI_DET,2021,8,2021-10-31,PHI,00-0036389,J.Hurts,17,8.4108
2021_08_PIT_CLE,2021,8,2021-10-31,CLE,00-0034855,B.Mayfield,36,-0.9496
2021_08_PIT_CLE,2021,8,2021-10-31,PIT,00-0022924,B.Roethlisberger,36,7.54937
2021_08_PIT_CLE,2021,8,2021-10-31,PIT,00-0031136,C.Boswell,1,-3.00748
2021_08_SF_CHI,2021,8,2021-10-31,CHI,00-0036945,J.Fields,39,13.85527
2021_08_SF_CHI,2021,8,2021-10-31,SF,00-0031345,J.Garoppolo,27,14.73703
2021_08_TB_NO,2021,8,2021-10-31,NO,00-0031503,J.Winston,14,7.37216
2021_08_TB_NO,2021,8,2021-10-31,NO,00-0032156,T.Siemian,31,-1.23733
2021_08_TB_NO,2021,8,2021-10-31,TB,00-0019596,T.Brady,43,0.96269
2021_08_TB_NO,2021,8,2021-10-31,TB,00-0033856,L.Fournette,1,-0.6633
2021_08_TEN_IND,2021,8,2021-10-31,IND,00-0032950,C.Wentz,53,-12.94894
2021_08_TEN_IND,2021,8,2021-10-31,TEN,00-0029701,R.Tannehill,36,7.83414
2021_08_TEN_IND,2021,8,2021-10-31,TEN,00-0035676,A.Brown,1,-0.50986
2021_08_WAS_DEN,2021,8,2021-10-31,DEN,00-0031237,T.Bridgewater,30,3.60679
2021_08_WAS_DEN,2021,8,2021-10-31,WAS,00-0031800,T.Heinicke,45,-1.31434
2021_09_ARI_SF,2021,9,2021-11-07,ARI,00-0027688,C.McCoy,29,14.65666
2021_09_ARI_SF,2021,9,2021-11-07,ARI,00-0034775,C.Kirk,1,3.03058
2021_09_ARI_SF,2021,9,2021-11-07,SF,00-0031345,J.Garoppolo,46,-4.81819
2021_09_ATL_NO,2021,9,2021-11-07,ATL,00-0026143,M.Ryan,35,19.12188
2021_09_ATL_NO,2021,9,2021-11-07,NO,00-0032156,T.Siemian,42,-4.98413
2021_09_ATL_NO,2021,9,2021-11-07,NO,00-0033357,T.Hill,2,2.59597
2021_09_BUF_JAX,2021,9,2021-11-07,BUF,00-0034857,J.Allen,54,-3.18587
2021_09_BUF_JAX,2021,9,2021-11-07,JAX,00-0033936,C.Beathard,2,1.82905
2021_09_BUF_JAX,2021,9,2021-11-07,JAX,00-0036971,T.Lawrence,28,-3.91341
2021_09_CHI_PIT,2021,9,2021-11-08,CHI,00-0036945,J.Fields,37,4.99277
2021_09_CHI_PIT,2021,9,2021-11-08,PIT,00-0022924,B.Roethlisberger,33,4.20375
2021_09_CLE_CIN,2021,9,2021-11-07,CIN,00-0032434,B.Allen,2,-0.48278
2021_09_CLE_CIN,2021,9,2021-11-07,CIN,00-0036442,J.Burrow,45,-19.38535
2021_09_CLE_CIN,2021,9,2021-11-07,CLE,00-0034855,B.Mayfield,23,10.44078
2021_09_DEN_DAL,2021,9,2021-11-07,DAL,00-0033077,D.Prescott,43,-8.33566
2021_09_DEN_DAL,2021,9,2021-11-07,DEN,00-0031237,T.Bridgewater,32,8.00298
2021_09_GB_KC,2021,9,2021-11-07,GB,00-0036264,J.Love,39,-0.11377
2021_09_GB_KC,2021,9,2021-11-07,KC,00-0033873,P.Mahomes,38,-8.9517
2021_09_HOU_MIA,2021,9,2021-11-07,HOU,00-0026035,D.Amendola,1,-0.3617
2021_09_HOU_MIA,2021,9,2021-11-07,HOU,00-0028118,T.Taylor,50,-17.40658
2021_09_HOU_MIA,2021,9,2021-11-07,MIA,00-0033119,J.Brissett,48,-1.6074
2021_09_LAC_PHI,2021,9,2021-11-07,LAC,00-0036355,J.Herbert,40,22.0065
2021_09_LAC_PHI,2021,9,2021-11-07,PHI,00-0036389,J.Hurts,24,10.72225
2021_09_LV_NYG,2021,9,2021-11-07,LV,00-0031280,D.Carr,48,-7.50911
2021_09_LV_NYG,2021,9,2021-11-07,NYG,00-0035710,D.Jones,25,0.30684
2021_09_LV_NYG,2021,9,2021-11-07,NYG,00-0036913,K.Toney,1,-0.8648
2021_09_MIN_BAL,2021,9,2021-11-07,BAL,00-0034796,L.Jackson,53,-1.87323
2021_09_MIN_BAL,2021,9,2021-11-07,MIN,00-0029604,K.Cousins,28,7.66657
2021_09_NE_CAR,2021,9,2021-11-07,CAR,00-0034869,S.Darnold,37,-25.53279
2021_09_NE_CAR,2021,9,2021-11-07,NE,00-0036972,M.Jones,20,-3.61084
2021_09_NYJ_IND,2021,9,2021-11-04,IND,00-0032950,C.Wentz,33,15.15167
2021_09_NYJ_IND,2021,9,2021-11-04,NYJ,00-0026300,J.Johnson,46,16.28975
2021_09_NYJ_IND,2021,9,2021-11-04,NYJ,00-0034401,M.White,11,6.34136
2021_09_TEN_LA,2021,9,2021-11-07,LA,00-0026498,M.Stafford,55,-18.2667
2021_09_TEN_LA,2021,9,2021-11-07,TEN,00-0029701,R.Tannehill,30,-4.23889
2021_10_ATL_DAL,2021,10,2021-11-14,ATL,00-0026143,M.Ryan,23,-14.91031
2021_10_ATL_DAL,2021,10,2021-11-14,ATL,00-0034343,J.Rosen,6,-7.65803
2021_10_ATL_DAL,2021,10,2021-11-14,DAL,00-0033045,E.Elliott,1,-0.79311
2021_10_ATL_DAL,2021,10,2021-11-14,DAL,00-0033077,D.Prescott,32,26.45187
2021_10_ATL_DAL,2021,10,2021-11-14,DAL,00-0033662,C.Rush,3,-1.07049
2021_10_BAL_MIA,2021,10,2021-11-11,BAL,00-0034796,L.Jackson,48,-15.65066
2021_10_BAL_MIA,2021,10,2021-11-11,MIA,00-0030669,A.Wilson,1,-1.05558
2021_10_BAL_MIA,2021,10,2021-11-11,MIA,00-0033119,J.Brissett,26,-2.18322
2021_10_BAL_MIA,2021,10,2021-11-11,MIA,00-0036212,T.Tagovailoa,14,3.20835
2021_10_BUF_NYJ,2021,10,2021-11-14,BUF,00-0034857,J.Allen,31,18.86932
2021_10_BUF_NYJ,2021,10,2021-11-14,NYJ,00-0026158,J.Flacco,3,5.35893
2021_10_BUF_NYJ,2021,10,2021-11-14,NYJ,00-0034401,M.White,45,-14.55072
2021_10_CAR_ARI,2021,10,2021-11-14,ARI,00-0027688,C.McCoy,22,-15.43986
2021_10_CAR_ARI,2021,10,2021-11-14,ARI,00-0035752,C.Streveler,12,-5.2502
2021_10_CAR_ARI,2021,10,2021-11-14,CAR,00-0027939,C.Newton,4,-0.90265
2021_10_CAR_ARI,2021,10,2021-11-14,CAR,00-0033275,P.Walker,29,4.25886
2021_10_CLE_NE,2021,10,2021-11-14,CLE,00-0028986,C.Keenum,15,-4.33375
2021_10_CLE_NE,2021,10,2021-11-14,CLE,00-0034855,B.Mayfield,23,-5.17847
2021_10_CLE_NE,2021,10,2021-11-14,NE,00-0026625,B.Hoyer,3,7.70561
2021_10_CLE_NE,2021,10,2021-11-14,NE,00-0036972,M.Jones,25,16.18475
2021_10_DET_PIT,2021,10,2021-11-14,DET,00-0033106,J.Goff,29,-12.1568
2021_10_DET_PIT,2021,10,2021-11-14,PIT,00-0034771,M.Rudolph,52,-9.13183
2021_10_JAX_IND,2021,10,2021-11-14,IND,00-0032950,C.Wentz,36,-3.72816
2021_10_JAX_IND,2021,10,2021-11-14,JAX,00-0036971,T.Lawrence,42,-6.75895
2021_10_KC_LV,2021,10,2021-11-14,KC,00-0033873,P.Mahomes,50,24.89288
2021_10_KC_LV,2021,10,2021-11-14,KC,00-0035889,T.Townsend,1,4.0307
2021_10_KC_LV,2021,10,2021-11-14,LV,00-0031280,D.Carr,40,-5.53065
2021_10_LA_SF,2021,10,2021-11-15,LA,00-0026498,M.Stafford,43,-8.78973
2021_10_LA_SF,2021,10,2021-11-15,LA,00-0028872,J.Hekker,1,-2.58209
2021_10_LA_SF,2021,10,2021-11-15,SF,00-0031345,J.Garoppolo,20,15.41013
2021_10_MIN_LAC,2021,10,2021-11-14,LAC,00-0036355,J.Herbert,37,-6.58619
2021_10_MIN_LAC,2021,10,2021-11-14,MIN,00-0029604,K.Cousins,40,6.52666
2021_10_NO_TEN,2021,10,2021-11-14,NO,00-0032156,T.Siemian,38,6.69347
2021_10_NO_TEN,2021,10,2021-11-14,NO,00-0033357,T.Hill,2,0.40335
2021_10_NO_TEN,2021,10,2021-11-14,TEN,00-0029701,R.Tannehill,30,1.35721
2021_10_PHI_DEN,2021,10,2021-11-14,DEN,00-0031237,T.Bridgewater,37,-5.26482
2021_10_PHI_DEN,2021,10,2021-11-14,PHI,00-0036389,J.Hurts,26,7.09971
2021_10_SEA_GB,2021,10,2021-11-14,GB,00-0023459,A.Rodgers,39,3.0413
2021_10_SEA_GB,2021,10,2021-11-14,SEA,00-0029263,R.Wilson,48,-19.06147
2021_10_TB_WAS,2021,10,2021-11-14,TB,00-0019596,T.Brady,34,-2.89374
2021_10_TB_WAS,2021,10,2021-11-14,WAS,00-0031800,T.Heinicke,40,6.08318
2021_11_ARI_SEA,2021,11,2021-11-21,ARI,00-0027688,C.McCoy,47,15.83623
2021_11_ARI_SEA,2021,11,2021-11-21,SEA,00-0029263,R.Wilson,30,-4.86776
2021_11_BAL_CHI,2021,11,2021-11-21,BAL,00-0035993,T.Huntley,44,-4.84633
2021_11_BAL_CHI,2021,11,2021-11-21,CHI,00-0027973,A.Dalton,24,6.9207
2021_11_BAL_CHI,2021,11,2021-11-21,CHI,00-0036945,J.Fields,14,-5.70914
2021_11_CIN_LV,2021,11,2021-11-21,CIN,00-0036442,J.Burrow,35,4.36827
2021_11_CIN_LV,2021,11,2021-11-21,LV,00-0031280,D.Carr,29,-8.89542
2021_11_DAL_KC,2021,11,2021-11-21,DAL,00-0033077,D.Prescott,48,-15.43738
2021_11_DAL_KC,2021,11,2021-11-21,KC,00-0033873,P.Mahomes,43,-7.58078
2021_11_DET_CLE,2021,11,2021-11-21,CLE,00-0031382,J.Landry,1,2.0485
2021_11_DET_CLE,2021,11,2021-11-21,CLE,00-0034855,B.Mayfield,32,-6.86178
2021_11_DET_CLE,2021,11,2021-11-21,DET,00-0034177,T.Boyle,23,-12.21896
2021_11_GB_MIN,2021,11,2021-11-21,GB,00-0023459,A.Rodgers,37,24.32478
2021_11_GB_MIN,2021,11,2021-11-21,MIN,00-0029604,K.Cousins,37,20.69339
2021_11_HOU_TEN,2021,11,2021-11-21,HOU,00-0028118,T.Taylor,29,6.11372
2021_11_HOU_TEN,2021,11,2021-11-21,TEN,00-0029701,R.Tannehill,54,-9.98898
2021_11_IND_BUF,2021,11,2021-11-21,BUF,00-0033869,M.Trubisky,5,-3.28508
2021_11_IND_BUF,2021,11,2021-11-21,BUF,00-0034857,J.Allen,37,-0.24592
2021_11_IND_BUF,2021,11,2021-11-21,IND,00-0032950,C.Wentz,21,7.90077
2021_11_MIA_NYJ,2021,11,2021-11-21,MIA,00-0030669,A.Wilson,1,-0.99795
2021_11_MIA_NYJ,2021,11,2021-11-21,MIA,00-0036212,T.Tagovailoa,34,16.47908
2021_11_MIA_NYJ,2021,11,2021-11-21,NYJ,00-0026158,J.Flacco,42,0.62974
2021_11_NE_ATL,2021,11,2021-11-18,ATL,00-0026143,M.Ryan,32,-12.233
2021_11_NE_ATL,2021,11,2021-11-18,ATL,00-0034343,J.Rosen,3,-8.20613
2021_11_NE_ATL,2021,11,2021-11-18,ATL,00-0036825,F.Franks,1,-3.84049
2021_11_NE_ATL,2021,11,2021-11-18,NE,00-0036972,M.Jones,30,-3.16983
2021_11_NO_PHI,2021,11,2021-11-21,NO,00-0032156,T.Siemian,41,-4.52993
2021_11_NO_PHI,2021,11,2021-11-21,PHI,00-0036389,J.Hurts,31,1.97398
2021_11_NYG_TB,2021,11,2021-11-22,NYG,00-0035710,D.Jones,40,-21.54121
2021_11_NYG_TB,2021,11,2021-11-22,NYG,00-0036913,K.Toney,1,-0.49293
2021_11_NYG_TB,2021,11,2021-11-22,TB,00-0019596,T.Brady,47,8.06996
2021_11_NYG_TB,2021,11,2021-11-22,TB,00-0027948,B.Gabbert,3,0.14687
2021_11_PIT_LAC,2021,11,2021-11-21,LAC,00-0036355,J.Herbert,49,24.28128
2021_11_PIT_LAC,2021,11,2021-11-21,PIT,00-0022924,B.Roethlisberger,47,0.52424
2021_11_SF_JAX,2021,11,2021-11-21,JAX,00-0036971,T.Lawrence,30,-2.30634
2021_11_SF_JAX,2021,11,2021-11-21,SF,00-0031345,J.Garoppolo,25,9.38853
2021_11_WAS_CAR,2021,11,2021-11-21,CAR,00-0027939,C.Newton,29,3.8187
2021_11_WAS_CAR,2021,11,2021-11-21,WAS,00-0031800,T.Heinicke,26,14.98269
2021_12_ATL_JAX,2021,12,2021-11-28,ATL,00-0026143,M.Ryan,31,4.99812
2021_12_ATL_JAX,2021,12,2021-11-28,JAX,00-0036971,T.Lawrence,44,-2.25799
2021_12_BUF_NO,2021,12,2021-11-25,BUF,00-0034857,J.Allen,34,15.22564
2021_12_BUF_NO,2021,12,2021-11-25,NO,00-0032156,T.Siemian,32,-5.48743
2021_12_BUF_NO,2021,12,2021-11-25,NO,00-0035859,B.Gillikin,1,-2.36429
2021_12_CAR_MIA,2021,12,2021-11-28,CAR,00-0027939,C.Newton,22,-13.05936
2021_12_CAR_MIA,2021,12,2021-11-28,CAR,00-0033275,P.Walker,14,-5.3324
2021_12_CAR_MIA,2021,12,2021-11-28,MIA,00-0036212,T.Tagovailoa,33,6.39964
2021_12_CHI_DET,2021,12,2021-11-25,CHI,00-0027973,A.Dalton,43,11.61875
2021_12_CHI_DET,2021,12,2021-11-25,DET,00-0033106,J.Goff,26,0.96173
2021_12_CLE_BAL,2021,12,2021-11-28,BAL,00-0034796,L.Jackson,38,-8.21316
2021_12_CLE_BAL,2021,12,2021-11-28,CLE,00-0031382,J.Landry,1,-4.68811
2021_12_CLE_BAL,2021,12,2021-11-28,CLE,00-0034855,B.Mayfield,40,-2.81389
2021_12_LAC_DEN,2021,12,2021-11-28,DEN,00-0031237,T.Bridgewater,19,10.27217
2021_12_LAC_DEN,2021,12,2021-11-28,DEN,00-0035704,D.Lock,7,-5.18311
2021_12_LAC_DEN,2021,12,2021-11-28,LAC,00-0036355,J.Herbert,51,2.64612
2021_12_LA_GB,2021,12,2021-11-28,GB,00-0023459,A.Rodgers,46,9.34971
2021_12_LA_GB,2021,12,2021-11-28,LA,00-0026498,M.Stafford,40,-3.37833
2021_12_LA_GB,2021,12,2021-11-28,LA,00-0033908,C.Kupp,1,-0.40206
2021_12_LV_DAL,2021,12,2021-11-25,DAL,00-0033077,D.Prescott,49,6.89708
2021_12_LV_DAL,2021,12,2021-11-25,LV,00-0031280,D.Carr,43,11.08509
2021_12_MIN_SF,2021,12,2021-11-28,MIN,00-0029604,K.Cousins,33,-0.42687
2021_12_MIN_SF,2021,12,2021-11-28,MIN,00-0036322,J.Jefferson,1,1.72988
2021_12_MIN_SF,2021,12,2021-11-28,SF,00-0031345,J.Garoppolo,28,3.25682
2021_12_NYJ_HOU,2021,12,2021-11-28,HOU,00-0028118,T.Taylor,32,-11.20525
2021_12_NYJ_HOU,2021,12,2021-11-28,NYJ,00-0037013,Z.Wilson,28,-9.37784
2021_12_PHI_NYG,2021,12,2021-11-28,NYG,00-0035710,D.Jones,33,3.7869
2021_12_PHI_NYG,2021,12,2021-11-28,PHI,00-0036389,J.Hurts,33,-17.42639
2021_12_PIT_CIN,2021,12,2021-11-28,CIN,00-0032434,B.Allen,1,-1.08878
2021_12_PIT_CIN,2021,12,2021-11-28,CIN,00-0036442,J.Burrow,27,4.15822
2021_12_PIT_CIN,2021,12,2021-11-28,PIT,00-0022924,B.Roethlisberger,44,-14.61787
2021_12_SEA_WAS,2021,12,2021-11-29,SEA,00-0029263,R.Wilson,34,-0.25699
2021_12_SEA_WAS,2021,12,2021-11-29,WAS,00-0031800,T.Heinicke,38,4.92359
2021_12_TB_IND,2021,12,2021-11-28,IND,00-0032950,C.Wentz,49,-3.89945
2021_12_TB_IND,2021,12,2021-11-28,TB,00-0019596,T.Brady,36,-3.25865
2021_12_TEN_NE,2021,12,2021-11-28,NE,00-0036972,M.Jones,35,13.31991
2021_12_TEN_NE,2021,12,2021-11-28,TEN,00-0029701,R.Tannehill,26,-8.09262
2021_13_ARI_CHI,2021,13,2021-12-05,ARI,00-0035228,K.Murray,20,10.31247
2021_13_ARI_CHI,2021,13,2021-12-05,CHI,00-0027973,A.Dalton,45,-16.39561
2021_13_BAL_PIT,2021,13,2021-12-05,BAL,00-0034796,L.Jackson,47,7.73356
2021_13_BAL_PIT,2021,13,2021-12-05,PIT,00-0022924,B.Roethlisberger,32,8.23085
2021_13_DAL_NO,2021,13,2021-12-02,DAL,00-0033077,D.Prescott,41,-8.3563
2021_13_DAL_NO,2021,13,2021-12-02,NO,00-0033357,T.Hill,47,-18.64926
2021_13_DEN_KC,2021,13,2021-12-05,DEN,00-0031237,T.Bridgewater,44,-9.2228
2021_13_DEN_KC,2021,13,2021-12-05,KC,00-0033873,P.Mahomes,32,-1.94443
2021_13_IND_HOU,2021,13,2021-12-05,HOU,00-0028118,T.Taylor,17,-14.94978
2021_13_IND_HOU,2021,13,2021-12-05,HOU,00-0036898,D.Mills,18,-12.13633
2021_13_IND_HOU,2021,13,2021-12-05,IND,00-0032950,C.Wentz,24,2.64826
2021_13_JAX_LA,2021,13,2021-12-05,JAX,00-0036971,T.Lawrence,33,-2.35208
2021_13_JAX_LA,2021,13,2021-12-05,LA,00-0026498,M.Stafford,39,13.036
2021_13_LAC_CIN,2021,13,2021-12-05,CIN,00-0036442,J.Burrow,47,-3.84066
2021_13_LAC_CIN,2021,13,2021-12-05,LAC,00-0036355,J.Herbert,40,1.12749
2021_13_MIN_DET,2021,13,2021-12-05,DET,00-0033106,J.Goff,43,3.51122
2021_13_MIN_DET,2021,13,2021-12-05,MIN,00-0029604,K.Cousins,44,5.97774
2021_13_MIN_DET,2021,13,2021-12-05,MIN,00-0036322,J.Jefferson,1,-0.45213
2021_13_NE_BUF,2021,13,2021-12-06,BUF,00-0034857,J.Allen,36,-2.27913
2021_13_NE_BUF,2021,13,2021-12-06,NE,00-0036972,M.Jones,3,0.03559
2021_13_NYG_MIA,2021,13,2021-12-05,MIA,00-0036212,T.Tagovailoa,44,3.6602
2021_13_NYG_MIA,2021,13,2021-12-05,NYG,00-0030520,M.Glennon,45,-12.41434
2021_13_PHI_NYJ,2021,13,2021-12-05,NYJ,00-0037013,Z.Wilson,39,1.99865
2021_13_PHI_NYJ,2021,13,2021-12-05,PHI,00-0035289,G.Minshew II,28,14.89358
2021_13_SF_SEA,2021,13,2021-12-05,SEA,00-0029263,R.Wilson,43,-8.10776
2021_13_SF_SEA,2021,13,2021-12-05,SF,00-0031345,J.Garoppolo,31,1.74571
2021_13_TB_ATL,2021,13,2021-12-05,ATL,00-0026143,M.Ryan,47,-4.05271
2021_13_TB_ATL,2021,13,2021-12-05,TB,00-0019596,T.Brady,51,15.67891
2021_13_WAS_LV,2021,13,2021-12-05,LV,00-0031280,D.Carr,42,1.69035
2021_13_WAS_LV,2021,13,2021-12-05,WAS,00-0031800,T.Heinicke,33,5.88008
2021_14_ATL_CAR,2021,14,2021-12-12,ATL,00-0026143,M.Ryan,28,6.14824
2021_14_ATL_CAR,2021,14,2021-12-12,CAR,00-0027939,C.Newton,25,-4.15341
2021_14_ATL_CAR,2021,14,2021-12-12,CAR,00-0033275,P.Walker,12,-0.99732
2021_14_BAL_CLE,2021,14,2021-12-12,BAL,00-0034796,L.Jackson,6,-2.46443
2021_14_BAL_CLE,2021,14,2021-12-12,BAL,00-0035993,T.Huntley,45,1.06371
2021_14_BAL_CLE,2021,14,2021-12-12,CLE,00-0034855,B.Mayfield,35,0.47085
2021_14_BUF_TB,2021,14,2021-12-12,BUF,00-0034857,J.Allen,60,-1.8553
2021_14_BUF_TB,2021,14,2021-12-12,TB,00-0019596,T.Brady,50,11.38498
2021_14_CHI_GB,2021,14,2021-12-12,CHI,00-0036945,J.Fields,43,-6.93117
2021_14_CHI_GB,2021,14,2021-12-12,GB,00-0023459,A.Rodgers,40,15.84524
2021_14_DAL_WAS,2021,14,2021-12-12,DAL,00-0033077,D.Prescott,46,-9.32677
2021_14_DAL_WAS,2021,14,2021-12-12,WAS,00-0031800,T.Heinicke,31,-28.6588
2021_14_DAL_WAS,2021,14,2021-12-12,WAS,00-0034577,K.Allen,10,-3.58365
2021_14_DET_DEN,2021,14,2021-12-12,DEN,00-0031237,T.Bridgewater,26,8.9016
2021_14_DET_DEN,2021,14,2021-12-12,DET,00-0033106,J.Goff,42,-6.48132
2021_14_JAX_TEN,2021,14,2021-12-12,JAX,00-0036971,T.Lawrence,44,-17.13652
2021_14_JAX_TEN,2021,14,2021-12-12,TEN,00-0029701,R.Tannehill,38,7.65462
2021_14_LA_ARI,2021,14,2021-12-13,ARI,00-0035228,K.Murray,58,-1.09315
2021_14_LA_ARI,2021,14,2021-12-13,LA,00-0026498,M.Stafford,33,14.54005
2021_14_LV_KC,2021,14,2021-12-12,KC,00-0033873,P.Mahomes,30,17.04687
2021_14_LV_KC,2021,14,2021-12-12,LV,00-0031280,D.Carr,49,-11.45209
2021_14_NO_NYJ,2021,14,2021-12-12,NO,00-0033357,T.Hill,27,5.46986
2021_14_NO_NYJ,2021,14,2021-12-12,NYJ,00-0037013,Z.Wilson,49,-17.94625
2021_14_NYG_LAC,2021,14,2021-12-12,LAC,00-0036355,J.Herbert,35,16.37701
2021_14_NYG_LAC,2021,14,2021-12-12,NYG,00-0030520,M.Glennon,38,-8.46198
2021_14_NYG_LAC,2021,14,2021-12-12,NYG,00-0032943,R.Dixon,1,-2.85104
2021_14_PIT_MIN,2021,14,2021-12-09,MIN,00-0029604,K.Cousins,32,-8.09863
2021_14_PIT_MIN,2021,14,2021-12-09,PIT,00-0022924,B.Roethlisberger,45,-4.04246
2021_14_SEA_HOU,2021,14,2021-12-12,HOU,00-0036898,D.Mills,52,-4.75856
2021_14_SEA_HOU,2021,14,2021-12-12,SEA,00-0029263,R.Wilson,29,16.20314
2021_14_SF_CIN,2021,14,2021-12-12,CIN,00-0036442,J.Burrow,40,10.63276
2021_14_SF_CIN,2021,14,2021-12-12,SF,00-0031345,J.Garoppolo,46,6.74263
2021_15_ARI_DET,2021,15,2021-12-19,ARI,00-0027688,C.McCoy,10,-2.04433
2021_15_ARI_DET,2021,15,2021-12-19,ARI,00-0035228,K.Murray,43,-13.44808
2021_15_ARI_DET,2021,15,2021-12-19,DET,00-0033106,J.Goff,28,13.53759
2021_15_ATL_SF,2021,15,2021-12-19,ATL,00-0026143,M.Ryan,39,-6.68855
2021_15_ATL_SF,2021,15,2021-12-19,SF,00-0031345,J.Garoppolo,23,12.07136
2021_15_ATL_SF,2021,15,2021-12-19,SF,00-0035719,D.Samuel,1,-0.45813
2021_15_CAR_BUF,2021,15,2021-12-19,BUF,00-0034857,J.Allen,39,9.95447
2021_15_CAR_BUF,2021,15,2021-12-19,CAR,00-0027939,C.Newton,45,-14.5297
2021_15_CIN_DEN,2021,15,2021-12-19,CIN,00-0036442,J.Burrow,29,0.85116
2021_15_CIN_DEN,2021,15,2021-12-19,DEN,00-0031237,T.Bridgewater,25,-9.93951
2021_15_CIN_DEN,2021,15,2021-12-19,DEN,00-0035704,D.Lock,13,2.61164
2021_15_DAL_NYG,2021,15,2021-12-19,DAL,00-0033077,D.Prescott,40,0.35441
2021_15_DAL_NYG,2021,15,2021-12-19,NYG,00-0030520,M.Glennon,24,-14.41464
2021_15_DAL_NYG,2021,15,2021-12-19,NYG,00-0036197,J.Fromm,13,-0.6246
2021_15_GB_BAL,2021,15,2021-12-19,BAL,00-0035993,T.Huntley,49,10.35956
2021_15_GB_BAL,2021,15,2021-12-19,GB,00-0023459,A.Rodgers,36,19.87211
2021_15_HOU_JAX,2021,15,2021-12-19,HOU,00-0036898,D.Mills,31,3.50347
2021_15_HOU_JAX,2021,15,2021-12-19,JAX,00-0036971,T.Lawrence,41,-4.77966
2021_15_KC_LAC,2021,15,2021-12-16,KC,00-0033873,P.Mahomes,50,11.59881
2021_15_KC_LAC,2021,15,2021-12-16,LAC,00-0030279,K.Allen,1,-0.49346
2021_15_KC_LAC,2021,15,2021-12-16,LAC,00-0036355,J.Herbert,41,-1.96748
2021_15_LV_CLE,2021,15,2021-12-20,CLE,00-0033319,N.Mullens,29,2.30298
2021_15_LV_CLE,2021,15,2021-12-20,LV,00-0031280,D.Carr,40,-1.54508
2021_15_MIN_CHI,2021,15,2021-12-20,CHI,00-0036945,J.Fields,46,0.40756
2021_15_MIN_CHI,2021,15,2021-12-20,MIN,00-0029604,K.Cousins,29,-7.09508
2021_15_NE_IND,2021,15,2021-12-18,IND,00-0032950,C.Wentz,14,-6.75254
2021_15_NE_IND,2021,15,2021-12-18,NE,00-0036972,M.Jones,47,0.06214
2021_15_NO_TB,2021,15,2021-12-19,NO,00-0033357,T.Hill,30,-4.22428
2021_15_NO_TB,2021,15,2021-12-19,TB,00-0019596,T.Brady,53,-20.19075
2021_15_NYJ_MIA,2021,15,2021-12-19,MIA,00-0036212,T.Tagovailoa,31,-0.4132
2021_15_NYJ_MIA,2021,15,2021-12-19,NYJ,00-0033681,K.Cole,1,-0.74086
2021_15_NYJ_MIA,2021,15,2021-12-19,NYJ,00-0037013,Z.Wilson,32,-11.29532
2021_15_SEA_LA,2021,15,2021-12-21,LA,00-0026498,M.Stafford,33,-2.44327
2021_15_SEA_LA,2021,15,2021-12-21,SEA,00-0029263,R.Wilson,34,-11.61274
2021_15_TEN_PIT,2021,15,2021-12-19,PIT,00-0022924,B.Roethlisberger,28,-7.64989
2021_15_TEN_PIT,2021,15,2021-12-19,TEN,00-0029701,R.Tannehill,37,-15.85705
2021_15_WAS_PHI,2021,15,2021-12-21,PHI,00-0036389,J.Hurts,32,5.91971
2021_15_WAS_PHI,2021,15,2021-12-21,WAS,00-0031395,G.Gilbert,33,-2.75039
2021_16_BAL_CIN,2021,16,2021-12-26,BAL,00-0026300,J.Johnson,42,14.492
2021_16_BAL_CIN,2021,16,2021-12-26,CIN,00-0036442,J.Burrow,50,34.68135
2021_16_BUF_NE,2021,16,2021-12-26,BUF,00-0034857,J.Allen,49,23.96021
2021_16_BUF_NE,2021,16,2021-12-26,NE,00-0036972,M.Jones,36,-1.71903
2021_16_CHI_SEA,2021,16,2021-12-26,CHI,00-0029567,N.Foles,40,5.11256
2021_16_CHI_SEA,2021,16,2021-12-26,SEA,00-0029263,R.Wilson,30,2.20748
2021_16_CLE_GB,2021,16,2021-12-25,CLE,00-0034855,B.Mayfield,42,0.61261
2021_16_CLE_GB,2021,16,2021-12-25,GB,00-0023459,A.Rodgers,34,5.71988
2021_16_DEN_LV,2021,16,2021-12-26,DEN,00-0035704,D.Lock,25,-3.06235
2021_16_DEN_LV,2021,16,2021-12-26,LV,00-0031280,D.Carr,29,-4.30861
2021_16_DET_ATL,2021,16,2021-12-26,ATL,00-0026143,M.Ryan,27,5.6602
2021_16_DET_ATL,2021,16,2021-12-26,DET,00-0034177,T.Boyle,34,0.97629
2021_16_DET_ATL,2021,16,2021-12-26,DET,00-0035156,J.Fox,1,3.98369
2021_16_IND_ARI,2021,16,2021-12-25,ARI,00-0035228,K.Murray,44,-3.04225
2021_16_IND_ARI,2021,16,2021-12-25,IND,00-0032950,C.Wentz,31,10.07626
2021_16_JAX_NYJ,2021,16,2021-12-26,JAX,00-0036971,T.Lawrence,42,6.76773
2021_16_JAX_NYJ,2021,16,2021-12-26,NYJ,00-0037013,Z.Wilson,26,8.2674
2021_16_LAC_HOU,2021,16,2021-12-26,HOU,00-0036898,D.Mills,28,16.02542
2021_16_LAC_HOU,2021,16,2021-12-26,LAC,00-0036355,J.Herbert,40,8.77157
2021_16_LA_MIN,2021,16,2021-12-26,LA,00-0026498,M.Stafford,38,-9.00842
2021_16_LA_MIN,2021,16,2021-12-26,MIN,00-0029604,K.Cousins,43,2.38238
2021_16_MIA_NO,2021,16,2021-12-27,MIA,00-0033119,J.Brissett,1,-1.75499
2021_16_MIA_NO,2021,16,2021-12-27,MIA,00-0036212,T.Tagovailoa,29,3.42388
2021_16_MIA_NO,2021,16,2021-12-27,NO,00-0036929,I.Book,30,-30.90607
2021_16_NYG_PHI,2021,16,2021-12-26,NYG,00-0030520,M.Glennon,29,-4.95366
2021_16_NYG_PHI,2021,16,2021-12-26,NYG,00-0036197,J.Fromm,22,-15.1527
2021_16_NYG_PHI,2021,16,2021-12-26,PHI,00-0036389,J.Hurts,30,1.30485
2021_16_PIT_KC,2021,16,2021-12-26,KC,00-0033873,P.Mahomes,32,15.89299
2021_16_PIT_KC,2021,16,2021-12-26,PIT,00-0022924,B.Roethlisberger,37,-15.5076
2021_16_PIT_KC,2021,16,2021-12-26,PIT,00-0034771,M.Rudolph,8,-1.23795
2021_16_SF_TEN,2021,16,2021-12-23,SF,00-0031345,J.Garoppolo,37,3.3738
2021_16_SF_TEN,2021,16,2021-12-23,TEN,00-0029701,R.Tannehill,34,9.13644
2021_16_SF_TEN,2021,16,2021-12-23,TEN,00-0035676,A.Brown,1,-0.7416
2021_16_TB_CAR,2021,16,2021-12-26,CAR,00-0027939,C.Newton,16,-9.71221
2021_16_TB_CAR,2021,16,2021-12-26,CAR,00-0034869,S.Darnold,37,-10.77393
2021_16_TB_CAR,2021,16,2021-12-26,TB,00-0019596,T.Brady,31,12.34892
2021_16_TB_CAR,2021,16,2021-12-26,TB,00-0027948,B.Gabbert,1,-1.08044
2021_16_WAS_DAL,2021,16,2021-12-26,DAL,00-0033077,D.Prescott,44,19.85244
2021_16_WAS_DAL,2021,16,2021-12-26,DAL,00-0033662,C.Rush,3,6.13948
2021_16_WAS_DAL,2021,16,2021-12-26,WAS,00-0031800,T.Heinicke,26,-22.93076
2021_16_WAS_DAL,2021,16,2021-12-26,WAS,00-0034577,K.Allen,11,4.92325
2021_17_ARI_DAL,2021,17,2022-01-02,ARI,00-0029747,C.Banjo,1,3.73153
2021_17_ARI_DAL,2021,17,2022-01-02,ARI,00-0035228,K.Murray,40,9.29144
2021_17_ARI_DAL,2021,17,2022-01-02,DAL,00-0033077,D.Prescott,42,7.11148
2021_17_ARI_DAL,2021,17,2022-01-02,DAL,00-0034418,C.Wilson,1,1.91485
2021_17_ATL_BUF,2021,17,2022-01-02,ATL,00-0026143,M.Ryan,30,-12.87622
2021_17_ATL_BUF,2021,17,2022-01-02,BUF,00-0031588,S.Diggs,1,-0.83633
2021_17_ATL_BUF,2021,17,2022-01-02,BUF,00-0034857,J.Allen,30,-3.92287
2021_17_CAR_NO,2021,17,2022-01-02,CAR,00-0034869,S.Darnold,34,-16.26792
2021_17_CAR_NO,2021,17,2022-01-02,NO,00-0033357,T.Hill,32,1.37804
2021_17_CLE_PIT,2021,17,2022-01-03,CLE,00-0034855,B.Mayfield,48,-14.24278
2021_17_CLE_PIT,2021,17,2022-01-03,PIT,00-0022924,B.Roethlisberger,48,-17.46314
2021_17_DEN_LAC,2021,17,2022-01-02,DEN,00-0034955,B.Rypien,2,-2.05912
2021_17_DEN_LAC,2021,17,2022-01-02,DEN,00-0035704,D.Lock,28,1.26541
2021_17_DEN_LAC,2021,17,2022-01-02,DEN,00-0035864,K.Hinton,1,-3.13066
2021_17_DEN_LAC,2021,17,2022-01-02,LAC,00-0036355,J.Herbert,32,15.12867
2021_17_DET_SEA,2021,17,2022-01-02,DET,00-0034177,T.Boyle,38,8.222
2021_17_DET_SEA,2021,17,2022-01-02,SEA,00-0029263,R.Wilson,32,16.68215
2021_17_HOU_SF,2021,17,2022-01-02,HOU,00-0036898,D.Mills,36,-16.2234
2021_17_HOU_SF,2021,17,2022-01-02,SF,00-0037012,T.Lance,26,7.4273
2021_17_JAX_NE,2021,17,2022-01-02,JAX,00-0036971,T.Lawrence,31,-10.40799
2021_17_JAX_NE,2021,17,2022-01-02,NE,00-0026625,B.Hoyer,4,5.07549
2021_17_JAX_NE,2021,17,2022-01-02,NE,00-0036972,M.Jones,31,17.95458
2021_17_KC_CIN,2021,17,2022-01-02,CIN,00-0036442,J.Burrow,45,23.53503
2021_17_KC_CIN,2021,17,2022-01-02,KC,00-0033873,P.Mahomes,37,14.34034
2021_17_LA_BAL,2021,17,2022-01-02,BAL,00-0035993,T.Huntley,37,-3.8602
2021_17_LA_BAL,2021,17,2022-01-02,LA,00-0026498,M.Stafford,36,6.982
2021_17_LV_IND,2021,17,2022-01-02,IND,00-0032950,C.Wentz,29,-6.12147
2021_17_LV_IND,2021,17,2022-01-02,LV,00-0031280,D.Carr,33,5.65745
2021_17_LV_IND,2021,17,2022-01-02,LV,00-0032268,M.Mariota,1,-0.56126
2021_17_MIA_TEN,2021,17,2022-01-02,MIA,00-0034829,M.Gesicki,1,-0.58645
2021_17_MIA_TEN,2021,17,2022-01-02,MIA,00-0036212,T.Tagovailoa,43,-16.2356
2021_17_MIA_TEN,2021,17,2022-01-02,TEN,00-0029701,R.Tannehill,19,1.50836
2021_17_MIN_GB,2021,17,2022-01-02,GB,00-0023459,A.Rodgers,40,11.22023
2021_17_MIN_GB,2021,17,2022-01-02,GB,00-0036264,J.Love,5,1.43872
2021_17_MIN_GB,2021,17,2022-01-02,MIN,00-0032245,S.Mannion,39,-10.6641
2021_17_MIN_GB,2021,17,2022-01-02,MIN,00-0036946,K.Mond,3,-1.75755
2021_17_NYG_CHI,2021,17,2022-01-02,CHI,00-0027973,A.Dalton,39,-5.20881
2021_17_NYG_CHI,2021,17,2022-01-02,CHI,00-0035685,D.Montgomery,1,-3.17675
2021_17_NYG_CHI,2021,17,2022-01-02,NYG,00-0030520,M.Glennon,16,-34.45867
2021_17_PHI_WAS,2021,17,2022-01-02,PHI,00-0036389,J.Hurts,29,10.26699
2021_17_PHI_WAS,2021,17,2022-01-02,WAS,00-0031800,T.Heinicke,40,-3.86278
2021_17_TB_NYJ,2021,17,2022-01-02,NYJ,00-0037013,Z.Wilson,34,8.29233
2021_17_TB_NYJ,2021,17,2022-01-02,TB,00-0019596,T.Brady,50,22.17862
2021_18_CAR_TB,2021,18,2022-01-09,CAR,00-0034052,B.Zylstra,1,-1.31671
2021_18_CAR_TB,2021,18,2022-01-09,CAR,00-0034869,S.Darnold,49,-6.67767
2021_18_CAR_TB,2021,18,2022-01-09,TB,00-0019596,T.Brady,38,17.84173
2021_18_CAR_TB,2021,18,2022-01-09,TB,00-0027948,B.Gabbert,2,-2.16946
2021_18_CHI_MIN,2021,18,2022-01-09,CHI,00-0027973,A.Dalton,56,-21.53394
2021_18_CHI_MIN,2021,18,2022-01-09,MIN,00-0029604,K.Cousins,25,8.12158
2021_18_CIN_CLE,2021,18,2022-01-09,CIN,00-0032434,B.Allen,33,-10.31389
2021_18_CIN_CLE,2021,18,2022-01-09,CLE,00-0028986,C.Keenum,27,-3.06119
2021_18_DAL_PHI,2021,18,2022-01-08,DAL,00-0033077,D.Prescott,28,25.24415
2021_18_DAL_PHI,2021,18,2022-01-08,DAL,00-0033662,C.Rush,1,0.73472
2021_18_DAL_PHI,2021,18,2022-01-08,PHI,00-0033733,G.Ward,1,-0.54956
2021_18_DAL_PHI,2021,18,2022-01-08,PHI,00-0035289,G.Minshew II,39,2.43408
2021_18_GB_DET,2021,18,2022-01-09,DET,00-0033106,J.Goff,31,10.66966
2021_18_GB_DET,2021,18,2022-01-09,DET,00-0035156,J.Fox,1,-3.01663
2021_18_GB_DET,2021,18,2022-01-09,DET,00-0035544,T.Kennedy,1,5.0696
2021_18_GB_DET,2021,18,2022-01-09,GB,00-0023459,A.Rodgers,22,4.09841
2021_18_GB_DET,2021,18,2022-01-09,GB,00-0036264,J.Love,18,-6.0413
2021_18_IND_JAX,2021,18,2022-01-09,IND,00-0032950,C.Wentz,38,-12.33365
2021_18_IND_JAX,2021,18,2022-01-09,JAX,00-0036971,T.Lawrence,36,9.03793
2021_18_KC_DEN,2021,18,2022-01-08,DEN,00-0034348,C.Sutton,1,1.00163
2021_18_KC_DEN,2021,18,2022-01-08,DEN,00-0035704,D.Lock,29,8.51276
2021_18_KC_DEN,2021,18,2022-01-08,KC,00-0033873,P.Mahomes,50,16.34715
2021_18_LAC_LV,2021,18,2022-01-09,LAC,00-0036355,J.Herbert,68,14.66129
2021_18_LAC_LV,2021,18,2022-01-09,LV,00-0031280,D.Carr,39,-4.26168
2021_18_LAC_LV,2021,18,2022-01-09,LV,00-0032268,M.Mariota,1,-0.15917
2021_18_NE_MIA,2021,18,2022-01-09,MIA,00-0036212,T.Tagovailoa,26,0.18978
2021_18_NE_MIA,2021,18,2022-01-09,NE,00-0036972,M.Jones,33,-6.00945
2021_18_NO_ATL,2021,18,2022-01-09,ATL,00-0026143,M.Ryan,37,-15.29668
2021_18_NO_ATL,2021,18,2022-01-09,NO,00-0032156,T.Siemian,16,3.80342
2021_18_NO_ATL,2021,18,2022-01-09,NO,00-0033357,T.Hill,11,8.29668
2021_18_NYJ_BUF,2021,18,2022-01-09,BUF,00-0033869,M.Trubisky,1,1.36906
2021_18_NYJ_BUF,2021,18,2022-01-09,BUF,00-0034857,J.Allen,50,4.12085
2021_18_NYJ_BUF,2021,18,2022-01-09,NYJ,00-0031941,J.Crowder,1,-1.35082
2021_18_NYJ_BUF,2021,18,2022-01-09,NYJ,00-0037013,Z.Wilson,30,-16.27078
2021_18_PIT_BAL,2021,18,2022-01-09,BAL,00-0024417,S.Koch,1,-2.77872
2021_18_PIT_BAL,2021,18,2022-01-09,BAL,00-0035993,T.Huntley,42,-12.3851
2021_18_PIT_BAL,2021,18,2022-01-09,PIT,00-0022924,B.Roethlisberger,45,2.88528
2021_18_SEA_ARI,2021,18,2022-01-09,ARI,00-0035228,K.Murray,48,-3.28765
2021_18_SEA_ARI,2021,18,2022-01-09,SEA,00-0029263,R.Wilson,28,5.1184
2021_18_SF_LA,2021,18,2022-01-09,LA,00-0026498,M.Stafford,37,12.57334
2021_18_SF_LA,2021,18,2022-01-09,SF,00-0031345,J.Garoppolo,34,3.38748
2021_18_SF_LA,2021,18,2022-01-09,SF,00-0035719,D.Samuel,1,2.47587
2021_18_TEN_HOU,2021,18,2022-01-09,HOU,00-0036898,D.Mills,38,8.21807
2021_18_TEN_HOU,2021,18,2022-01-09,TEN,00-0029701,R.Tannehill,33,18.73555
2021_18_WAS_NYG,2021,18,2022-01-09,NYG,00-0036197,J.Fromm,37,-13.88461
2021_18_WAS_NYG,2021,18,2022-01-09,WAS,00-0031800,T.Heinicke,22,-7.25826
2021_19_ARI_LA,2021,19,2022-01-17,ARI,00-0035228,K.Murray,37,-18.67458
2021_19_ARI_LA,2021,19,2022-01-17,LA,00-0026498,M.Stafford,21,12.81911
2021_19_ARI_LA,2021,19,2022-01-17,LA,00-0031235,O.Beckham,1,2.27835
2021_19_LV_CIN,2021,19,2022-01-15,CIN,00-0036442,J.Burrow,36,10.01377
2021_19_LV_CIN,2021,19,2022-01-15,LV,00-0031280,D.Carr,57,2.72313
2021_19_NE_BUF,2021,19,2022-01-15,BUF,00-0034857,J.Allen,28,26.36596
2021_19_NE_BUF,2021,19,2022-01-15,NE,00-0036972,M.Jones,42,5.05127
2021_19_PHI_TB,2021,19,2022-01-16,PHI,00-0036389,J.Hurts,46,-6.33422
2021_19_PHI_TB,2021,19,2022-01-16,TB,00-0019596,T.Brady,41,8.22654
2021_19_PIT_KC,2021,19,2022-01-16,KC,00-0030506,T.Kelce,1,0.70205
2021_19_PIT_KC,2021,19,2022-01-16,KC,00-0033873,P.Mahomes,45,20.41391
2021_19_PIT_KC,2021,19,2022-01-16,PIT,00-0022924,B.Roethlisberger,46,-8.25066
2021_19_SF_DAL,2021,19,2022-01-16,DAL,00-0029692,B.Anger,1,3.85617
2021_19_SF_DAL,2021,19,2022-01-16,DAL,00-0033077,D.Prescott,50,-11.17271
2021_19_SF_DAL,2021,19,2022-01-16,SF,00-0031345,J.Garoppolo,26,-0.32044
2021_20_BUF_KC,2021,20,2022-01-23,BUF,00-0034857,J.Allen,40,19.43191
2021_20_BUF_KC,2021,20,2022-01-23,KC,00-0033873,P.Mahomes,53,27.63856
2021_20_CIN_TEN,2021,20,2022-01-22,CIN,00-0036442,J.Burrow,46,-3.84718
2021_20_CIN_TEN,2021,20,2022-01-22,TEN,00-0029701,R.Tannehill,27,-5.94672
2021_20_LA_TB,2021,20,2022-01-23,LA,00-0026498,M.Stafford,40,11.07739
2021_20_LA_TB,2021,20,2022-01-23,TB,00-0019596,T.Brady,57,-13.95566
2021_20_SF_GB,2021,20,2022-01-22,GB,00-0023459,A.Rodgers,33,-6.24604
2021_20_SF_GB,2021,20,2022-01-22,SF,00-0031345,J.Garoppolo,23,-7.50769
2021_21_CIN_KC,2021,21,2022-01-30,CIN,00-0036442,J.Burrow,42,7.68898
2021_21_CIN_KC,2021,21,2022-01-30,KC,00-0033873,P.Mahomes,46,-5.46116
2021_21_SF_LA,2021,21,2022-01-30,LA,00-0026498,M.Stafford,48,15.31111
2021_21_SF_LA,2021,21,2022-01-30,SF,00-0031345,J.Garoppolo,30,5.72275
2021_22_LA_CIN,2021,22,2022-02-13,CIN,00-0033897,J.Mixon,1,1.85045
2021_22_LA_CIN,2021,22,2022-02-13,CIN,00-0036442,J.Burrow,41,-5.79172
2021_22_LA_CIN,2021,22,2022-02-13,LA,00-0026498,M.Stafford,43,6.29276
2021_22_LA_CIN,2021,22,2022-02-13,LA,00-0033908,C.Kupp,1,-1.5157
2022_01_BAL_NYJ,2022,1,2022-09-11,BAL,00-0034796,L.Jackson,34,5.71035
2022_01_BAL_NYJ,2022,1,2022-09-11,NYJ,00-0026158,J.Flacco,62,-11.90207
2022_01_BUF_LA,2022,1,2022-09-08,BUF,00-0034857,J.Allen,38,20.1261
2022_01_BUF_LA,2022,1,2022-09-08,LA,00-0026498,M.Stafford,49,-16.58664
2022_01_CLE_CAR,2022,1,2022-09-11,CAR,00-0034855,B.Mayfield,32,1.00212
2022_01_CLE_CAR,2022,1,2022-09-11,CLE,00-0033119,J.Brissett,36,-8.10841
2022_01_DEN_SEA,2022,1,2022-09-12,DEN,00-0029263,R.Wilson,45,14.72967
2022_01_DEN_SEA,2022,1,2022-09-12,SEA,00-0030565,G.Smith,31,3.34977
2022_01_GB_MIN,2022,1,2022-09-11,GB,00-0023459,A.Rodgers,38,-11.62754
2022_01_GB_MIN,2022,1,2022-09-11,GB,00-0036264,J.Love,4,-0.32043
2022_01_GB_MIN,2022,1,2022-09-11,MIN,00-0029604,K.Cousins,33,9.2722
2022_01_IND_HOU,2022,1,2022-09-11,HOU,00-0032436,J.Driskel,1,1.03695
2022_01_IND_HOU,2022,1,2022-09-11,HOU,00-0036898,D.Mills,40,-6.46484
2022_01_IND_HOU,2022,1,2022-09-11,IND,00-0026143,M.Ryan,54,4.60676
2022_01_JAX_WAS,2022,1,2022-09-11,JAX,00-0036971,T.Lawrence,45,0.68758
2022_01_JAX_WAS,2022,1,2022-09-11,WAS,00-0032950,C.Wentz,45,8.85824
2022_01_KC_ARI,2022,1,2022-09-11,ARI,00-0035146,T.McSorley,7,-0.52951
2022_01_KC_ARI,2022,1,2022-09-11,ARI,00-0035228,K.Murray,37,1.5896
2022_01_KC_ARI,2022,1,2022-09-11,KC,00-0033873,P.Mahomes,41,28.62407
2022_01_LV_LAC,2022,1,2022-09-11,LAC,00-0036355,J.Herbert,35,16.89007
2022_01_LV_LAC,2022,1,2022-09-11,LV,00-0031280,D.Carr,42,-4.54596
2022_01_LV_LAC,2022,1,2022-09-11,LV,00-0031381,D.Adams,1,-1.80456
2022_01_NE_MIA,2022,1,2022-09-11,MIA,00-0036212,T.Tagovailoa,36,5.85633
2022_01_NE_MIA,2022,1,2022-09-11,NE,00-0036972,M.Jones,33,-9.36328
2022_01_NO_ATL,2022,1,2022-09-11,ATL,00-0032268,M.Mariota,37,-2.03331
2022_01_NO_ATL,2022,1,2022-09-11,NO,00-0031503,J.Winston,38,-1.31034
2022_01_NYG_TEN,2022,1,2022-09-11,NYG,00-0035710,D.Jones,29,-7.35154
2022_01_NYG_TEN,2022,1,2022-09-11,TEN,00-0029701,R.Tannehill,34,9.41096
2022_01_PHI_DET,2022,1,2022-09-11,DET,00-0033106,J.Goff,39,-0.56315
2022_01_PHI_DET,2022,1,2022-09-11,PHI,00-0036389,J.Hurts,44,14.28758
2022_01_PIT_CIN,2022,1,2022-09-11,CIN,00-0036442,J.Burrow,65,-15.13424
2022_01_PIT_CIN,2022,1,2022-09-11,PIT,00-0033869,M.Trubisky,40,-4.29376
2022_01_SF_CHI,2022,1,2022-09-11,CHI,00-0036945,J.Fields,23,1.97409
2022_01_SF_CHI,2022,1,2022-09-11,SF,00-0037012,T.Lance,34,-8.85679
2022_01_TB_DAL,2022,1,2022-09-11,DAL,00-0033077,D.Prescott,31,-12.48292
2022_01_TB_DAL,2022,1,2022-09-11,DAL,00-0033662,C.Rush,15,-7.5604
2022_01_TB_DAL,2022,1,2022-09-11,TB,00-0019596,T.Brady,29,1.05085
2022_02_ARI_LV,2022,2,2022-09-18,ARI,00-0035228,K.Murray,52,-2.89523
2022_02_ARI_LV,2022,2,2022-09-18,LV,00-0031280,D.Carr,41,-3.78039
2022_02_ATL_LA,2022,2,2022-09-18,ATL,00-0032268,M.Mariota,32,-0.91895
2022_02_ATL_LA,2022,2,2022-09-18,LA,00-0026498,M.Stafford,37,1.37921
2022_02_CAR_NYG,2022,2,2022-09-18,CAR,00-0034855,B.Mayfield,36,-11.19381
2022_02_CAR_NYG,2022,2,2022-09-18,NYG,00-0035710,D.Jones,43,-1.36683
2022_02_CHI_GB,2022,2,2022-09-18,CHI,00-0036945,J.Fields,16,-7.54116
2022_02_CHI_GB,2022,2,2022-09-18,GB,00-0023459,A.Rodgers,29,12.79708
2022_02_CIN_DAL,2022,2,2022-09-18,CIN,00-0036442,J.Burrow,45,6.1206
2022_02_CIN_DAL,2022,2,2022-09-18,DAL,00-0033662,C.Rush,32,2.20121
2022_02_HOU_DEN,2022,2,2022-09-18,DEN,00-0029263,R.Wilson,35,-0.03425
2022_02_HOU_DEN,2022,2,2022-09-18,HOU,00-0036898,D.Mills,41,-11.45493
2022_02_IND_JAX,2022,2,2022-09-18,IND,00-0026143,M.Ryan,35,-20.34919
2022_02_IND_JAX,2022,2,2022-09-18,JAX,00-0036971,T.Lawrence,30,17.5571
2022_02_LAC_KC,2022,2,2022-09-15,KC,00-0033873,P.Mahomes,36,4.84298
2022_02_LAC_KC,2022,2,2022-09-15,LAC,00-0036355,J.Herbert,50,-0.9219
2022_02_MIA_BAL,2022,2,2022-09-18,BAL,00-0034796,L.Jackson,31,20.90535
2022_02_MIA_BAL,2022,2,2022-09-18,MIA,00-0036212,T.Tagovailoa,51,26.89347
2022_02_MIN_PHI,2022,2,2022-09-19,MIN,00-0029604,K.Cousins,50,-12.63813
2022_02_MIN_PHI,2022,2,2022-09-19,PHI,00-0036389,J.Hurts,38,12.15638
2022_02_NE_PIT,2022,2,2022-09-18,NE,00-0036972,M.Jones,38,5.42261
2022_02_NE_PIT,2022,2,2022-09-18,PIT,00-0033869,M.Trubisky,37,-5.6288
2022_02_NYJ_CLE,2022,2,2022-09-18,CLE,00-0033119,J.Brissett,32,15.38809
2022_02_NYJ_CLE,2022,2,2022-09-18,NYJ,00-0026158,J.Flacco,47,13.77382
2022_02_NYJ_CLE,2022,2,2022-09-18,NYJ,00-0036313,B.Mann,1,3.81003
2022_02_SEA_SF,2022,2,2022-09-18,SEA,00-0030565,G.Smith,32,-7.91789
2022_02_SEA_SF,2022,2,2022-09-18,SEA,00-0036425,D.Dallas,1,-4.86711
2022_02_SEA_SF,2022,2,2022-09-18,SF,00-0031345,J.Garoppolo,22,2.21442
2022_02_SEA_SF,2022,2,2022-09-18,SF,00-0037012,T.Lance,3,-0.60337
2022_02_TB_NO,2022,2,2022-09-18,NO,00-0031503,J.Winston,47,-21.41644
2022_02_TB_NO,2022,2,2022-09-18,TB,00-0019596,T.Brady,35,2.42871
2022_02_TEN_BUF,2022,2,2022-09-19,BUF,00-0028986,C.Keenum,2,-1.89314
2022_02_TEN_BUF,2022,2,2022-09-19,BUF,00-0034857,J.Allen,40,18.19808
2022_02_TEN_BUF,2022,2,2022-09-19,TEN,00-0029701,R.Tannehill,22,-11.53609
2022_02_TEN_BUF,2022,2,2022-09-19,TEN,00-0038128,M.Willis,6,-0.35458
2022_02_WAS_DET,2022,2,2022-09-18,DET,00-0033106,J.Goff,37,1.22053
2022_02_WAS_DET,2022,2,2022-09-18,WAS,00-0032950,C.Wentz,53,5.112
2022_03_ATL_SEA,2022,3,2022-09-25,ATL,00-0032268,M.Mariota,25,14.80192
2022_03_ATL_SEA,2022,3,2022-09-25,SEA,00-0030565,G.Smith,46,11.88253
2022_03_BAL_NE,2022,3,2022-09-25,BAL,00-0034796,L.Jackson,34,3.02148
2022_03_BAL_NE,2022,3,2022-09-25,NE,00-0036972,M.Jones,40,-1.60323
2022_03_BUF_MIA,2022,3,2022-09-25,BUF,00-0034857,J.Allen,70,12.54548
2022_03_BUF_MIA,2022,3,2022-09-25,MIA,00-0031237,T.Bridgewater,3,-1.85616
2022_03_BUF_MIA,2022,3,2022-09-25,MIA,00-0036212,T.Tagovailoa,19,8.66038
2022_03_CIN_NYJ,2022,3,2022-09-25,CIN,00-0036442,J.Burrow,39,12.11328
2022_03_CIN_NYJ,2022,3,2022-09-25,NYJ,00-0026158,J.Flacco,56,-23.43871
2022_03_DAL_NYG,2022,3,2022-09-26,DAL,00-0033662,C.Rush,31,3.38709
2022_03_DAL_NYG,2022,3,2022-09-26,NYG,00-0035710,D.Jones,49,-6.81127
2022_03_DET_MIN,2022,3,2022-09-25,DET,00-0033106,J.Goff,42,6.44704
2022_03_DET_MIN,2022,3,2022-09-25,MIN,00-0029604,K.Cousins,41,-0.73781
2022_03_GB_TB,2022,3,2022-09-25,GB,00-0023459,A.Rodgers,36,0.73055
2022_03_GB_TB,2022,3,2022-09-25,TB,00-0019596,T.Brady,45,-6.81847
2022_03_HOU_CHI,2022,3,2022-09-25,CHI,00-0036945,J.Fields,25,-3.49418
2022_03_HOU_CHI,2022,3,2022-09-25,HOU,00-0036898,D.Mills,33,-5.73888
2022_03_JAX_LAC,2022,3,2022-09-25,JAX,00-0036971,T.Lawrence,40,13.09496
2022_03_JAX_LAC,2022,3,2022-09-25,LAC,00-0036355,J.Herbert,47,-7.58964
2022_03_KC_IND,2022,3,2022-09-25,IND,00-0026143,M.Ryan,43,-4.26017
2022_03_KC_IND,2022,3,2022-09-25,KC,00-0033873,P.Mahomes,40,8.72148
2022_03_KC_IND,2022,3,2022-09-25,KC,00-0035889,T.Townsend,1,-3.51759
2022_03_LA_ARI,2022,3,2022-09-25,ARI,00-0035228,K.Murray,62,-5.97713
2022_03_LA_ARI,2022,3,2022-09-25,LA,00-0026498,M.Stafford,27,10.95367
2022_03_LV_TEN,2022,3,2022-09-25,LV,00-0031280,D.Carr,47,8.43535
2022_03_LV_TEN,2022,3,2022-09-25,LV,00-0033555,M.Hollins,1,0.05115
2022_03_LV_TEN,2022,3,2022-09-25,TEN,00-0029701,R.Tannehill,28,12.19978
2022_03_NO_CAR,2022,3,2022-09-25,CAR,00-0034855,B.Mayfield,28,-4.78454
2022_03_NO_CAR,2022,3,2022-09-25,NO,00-0031503,J.Winston,42,7.92514
2022_03_PHI_WAS,2022,3,2022-09-25,PHI,00-0036389,J.Hurts,41,15.02639
2022_03_PHI_WAS,2022,3,2022-09-25,WAS,00-0032950,C.Wentz,55,-19.25874
2022_03_PIT_CLE,2022,3,2022-09-22,CLE,00-0033119,J.Brissett,33,1.45533
2022_03_PIT_CLE,2022,3,2022-09-22,PIT,00-0033869,M.Trubisky,33,-8.28345
2022_03_SF_DEN,2022,3,2022-09-25,DEN,00-0029263,R.Wilson,40,-10.62532
2022_03_SF_DEN,2022,3,2022-09-25,SF,00-0031345,J.Garoppolo,33,-9.23372
2022_04_ARI_CAR,2022,4,2022-10-02,ARI,00-0035228,K.Murray,35,0.68357
2022_04_ARI_CAR,2022,4,2022-10-02,CAR,00-0034855,B.Mayfield,38,-12.36597
2022_04_BUF_BAL,2022,4,2022-10-02,BAL,00-0034796,L.Jackson,38,-6.52038
2022_04_BUF_BAL,2022,4,2022-10-02,BUF,00-0034857,J.Allen,42,6.92194
2022_04_CHI_NYG,2022,4,2022-10-02,CHI,00-0036945,J.Fields,35,0.31834
2022_04_CHI_NYG,2022,4,2022-10-02,NYG,00-0028118,T.Taylor,5,2.29428
2022_04_CHI_NYG,2022,4,2022-10-02,NYG,00-0035710,D.Jones,17,3.12787
2022_04_CLE_ATL,2022,4,2022-10-02,ATL,00-0032268,M.Mariota,20,-5.13431
2022_04_CLE_ATL,2022,4,2022-10-02,CLE,00-0033119,J.Brissett,38,-3.69276
2022_04_DEN_LV,2022,4,2022-10-02,DEN,00-0029263,R.Wilson,31,0.46754
2022_04_DEN_LV,2022,4,2022-10-02,LV,00-0031280,D.Carr,39,-0.18495
2022_04_JAX_PHI,2022,4,2022-10-02,JAX,00-0036971,T.Lawrence,27,-8.89226
2022_04_JAX_PHI,2022,4,2022-10-02,PHI,00-0036389,J.Hurts,29,-7.25474
2022_04_KC_TB,2022,4,2022-10-02,KC,00-0033873,P.Mahomes,43,11.76668
2022_04_KC_TB,2022,4,2022-10-02,TB,00-0019596,T.Brady,53,9.51133
2022_04_LAC_HOU,2022,4,2022-10-02,HOU,00-0036898,D.Mills,39,-8.71396
2022_04_LAC_HOU,2022,4,2022-10-02,LAC,00-0036355,J.Herbert,40,16.72019
2022_04_LA_SF,2022,4,2022-10-03,LA,00-0026498,M.Stafford,56,-12.96194
2022_04_LA_SF,2022,4,2022-10-03,SF,00-0031345,J.Garoppolo,28,11.51379
2022_04_MIA_CIN,2022,4,2022-09-29,CIN,00-0033009,T.Boyd,1,3.21795
2022_04_MIA_CIN,2022,4,2022-09-29,CIN,00-0036442,J.Burrow,34,12.83611
2022_04_MIA_CIN,2022,4,2022-09-29,MIA,00-0031237,T.Bridgewater,24,1.57453
2022_04_MIA_CIN,2022,4,2022-09-29,MIA,00-0036212,T.Tagovailoa,15,-0.61819
2022_04_MIN_NO,2022,4,2022-10-02,MIN,00-0029604,K.Cousins,41,-1.45476
2022_04_MIN_NO,2022,4,2022-10-02,MIN,00-0037500,R.Wright,1,3.36239
2022_04_MIN_NO,2022,4,2022-10-02,NO,00-0027973,A.Dalton,30,6.53402
2022_04_NE_GB,2022,4,2022-10-02,GB,00-0023459,A.Rodgers,37,-4.7908
2022_04_NE_GB,2022,4,2022-10-02,NE,00-0026625,B.Hoyer,7,-2.12652
2022_04_NE_GB,2022,4,2022-10-02,NE,00-0038108,B.Zappe,18,-4.75901
2022_04_NYJ_PIT,2022,4,2022-10-02,NYJ,00-0034419,B.Berrios,1,1.18445
2022_04_NYJ_PIT,2022,4,2022-10-02,NYJ,00-0037013,Z.Wilson,39,0.86196
2022_04_NYJ_PIT,2022,4,2022-10-02,PIT,00-0033869,M.Trubisky,17,-8.24833
2022_04_NYJ_PIT,2022,4,2022-10-02,PIT,00-0038102,K.Pickett,16,3.41705
2022_04_SEA_DET,2022,4,2022-10-02,DET,00-0033106,J.Goff,41,7.72967
2022_04_SEA_DET,2022,4,2022-10-02,DET,00-0035156,J.Fox,1,2.9526
2022_04_SEA_DET,2022,4,2022-10-02,SEA,00-0030565,G.Smith,32,23.51867
2022_04_TEN_IND,2022,4,2022-10-02,IND,00-0026143,M.Ryan,41,8.42625
2022_04_TEN_IND,2022,4,2022-10-02,TEN,00-0029701,R.Tannehill,26,0.12491
2022_04_WAS_DAL,2022,4,2022-10-02,DAL,00-0033662,C.Rush,29,1.17106
2022_04_WAS_DAL,2022,4,2022-10-02,WAS,00-0032950,C.Wentz,45,-17.40225
2022_05_ATL_TB,2022,5,2022-10-09,ATL,00-0032268,M.Mariota,34,-0.83673
2022_05_ATL_TB,2022,5,2022-10-09,TB,00-0019596,T.Brady,52,12.98959
2022_05_CHI_MIN,2022,5,2022-10-09,CHI,00-0036945,J.Fields,29,8.02158
2022_05_CHI_MIN,2022,5,2022-10-09,MIN,00-0029604,K.Cousins,42,11.70166
2022_05_CHI_MIN,2022,5,2022-10-09,MIN,00-0036322,J.Jefferson,1,2.41142
2022_05_CIN_BAL,2022,5,2022-10-09,BAL,00-0034796,L.Jackson,35,-7.22802
2022_05_CIN_BAL,2022,5,2022-10-09,CIN,00-0033009,T.Boyd,1,-2.61066
2022_05_CIN_BAL,2022,5,2022-10-09,CIN,00-0036442,J.Burrow,37,-4.34813
2022_05_DAL_LA,2022,5,2022-10-09,DAL,00-0033662,C.Rush,19,-6.6676
2022_05_DAL_LA,2022,5,2022-10-09,LA,00-0026498,M.Stafford,47,-14.38317
2022_05_DAL_LA,2022,5,2022-10-09,LA,00-0032943,R.Dixon,1,2.61606
2022_05_DAL_LA,2022,5,2022-10-09,LA,00-0033908,C.Kupp,1,-0.46752
2022_05_DET_NE,2022,5,2022-10-09,DET,00-0033106,J.Goff,39,-21.5378
2022_05_DET_NE,2022,5,2022-10-09,NE,00-0038108,B.Zappe,22,6.45981
2022_05_HOU_JAX,2022,5,2022-10-09,HOU,00-0036898,D.Mills,25,-2.51899
2022_05_HOU_JAX,2022,5,2022-10-09,JAX,00-0036971,T.Lawrence,49,-5.03981
2022_05_IND_DEN,2022,5,2022-10-06,DEN,00-0029263,R.Wilson,45,-11.23336
2022_05_IND_DEN,2022,5,2022-10-06,IND,00-0026143,M.Ryan,47,-12.37702
2022_05_LAC_CLE,2022,5,2022-10-09,CLE,00-0033119,J.Brissett,36,10.04139
2022_05_LAC_CLE,2022,5,2022-10-09,LAC,00-0036355,J.Herbert,38,8.13677
2022_05_LV_KC,2022,5,2022-10-10,KC,00-0033873,P.Mahomes,48,16.29615
2022_05_LV_KC,2022,5,2022-10-10,LV,00-0031280,D.Carr,33,6.4818
2022_05_MIA_NYJ,2022,5,2022-10-09,MIA,00-0031237,T.Bridgewater,1,-1.61112
2022_05_MIA_NYJ,2022,5,2022-10-09,MIA,00-0037327,S.Thompson,35,-16.29022
2022_05_MIA_NYJ,2022,5,2022-10-09,NYJ,00-0037013,Z.Wilson,24,3.626
2022_05_NYG_GB,2022,5,2022-10-09,GB,00-0023459,A.Rodgers,41,2.82049
2022_05_NYG_GB,2022,5,2022-10-09,NYG,00-0035710,D.Jones,31,15.20052
2022_05_PHI_ARI,2022,5,2022-10-09,ARI,00-0035228,K.Murray,42,6.9529
2022_05_PHI_ARI,2022,5,2022-10-09,PHI,00-0036389,J.Hurts,40,6.09471
2022_05_PIT_BUF,2022,5,2022-10-09,BUF,00-0028986,C.Keenum,5,-3.89313
2022_05_PIT_BUF,2022,5,2022-10-09,BUF,00-0034857,J.Allen,34,21.35843
2022_05_PIT_BUF,2022,5,2022-10-09,PIT,00-0038102,K.Pickett,56,-3.78627
2022_05_SEA_NO,2022,5,2022-10-09,NO,00-0027973,A.Dalton,26,-3.12046
2022_05_SEA_NO,2022,5,2022-10-09,NO,00-0033357,T.Hill,1,2.65514
2022_05_SEA_NO,2022,5,2022-10-09,SEA,00-0030565,G.Smith,30,3.28281
2022_05_SF_CAR,2022,5,2022-10-09,CAR,00-0033275,P.Walker,8,-1.0448
2022_05_SF_CAR,2022,5,2022-10-09,CAR,00-0034855,B.Mayfield,40,-10.82744
2022_05_SF_CAR,2022,5,2022-10-09,SF,00-0031345,J.Garoppolo,32,13.61743
2022_05_TEN_WAS,2022,5,2022-10-09,TEN,00-0029701,R.Tannehill,31,-1.78219
2022_05_TEN_WAS,2022,5,2022-10-09,WAS,00-0032950,C.Wentz,43,1.15714
2022_06_ARI_SEA,2022,6,2022-10-16,ARI,00-0035228,K.Murray,47,-12.19226
2022_06_ARI_SEA,2022,6,2022-10-16,SEA,00-0030565,G.Smith,38,-4.3993
2022_06_BAL_NYG,2022,6,2022-10-16,BAL,00-0034796,L.Jackson,36,0.77018
2022_06_BAL_NYG,2022,6,2022-10-16,NYG,00-0035710,D.Jones,32,10.15134
2022_06_BUF_KC,2022,6,2022-10-16,BUF,00-0034857,J.Allen,44,12.09337
2022_06_BUF_KC,2022,6,2022-10-16,KC,00-0033873,P.Mahomes,47,6.68442
2022_06_CAR_LA,2022,6,2022-10-16,CAR,00-0033275,P.Walker,18,-10.68625
2022_06_CAR_LA,2022,6,2022-10-16,CAR,00-0036226,J.Eason,5,-2.26128
2022_06_CAR_LA,2022,6,2022-10-16,LA,00-0026498,M.Stafford,34,3.05017
2022_06_CIN_NO,2022,6,2022-10-16,CIN,00-0036442,J.Burrow,42,14.42449
2022_06_CIN_NO,2022,6,2022-10-16,NO,00-0027973,A.Dalton,33,3.34225
2022_06_CIN_NO,2022,6,2022-10-16,NO,00-0033357,T.Hill,4,0.36708
2022_06_DAL_PHI,2022,6,2022-10-16,DAL,00-0033662,C.Rush,38,-8.38205
2022_06_DAL_PHI,2022,6,2022-10-16,PHI,00-0036389,J.Hurts,30,4.50026
2022_06_DEN_LAC,2022,6,2022-10-17,DEN,00-0029263,R.Wilson,34,-6.64395
2022_06_DEN_LAC,2022,6,2022-10-17,LAC,00-0036355,J.Herbert,61,-15.85758
2022_06_JAX_IND,2022,6,2022-10-16,IND,00-0026143,M.Ryan,58,17.65738
2022_06_JAX_IND,2022,6,2022-10-16,JAX,00-0036971,T.Lawrence,27,2.11998
2022_06_MIN_MIA,2022,6,2022-10-16,MIA,00-0031237,T.Bridgewater,40,-0.19758
2022_06_MIN_MIA,2022,6,2022-10-16,MIA,00-0037327,S.Thompson,15,-0.50866
2022_06_MIN_MIA,2022,6,2022-10-16,MIN,00-0029604,K.Cousins,33,-5.52749
2022_06_NE_CLE,2022,6,2022-10-16,CLE,00-0033119,J.Brissett,49,-10.66461
2022_06_NE_CLE,2022,6,2022-10-16,NE,00-0038108,B.Zappe,36,8.40884
2022_06_NYJ_GB,2022,6,2022-10-16,GB,00-0023459,A.Rodgers,45,-13.29325
2022_06_NYJ_GB,2022,6,2022-10-16,GB,00-0036264,J.Love,4,-3.06639
2022_06_NYJ_GB,2022,6,2022-10-16,NYJ,00-0037013,Z.Wilson,21,-4.84303
2022_06_SF_ATL,2022,6,2022-10-16,ATL,00-0032268,M.Mariota,17,7.45848
2022_06_SF_ATL,2022,6,2022-10-16,SF,00-0031345,J.Garoppolo,42,3.43239
2022_06_TB_PIT,2022,6,2022-10-16,PIT,00-0033869,M.Trubisky,13,10.28482
2022_06_TB_PIT,2022,6,2022-10-16,PIT,00-0038102,K.Pickett,21,-1.93184
2022_06_TB_PIT,2022,6,2022-10-16,TB,00-0019596,T.Brady,41,8.81295
2022_06_WAS_CHI,2022,6,2022-10-13,CHI,00-0036945,J.Fields,42,-9.06854
2022_06_WAS_CHI,2022,6,2022-10-13,WAS,00-0032950,C.Wentz,25,-7.9718
2022_07_ATL_CIN,2022,7,2022-10-23,ATL,00-0032268,M.Mariota,19,0.62694
2022_07_ATL_CIN,2022,7,2022-10-23,CIN,00-0036442,J.Burrow,45,27.02564
2022_07_CHI_NE,2022,7,2022-10-24,CHI,00-0036945,J.Fields,26,4.30431
2022_07_CHI_NE,2022,7,2022-10-24,NE,00-0036972,M.Jones,9,-4.04413
2022_07_CHI_NE,2022,7,2022-10-24,NE,00-0038108,B.Zappe,23,-2.52115
2022_07_CLE_BAL,2022,7,2022-10-23,BAL,00-0034796,L.Jackson,21,-3.88889
2022_07_CLE_BAL,2022,7,2022-10-23,CLE,00-0033119,J.Brissett,34,0.28213
2022_07_DET_DAL,2022,7,2022-10-23,DAL,00-0033077,D.Prescott,28,4.01418
2022_07_DET_DAL,2022,7,2022-10-23,DET,00-0033106,J.Goff,32,-7.76616
2022_07_GB_WAS,2022,7,2022-10-23,GB,00-0023459,A.Rodgers,34,-2.8317
2022_07_GB_WAS,2022,7,2022-10-23,WAS,00-0031800,T.Heinicke,35,-1.17124
2022_07_HOU_LV,2022,7,2022-10-23,HOU,00-0036898,D.Mills,42,3.07251
2022_07_HOU_LV,2022,7,2022-10-23,LV,00-0031280,D.Carr,28,12.19001
2022_07_IND_TEN,2022,7,2022-10-23,IND,00-0026143,M.Ryan,48,-14.1685
2022_07_IND_TEN,2022,7,2022-10-23,TEN,00-0029701,R.Tannehill,22,3.51318
2022_07_KC_SF,2022,7,2022-10-23,KC,00-0026197,C.Henne,2,-1.89151
2022_07_KC_SF,2022,7,2022-10-23,KC,00-0033873,P.Mahomes,35,29.82754
2022_07_KC_SF,2022,7,2022-10-23,SF,00-0031345,J.Garoppolo,42,2.41191
2022_07_KC_SF,2022,7,2022-10-23,SF,00-0037834,B.Purdy,10,-0.27491
2022_07_NO_ARI,2022,7,2022-10-20,ARI,00-0035228,K.Murray,32,3.60747
2022_07_NO_ARI,2022,7,2022-10-20,NO,00-0027973,A.Dalton,50,0.41578
2022_07_NO_ARI,2022,7,2022-10-20,NO,00-0033357,T.Hill,2,4.11041
2022_07_NYG_JAX,2022,7,2022-10-23,JAX,00-0034775,C.Kirk,1,-0.32681
2022_07_NYG_JAX,2022,7,2022-10-23,JAX,00-0036971,T.Lawrence,43,11.34438
2022_07_NYG_JAX,2022,7,2022-10-23,NYG,00-0035710,D.Jones,36,5.72086
2022_07_NYJ_DEN,2022,7,2022-10-23,DEN,00-0034955,B.Rypien,48,-13.15225
2022_07_NYJ_DEN,2022,7,2022-10-23,NYJ,00-0037013,Z.Wilson,32,-9.78422
2022_07_PIT_MIA,2022,7,2022-10-23,MIA,00-0036212,T.Tagovailoa,38,4.95747
2022_07_PIT_MIA,2022,7,2022-10-23,PIT,00-0038102,K.Pickett,48,-5.02536
2022_07_SEA_LAC,2022,7,2022-10-23,LAC,00-0036355,J.Herbert,57,-9.15499
2022_07_SEA_LAC,2022,7,2022-10-23,SEA,00-0030565,G.Smith,30,5.48698
2022_07_TB_CAR,2022,7,2022-10-23,CAR,00-0033275,P.Walker,23,5.26887
2022_07_TB_CAR,2022,7,2022-10-23,TB,00-0019596,T.Brady,51,-2.94511
2022_08_ARI_MIN,2022,8,2022-10-30,ARI,00-0035228,K.Murray,51,-1.11421
2022_08_ARI_MIN,2022,8,2022-10-30,MIN,00-0029604,K.Cousins,42,-1.74092
2022_08_BAL_TB,2022,8,2022-10-27,BAL,00-0034796,L.Jackson,42,1.37271
2022_08_BAL_TB,2022,8,2022-10-27,TB,00-0019596,T.Brady,47,4.4238
2022_08_CAR_ATL,2022,8,2022-10-30,ATL,00-0032268,M.Mariota,31,6.27198
2022_08_CAR_ATL,2022,8,2022-10-30,CAR,00-0033275,P.Walker,38,1.21043
2022_08_CHI_DAL,2022,8,2022-10-30,CHI,00-0032156,T.Siemian,1,-0.10554
2022_08_CHI_DAL,2022,8,2022-10-30,CHI,00-0036945,J.Fields,30,-4.72841
2022_08_CHI_DAL,2022,8,2022-10-30,DAL,00-0033077,D.Prescott,28,14.72569
2022_08_CIN_CLE,2022,8,2022-10-31,CIN,00-0036442,J.Burrow,40,-9.24789
2022_08_CIN_CLE,2022,8,2022-10-31,CLE,00-0031544,A.Cooper,1,-4.9805
2022_08_CIN_CLE,2022,8,2022-10-31,CLE,00-0033119,J.Brissett,24,15.10441
2022_08_DEN_JAX,2022,8,2022-10-30,DEN,00-0029263,R.Wilson,34,4.34904
2022_08_DEN_JAX,2022,8,2022-10-30,JAX,00-0036971,T.Lawrence,35,-14.66591
2022_08_GB_BUF,2022,8,2022-10-30,BUF,00-0034857,J.Allen,30,5.02964
2022_08_GB_BUF,2022,8,2022-10-30,GB,00-0023459,A.Rodgers,33,-0.20848
2022_08_LV_NO,2022,8,2022-10-30,LV,00-0031280,D.Carr,29,-11.87031
2022_08_LV_NO,2022,8,2022-10-30,LV,00-0035264,J.Stidham,14,-1.89162
2022_08_LV_NO,2022,8,2022-10-30,NO,00-0027973,A.Dalton,30,9.86152
2022_08_LV_NO,2022,8,2022-10-30,NO,00-0033357,T.Hill,1,-0.42441
2022_08_MIA_DET,2022,8,2022-10-30,DET,00-0033106,J.Goff,39,8.32041
2022_08_MIA_DET,2022,8,2022-10-30,MIA,00-0036212,T.Tagovailoa,40,21.12781
2022_08_NE_NYJ,2022,8,2022-10-30,NE,00-0036972,M.Jones,44,-2.68454
2022_08_NE_NYJ,2022,8,2022-10-30,NYJ,00-0037013,Z.Wilson,43,-2.31007
2022_08_NYG_SEA,2022,8,2022-10-30,NYG,00-0035710,D.Jones,39,-0.73979
2022_08_NYG_SEA,2022,8,2022-10-30,SEA,00-0030565,G.Smith,41,-3.19672
2022_08_PIT_PHI,2022,8,2022-10-30,PHI,00-0035289,G.Minshew II,2,1.23397
2022_08_PIT_PHI,2022,8,2022-10-30,PHI,00-0036389,J.Hurts,32,14.84985
2022_08_PIT_PHI,2022,8,2022-10-30,PIT,00-0036326,C.Claypool,1,2.55321
2022_08_PIT_PHI,2022,8,2022-10-30,PIT,00-0036893,N.Harris,1,-0.06479
2022_08_PIT_PHI,2022,8,2022-10-30,PIT,00-0038102,K.Pickett,49,-15.61061
2022_08_SF_LA,2022,8,2022-10-30,LA,00-0026498,M.Stafford,36,1.48353
2022_08_SF_LA,2022,8,2022-10-30,SF,00-0031345,J.Garoppolo,28,14.54981
2022_08_SF_LA,2022,8,2022-10-30,SF,00-0033280,C.McCaffrey,1,3.77114
2022_08_TEN_HOU,2022,8,2022-10-30,HOU,00-0030288,R.Burkhead,1,-0.45197
2022_08_TEN_HOU,2022,8,2022-10-30,HOU,00-0036898,D.Mills,34,-13.16425
2022_08_TEN_HOU,2022,8,2022-10-30,TEN,00-0038128,M.Willis,15,-10.94608
2022_08_WAS_IND,2022,8,2022-10-30,IND,00-0036879,S.Ehlinger,28,0.02891
2022_08_WAS_IND,2022,8,2022-10-30,WAS,00-0031800,T.Heinicke,38,1.52731
2022_09_BAL_NO,2022,9,2022-11-07,BAL,00-0034796,L.Jackson,25,4.45918
2022_09_BAL_NO,2022,9,2022-11-07,NO,00-0027973,A.Dalton,34,-4.76143
2022_09_BAL_NO,2022,9,2022-11-07,NO,00-0033357,T.Hill,1,0.79607
2022_09_BUF_NYJ,2022,9,2022-11-06,BUF,00-0034857,J.Allen,42,-8.33768
2022_09_BUF_NYJ,2022,9,2022-11-06,NYJ,00-0037013,Z.Wilson,29,1.52622
2022_09_CAR_CIN,2022,9,2022-11-06,CAR,00-0033275,P.Walker,11,-13.48769
2022_09_CAR_CIN,2022,9,2022-11-06,CAR,00-0034855,B.Mayfield,20,11.83189
2022_09_CAR_CIN,2022,9,2022-11-06,CIN,00-0032434,B.Allen,4,-0.68825
2022_09_CAR_CIN,2022,9,2022-11-06,CIN,00-0036442,J.Burrow,29,10.73769
2022_09_GB_DET,2022,9,2022-11-06,DET,00-0033106,J.Goff,26,-1.46377
2022_09_GB_DET,2022,9,2022-11-06,GB,00-0023459,A.Rodgers,47,-4.82234
2022_09_IND_NE,2022,9,2022-11-06,IND,00-0036879,S.Ehlinger,42,-27.35699
2022_09_IND_NE,2022,9,2022-11-06,NE,00-0036972,M.Jones,34,-12.82812
2022_09_LAC_ATL,2022,9,2022-11-06,ATL,00-0032268,M.Mariota,27,-8.43565
2022_09_LAC_ATL,2022,9,2022-11-06,LAC,00-0036355,J.Herbert,44,4.26083
2022_09_LA_TB,2022,9,2022-11-06,LA,00-0026498,M.Stafford,31,-4.68224
2022_09_LA_TB,2022,9,2022-11-06,TB,00-0019596,T.Brady,58,-4.64251
2022_09_LV_JAX,2022,9,2022-11-06,JAX,00-0036971,T.Lawrence,32,16.94991
2022_09_LV_JAX,2022,9,2022-11-06,LV,00-0031280,D.Carr,38,7.94007
2022_09_MIA_CHI,2022,9,2022-11-06,CHI,00-0036945,J.Fields,37,8.89415
2022_09_MIA_CHI,2022,9,2022-11-06,MIA,00-0036212,T.Tagovailoa,31,18.86108
2022_09_MIN_WAS,2022,9,2022-11-06,MIN,00-0029604,K.Cousins,42,0.88589
2022_09_MIN_WAS,2022,9,2022-11-06,MIN,00-0033319,N.Mullens,1,-1.01254
2022_09_MIN_WAS,2022,9,2022-11-06,WAS,00-0031800,T.Heinicke,34,-11.7754
2022_09_PHI_HOU,2022,9,2022-11-03,HOU,00-0036898,D.Mills,28,-7.27879
2022_09_PHI_HOU,2022,9,2022-11-03,PHI,00-0036389,J.Hurts,33,7.54655
2022_09_SEA_ARI,2022,9,2022-11-06,ARI,00-0035228,K.Murray,44,-4.81609
2022_09_SEA_ARI,2022,9,2022-11-06,SEA,00-0030565,G.Smith,38,1.57727
2022_09_TEN_KC,2022,9,2022-11-06,KC,00-0033873,P.Mahomes,78,9.20462
2022_09_TEN_KC,2022,9,2022-11-06,TEN,00-0038128,M.Willis,21,-6.63933
2022_10_ARI_LA,2022,10,2022-11-13,ARI,00-0027688,C.McCoy,40,5.11914
2022_10_ARI_LA,2022,10,2022-11-13,LA,00-0034899,J.Wolford,39,-11.77789
2022_10_ARI_LA,2022,10,2022-11-13,LA,00-0035939,B.Perkins,1,-1.11988
2022_10_ATL_CAR,2022,10,2022-11-10,ATL,00-0032268,M.Mariota,36,-3.67514
2022_10_ATL_CAR,2022,10,2022-11-10,CAR,00-0033275,P.Walker,17,-1.43682
2022_10_CLE_MIA,2022,10,2022-11-13,CLE,00-0033119,J.Brissett,42,-1.43205
2022_10_CLE_MIA,2022,10,2022-11-13,MIA,00-0034418,C.Wilson,1,-1.25262
2022_10_CLE_MIA,2022,10,2022-11-13,MIA,00-0036212,T.Tagovailoa,32,17.95213
2022_10_CLE_MIA,2022,10,2022-11-13,MIA,00-0037327,S.Thompson,1,0.91624
2022_10_DAL_GB,2022,10,2022-11-13,DAL,00-0033077,D.Prescott,48,-6.69729
2022_10_DAL_GB,2022,10,2022-11-13,GB,00-0023459,A.Rodgers,23,8.2099
2022_10_DEN_TEN,2022,10,2022-11-13,DEN,00-0029263,R.Wilson,49,-4.34936
2022_10_DEN_TEN,2022,10,2022-11-13,TEN,00-0029701,R.Tannehill,38,5.96227
2022_10_DET_CHI,2022,10,2022-11-13,CHI,00-0036945,J.Fields,26,-2.61694
2022_10_DET_CHI,2022,10,2022-11-13,DET,00-0033106,J.Goff,30,18.63873
2022_10_HOU_NYG,2022,10,2022-11-13,HOU,00-0036898,D.Mills,41,5.21064
2022_10_HOU_NYG,2022,10,2022-11-13,NYG,00-0035710,D.Jones,23,12.9066
2022_10_IND_LV,2022,10,2022-11-13,IND,00-0026143,M.Ryan,30,7.03929
2022_10_IND_LV,2022,10,2022-11-13,LV,00-0031280,D.Carr,40,2.93316
2022_10_JAX_KC,2022,10,2022-11-13,JAX,00-0036971,T.Lawrence,48,7.94071
2022_10_JAX_KC,2022,10,2022-11-13,KC,00-0033873,P.Mahomes,40,23.65784
2022_10_LAC_SF,2022,10,2022-11-13,LAC,00-0026544,C.Daniel,3,-1.29777
2022_10_LAC_SF,2022,10,2022-11-13,LAC,00-0036355,J.Herbert,40,-4.5628
2022_10_LAC_SF,2022,10,2022-11-13,SF,00-0031345,J.Garoppolo,30,3.66424
2022_10_MIN_BUF,2022,10,2022-11-13,BUF,00-0034857,J.Allen,50,8.78664
2022_10_MIN_BUF,2022,10,2022-11-13,MIN,00-0029604,K.Cousins,56,5.6593
2022_10_NO_PIT,2022,10,2022-11-13,NO,00-0027973,A.Dalton,30,-2.11333
2022_10_NO_PIT,2022,10,2022-11-13,NO,00-0033357,T.Hill,1,-0.75257
2022_10_NO_PIT,2022,10,2022-11-13,PIT,00-0038102,K.Pickett,40,-0.78968
2022_10_SEA_TB,2022,10,2022-11-13,SEA,00-0030565,G.Smith,40,6.66771
2022_10_SEA_TB,2022,10,2022-11-13,TB,00-0019596,T.Brady,29,15.30845
2022_10_SEA_TB,2022,10,2022-11-13,TB,00-0033856,L.Fournette,1,-4.72602
2022_10_WAS_PHI,2022,10,2022-11-14,PHI,00-0036389,J.Hurts,28,-10.36417
2022_10_WAS_PHI,2022,10,2022-11-14,WAS,00-0031800,T.Heinicke,31,2.96102
2022_11_CAR_BAL,2022,11,2022-11-20,BAL,00-0034796,L.Jackson,37,-6.66571
2022_11_CAR_BAL,2022,11,2022-11-20,CAR,00-0034855,B.Mayfield,39,-17.00484
2022_11_CHI_ATL,2022,11,2022-11-20,ATL,00-0032268,M.Mariota,22,0.26213
2022_11_CHI_ATL,2022,11,2022-11-20,CHI,00-0036945,J.Fields,31,4.46529
2022_11_CIN_PIT,2022,11,2022-11-20,CIN,00-0036442,J.Burrow,42,12.30884
2022_11_CIN_PIT,2022,11,2022-11-20,PIT,00-0038102,K.Pickett,44,-2.21712
2022_11_CLE_BUF,2022,11,2022-11-20,BUF,00-0034857,J.Allen,30,7.23864
2022_11_CLE_BUF,2022,11,2022-11-20,CLE,00-0033119,J.Brissett,45,20.93542
2022_11_DAL_MIN,2022,11,2022-11-20,DAL,00-0033077,D.Prescott,27,17.57996
2022_11_DAL_MIN,2022,11,2022-11-20,DAL,00-0033662,C.Rush,5,1.25835
2022_11_DAL_MIN,2022,11,2022-11-20,MIN,00-0029604,K.Cousins,30,-18.25418
2022_11_DAL_MIN,2022,11,2022-11-20,MIN,00-0033319,N.Mullens,7,2.15434
2022_11_DET_NYG,2022,11,2022-11-20,DET,00-0033106,J.Goff,26,2.79655
2022_11_DET_NYG,2022,11,2022-11-20,NYG,00-0035710,D.Jones,48,-0.61389
2022_11_KC_LAC,2022,11,2022-11-20,KC,00-0033873,P.Mahomes,38,14.43278
2022_11_KC_LAC,2022,11,2022-11-20,LAC,00-0036355,J.Herbert,37,4.10989
2022_11_LA_NO,2022,11,2022-11-20,LA,00-0026498,M.Stafford,20,3.89299
2022_11_LA_NO,2022,11,2022-11-20,LA,00-0035939,B.Perkins,15,-3.9931
2022_11_LA_NO,2022,11,2022-11-20,NO,00-0027973,A.Dalton,28,10.67671
2022_11_LA_NO,2022,11,2022-11-20,NO,00-0033357,T.Hill,4,-1.61687
2022_11_LV_DEN,2022,11,2022-11-20,DEN,00-0029263,R.Wilson,35,3.89085
2022_11_LV_DEN,2022,11,2022-11-20,LV,00-0031280,D.Carr,38,7.10711
2022_11_NYJ_NE,2022,11,2022-11-20,NE,00-0036972,M.Jones,33,-1.28734
2022_11_NYJ_NE,2022,11,2022-11-20,NYJ,00-0037013,Z.Wilson,29,-10.07599
2022_11_PHI_IND,2022,11,2022-11-20,IND,00-0026143,M.Ryan,36,-3.33715
2022_11_PHI_IND,2022,11,2022-11-20,PHI,00-0036389,J.Hurts,30,-10.2625
2022_11_SF_ARI,2022,11,2022-11-21,ARI,00-0027688,C.McCoy,39,-4.73823
2022_11_SF_ARI,2022,11,2022-11-21,ARI,00-0035146,T.McSorley,10,-2.31949
2022_11_SF_ARI,2022,11,2022-11-21,SF,00-0031345,J.Garoppolo,29,16.23857
2022_11_TEN_GB,2022,11,2022-11-17,GB,00-0023459,A.Rodgers,40,1.65708
2022_11_TEN_GB,2022,11,2022-11-17,TEN,00-0029701,R.Tannehill,30,16.86617
2022_11_TEN_GB,2022,11,2022-11-17,TEN,00-0032764,D.Henry,2,0.46646
2022_11_WAS_HOU,2022,11,2022-11-20,HOU,00-0036898,D.Mills,40,-14.70199
2022_11_WAS_HOU,2022,11,2022-11-20,WAS,00-0031800,T.Heinicke,28,1.09617
2022_12_ATL_WAS,2022,12,2022-11-27,ATL,00-0032268,M.Mariota,26,-4.72027
2022_12_ATL_WAS,2022,12,2022-11-27,WAS,00-0031800,T.Heinicke,23,2.36639
2022_12_BAL_JAX,2022,12,2022-11-27,BAL,00-0034796,L.Jackson,37,11.09441
2022_12_BAL_JAX,2022,12,2022-11-27,JAX,00-0036971,T.Lawrence,42,13.39219
2022_12_BUF_DET,2022,12,2022-11-24,BUF,00-0034857,J.Allen,50,2.93301
2022_12_BUF_DET,2022,12,2022-11-24,DET,00-0033106,J.Goff,39,5.66123
2022_12_CHI_NYJ,2022,12,2022-11-27,CHI,00-0032156,T.Siemian,28,-7.19823
2022_12_CHI_NYJ,2022,12,2022-11-27,NYJ,00-0034401,M.White,29,17.47225
2022_12_CHI_NYJ,2022,12,2022-11-27,NYJ,00-0036313,B.Mann,1,-2.91798
2022_12_CIN_TEN,2022,12,2022-11-27,CIN,00-0036442,J.Burrow,42,9.71239
2022_12_CIN_TEN,2022,12,2022-11-27,TEN,00-0029701,R.Tannehill,37,7.81162
2022_12_DEN_CAR,2022,12,2022-11-27,CAR,00-0034869,S.Darnold,20,5.04299
2022_12_DEN_CAR,2022,12,2022-11-27,DEN,00-0029263,R.Wilson,40,-14.03973
2022_12_GB_PHI,2022,12,2022-11-27,GB,00-0023459,A.Rodgers,19,0.24755
2022_12_GB_PHI,2022,12,2022-11-27,GB,00-0036264,J.Love,9,7.29547
2022_12_GB_PHI,2022,12,2022-11-27,PHI,00-0036389,J.Hurts,35,2.13714
2022_12_HOU_MIA,2022,12,2022-11-27,HOU,00-0034577,K.Allen,46,-21.63268
2022_12_HOU_MIA,2022,12,2022-11-27,MIA,00-0036212,T.Tagovailoa,39,7.89533
2022_12_HOU_MIA,2022,12,2022-11-27,MIA,00-0037327,S.Thompson,8,-4.80111
2022_12_LAC_ARI,2022,12,2022-11-27,ARI,00-0035228,K.Murray,33,11.305
2022_12_LAC_ARI,2022,12,2022-11-27,LAC,00-0036355,J.Herbert,53,4.89627
2022_12_LA_KC,2022,12,2022-11-27,KC,00-0033873,P.Mahomes,46,11.75273
2022_12_LA_KC,2022,12,2022-11-27,LA,00-0032943,R.Dixon,1,2.7707
2022_12_LA_KC,2022,12,2022-11-27,LA,00-0035939,B.Perkins,29,-9.23625
2022_12_LV_SEA,2022,12,2022-11-27,LV,00-0031280,D.Carr,39,14.18039
2022_12_LV_SEA,2022,12,2022-11-27,SEA,00-0030565,G.Smith,42,10.57339
2022_12_NE_MIN,2022,12,2022-11-24,MIN,00-0029604,K.Cousins,38,11.62973
2022_12_NE_MIN,2022,12,2022-11-24,MIN,00-0036322,J.Jefferson,1,0.64167
2022_12_NE_MIN,2022,12,2022-11-24,NE,00-0036972,M.Jones,41,6.05518
2022_12_NO_SF,2022,12,2022-11-27,NO,00-0027973,A.Dalton,34,-5.13387
2022_12_NO_SF,2022,12,2022-11-27,NO,00-0033357,T.Hill,1,-0.54998
2022_12_NO_SF,2022,12,2022-11-27,SF,00-0031345,J.Garoppolo,38,1.29837
2022_12_NYG_DAL,2022,12,2022-11-24,DAL,00-0033077,D.Prescott,31,11.56191
2022_12_NYG_DAL,2022,12,2022-11-24,NYG,00-0035710,D.Jones,36,-4.17147
2022_12_PIT_IND,2022,12,2022-11-28,IND,00-0026143,M.Ryan,39,-3.81972
2022_12_PIT_IND,2022,12,2022-11-28,PIT,00-0038102,K.Pickett,34,1.11685
2022_12_TB_CLE,2022,12,2022-11-27,CLE,00-0033119,J.Brissett,43,-3.04106
2022_12_TB_CLE,2022,12,2022-11-27,TB,00-0019596,T.Brady,46,-1.70761
2022_13_BUF_NE,2022,13,2022-12-01,BUF,00-0034857,J.Allen,37,12.22855
2022_13_BUF_NE,2022,13,2022-12-01,NE,00-0036972,M.Jones,38,0.56893
2022_13_CLE_HOU,2022,13,2022-12-04,CLE,00-0033537,D.Watson,24,-10.07542
2022_13_CLE_HOU,2022,13,2022-12-04,HOU,00-0034577,K.Allen,39,-18.23175
2022_13_DEN_BAL,2022,13,2022-12-04,BAL,00-0034796,L.Jackson,7,-5.19754
2022_13_DEN_BAL,2022,13,2022-12-04,BAL,00-0035993,T.Huntley,38,-0.52944
2022_13_DEN_BAL,2022,13,2022-12-04,BAL,00-0036133,J.Proche,1,-4.04289
2022_13_DEN_BAL,2022,13,2022-12-04,DEN,00-0029263,R.Wilson,26,1.58512
2022_13_GB_CHI,2022,13,2022-12-04,CHI,00-0036945,J.Fields,27,-1.96513
2022_13_GB_CHI,2022,13,2022-12-04,GB,00-0023459,A.Rodgers,32,3.59411
2022_13_IND_DAL,2022,13,2022-12-04,DAL,00-0033077,D.Prescott,31,3.40315
2022_13_IND_DAL,2022,13,2022-12-04,IND,00-0026143,M.Ryan,40,-16.49964
2022_13_JAX_DET,2022,13,2022-12-04,DET,00-0033106,J.Goff,43,21.61648
2022_13_JAX_DET,2022,13,2022-12-04,JAX,00-0033936,C.Beathard,3,-4.18465
2022_13_JAX_DET,2022,13,2022-12-04,JAX,00-0036971,T.Lawrence,36,0.9562
2022_13_KC_CIN,2022,13,2022-12-04,CIN,00-0036442,J.Burrow,36,18.92311
2022_13_KC_CIN,2022,13,2022-12-04,KC,00-0033873,P.Mahomes,31,6.91299
2022_13_LAC_LV,2022,13,2022-12-04,LAC,00-0036355,J.Herbert,54,-10.48106
2022_13_LAC_LV,2022,13,2022-12-04,LV,00-0031280,D.Carr,30,-7.89029
2022_13_MIA_SF,2022,13,2022-12-04,MIA,00-0036212,T.Tagovailoa,36,-11.28804
2022_13_MIA_SF,2022,13,2022-12-04,MIA,00-0037327,S.Thompson,1,-3.02408
2022_13_MIA_SF,2022,13,2022-12-04,SF,00-0031345,J.Garoppolo,5,1.79974
2022_13_MIA_SF,2022,13,2022-12-04,SF,00-0037834,B.Purdy,40,0.63621
2022_13_NO_TB,2022,13,2022-12-05,NO,00-0027973,A.Dalton,31,3.24861
2022_13_NO_TB,2022,13,2022-12-05,NO,00-0033357,T.Hill,1,1.51094
2022_13_NO_TB,2022,13,2022-12-05,TB,00-0019596,T.Brady,55,-0.93394
2022_13_NYJ_MIN,2022,13,2022-12-04,MIN,00-0029604,K.Cousins,38,-0.00986
2022_13_NYJ_MIN,2022,13,2022-12-04,MIN,00-0036322,J.Jefferson,1,0.47467
2022_13_NYJ_MIN,2022,13,2022-12-04,NYJ,00-0034401,M.White,59,-7.89193
2022_13_NYJ_MIN,2022,13,2022-12-04,NYJ,00-0037740,G.Wilson,1,-0.49254
2022_13_PIT_ATL,2022,13,2022-12-04,ATL,00-0032268,M.Mariota,25,-4.99037
2022_13_PIT_ATL,2022,13,2022-12-04,PIT,00-0038102,K.Pickett,31,10.00942
2022_13_SEA_LA,2022,13,2022-12-04,LA,00-0034899,J.Wolford,34,-10.06716
2022_13_SEA_LA,2022,13,2022-12-04,LA,00-0035939,B.Perkins,1,0.50986
2022_13_SEA_LA,2022,13,2022-12-04,SEA,00-0030565,G.Smith,44,10.38364
2022_13_TEN_PHI,2022,13,2022-12-04,PHI,00-0035289,G.Minshew II,2,0.74134
2022_13_TEN_PHI,2022,13,2022-12-04,PHI,00-0036389,J.Hurts,41,18.35439
2022_13_TEN_PHI,2022,13,2022-12-04,TEN,00-0029701,R.Tannehill,31,-3.31436
2022_13_TEN_PHI,2022,13,2022-12-04,TEN,00-0038128,M.Willis,4,-3.09278
2022_13_WAS_NYG,2022,13,2022-12-04,NYG,00-0035710,D.Jones,38,1.45195
2022_13_WAS_NYG,2022,13,2022-12-04,WAS,00-0031800,T.Heinicke,47,0.04178
2022_14_BAL_PIT,2022,14,2022-12-11,BAL,00-0035993,T.Huntley,17,1.55565
2022_14_BAL_PIT,2022,14,2022-12-11,BAL,00-0037175,A.Brown,6,-1.50737
2022_14_BAL_PIT,2022,14,2022-12-11,PIT,00-0033869,M.Trubisky,31,6.58124
2022_14_BAL_PIT,2022,14,2022-12-11,PIT,00-0038102,K.Pickett,4,-2.69542
2022_14_CAR_SEA,2022,14,2022-12-11,CAR,00-0034869,S.Darnold,28,0.51019
2022_14_CAR_SEA,2022,14,2022-12-11,SEA,00-0030565,G.Smith,42,0.28687
2022_14_CLE_CIN,2022,14,2022-12-11,CIN,00-0036442,J.Burrow,36,0.91149
2022_14_CLE_CIN,2022,14,2022-12-11,CIN,00-0036900,J.Chase,1,-1.60401
2022_14_CLE_CIN,2022,14,2022-12-11,CLE,00-0033119,J.Brissett,1,-3.92968
2022_14_CLE_CIN,2022,14,2022-12-11,CLE,00-0033537,D.Watson,46,0.11238
2022_14_HOU_DAL,2022,14,2022-12-11,DAL,00-0033077,D.Prescott,42,-3.87665
2022_14_HOU_DAL,2022,14,2022-12-11,HOU,00-0032436,J.Driskel,7,2.04318
2022_14_HOU_DAL,2022,14,2022-12-11,HOU,00-0036898,D.Mills,21,5.82464
2022_14_JAX_TEN,2022,14,2022-12-11,JAX,00-0036971,T.Lawrence,43,18.42536
2022_14_JAX_TEN,2022,14,2022-12-11,TEN,00-0029701,R.Tannehill,44,-7.64121
2022_14_KC_DEN,2022,14,2022-12-11,DEN,00-0029263,R.Wilson,45,-2.88334
2022_14_KC_DEN,2022,14,2022-12-11,DEN,00-0034955,B.Rypien,8,-1.82879
2022_14_KC_DEN,2022,14,2022-12-11,KC,00-0033873,P.Mahomes,44,5.76685
2022_14_LV_LA,2022,14,2022-12-08,LA,00-0034855,B.Mayfield,40,1.82207
2022_14_LV_LA,2022,14,2022-12-08,LV,00-0031280,D.Carr,23,-2.34613
2022_14_MIA_LAC,2022,14,2022-12-11,LAC,00-0036355,J.Herbert,56,3.30973
2022_14_MIA_LAC,2022,14,2022-12-11,MIA,00-0036212,T.Tagovailoa,33,-5.72352
2022_14_MIN_DET,2022,14,2022-12-11,DET,00-0033106,J.Goff,41,17.00648
2022_14_MIN_DET,2022,14,2022-12-11,MIN,00-0029604,K.Cousins,44,22.34495
2022_14_MIN_DET,2022,14,2022-12-11,MIN,00-0033893,D.Cook,1,-6.88789
2022_14_NE_ARI,2022,14,2022-12-12,ARI,00-0027688,C.McCoy,50,-28.03266
2022_14_NE_ARI,2022,14,2022-12-12,ARI,00-0035228,K.Murray,2,0.60805
2022_14_NE_ARI,2022,14,2022-12-12,NE,00-0036972,M.Jones,37,-2.75725
2022_14_NYJ_BUF,2022,14,2022-12-11,BUF,00-0034857,J.Allen,33,-1.69566
2022_14_NYJ_BUF,2022,14,2022-12-11,NYJ,00-0026158,J.Flacco,4,-7.21795
2022_14_NYJ_BUF,2022,14,2022-12-11,NYJ,00-0034401,M.White,47,1.85892
2022_14_PHI_NYG,2022,14,2022-12-11,NYG,00-0028118,T.Taylor,10,0.84983
2022_14_PHI_NYG,2022,14,2022-12-11,NYG,00-0035710,D.Jones,33,-2.64741
2022_14_PHI_NYG,2022,14,2022-12-11,PHI,00-0036389,J.Hurts,36,7.07415
2022_14_TB_SF,2022,14,2022-12-11,SF,00-0026300,J.Johnson,2,-0.83585
2022_14_TB_SF,2022,14,2022-12-11,SF,00-0037834,B.Purdy,22,9.5827
2022_14_TB_SF,2022,14,2022-12-11,TB,00-0019596,T.Brady,56,-11.31757
2022_15_ARI_DEN,2022,15,2022-12-18,ARI,00-0027688,C.McCoy,24,-8.40414
2022_15_ARI_DEN,2022,15,2022-12-18,ARI,00-0035146,T.McSorley,16,-8.5085
2022_15_ARI_DEN,2022,15,2022-12-18,DEN,00-0034955,B.Rypien,33,-6.00405
2022_15_ATL_NO,2022,15,2022-12-18,ATL,00-0038122,D.Ridder,35,-11.4187
2022_15_ATL_NO,2022,15,2022-12-18,NO,00-0027973,A.Dalton,19,5.61978
2022_15_ATL_NO,2022,15,2022-12-18,NO,00-0033357,T.Hill,2,6.25323
2022_15_BAL_CLE,2022,15,2022-12-17,BAL,00-0035993,T.Huntley,35,-15.91707
2022_15_BAL_CLE,2022,15,2022-12-17,CLE,00-0033537,D.Watson,32,-0.38648
2022_15_CIN_TB,2022,15,2022-12-18,CIN,00-0036442,J.Burrow,41,3.00721
2022_15_CIN_TB,2022,15,2022-12-18,TB,00-0019596,T.Brady,46,3.5806
2022_15_DAL_JAX,2022,15,2022-12-18,DAL,00-0033077,D.Prescott,34,2.94476
2022_15_DAL_JAX,2022,15,2022-12-18,JAX,00-0036971,T.Lawrence,45,6.78213
2022_15_DET_NYJ,2022,15,2022-12-18,DET,00-0033106,J.Goff,38,11.71899
2022_15_DET_NYJ,2022,15,2022-12-18,NYJ,00-0037013,Z.Wilson,40,0.09479
2022_15_IND_MIN,2022,15,2022-12-17,IND,00-0026143,M.Ryan,37,-2.64003
2022_15_IND_MIN,2022,15,2022-12-17,MIN,00-0029604,K.Cousins,62,3.08837
2022_15_IND_MIN,2022,15,2022-12-17,MIN,00-0037500,R.Wright,1,-3.7716
2022_15_KC_HOU,2022,15,2022-12-18,HOU,00-0032208,P.Dorsett,1,-0.53611
2022_15_KC_HOU,2022,15,2022-12-18,HOU,00-0032436,J.Driskel,5,-2.56182
2022_15_KC_HOU,2022,15,2022-12-18,HOU,00-0036898,D.Mills,27,0.30003
2022_15_KC_HOU,2022,15,2022-12-18,KC,00-0033873,P.Mahomes,46,14.07905
2022_15_LA_GB,2022,15,2022-12-19,GB,00-0023459,A.Rodgers,33,1.0241
2022_15_LA_GB,2022,15,2022-12-19,LA,00-0034855,B.Mayfield,27,-4.56112
2022_15_MIA_BUF,2022,15,2022-12-17,BUF,00-0034857,J.Allen,43,11.32528
2022_15_MIA_BUF,2022,15,2022-12-17,MIA,00-0036212,T.Tagovailoa,33,-0.77543
2022_15_NE_LV,2022,15,2022-12-18,LV,00-0031280,D.Carr,41,-3.91315
2022_15_NE_LV,2022,15,2022-12-18,NE,00-0036972,M.Jones,33,-7.76295
2022_15_NYG_WAS,2022,15,2022-12-18,NYG,00-0035710,D.Jones,34,2.43923
2022_15_NYG_WAS,2022,15,2022-12-18,WAS,00-0031800,T.Heinicke,33,-9.20018
2022_15_PHI_CHI,2022,15,2022-12-18,CHI,00-0033958,N.Peterman,1,-0.88667
2022_15_PHI_CHI,2022,15,2022-12-18,CHI,00-0036945,J.Fields,32,1.60215
2022_15_PHI_CHI,2022,15,2022-12-18,PHI,00-0036389,J.Hurts,42,-1.52103
2022_15_PIT_CAR,2022,15,2022-12-18,CAR,00-0034869,S.Darnold,27,9.85392
2022_15_PIT_CAR,2022,15,2022-12-18,PIT,00-0033869,M.Trubisky,23,10.36357
2022_15_SF_SEA,2022,15,2022-12-15,SEA,00-0030565,G.Smith,48,-12.47234
2022_15_SF_SEA,2022,15,2022-12-15,SF,00-0037834,B.Purdy,28,7.10226
2022_15_TEN_LAC,2022,15,2022-12-18,LAC,00-0036355,J.Herbert,43,-7.4374
2022_15_TEN_LAC,2022,15,2022-12-18,TEN,00-0029701,R.Tannehill,27,-7.50492
2022_15_TEN_LAC,2022,15,2022-12-18,TEN,00-0038128,M.Willis,5,0.51696
2022_16_ATL_BAL,2022,16,2022-12-24,ATL,00-0038122,D.Ridder,37,-3.21552
2022_16_ATL_BAL,2022,16,2022-12-24,BAL,00-0035993,T.Huntley,18,-1.76358
2022_16_BUF_CHI,2022,16,2022-12-24,BUF,00-0034857,J.Allen,31,2.81046
2022_16_BUF_CHI,2022,16,2022-12-24,CHI,00-0033958,N.Peterman,4,-0.46185
2022_16_BUF_CHI,2022,16,2022-12-24,CHI,00-0036945,J.Fields,28,-9.50683
2022_16_CIN_NE,2022,16,2022-12-24,CIN,00-0036442,J.Burrow,55,8.13929
2022_16_CIN_NE,2022,16,2022-12-24,NE,00-0036972,M.Jones,36,2.52799
2022_16_DEN_LA,2022,16,2022-12-25,DEN,00-0029263,R.Wilson,34,-8.41401
2022_16_DEN_LA,2022,16,2022-12-25,DEN,00-0034955,B.Rypien,8,-8.61533
2022_16_DEN_LA,2022,16,2022-12-25,LA,00-0034855,B.Mayfield,29,13.55757
2022_16_DET_CAR,2022,16,2022-12-24,CAR,00-0034869,S.Darnold,22,14.30566
2022_16_DET_CAR,2022,16,2022-12-24,DET,00-0033106,J.Goff,46,13.72473
2022_16_GB_MIA,2022,16,2022-12-25,GB,00-0023459,A.Rodgers,42,4.45176
2022_16_GB_MIA,2022,16,2022-12-25,MIA,00-0036212,T.Tagovailoa,27,0.9524
2022_16_HOU_TEN,2022,16,2022-12-24,HOU,00-0032436,J.Driskel,4,2.99268
2022_16_HOU_TEN,2022,16,2022-12-24,HOU,00-0036898,D.Mills,31,1.71642
2022_16_HOU_TEN,2022,16,2022-12-24,TEN,00-0038128,M.Willis,28,-15.80056
2022_16_JAX_NYJ,2022,16,2022-12-22,JAX,00-0036971,T.Lawrence,36,5.65719
2022_16_JAX_NYJ,2022,16,2022-12-22,NYJ,00-0035752,C.Streveler,19,-3.69845
2022_16_JAX_NYJ,2022,16,2022-12-22,NYJ,00-0037013,Z.Wilson,21,-7.95521
2022_16_LAC_IND,2022,16,2022-12-26,IND,00-0029567,N.Foles,36,-24.71103
2022_16_LAC_IND,2022,16,2022-12-26,LAC,00-0036355,J.Herbert,36,-3.37796
2022_16_LV_PIT,2022,16,2022-12-24,LV,00-0031280,D.Carr,35,-5.18933
2022_16_LV_PIT,2022,16,2022-12-24,PIT,00-0038102,K.Pickett,40,1.59691
2022_16_NO_CLE,2022,16,2022-12-24,CLE,00-0033537,D.Watson,33,-15.47253
2022_16_NO_CLE,2022,16,2022-12-24,NO,00-0027973,A.Dalton,15,-5.01254
2022_16_NYG_MIN,2022,16,2022-12-24,MIN,00-0029604,K.Cousins,51,-1.16512
2022_16_NYG_MIN,2022,16,2022-12-24,NYG,00-0035710,D.Jones,49,-3.28211
2022_16_PHI_DAL,2022,16,2022-12-24,DAL,00-0033077,D.Prescott,44,7.74841
2022_16_PHI_DAL,2022,16,2022-12-24,PHI,00-0035289,G.Minshew II,41,15.79851
2022_16_SEA_KC,2022,16,2022-12-24,KC,00-0033873,P.Mahomes,31,4.79338
2022_16_SEA_KC,2022,16,2022-12-24,SEA,00-0030565,G.Smith,44,-15.77139
2022_16_TB_ARI,2022,16,2022-12-25,ARI,00-0022824,A.Lee,1,2.86448
2022_16_TB_ARI,2022,16,2022-12-25,ARI,00-0035146,T.McSorley,47,-16.74923
2022_16_TB_ARI,2022,16,2022-12-25,TB,00-0019596,T.Brady,48,-1.85598
2022_16_WAS_SF,2022,16,2022-12-24,SF,00-0037834,B.Purdy,26,5.79718
2022_16_WAS_SF,2022,16,2022-12-24,WAS,00-0031800,T.Heinicke,20,2.41144
2022_16_WAS_SF,2022,16,2022-12-24,WAS,00-0032950,C.Wentz,16,5.32411
2022_17_ARI_ATL,2022,17,2023-01-01,ARI,00-0035040,D.Blough,44,1.11506
2022_17_ARI_ATL,2022,17,2023-01-01,ATL,00-0038122,D.Ridder,29,0.41631
2022_17_CAR_TB,2022,17,2023-01-01,CAR,00-0034869,S.Darnold,39,9.46691
2022_17_CAR_TB,2022,17,2023-01-01,TB,00-0019596,T.Brady,48,12.08527
2022_17_CHI_DET,2022,17,2023-01-01,CHI,00-0036945,J.Fields,32,-20.86157
2022_17_CHI_DET,2022,17,2023-01-01,DET,00-0032792,N.Sudfeld,1,-0.89873
2022_17_CHI_DET,2022,17,2023-01-01,DET,00-0033106,J.Goff,30,5.75041
2022_17_CLE_WAS,2022,17,2023-01-01,CLE,00-0033537,D.Watson,25,6.6557
2022_17_CLE_WAS,2022,17,2023-01-01,WAS,00-0032950,C.Wentz,32,-8.24839
2022_17_DAL_TEN,2022,17,2022-12-29,DAL,00-0033077,D.Prescott,44,10.8092
2022_17_DAL_TEN,2022,17,2022-12-29,TEN,00-0033949,J.Dobbs,42,-8.01689
2022_17_DEN_KC,2022,17,2023-01-01,DEN,00-0029263,R.Wilson,43,-11.27765
2022_17_DEN_KC,2022,17,2023-01-01,KC,00-0033873,P.Mahomes,45,7.95235
2022_17_IND_NYG,2022,17,2023-01-01,IND,00-0029567,N.Foles,15,-9.48107
2022_17_IND_NYG,2022,17,2023-01-01,IND,00-0036879,S.Ehlinger,15,0.65141
2022_17_IND_NYG,2022,17,2023-01-01,NYG,00-0035710,D.Jones,28,9.34118
2022_17_JAX_HOU,2022,17,2023-01-01,HOU,00-0032436,J.Driskel,5,-3.81183
2022_17_JAX_HOU,2022,17,2023-01-01,HOU,00-0036898,D.Mills,44,-22.36377
2022_17_JAX_HOU,2022,17,2023-01-01,JAX,00-0033936,C.Beathard,9,-7.41649
2022_17_JAX_HOU,2022,17,2023-01-01,JAX,00-0036971,T.Lawrence,22,1.52746
2022_17_LA_LAC,2022,17,2023-01-01,LA,00-0034855,B.Mayfield,24,-10.24982
2022_17_LA_LAC,2022,17,2023-01-01,LAC,00-0026544,C.Daniel,3,1.36823
2022_17_LA_LAC,2022,17,2023-01-01,LAC,00-0036355,J.Herbert,28,10.22302
2022_17_MIA_NE,2022,17,2023-01-01,MIA,00-0031237,T.Bridgewater,21,0.53453
2022_17_MIA_NE,2022,17,2023-01-01,MIA,00-0037327,S.Thompson,23,-1.74952
2022_17_MIA_NE,2022,17,2023-01-01,NE,00-0036972,M.Jones,36,-3.1916
2022_17_MIN_GB,2022,17,2023-01-01,GB,00-0023459,A.Rodgers,25,3.7911
2022_17_MIN_GB,2022,17,2023-01-01,GB,00-0036264,J.Love,3,-0.38862
2022_17_MIN_GB,2022,17,2023-01-01,MIN,00-0029604,K.Cousins,35,-13.22112
2022_17_MIN_GB,2022,17,2023-01-01,MIN,00-0033319,N.Mullens,4,5.71323
2022_17_NO_PHI,2022,17,2023-01-01,NO,00-0027973,A.Dalton,28,-4.76665
2022_17_NO_PHI,2022,17,2023-01-01,NO,00-0033357,T.Hill,3,0.23714
2022_17_NO_PHI,2022,17,2023-01-01,PHI,00-0035289,G.Minshew II,38,-11.34749
2022_17_NYJ_SEA,2022,17,2023-01-01,NYJ,00-0034401,M.White,50,-18.90303
2022_17_NYJ_SEA,2022,17,2023-01-01,SEA,00-0030565,G.Smith,35,-3.40231
2022_17_PIT_BAL,2022,17,2023-01-01,BAL,00-0035993,T.Huntley,24,3.6464
2022_17_PIT_BAL,2022,17,2023-01-01,PIT,00-0038102,K.Pickett,29,4.15913
2022_17_SF_LV,2022,17,2023-01-01,LV,00-0035264,J.Stidham,38,8.77326
2022_17_SF_LV,2022,17,2023-01-01,SF,00-0037834,B.Purdy,35,7.84576
2022_18_ARI_SF,2022,18,2023-01-08,ARI,00-0035040,D.Blough,21,-6.57861
2022_18_ARI_SF,2022,18,2023-01-08,ARI,00-0035146,T.McSorley,10,-7.27457
2022_18_ARI_SF,2022,18,2023-01-08,SF,00-0037834,B.Purdy,26,6.22076
2022_18_BAL_CIN,2022,18,2023-01-08,BAL,00-0037175,A.Brown,46,-19.3321
2022_18_BAL_CIN,2022,18,2023-01-08,CIN,00-0036442,J.Burrow,45,-7.65297
2022_18_CAR_NO,2022,18,2023-01-08,CAR,00-0034869,S.Darnold,20,-11.21755
2022_18_CAR_NO,2022,18,2023-01-08,NO,00-0027973,A.Dalton,26,-8.14067
2022_18_CLE_PIT,2022,18,2023-01-08,CLE,00-0033537,D.Watson,40,-1.36675
2022_18_CLE_PIT,2022,18,2023-01-08,PIT,00-0038102,K.Pickett,31,8.78306
2022_18_DAL_WAS,2022,18,2023-01-08,DAL,00-0033077,D.Prescott,41,-15.70432
2022_18_DAL_WAS,2022,18,2023-01-08,DAL,00-0033662,C.Rush,1,-1.33511
2022_18_DAL_WAS,2022,18,2023-01-08,WAS,00-0037077,S.Howell,25,-3.58281
2022_18_DET_GB,2022,18,2023-01-08,DET,00-0033106,J.Goff,36,7.59125
2022_18_DET_GB,2022,18,2023-01-08,GB,00-0023459,A.Rodgers,31,-6.58525
2022_18_HOU_IND,2022,18,2023-01-08,HOU,00-0032436,J.Driskel,2,0.36981
2022_18_HOU_IND,2022,18,2023-01-08,HOU,00-0036898,D.Mills,40,5.95249
2022_18_HOU_IND,2022,18,2023-01-08,IND,00-0036879,S.Ehlinger,41,-8.54291
2022_18_KC_LV,2022,18,2023-01-07,KC,00-0033873,P.Mahomes,31,3.99341
2022_18_KC_LV,2022,18,2023-01-07,LV,00-0035264,J.Stidham,49,-6.50531
2022_18_LAC_DEN,2022,18,2023-01-08,DEN,00-0029263,R.Wilson,29,2.85223
2022_18_LAC_DEN,2022,18,2023-01-08,LAC,00-0026544,C.Daniel,8,0.49797
2022_18_LAC_DEN,2022,18,2023-01-08,LAC,00-0036355,J.Herbert,38,10.29606
2022_18_LA_SEA,2022,18,2023-01-08,LA,00-0034855,B.Mayfield,32,-10.80084
2022_18_LA_SEA,2022,18,2023-01-08,SEA,00-0030565,G.Smith,37,-2.83581
2022_18_MIN_CHI,2022,18,2023-01-08,CHI,00-0033958,N.Peterman,22,-3.92325
2022_18_MIN_CHI,2022,18,2023-01-08,CHI,00-0034177,T.Boyle,8,-4.50948
2022_18_MIN_CHI,2022,18,2023-01-08,MIN,00-0029604,K.Cousins,20,16.61085
2022_18_MIN_CHI,2022,18,2023-01-08,MIN,00-0033319,N.Mullens,14,5.4036
2022_18_NE_BUF,2022,18,2023-01-08,BUF,00-0034857,J.Allen,36,8.96174
2022_18_NE_BUF,2022,18,2023-01-08,NE,00-0036972,M.Jones,42,-1.63036
2022_18_NYG_PHI,2022,18,2023-01-08,NYG,00-0033550,D.Webb,42,0.65444
2022_18_NYG_PHI,2022,18,2023-01-08,NYG,00-0035042,J.Gillan,1,-3.91647
2022_18_NYG_PHI,2022,18,2023-01-08,NYG,00-0036145,L.Cager,1,-0.84021
2022_18_NYG_PHI,2022,18,2023-01-08,PHI,00-0036389,J.Hurts,42,-4.06075
2022_18_NYJ_MIA,2022,18,2023-01-08,MIA,00-0037327,S.Thompson,33,-7.52702
2022_18_NYJ_MIA,2022,18,2023-01-08,NYJ,00-0026158,J.Flacco,33,0.06369
2022_18_TB_ATL,2022,18,2023-01-08,ATL,00-0038122,D.Ridder,34,5.17071
2022_18_TB_ATL,2022,18,2023-01-08,TB,00-0019596,T.Brady,17,-1.40735
2022_18_TB_ATL,2022,18,2023-01-08,TB,00-0027948,B.Gabbert,8,0.21524
2022_18_TB_ATL,2022,18,2023-01-08,TB,00-0036928,K.Trask,9,-5.33256
2022_18_TEN_JAX,2022,18,2023-01-07,JAX,00-0036971,T.Lawrence,33,4.34759
2022_18_TEN_JAX,2022,18,2023-01-07,TEN,00-0033949,J.Dobbs,35,0.6064
2022_19_BAL_CIN,2022,19,2023-01-15,BAL,00-0035993,T.Huntley,33,2.33888
2022_19_BAL_CIN,2022,19,2023-01-15,CIN,00-0036442,J.Burrow,39,2.0432
2022_19_DAL_TB,2022,19,2023-01-16,DAL,00-0033077,D.Prescott,37,25.24591
2022_19_DAL_TB,2022,19,2023-01-16,TB,00-0019596,T.Brady,68,-3.68479
2022_19_LAC_JAX,2022,19,2023-01-14,JAX,00-0036971,T.Lawrence,50,-5.78377
2022_19_LAC_JAX,2022,19,2023-01-14,LAC,00-0036355,J.Herbert,47,9.63381
2022_19_MIA_BUF,2022,19,2023-01-15,BUF,00-0034857,J.Allen,48,-11.45999
2022_19_MIA_BUF,2022,19,2023-01-15,MIA,00-0037327,S.Thompson,51,-11.39201
2022_19_NYG_MIN,2022,19,2023-01-15,MIN,00-0029604,K.Cousins,39,12.24806
2022_19_NYG_MIN,2022,19,2023-01-15,MIN,00-0036322,J.Jefferson,1,-2.3802
2022_19_NYG_MIN,2022,19,2023-01-15,NYG,00-0035710,D.Jones,44,19.42241
2022_19_SEA_SF,2022,19,2023-01-14,SEA,00-0030565,G.Smith,41,7.08508
2022_19_SEA_SF,2022,19,2023-01-14,SF,00-0037834,B.Purdy,32,22.93208
2022_20_CIN_BUF,2022,20,2023-01-22,BUF,00-0034857,J.Allen,47,-1.90082
2022_20_CIN_BUF,2022,20,2023-01-22,CIN,00-0036442,J.Burrow,38,12.97682
2022_20_DAL_SF,2022,20,2023-01-22,DAL,00-0033077,D.Prescott,40,-3.19509
2022_20_DAL_SF,2022,20,2023-01-22,SF,00-0037834,B.Purdy,33,2.56514
2022_20_JAX_KC,2022,20,2023-01-21,JAX,00-0036971,T.Lawrence,42,-0.80994
2022_20_JAX_KC,2022,20,2023-01-21,KC,00-0026197,C.Henne,7,2.70695
2022_20_JAX_KC,2022,20,2023-01-21,KC,00-0033873,P.Mahomes,32,10.75779
2022_20_NYG_PHI,2022,20,2023-01-21,NYG,00-0035710,D.Jones,35,-14.34183
2022_20_NYG_PHI,2022,20,2023-01-21,PHI,00-0036389,J.Hurts,26,6.00018
2022_21_CIN_KC,2022,21,2023-01-29,CIN,00-0036442,J.Burrow,49,-0.43903
2022_21_CIN_KC,2022,21,2023-01-29,KC,00-0033873,P.Mahomes,49,7.87773
2022_21_SF_PHI,2022,21,2023-01-29,PHI,00-0036389,J.Hurts,27,-0.36726
2022_21_SF_PHI,2022,21,2023-01-29,SF,00-0026300,J.Johnson,15,-2.02557
2022_21_SF_PHI,2022,21,2023-01-29,SF,00-0033280,C.McCaffrey,1,-0.53733
2022_21_SF_PHI,2022,21,2023-01-29,SF,00-0037834,B.Purdy,5,-4.7761
2022_22_KC_PHI,2022,22,2023-02-12,KC,00-0033873,P.Mahomes,30,15.93694
2022_22_KC_PHI,2022,22,2023-02-12,PHI,00-0036389,J.Hurts,42,13.78287
2023_01_ARI_WAS,2023,1,2023-09-10,ARI,00-0033949,J.Dobbs,33,-9.23967
2023_01_ARI_WAS,2023,1,2023-09-10,WAS,00-0037077,S.Howell,39,-10.64499
2023_01_BUF_NYJ,2023,1,2023-09-11,BUF,00-0034857,J.Allen,49,1.8577
2023_01_BUF_NYJ,2023,1,2023-09-11,NYJ,00-0023459,A.Rodgers,2,-2.03196
2023_01_BUF_NYJ,2023,1,2023-09-11,NYJ,00-0037013,Z.Wilson,24,-2.62682
2023_01_CAR_ATL,2023,1,2023-09-10,ATL,00-0038122,D.Ridder,22,-4.45045
2023_01_CAR_ATL,2023,1,2023-09-10,CAR,00-0039150,B.Young,42,-10.89758
2023_01_CIN_CLE,2023,1,2023-09-10,CIN,00-0035100,J.Browning,1,-1.24703
2023_01_CIN_CLE,2023,1,2023-09-10,CIN,00-0036442,J.Burrow,33,-18.63563
2023_01_CIN_CLE,2023,1,2023-09-10,CLE,00-0033537,D.Watson,35,-8.94665
2023_01_DAL_NYG,2023,1,2023-09-10,DAL,00-0033077,D.Prescott,24,4.17848
2023_01_DAL_NYG,2023,1,2023-09-10,DAL,00-0033662,C.Rush,1,-2.60165
2023_01_DAL_NYG,2023,1,2023-09-10,NYG,00-0028118,T.Taylor,2,-0.54466
2023_01_DAL_NYG,2023,1,2023-09-10,NYG,00-0035710,D.Jones,42,-24.38932
2023_01_DET_KC,2023,1,2023-09-07,DET,00-0033106,J.Goff,35,3.89209
2023_01_DET_KC,2023,1,2023-09-07,KC,00-0033873,P.Mahomes,45,-3.52888
2023_01_GB_CHI,2023,1,2023-09-10,CHI,00-0036945,J.Fields,48,-5.83806
2023_01_GB_CHI,2023,1,2023-09-10,GB,00-0036264,J.Love,30,16.61555
2023_01_HOU_BAL,2023,1,2023-09-10,BAL,00-0034796,L.Jackson,31,-3.3593
2023_01_HOU_BAL,2023,1,2023-09-10,HOU,00-0039163,C.Stroud,52,-11.98224
2023_01_JAX_IND,2023,1,2023-09-10,IND,00-0035289,G.Minshew II,2,-4.75462
2023_01_JAX_IND,2023,1,2023-09-10,IND,00-0039164,A.Richardson,45,-6.38302
2023_01_JAX_IND,2023,1,2023-09-10,JAX,00-0036971,T.Lawrence,35,-8.35069
2023_01_LA_SEA,2023,1,2023-09-10,LA,00-0026498,M.Stafford,39,21.53392
2023_01_LA_SEA,2023,1,2023-09-10,SEA,00-0030565,G.Smith,29,-4.13816
2023_01_LV_DEN,2023,1,2023-09-10,DEN,00-0029263,R.Wilson,36,2.54434
2023_01_LV_DEN,2023,1,2023-09-10,LV,00-0031345,J.Garoppolo,29,15.25899
2023_01_MIA_LAC,2023,1,2023-09-10,LAC,00-0036355,J.Herbert,40,0.81765
2023_01_MIA_LAC,2023,1,2023-09-10,MIA,00-0036212,T.Tagovailoa,46,28.02272
2023_01_PHI_NE,2023,1,2023-09-10,NE,00-0036972,M.Jones,58,-11.23704
2023_01_PHI_NE,2023,1,2023-09-10,PHI,00-0036389,J.Hurts,38,-3.47272
2023_01_SF_PIT,2023,1,2023-09-10,PIT,00-0038102,K.Pickett,51,-19.7239
2023_01_SF_PIT,2023,1,2023-09-10,SF,00-0037834,B.Purdy,34,9.02196
2023_01_TB_MIN,2023,1,2023-09-10,MIN,00-0029604,K.Cousins,47,0.02044
2023_01_TB_MIN,2023,1,2023-09-10,TB,00-0034855,B.Mayfield,38,-0.53978
2023_01_TEN_NO,2023,1,2023-09-10,NO,00-0031280,D.Carr,38,4.03197
2023_01_TEN_NO,2023,1,2023-09-10,TEN,00-0029701,R.Tannehill,40,-13.87972
2023_02_BAL_CIN,2023,2,2023-09-17,BAL,00-0034796,L.Jackson,40,12.68211
2023_02_BAL_CIN,2023,2,2023-09-17,CIN,00-0036442,J.Burrow,43,1.61498
2023_02_CHI_TB,2023,2,2023-09-17,CHI,00-0036945,J.Fields,36,-7.76008
2023_02_CHI_TB,2023,2,2023-09-17,TB,00-0034855,B.Mayfield,38,14.07229
2023_02_CLE_PIT,2023,2,2023-09-18,CLE,00-0033537,D.Watson,49,-16.52241
2023_02_CLE_PIT,2023,2,2023-09-18,PIT,00-0038102,K.Pickett,32,-13.45263
2023_02_GB_ATL,2023,2,2023-09-17,ATL,00-0038122,D.Ridder,38,3.99632
2023_02_GB_ATL,2023,2,2023-09-17,GB,00-0036264,J.Love,27,5.77501
2023_02_IND_HOU,2023,2,2023-09-17,HOU,00-0039163,C.Stroud,52,6.77642
2023_02_IND_HOU,2023,2,2023-09-17,IND,00-0035289,G.Minshew II,25,7.99331
2023_02_IND_HOU,2023,2,2023-09-17,IND,00-0039164,A.Richardson,10,1.73292
2023_02_KC_JAX,2023,2,2023-09-17,JAX,00-0034775,C.Kirk,1,-1.23988
2023_02_KC_JAX,2023,2,2023-09-17,JAX,00-0036971,T.Lawrence,48,-12.31472
2023_02_KC_JAX,2023,2,2023-09-17,KC,00-0033873,P.Mahomes,45,7.69958
2023_02_LAC_TEN,2023,2,2023-09-17,LAC,00-0036355,J.Herbert,44,9.26494
2023_02_LAC_TEN,2023,2,2023-09-17,TEN,00-0029701,R.Tannehill,29,1.45676
2023_02_LV_BUF,2023,2,2023-09-17,BUF,00-0034857,J.Allen,39,13.21761
2023_02_LV_BUF,2023,2,2023-09-17,LV,00-0031345,J.Garoppolo,25,-2.44287
2023_02_MIA_NE,2023,2,2023-09-17,MIA,00-0036212,T.Tagovailoa,32,11.09364
2023_02_MIA_NE,2023,2,2023-09-17,NE,00-0036972,M.Jones,47,-4.28076
2023_02_MIN_PHI,2023,2,2023-09-14,MIN,00-0029604,K.Cousins,46,11.02772
2023_02_MIN_PHI,2023,2,2023-09-14,PHI,00-0036389,J.Hurts,31,1.07134
2023_02_NO_CAR,2023,2,2023-09-18,CAR,00-0039150,B.Young,39,-9.28304
2023_02_NO_CAR,2023,2,2023-09-18,NO,00-0031280,D.Carr,40,-2.18911
2023_02_NO_CAR,2023,2,2023-09-18,NO,00-0033357,T.Hill,1,0.58033
2023_02_NYG_ARI,2023,2,2023-09-17,ARI,00-0033949,J.Dobbs,32,9.77862
2023_02_NYG_ARI,2023,2,2023-09-17,NYG,00-0035710,D.Jones,45,11.36589
2023_02_NYJ_DAL,2023,2,2023-09-17,DAL,00-0033077,D.Prescott,40,12.12747
2023_02_NYJ_DAL,2023,2,2023-09-17,NYJ,00-0037013,Z.Wilson,33,-17.36167
2023_02_SEA_DET,2023,2,2023-09-17,DET,00-0033106,J.Goff,37,5.93106
2023_02_SEA_DET,2023,2,2023-09-17,SEA,00-0030565,G.Smith,44,13.80404
2023_02_SF_LA,2023,2,2023-09-17,LA,00-0026498,M.Stafford,59,-5.86987
2023_02_SF_LA,2023,2,2023-09-17,SF,00-0037834,B.Purdy,26,3.25991
2023_02_WAS_DEN,2023,2,2023-09-17,DEN,00-0029263,R.Wilson,41,6.05455
2023_02_WAS_DEN,2023,2,2023-09-17,WAS,00-0037077,S.Howell,45,9.32635
2023_03_ATL_DET,2023,3,2023-09-24,ATL,00-0038122,D.Ridder,46,-15.30835
2023_03_ATL_DET,2023,3,2023-09-24,DET,00-0033106,J.Goff,34,2.59636
2023_03_BUF_WAS,2023,3,2023-09-24,BUF,00-0034857,J.Allen,35,12.31368
2023_03_BUF_WAS,2023,3,2023-09-24,WAS,00-0037077,S.Howell,39,-30.2141
2023_03_CAR_SEA,2023,3,2023-09-24,CAR,00-0027973,A.Dalton,62,5.78334
2023_03_CAR_SEA,2023,3,2023-09-24,SEA,00-0030565,G.Smith,38,5.27352
2023_03_CHI_KC,2023,3,2023-09-24,CHI,00-0036945,J.Fields,29,-18.47249
2023_03_CHI_KC,2023,3,2023-09-24,KC,00-0027948,B.Gabbert,5,-6.70605
2023_03_CHI_KC,2023,3,2023-09-24,KC,00-0033873,P.Mahomes,36,22.25438
2023_03_DAL_ARI,2023,3,2023-09-24,ARI,00-0033949,J.Dobbs,23,4.56063
2023_03_DAL_ARI,2023,3,2023-09-24,DAL,00-0033077,D.Prescott,45,-1.58109
2023_03_DEN_MIA,2023,3,2023-09-24,DEN,00-0029263,R.Wilson,39,-9.63554
2023_03_DEN_MIA,2023,3,2023-09-24,MIA,00-0034401,M.White,2,4.69023
2023_03_DEN_MIA,2023,3,2023-09-24,MIA,00-0036212,T.Tagovailoa,26,26.37221
2023_03_HOU_JAX,2023,3,2023-09-24,HOU,00-0039163,C.Stroud,31,15.31314
2023_03_HOU_JAX,2023,3,2023-09-24,JAX,00-0033936,C.Beathard,2,0.42687
2023_03_HOU_JAX,2023,3,2023-09-24,JAX,00-0036971,T.Lawrence,43,-3.22105
2023_03_IND_BAL,2023,3,2023-09-24,BAL,00-0034796,L.Jackson,40,-8.37175
2023_03_IND_BAL,2023,3,2023-09-24,IND,00-0035289,G.Minshew II,49,-8.41835
2023_03_LAC_MIN,2023,3,2023-09-24,LAC,00-0030279,K.Allen,1,3.96839
2023_03_LAC_MIN,2023,3,2023-09-24,LAC,00-0036355,J.Herbert,49,17.26978
2023_03_LAC_MIN,2023,3,2023-09-24,MIN,00-0029604,K.Cousins,55,-1.80701
2023_03_LA_CIN,2023,3,2023-09-25,CIN,00-0036442,J.Burrow,50,-6.55337
2023_03_LA_CIN,2023,3,2023-09-25,LA,00-0026498,M.Stafford,40,-5.87521
2023_03_NE_NYJ,2023,3,2023-09-24,NE,00-0036972,M.Jones,30,5.59117
2023_03_NE_NYJ,2023,3,2023-09-24,NYJ,00-0037013,Z.Wilson,39,-16.55745
2023_03_NO_GB,2023,3,2023-09-24,GB,00-0036264,J.Love,49,-1.3545
2023_03_NO_GB,2023,3,2023-09-24,NO,00-0031280,D.Carr,21,0.07447
2023_03_NO_GB,2023,3,2023-09-24,NO,00-0031503,J.Winston,17,-2.51949
2023_03_NYG_SF,2023,3,2023-09-21,NYG,00-0028118,T.Taylor,2,-0.84061
2023_03_NYG_SF,2023,3,2023-09-21,NYG,00-0035710,D.Jones,34,-8.18383
2023_03_NYG_SF,2023,3,2023-09-21,SF,00-0037834,B.Purdy,39,16.4625
2023_03_PHI_TB,2023,3,2023-09-25,PHI,00-0036389,J.Hurts,40,3.07535
2023_03_PHI_TB,2023,3,2023-09-25,TB,00-0034855,B.Mayfield,28,-3.27197
2023_03_PIT_LV,2023,3,2023-09-24,LV,00-0031345,J.Garoppolo,49,-7.3752
2023_03_PIT_LV,2023,3,2023-09-24,PIT,00-0038102,K.Pickett,30,7.81204
2023_03_TEN_CLE,2023,3,2023-09-24,CLE,00-0033537,D.Watson,37,7.39366
2023_03_TEN_CLE,2023,3,2023-09-24,TEN,00-0029701,R.Tannehill,30,-14.02561
2023_04_ARI_SF,2023,4,2023-10-01,ARI,00-0033949,J.Dobbs,47,8.59961
2023_04_ARI_SF,2023,4,2023-10-01,SF,00-0037834,B.Purdy,22,22.84409
2023_04_ATL_JAX,2023,4,2023-10-01,ATL,00-0038122,D.Ridder,36,-18.90945
2023_04_ATL_JAX,2023,4,2023-10-01,JAX,00-0036971,T.Lawrence,36,7.85237
2023_04_BAL_CLE,2023,4,2023-10-01,BAL,00-0034796,L.Jackson,25,5.66002
2023_04_BAL_CLE,2023,4,2023-10-01,BAL,00-0035993,T.Huntley,1,-0.47637
2023_04_BAL_CLE,2023,4,2023-10-01,CLE,00-0038583,D.Thompson-Robinson,43,-27.14825
2023_04_CIN_TEN,2023,4,2023-10-01,CIN,00-0036442,J.Burrow,35,-11.11038
2023_04_CIN_TEN,2023,4,2023-10-01,TEN,00-0029701,R.Tannehill,30,7.981
2023_04_CIN_TEN,2023,4,2023-10-01,TEN,00-0032764,D.Henry,1,3.10217
2023_04_DEN_CHI,2023,4,2023-10-01,CHI,00-0036945,J.Fields,41,8.96724
2023_04_DEN_CHI,2023,4,2023-10-01,DEN,00-0029263,R.Wilson,31,14.82378
2023_04_DET_GB,2023,4,2023-09-28,DET,00-0033106,J.Goff,31,3.46493
2023_04_DET_GB,2023,4,2023-09-28,GB,00-0036264,J.Love,41,-12.69318
2023_04_KC_NYJ,2023,4,2023-10-01,KC,00-0033873,P.Mahomes,35,8.4544
2023_04_KC_NYJ,2023,4,2023-10-01,NYJ,00-0037013,Z.Wilson,42,3.7101
2023_04_LA_IND,2023,4,2023-10-01,IND,00-0039164,A.Richardson,30,6.77596
2023_04_LA_IND,2023,4,2023-10-01,LA,00-0026498,M.Stafford,44,14.64035
2023_04_LV_LAC,2023,4,2023-10-01,LAC,00-0036355,J.Herbert,31,0.70949
2023_04_LV_LAC,2023,4,2023-10-01,LV,00-0038579,A.O'Connell,46,-11.7656
2023_04_MIA_BUF,2023,4,2023-10-01,BUF,00-0034857,J.Allen,29,21.41079
2023_04_MIA_BUF,2023,4,2023-10-01,MIA,00-0036212,T.Tagovailoa,41,-2.93363
2023_04_MIN_CAR,2023,4,2023-10-01,CAR,00-0039150,B.Young,39,-12.68557
2023_04_MIN_CAR,2023,4,2023-10-01,MIN,00-0029604,K.Cousins,21,-10.87806
2023_04_NE_DAL,2023,4,2023-10-01,DAL,00-0033077,D.Prescott,37,3.93324
2023_04_NE_DAL,2023,4,2023-10-01,DAL,00-0033662,C.Rush,2,1.57699
2023_04_NE_DAL,2023,4,2023-10-01,NE,00-0036972,M.Jones,24,-14.00624
2023_04_NE_DAL,2023,4,2023-10-01,NE,00-0038108,B.Zappe,10,-2.99536
2023_04_PIT_HOU,2023,4,2023-10-01,HOU,00-0035250,D.Singletary,1,1.8423
2023_04_PIT_HOU,2023,4,2023-10-01,HOU,00-0039163,C.Stroud,30,12.53399
2023_04_PIT_HOU,2023,4,2023-10-01,PIT,00-0033869,M.Trubisky,5,-1.12556
2023_04_PIT_HOU,2023,4,2023-10-01,PIT,00-0038102,K.Pickett,27,-11.75821
2023_04_SEA_NYG,2023,4,2023-10-02,NYG,00-0035639,P.Campbell,1,-1.52679
2023_04_SEA_NYG,2023,4,2023-10-02,NYG,00-0035710,D.Jones,50,-24.41693
2023_04_SEA_NYG,2023,4,2023-10-02,SEA,00-0030565,G.Smith,22,-9.12724
2023_04_SEA_NYG,2023,4,2023-10-02,SEA,00-0035704,D.Lock,7,2.89738
2023_04_TB_NO,2023,4,2023-10-01,NO,00-0031280,D.Carr,39,-12.75191
2023_04_TB_NO,2023,4,2023-10-01,NO,00-0031503,J.Winston,1,-2.82205
2023_04_TB_NO,2023,4,2023-10-01,NO,00-0033357,T.Hill,3,-0.48978
2023_04_TB_NO,2023,4,2023-10-01,TB,00-0033921,C.Godwin,1,-0.71117
2023_04_TB_NO,2023,4,2023-10-01,TB,00-0034855,B.Mayfield,38,12.09191
2023_04_WAS_PHI,2023,4,2023-10-01,PHI,00-0036389,J.Hurts,44,10.75538
2023_04_WAS_PHI,2023,4,2023-10-01,WAS,00-0037077,S.Howell,51,10.74328
2023_05_BAL_PIT,2023,5,2023-10-08,BAL,00-0034796,L.Jackson,45,-18.40828
2023_05_BAL_PIT,2023,5,2023-10-08,PIT,00-0038102,K.Pickett,36,3.58355
2023_05_CAR_DET,2023,5,2023-10-08,CAR,00-0039150,B.Young,43,-0.24914
2023_05_CAR_DET,2023,5,2023-10-08,DET,00-0033106,J.Goff,30,5.7717
2023_05_CHI_WAS,2023,5,2023-10-05,CHI,00-0036945,J.Fields,33,12.55891
2023_05_CHI_WAS,2023,5,2023-10-05,WAS,00-0037077,S.Howell,60,-2.96238
2023_05_CIN_ARI,2023,5,2023-10-08,ARI,00-0033949,J.Dobbs,35,-15.65153
2023_05_CIN_ARI,2023,5,2023-10-08,CIN,00-0036442,J.Burrow,51,10.00199
2023_05_DAL_SF,2023,5,2023-10-08,DAL,00-0033077,D.Prescott,27,-12.18879
2023_05_DAL_SF,2023,5,2023-10-08,DAL,00-0033662,C.Rush,3,-1.42171
2023_05_DAL_SF,2023,5,2023-10-08,SF,00-0034869,S.Darnold,1,-1.05557
2023_05_DAL_SF,2023,5,2023-10-08,SF,00-0037834,B.Purdy,25,18.542
2023_05_GB_LV,2023,5,2023-10-09,GB,00-0036264,J.Love,34,-13.28973
2023_05_GB_LV,2023,5,2023-10-09,LV,00-0031345,J.Garoppolo,34,-1.24712
2023_05_GB_LV,2023,5,2023-10-09,LV,00-0035700,J.Jacobs,1,-1.07641
2023_05_HOU_ATL,2023,5,2023-10-08,ATL,00-0037238,D.London,1,1.84401
2023_05_HOU_ATL,2023,5,2023-10-08,ATL,00-0038122,D.Ridder,38,7.40896
2023_05_HOU_ATL,2023,5,2023-10-08,HOU,00-0039163,C.Stroud,35,3.29336
2023_05_JAX_BUF,2023,5,2023-10-08,BUF,00-0034857,J.Allen,42,13.8684
2023_05_JAX_BUF,2023,5,2023-10-08,JAX,00-0036971,T.Lawrence,47,9.08762
2023_05_KC_MIN,2023,5,2023-10-08,KC,00-0033873,P.Mahomes,42,14.77844
2023_05_KC_MIN,2023,5,2023-10-08,MIN,00-0029604,K.Cousins,49,-3.048
2023_05_NO_NE,2023,5,2023-10-08,NE,00-0036972,M.Jones,24,-18.67695
2023_05_NO_NE,2023,5,2023-10-08,NE,00-0038108,B.Zappe,9,-7.56778
2023_05_NO_NE,2023,5,2023-10-08,NO,00-0031280,D.Carr,29,3.63656
2023_05_NO_NE,2023,5,2023-10-08,NO,00-0033357,T.Hill,1,0.89207
2023_05_NYG_MIA,2023,5,2023-10-08,MIA,00-0036212,T.Tagovailoa,31,-2.0249
2023_05_NYG_MIA,2023,5,2023-10-08,NYG,00-0028118,T.Taylor,16,3.00861
2023_05_NYG_MIA,2023,5,2023-10-08,NYG,00-0035710,D.Jones,27,-2.67667
2023_05_NYJ_DEN,2023,5,2023-10-08,DEN,00-0029263,R.Wilson,40,-6.19298
2023_05_NYJ_DEN,2023,5,2023-10-08,NYJ,00-0037013,Z.Wilson,33,-6.84632
2023_05_PHI_LA,2023,5,2023-10-08,LA,00-0026498,M.Stafford,41,-2.53626
2023_05_PHI_LA,2023,5,2023-10-08,PHI,00-0036389,J.Hurts,43,11.97243
2023_05_TEN_IND,2023,5,2023-10-08,IND,00-0035289,G.Minshew II,15,6.07077
2023_05_TEN_IND,2023,5,2023-10-08,IND,00-0039164,A.Richardson,13,2.1361
2023_05_TEN_IND,2023,5,2023-10-08,TEN,00-0029701,R.Tannehill,35,10.2403
2023_05_TEN_IND,2023,5,2023-10-08,TEN,00-0032764,D.Henry,1,-0.47603
2023_06_ARI_LA,2023,6,2023-10-15,ARI,00-0033949,J.Dobbs,46,-12.36982
2023_06_ARI_LA,2023,6,2023-10-15,LA,00-0026498,M.Stafford,26,3.03736
2023_06_BAL_TEN,2023,6,2023-10-15,BAL,00-0034796,L.Jackson,37,6.7923
2023_06_BAL_TEN,2023,6,2023-10-15,TEN,00-0029701,R.Tannehill,18,-10.50805
2023_06_BAL_TEN,2023,6,2023-10-15,TEN,00-0038128,M.Willis,12,-0.52045
2023_06_CAR_MIA,2023,6,2023-10-15,CAR,00-0028872,J.Hekker,1,-1.94109
2023_06_CAR_MIA,2023,6,2023-10-15,CAR,00-0039150,B.Young,42,-10.96609
2023_06_CAR_MIA,2023,6,2023-10-15,MIA,00-0034401,M.White,1,-8.97695
2023_06_CAR_MIA,2023,6,2023-10-15,MIA,00-0036212,T.Tagovailoa,31,16.12479
2023_06_DAL_LAC,2023,6,2023-10-16,DAL,00-0033077,D.Prescott,38,9.93612
2023_06_DAL_LAC,2023,6,2023-10-16,LAC,00-0036355,J.Herbert,43,-0.2905
2023_06_DEN_KC,2023,6,2023-10-12,DEN,00-0029263,R.Wilson,29,-18.72844
2023_06_DEN_KC,2023,6,2023-10-12,KC,00-0033873,P.Mahomes,45,8.34383
2023_06_DEN_KC,2023,6,2023-10-12,KC,00-0036913,K.Toney,1,-0.44609
2023_06_DET_TB,2023,6,2023-10-15,DET,00-0033106,J.Goff,48,18.92552
2023_06_DET_TB,2023,6,2023-10-15,TB,00-0034855,B.Mayfield,40,-9.62615
2023_06_IND_JAX,2023,6,2023-10-15,IND,00-0035289,G.Minshew II,60,-12.7182
2023_06_IND_JAX,2023,6,2023-10-15,JAX,00-0036971,T.Lawrence,35,-2.52903
2023_06_MIN_CHI,2023,6,2023-10-15,CHI,00-0036945,J.Fields,17,-8.20829
2023_06_MIN_CHI,2023,6,2023-10-15,CHI,00-0038416,T.Bagent,15,-16.58948
2023_06_MIN_CHI,2023,6,2023-10-15,MIN,00-0029604,K.Cousins,33,-6.16966
2023_06_NE_LV,2023,6,2023-10-15,LV,00-0026625,B.Hoyer,10,4.75226
2023_06_NE_LV,2023,6,2023-10-15,LV,00-0031345,J.Garoppolo,23,4.77039
2023_06_NE_LV,2023,6,2023-10-15,NE,00-0036972,M.Jones,36,-3.18645
2023_06_NE_LV,2023,6,2023-10-15,NE,00-0038911,M.Cunningham,1,-1.28537
2023_06_NO_HOU,2023,6,2023-10-15,HOU,00-0039163,C.Stroud,30,-0.79278
2023_06_NO_HOU,2023,6,2023-10-15,NO,00-0031280,D.Carr,52,5.21386
2023_06_NO_HOU,2023,6,2023-10-15,NO,00-0033357,T.Hill,1,0.08686
2023_06_NYG_BUF,2023,6,2023-10-15,BUF,00-0034857,J.Allen,32,-1.85914
2023_06_NYG_BUF,2023,6,2023-10-15,NYG,00-0028118,T.Taylor,42,-2.06409
2023_06_PHI_NYJ,2023,6,2023-10-15,NYJ,00-0037013,Z.Wilson,40,-9.62732
2023_06_PHI_NYJ,2023,6,2023-10-15,PHI,00-0036389,J.Hurts,50,-9.02296
2023_06_SEA_CIN,2023,6,2023-10-15,CIN,00-0036442,J.Burrow,39,-2.86827
2023_06_SEA_CIN,2023,6,2023-10-15,SEA,00-0030565,G.Smith,48,-3.02223
2023_06_SF_CLE,2023,6,2023-10-15,CLE,00-0033275,P.Walker,37,-15.7037
2023_06_SF_CLE,2023,6,2023-10-15,SF,00-0037834,B.Purdy,30,-10.61041
2023_06_WAS_ATL,2023,6,2023-10-15,ATL,00-0038122,D.Ridder,51,-5.80864
2023_06_WAS_ATL,2023,6,2023-10-15,WAS,00-0037077,S.Howell,29,-0.99913
2023_07_ARI_SEA,2023,7,2023-10-22,ARI,00-0033949,J.Dobbs,38,-11.43904
2023_07_ARI_SEA,2023,7,2023-10-22,ARI,00-0038582,C.Tune,1,-1.98046
2023_07_ARI_SEA,2023,7,2023-10-22,SEA,00-0030565,G.Smith,28,10.24058
2023_07_ATL_TB,2023,7,2023-10-22,ATL,00-0038122,D.Ridder,28,9.3114
2023_07_ATL_TB,2023,7,2023-10-22,TB,00-0034855,B.Mayfield,46,-2.33839
2023_07_BUF_NE,2023,7,2023-10-22,BUF,00-0034857,J.Allen,46,9.9419
2023_07_BUF_NE,2023,7,2023-10-22,NE,00-0036972,M.Jones,33,9.40896
2023_07_CLE_IND,2023,7,2023-10-22,CLE,00-0033275,P.Walker,34,-3.36257
2023_07_CLE_IND,2023,7,2023-10-22,CLE,00-0033537,D.Watson,5,-5.87572
2023_07_CLE_IND,2023,7,2023-10-22,IND,00-0035289,G.Minshew II,30,5.04798
2023_07_DET_BAL,2023,7,2023-10-22,BAL,00-0034796,L.Jackson,32,25.29459
2023_07_DET_BAL,2023,7,2023-10-22,BAL,00-0035993,T.Huntley,1,-0.92805
2023_07_DET_BAL,2023,7,2023-10-22,DET,00-0033106,J.Goff,58,-12.37936
2023_07_GB_DEN,2023,7,2023-10-22,DEN,00-0029263,R.Wilson,31,5.03559
2023_07_GB_DEN,2023,7,2023-10-22,GB,00-0036264,J.Love,33,9.46664
2023_07_GB_DEN,2023,7,2023-10-22,GB,00-0038393,D.Wicks,1,0.88928
2023_07_JAX_NO,2023,7,2023-10-19,JAX,00-0034437,L.Cooke,1,2.56438
2023_07_JAX_NO,2023,7,2023-10-19,JAX,00-0036971,T.Lawrence,34,2.70886
2023_07_JAX_NO,2023,7,2023-10-19,NO,00-0031280,D.Carr,59,-17.26434
2023_07_LAC_KC,2023,7,2023-10-22,KC,00-0033873,P.Mahomes,45,22.31023
2023_07_LAC_KC,2023,7,2023-10-22,LAC,00-0036355,J.Herbert,36,0.83497
2023_07_LV_CHI,2023,7,2023-10-22,CHI,00-0033958,N.Peterman,1,-0.09443
2023_07_LV_CHI,2023,7,2023-10-22,CHI,00-0038416,T.Bagent,32,7.42596
2023_07_LV_CHI,2023,7,2023-10-22,LV,00-0026625,B.Hoyer,33,-13.53303
2023_07_LV_CHI,2023,7,2023-10-22,LV,00-0038579,A.O'Connell,13,3.99234
2023_07_MIA_PHI,2023,7,2023-10-22,MIA,00-0034418,C.Wilson,1,-1.35745
2023_07_MIA_PHI,2023,7,2023-10-22,MIA,00-0036212,T.Tagovailoa,35,-3.84026
2023_07_MIA_PHI,2023,7,2023-10-22,PHI,00-0036389,J.Hurts,36,4.33479
2023_07_PIT_LA,2023,7,2023-10-22,LA,00-0026498,M.Stafford,32,-1.8494
2023_07_PIT_LA,2023,7,2023-10-22,PIT,00-0038102,K.Pickett,28,-0.22413
2023_07_SF_MIN,2023,7,2023-10-23,MIN,00-0029604,K.Cousins,44,13.05572
2023_07_SF_MIN,2023,7,2023-10-23,SF,00-0037834,B.Purdy,32,9.69193
2023_07_WAS_NYG,2023,7,2023-10-22,NYG,00-0028118,T.Taylor,36,4.78499
2023_07_WAS_NYG,2023,7,2023-10-22,WAS,00-0037077,S.Howell,49,-13.42779
2023_08_ATL_TEN,2023,8,2023-10-29,ATL,00-0031800,T.Heinicke,24,6.18041
2023_08_ATL_TEN,2023,8,2023-10-29,ATL,00-0033858,J.Smith,1,-0.86183
2023_08_ATL_TEN,2023,8,2023-10-29,ATL,00-0038122,D.Ridder,18,-10.91086
2023_08_ATL_TEN,2023,8,2023-10-29,TEN,00-0039152,W.Levis,32,5.91526
2023_08_BAL_ARI,2023,8,2023-10-29,ARI,00-0033949,J.Dobbs,41,-7.96012
2023_08_BAL_ARI,2023,8,2023-10-29,BAL,00-0034796,L.Jackson,32,-5.43741
2023_08_CHI_LAC,2023,8,2023-10-29,CHI,00-0038416,T.Bagent,38,-8.6249
2023_08_CHI_LAC,2023,8,2023-10-29,LAC,00-0036355,J.Herbert,41,12.31665
2023_08_CIN_SF,2023,8,2023-10-29,CIN,00-0036442,J.Burrow,38,11.09641
2023_08_CIN_SF,2023,8,2023-10-29,SF,00-0037834,B.Purdy,39,1.55727
2023_08_CLE_SEA,2023,8,2023-10-29,CLE,00-0033275,P.Walker,36,-4.94787
2023_08_CLE_SEA,2023,8,2023-10-29,CLE,00-0038583,D.Thompson-Robinson,1,0.69457
2023_08_CLE_SEA,2023,8,2023-10-29,SEA,00-0030565,G.Smith,38,2.62456
2023_08_HOU_CAR,2023,8,2023-10-29,CAR,00-0039150,B.Young,40,0.34162
2023_08_HOU_CAR,2023,8,2023-10-29,HOU,00-0039163,C.Stroud,27,-2.31227
2023_08_JAX_PIT,2023,8,2023-10-29,JAX,00-0036971,T.Lawrence,36,2.73463
2023_08_JAX_PIT,2023,8,2023-10-29,PIT,00-0033869,M.Trubisky,31,-6.25853
2023_08_JAX_PIT,2023,8,2023-10-29,PIT,00-0038102,K.Pickett,18,-6.17335
2023_08_KC_DEN,2023,8,2023-10-29,DEN,00-0029263,R.Wilson,30,-4.17168
2023_08_KC_DEN,2023,8,2023-10-29,KC,00-0033873,P.Mahomes,44,-14.8654
2023_08_LA_DAL,2023,8,2023-10-29,DAL,00-0033077,D.Prescott,38,14.14535
2023_08_LA_DAL,2023,8,2023-10-29,DAL,00-0033662,C.Rush,3,-2.31725
2023_08_LA_DAL,2023,8,2023-10-29,LA,00-0026498,M.Stafford,24,-4.1939
2023_08_LA_DAL,2023,8,2023-10-29,LA,00-0034955,B.Rypien,11,-5.12944
2023_08_LV_DET,2023,8,2023-10-30,DET,00-0033106,J.Goff,37,-3.93732
2023_08_LV_DET,2023,8,2023-10-30,DET,00-0036963,St. Brown,1,-1.97457
2023_08_LV_DET,2023,8,2023-10-30,LV,00-0031345,J.Garoppolo,28,-24.43838
2023_08_MIN_GB,2023,8,2023-10-29,GB,00-0036264,J.Love,49,-11.46669
2023_08_MIN_GB,2023,8,2023-10-29,MIN,00-0029604,K.Cousins,34,19.87418
2023_08_MIN_GB,2023,8,2023-10-29,MIN,00-0038598,J.Hall,5,-2.58085
2023_08_NE_MIA,2023,8,2023-10-29,MIA,00-0036212,T.Tagovailoa,49,14.8303
2023_08_NE_MIA,2023,8,2023-10-29,NE,00-0036972,M.Jones,32,-9.12733
2023_08_NO_IND,2023,8,2023-10-29,IND,00-0035289,G.Minshew II,44,-1.09502
2023_08_NO_IND,2023,8,2023-10-29,NO,00-0031280,D.Carr,28,13.52513
2023_08_NO_IND,2023,8,2023-10-29,NO,00-0033357,T.Hill,3,4.36706
2023_08_NYJ_NYG,2023,8,2023-10-29,NYG,00-0028118,T.Taylor,13,-11.42364
2023_08_NYJ_NYG,2023,8,2023-10-29,NYG,00-0038476,T.DeVito,11,-7.60805
2023_08_NYJ_NYG,2023,8,2023-10-29,NYJ,00-0037013,Z.Wilson,42,-14.61004
2023_08_PHI_WAS,2023,8,2023-10-29,PHI,00-0036389,J.Hurts,41,25.28152
2023_08_PHI_WAS,2023,8,2023-10-29,WAS,00-0037077,S.Howell,55,4.70637
2023_08_TB_BUF,2023,8,2023-10-26,BUF,00-0034857,J.Allen,45,3.70897
2023_08_TB_BUF,2023,8,2023-10-26,TB,00-0034855,B.Mayfield,48,-1.72949
2023_09_ARI_CLE,2023,9,2023-11-05,ARI,00-0038582,C.Tune,32,-32.35246
2023_09_ARI_CLE,2023,9,2023-11-05,CLE,00-0033537,D.Watson,33,2.84396
2023_09_BUF_CIN,2023,9,2023-11-05,BUF,00-0034857,J.Allen,44,-0.67152
2023_09_BUF_CIN,2023,9,2023-11-05,CIN,00-0036442,J.Burrow,46,13.96327
2023_09_CHI_NO,2023,9,2023-11-05,CHI,00-0038416,T.Bagent,37,-1.47823
2023_09_CHI_NO,2023,9,2023-11-05,NO,00-0031280,D.Carr,35,2.71509
2023_09_CHI_NO,2023,9,2023-11-05,NO,00-0033357,T.Hill,1,0.80651
2023_09_DAL_PHI,2023,9,2023-11-05,DAL,00-0033077,D.Prescott,53,11.10353
2023_09_DAL_PHI,2023,9,2023-11-05,PHI,00-0036389,J.Hurts,32,10.09221
2023_09_IND_CAR,2023,9,2023-11-05,CAR,00-0039150,B.Young,48,-21.00225
2023_09_IND_CAR,2023,9,2023-11-05,IND,00-0035289,G.Minshew II,28,1.73299
2023_09_LAC_NYJ,2023,9,2023-11-06,LAC,00-0036355,J.Herbert,37,-4.92935
2023_09_LAC_NYJ,2023,9,2023-11-06,NYJ,00-0037013,Z.Wilson,58,-24.29339
2023_09_LA_GB,2023,9,2023-11-05,GB,00-0036264,J.Love,30,3.41485
2023_09_LA_GB,2023,9,2023-11-05,LA,00-0034955,B.Rypien,32,-13.25974
2023_09_MIA_KC,2023,9,2023-11-05,KC,00-0033873,P.Mahomes,34,2.39841
2023_09_MIA_KC,2023,9,2023-11-05,MIA,00-0036212,T.Tagovailoa,38,-8.5576
2023_09_MIN_ATL,2023,9,2023-11-05,ATL,00-0031800,T.Heinicke,41,0.2113
2023_09_MIN_ATL,2023,9,2023-11-05,MIN,00-0033949,J.Dobbs,38,3.40118
2023_09_MIN_ATL,2023,9,2023-11-05,MIN,00-0036414,C.Akers,1,-1.51879
2023_09_MIN_ATL,2023,9,2023-11-05,MIN,00-0038598,J.Hall,8,2.81701
2023_09_NYG_LV,2023,9,2023-11-05,LV,00-0038579,A.O'Connell,25,7.60305
2023_09_NYG_LV,2023,9,2023-11-05,NYG,00-0035710,D.Jones,12,-3.25789
2023_09_NYG_LV,2023,9,2023-11-05,NYG,00-0038476,T.DeVito,30,-15.95674
2023_09_SEA_BAL,2023,9,2023-11-05,BAL,00-0034796,L.Jackson,30,-5.67855
2023_09_SEA_BAL,2023,9,2023-11-05,BAL,00-0035993,T.Huntley,7,5.17684
2023_09_SEA_BAL,2023,9,2023-11-05,SEA,00-0030565,G.Smith,33,-14.63168
2023_09_TB_HOU,2023,9,2023-11-05,HOU,00-0039163,C.Stroud,44,25.49742
2023_09_TB_HOU,2023,9,2023-11-05,TB,00-0034855,B.Mayfield,34,12.15639
2023_09_TEN_PIT,2023,9,2023-11-02,PIT,00-0038102,K.Pickett,30,3.35395
2023_09_TEN_PIT,2023,9,2023-11-02,TEN,00-0030564,D.Hopkins,1,0.01751
2023_09_TEN_PIT,2023,9,2023-11-02,TEN,00-0039152,W.Levis,43,-4.01425
2023_09_WAS_NE,2023,9,2023-11-05,NE,00-0036972,M.Jones,46,-6.40576
2023_09_WAS_NE,2023,9,2023-11-05,WAS,00-0037077,S.Howell,51,7.43979
2023_10_ATL_ARI,2023,10,2023-11-12,ARI,00-0035228,K.Murray,36,-3.63055
2023_10_ATL_ARI,2023,10,2023-11-12,ATL,00-0031800,T.Heinicke,21,-4.03781
2023_10_ATL_ARI,2023,10,2023-11-12,ATL,00-0038122,D.Ridder,6,2.48576
2023_10_CAR_CHI,2023,10,2023-11-09,CAR,00-0039150,B.Young,44,-2.46472
2023_10_CAR_CHI,2023,10,2023-11-09,CHI,00-0038416,T.Bagent,37,-2.064
2023_10_CLE_BAL,2023,10,2023-11-12,BAL,00-0034796,L.Jackson,30,-6.65736
2023_10_CLE_BAL,2023,10,2023-11-12,CLE,00-0033275,P.Walker,1,-0.27943
2023_10_CLE_BAL,2023,10,2023-11-12,CLE,00-0033537,D.Watson,45,1.5441
2023_10_DEN_BUF,2023,10,2023-11-13,BUF,00-0034857,J.Allen,27,-8.03367
2023_10_DEN_BUF,2023,10,2023-11-13,DEN,00-0029263,R.Wilson,37,4.56324
2023_10_DET_LAC,2023,10,2023-11-12,DET,00-0033106,J.Goff,33,14.82673
2023_10_DET_LAC,2023,10,2023-11-12,LAC,00-0036355,J.Herbert,41,16.51731
2023_10_GB_PIT,2023,10,2023-11-12,GB,00-0036264,J.Love,42,5.40486
2023_10_GB_PIT,2023,10,2023-11-12,PIT,00-0038102,K.Pickett,26,-4.74164
2023_10_HOU_CIN,2023,10,2023-11-12,CIN,00-0036442,J.Burrow,47,2.62597
2023_10_HOU_CIN,2023,10,2023-11-12,HOU,00-0039163,C.Stroud,41,6.82919
2023_10_IND_NE,2023,10,2023-11-12,IND,00-0035289,G.Minshew II,28,2.41755
2023_10_IND_NE,2023,10,2023-11-12,NE,00-0036972,M.Jones,27,-2.41405
2023_10_IND_NE,2023,10,2023-11-12,NE,00-0038108,B.Zappe,7,-0.82858
2023_10_NO_MIN,2023,10,2023-11-12,MIN,00-0033949,J.Dobbs,41,11.08735
2023_10_NO_MIN,2023,10,2023-11-12,NO,00-0031280,D.Carr,21,-2.03117
2023_10_NO_MIN,2023,10,2023-11-12,NO,00-0031503,J.Winston,26,-4.56071
2023_10_NYG_DAL,2023,10,2023-11-12,DAL,00-0033077,D.Prescott,37,21.79259
2023_10_NYG_DAL,2023,10,2023-11-12,DAL,00-0033662,C.Rush,9,-0.29045
2023_10_NYG_DAL,2023,10,2023-11-12,NYG,00-0038476,T.DeVito,37,-10.66052
2023_10_NYJ_LV,2023,10,2023-11-12,LV,00-0038579,A.O'Connell,30,-9.80739
2023_10_NYJ_LV,2023,10,2023-11-12,NYJ,00-0037013,Z.Wilson,45,-1.23591
2023_10_NYJ_LV,2023,10,2023-11-12,NYJ,00-0037740,G.Wilson,1,-0.43348
2023_10_SF_JAX,2023,10,2023-11-12,JAX,00-0033936,C.Beathard,2,-1.0979
2023_10_SF_JAX,2023,10,2023-11-12,JAX,00-0034775,C.Kirk,1,-0.51672
2023_10_SF_JAX,2023,10,2023-11-12,JAX,00-0036971,T.Lawrence,36,-21.93476
2023_10_SF_JAX,2023,10,2023-11-12,SF,00-0034869,S.Darnold,2,-2.41689
2023_10_SF_JAX,2023,10,2023-11-12,SF,00-0037834,B.Purdy,28,17.11725
2023_10_TEN_TB,2023,10,2023-11-12,TB,00-0034855,B.Mayfield,34,9.29899
2023_10_TEN_TB,2023,10,2023-11-12,TEN,00-0039152,W.Levis,43,-11.56332
2023_10_WAS_SEA,2023,10,2023-11-12,SEA,00-0030565,G.Smith,48,6.39384
2023_10_WAS_SEA,2023,10,2023-11-12,WAS,00-0037077,S.Howell,47,11.65842
2023_11_ARI_HOU,2023,11,2023-11-19,ARI,00-0035228,K.Murray,37,-3.02081
2023_11_ARI_HOU,2023,11,2023-11-19,HOU,00-0036898,D.Mills,1,-0.9524
2023_11_ARI_HOU,2023,11,2023-11-19,HOU,00-0038977,N.Dell,1,-0.77742
2023_11_ARI_HOU,2023,11,2023-11-19,HOU,00-0039163,C.Stroud,40,3.79573
2023_11_CHI_DET,2023,11,2023-11-19,CHI,00-0036945,J.Fields,29,6.0075
2023_11_CHI_DET,2023,11,2023-11-19,DET,00-0033106,J.Goff,38,-2.23515
2023_11_CIN_BAL,2023,11,2023-11-16,BAL,00-0034796,L.Jackson,33,8.45253
2023_11_CIN_BAL,2023,11,2023-11-16,CIN,00-0035100,J.Browning,21,-1.48455
2023_11_CIN_BAL,2023,11,2023-11-16,CIN,00-0036442,J.Burrow,20,3.31929
2023_11_DAL_CAR,2023,11,2023-11-19,CAR,00-0039150,B.Young,37,-18.84337
2023_11_DAL_CAR,2023,11,2023-11-19,DAL,00-0033077,D.Prescott,39,9.52612
2023_11_DAL_CAR,2023,11,2023-11-19,DAL,00-0033662,C.Rush,3,-1.09209
2023_11_LAC_GB,2023,11,2023-11-19,GB,00-0036264,J.Love,44,10.05297
2023_11_LAC_GB,2023,11,2023-11-19,LAC,00-0036355,J.Herbert,44,11.262
2023_11_LV_MIA,2023,11,2023-11-19,LV,00-0038579,A.O'Connell,43,-9.57663
2023_11_LV_MIA,2023,11,2023-11-19,MIA,00-0036212,T.Tagovailoa,41,-3.08021
2023_11_MIN_DEN,2023,11,2023-11-19,DEN,00-0029263,R.Wilson,37,1.4861
2023_11_MIN_DEN,2023,11,2023-11-19,MIN,00-0033949,J.Dobbs,38,2.52776
2023_11_NYG_WAS,2023,11,2023-11-19,NYG,00-0038476,T.DeVito,36,3.40501
2023_11_NYG_WAS,2023,11,2023-11-19,WAS,00-0037077,S.Howell,52,-7.68598
2023_11_NYJ_BUF,2023,11,2023-11-19,BUF,00-0034857,J.Allen,35,11.95365
2023_11_NYJ_BUF,2023,11,2023-11-19,NYJ,00-0027114,T.Morstead,1,2.6709
2023_11_NYJ_BUF,2023,11,2023-11-19,NYJ,00-0034177,T.Boyle,15,-12.68298
2023_11_NYJ_BUF,2023,11,2023-11-19,NYJ,00-0037013,Z.Wilson,23,-8.45619
2023_11_PHI_KC,2023,11,2023-11-20,KC,00-0033873,P.Mahomes,49,-12.54349
2023_11_PHI_KC,2023,11,2023-11-20,PHI,00-0036389,J.Hurts,28,-4.15104
2023_11_PIT_CLE,2023,11,2023-11-19,CLE,00-0038583,D.Thompson-Robinson,43,-9.38869
2023_11_PIT_CLE,2023,11,2023-11-19,PIT,00-0038102,K.Pickett,33,-11.25628
2023_11_SEA_LA,2023,11,2023-11-19,LA,00-0026498,M.Stafford,33,-5.16965
2023_11_SEA_LA,2023,11,2023-11-19,SEA,00-0030565,G.Smith,35,5.13846
2023_11_SEA_LA,2023,11,2023-11-19,SEA,00-0035704,D.Lock,6,-5.48229
2023_11_TB_SF,2023,11,2023-11-19,SF,00-0037834,B.Purdy,31,18.08941
2023_11_TB_SF,2023,11,2023-11-19,TB,00-0034855,B.Mayfield,50,-8.59886
2023_11_TEN_JAX,2023,11,2023-11-19,JAX,00-0036971,T.Lawrence,35,18.44449
2023_11_TEN_JAX,2023,11,2023-11-19,TEN,00-0039152,W.Levis,20,4.12142
2023_12_BAL_LAC,2023,12,2023-11-26,BAL,00-0034796,L.Jackson,36,-3.91682
2023_12_BAL_LAC,2023,12,2023-11-26,LAC,00-0036355,J.Herbert,51,-19.86178
2023_12_BUF_PHI,2023,12,2023-11-26,BUF,00-0034857,J.Allen,57,17.23931
2023_12_BUF_PHI,2023,12,2023-11-26,PHI,00-0036389,J.Hurts,38,3.05408
2023_12_CAR_TEN,2023,12,2023-11-26,CAR,00-0039150,B.Young,38,-1.3777
2023_12_CAR_TEN,2023,12,2023-11-26,TEN,00-0039152,W.Levis,28,-0.43628
2023_12_CHI_MIN,2023,12,2023-11-27,CHI,00-0036945,J.Fields,44,-10.25265
2023_12_CHI_MIN,2023,12,2023-11-27,MIN,00-0033949,J.Dobbs,36,-23.73514
2023_12_CLE_DEN,2023,12,2023-11-26,CLE,00-0033275,P.Walker,17,-11.40249
2023_12_CLE_DEN,2023,12,2023-11-26,CLE,00-0038583,D.Thompson-Robinson,30,-0.26474
2023_12_CLE_DEN,2023,12,2023-11-26,DEN,00-0029263,R.Wilson,25,1.42461
2023_12_GB_DET,2023,12,2023-11-23,DET,00-0033106,J.Goff,50,-10.73712
2023_12_GB_DET,2023,12,2023-11-23,GB,00-0036264,J.Love,33,12.17528
2023_12_JAX_HOU,2023,12,2023-11-26,HOU,00-0039163,C.Stroud,46,4.11314
2023_12_JAX_HOU,2023,12,2023-11-26,JAX,00-0036971,T.Lawrence,38,11.43723
2023_12_KC_LV,2023,12,2023-11-26,KC,00-0033873,P.Mahomes,38,12.24425
2023_12_KC_LV,2023,12,2023-11-26,LV,00-0034960,J.Meyers,1,-0.82596
2023_12_KC_LV,2023,12,2023-11-26,LV,00-0038579,A.O'Connell,34,4.32525
2023_12_LA_ARI,2023,12,2023-11-26,ARI,00-0035228,K.Murray,49,-13.31704
2023_12_LA_ARI,2023,12,2023-11-26,LA,00-0026498,M.Stafford,34,12.6868
2023_12_MIA_NYJ,2023,12,2023-11-24,MIA,00-0036212,T.Tagovailoa,32,3.11459
2023_12_MIA_NYJ,2023,12,2023-11-24,NYJ,00-0034177,T.Boyle,45,-18.66758
2023_12_NE_NYG,2023,12,2023-11-26,NE,00-0036972,M.Jones,22,-9.91177
2023_12_NE_NYG,2023,12,2023-11-26,NE,00-0038108,B.Zappe,15,-6.41329
2023_12_NE_NYG,2023,12,2023-11-26,NYG,00-0038476,T.DeVito,33,-3.30411
2023_12_NO_ATL,2023,12,2023-11-26,ATL,00-0038122,D.Ridder,24,1.04406
2023_12_NO_ATL,2023,12,2023-11-26,NO,00-0031280,D.Carr,40,0.72133
2023_12_PIT_CIN,2023,12,2023-11-26,CIN,00-0035100,J.Browning,32,-2.51518
2023_12_PIT_CIN,2023,12,2023-11-26,PIT,00-0038102,K.Pickett,37,11.71618
2023_12_SF_SEA,2023,12,2023-11-23,SEA,00-0030565,G.Smith,35,-10.39861
2023_12_SF_SEA,2023,12,2023-11-23,SF,00-0035719,D.Samuel,1,-0.44319
2023_12_SF_SEA,2023,12,2023-11-23,SF,00-0037834,B.Purdy,32,0.55245
2023_12_TB_IND,2023,12,2023-11-26,IND,00-0035289,G.Minshew II,45,1.36439
2023_12_TB_IND,2023,12,2023-11-26,TB,00-0034855,B.Mayfield,37,-5.21486
2023_12_TB_IND,2023,12,2023-11-26,TB,00-0036928,K.Trask,1,-1.8803
2023_12_WAS_DAL,2023,12,2023-11-23,DAL,00-0033077,D.Prescott,33,19.08728
2023_12_WAS_DAL,2023,12,2023-11-23,WAS,00-0037077,S.Howell,49,-10.94764
2023_13_ARI_PIT,2023,13,2023-12-03,ARI,00-0035228,K.Murray,27,4.0421
2023_13_ARI_PIT,2023,13,2023-12-03,PIT,00-0033869,M.Trubisky,18,8.0637
2023_13_ARI_PIT,2023,13,2023-12-03,PIT,00-0038102,K.Pickett,12,-1.01103
2023_13_ATL_NYJ,2023,13,2023-12-03,ATL,00-0038122,D.Ridder,30,-3.7788
2023_13_ATL_NYJ,2023,13,2023-12-03,NYJ,00-0032156,T.Siemian,17,-7.14221
2023_13_ATL_NYJ,2023,13,2023-12-03,NYJ,00-0034177,T.Boyle,26,-4.67641
2023_13_CAR_TB,2023,13,2023-12-03,CAR,00-0039150,B.Young,35,-5.07097
2023_13_CAR_TB,2023,13,2023-12-03,TB,00-0034855,B.Mayfield,30,-3.70113
2023_13_CIN_JAX,2023,13,2023-12-04,CIN,00-0033009,T.Boyd,1,-6.52707
2023_13_CIN_JAX,2023,13,2023-12-04,CIN,00-0035100,J.Browning,40,21.27752
2023_13_CIN_JAX,2023,13,2023-12-04,CIN,00-0036900,J.Chase,1,-2.10286
2023_13_CIN_JAX,2023,13,2023-12-04,JAX,00-0033936,C.Beathard,13,1.17836
2023_13_CIN_JAX,2023,13,2023-12-04,JAX,00-0036971,T.Lawrence,33,10.73546
2023_13_CLE_LA,2023,13,2023-12-03,CLE,00-0026158,J.Flacco,46,-7.79156
2023_13_CLE_LA,2023,13,2023-12-03,LA,00-0026498,M.Stafford,37,5.31912
2023_13_DEN_HOU,2023,13,2023-12-03,DEN,00-0029263,R.Wilson,35,-13.49014
2023_13_DEN_HOU,2023,13,2023-12-03,HOU,00-0036898,D.Mills,1,1.54285
2023_13_DEN_HOU,2023,13,2023-12-03,HOU,00-0039163,C.Stroud,34,-0.73391
2023_13_DET_NO,2023,13,2023-12-03,DET,00-0033106,J.Goff,26,8.43944
2023_13_DET_NO,2023,13,2023-12-03,NO,00-0031280,D.Carr,24,7.33138
2023_13_DET_NO,2023,13,2023-12-03,NO,00-0031503,J.Winston,5,0.11324
2023_13_DET_NO,2023,13,2023-12-03,NO,00-0033357,T.Hill,2,-1.42568
2023_13_IND_TEN,2023,13,2023-12-03,IND,00-0035289,G.Minshew II,47,3.53998
2023_13_IND_TEN,2023,13,2023-12-03,TEN,00-0039152,W.Levis,40,1.72982
2023_13_KC_GB,2023,13,2023-12-03,GB,00-0036264,J.Love,39,16.42019
2023_13_KC_GB,2023,13,2023-12-03,KC,00-0033873,P.Mahomes,39,5.67729
2023_13_LAC_NE,2023,13,2023-12-03,LAC,00-0036355,J.Herbert,38,1.16526
2023_13_LAC_NE,2023,13,2023-12-03,NE,00-0038108,B.Zappe,33,-12.31423
2023_13_MIA_WAS,2023,13,2023-12-03,MIA,00-0034401,M.White,1,-1.06409
2023_13_MIA_WAS,2023,13,2023-12-03,MIA,00-0036212,T.Tagovailoa,24,19.678
2023_13_MIA_WAS,2023,13,2023-12-03,WAS,00-0037077,S.Howell,29,-10.53742
2023_13_SEA_DAL,2023,13,2023-11-30,DAL,00-0033077,D.Prescott,46,12.98936
2023_13_SEA_DAL,2023,13,2023-11-30,SEA,00-0030565,G.Smith,41,14.33696
2023_13_SEA_DAL,2023,13,2023-11-30,SEA,00-0036425,D.Dallas,1,-0.51785
2023_13_SF_PHI,2023,13,2023-12-03,PHI,00-0032268,M.Mariota,4,-0.69259
2023_13_SF_PHI,2023,13,2023-12-03,PHI,00-0036389,J.Hurts,52,8.3586
2023_13_SF_PHI,2023,13,2023-12-03,SF,00-0037834,B.Purdy,30,22.7891
2023_14_BUF_KC,2023,14,2023-12-10,BUF,00-0034857,J.Allen,48,-2.60948
2023_14_BUF_KC,2023,14,2023-12-10,KC,00-0033873,P.Mahomes,45,-6.40744
2023_14_CAR_NO,2023,14,2023-12-10,CAR,00-0039150,B.Young,43,-26.10355
2023_14_CAR_NO,2023,14,2023-12-10,NO,00-0031280,D.Carr,27,-9.56364
2023_14_DEN_LAC,2023,14,2023-12-10,DEN,00-0029263,R.Wilson,36,-0.77133
2023_14_DEN_LAC,2023,14,2023-12-10,LAC,00-0030279,K.Allen,1,-0.45352
2023_14_DEN_LAC,2023,14,2023-12-10,LAC,00-0035282,E.Stick,26,-6.72117
2023_14_DEN_LAC,2023,14,2023-12-10,LAC,00-0036355,J.Herbert,21,-19.54357
2023_14_DET_CHI,2023,14,2023-12-10,CHI,00-0036945,J.Fields,40,10.46617
2023_14_DET_CHI,2023,14,2023-12-10,DET,00-0033106,J.Goff,39,-6.33556
2023_14_GB_NYG,2023,14,2023-12-11,GB,00-0036264,J.Love,42,-0.36271
2023_14_GB_NYG,2023,14,2023-12-11,NYG,00-0038476,T.DeVito,27,5.60782
2023_14_HOU_NYJ,2023,14,2023-12-10,HOU,00-0036898,D.Mills,6,-9.06921
2023_14_HOU_NYJ,2023,14,2023-12-10,HOU,00-0039163,C.Stroud,27,-16.43346
2023_14_HOU_NYJ,2023,14,2023-12-10,NYJ,00-0037013,Z.Wilson,42,3.07171
2023_14_IND_CIN,2023,14,2023-12-10,CIN,00-0031288,A.McCarron,1,-1.69313
2023_14_IND_CIN,2023,14,2023-12-10,CIN,00-0035100,J.Browning,26,6.99499
2023_14_IND_CIN,2023,14,2023-12-10,IND,00-0035289,G.Minshew II,43,0.88631
2023_14_JAX_CLE,2023,14,2023-12-10,CLE,00-0026158,J.Flacco,46,-7.33927
2023_14_JAX_CLE,2023,14,2023-12-10,JAX,00-0036971,T.Lawrence,56,-9.45026
2023_14_LA_BAL,2023,14,2023-12-10,BAL,00-0034796,L.Jackson,53,14.61235
2023_14_LA_BAL,2023,14,2023-12-10,LA,00-0026498,M.Stafford,43,6.54873
2023_14_MIN_LV,2023,14,2023-12-10,LV,00-0038579,A.O'Connell,36,-23.76425
2023_14_MIN_LV,2023,14,2023-12-10,MIN,00-0033319,N.Mullens,13,1.67785
2023_14_MIN_LV,2023,14,2023-12-10,MIN,00-0033949,J.Dobbs,33,-14.51544
2023_14_NE_PIT,2023,14,2023-12-07,NE,00-0038108,B.Zappe,32,2.74091
2023_14_NE_PIT,2023,14,2023-12-07,PIT,00-0033869,M.Trubisky,41,-16.90896
2023_14_NE_PIT,2023,14,2023-12-07,PIT,00-0037304,Co.Heyward,1,-0.25261
2023_14_PHI_DAL,2023,14,2023-12-10,DAL,00-0033077,D.Prescott,43,0.07332
2023_14_PHI_DAL,2023,14,2023-12-10,PHI,00-0036313,B.Mann,1,4.20933
2023_14_PHI_DAL,2023,14,2023-12-10,PHI,00-0036389,J.Hurts,28,-8.03728
2023_14_SEA_SF,2023,14,2023-12-10,SEA,00-0035704,D.Lock,37,-1.33034
2023_14_SEA_SF,2023,14,2023-12-10,SF,00-0037834,B.Purdy,31,8.24986
2023_14_TB_ATL,2023,14,2023-12-10,ATL,00-0038122,D.Ridder,44,-1.9523
2023_14_TB_ATL,2023,14,2023-12-10,TB,00-0034855,B.Mayfield,31,1.25865
2023_14_TEN_MIA,2023,14,2023-12-11,MIA,00-0036212,T.Tagovailoa,41,-7.14056
2023_14_TEN_MIA,2023,14,2023-12-11,TEN,00-0039152,W.Levis,41,11.29077
2023_15_ATL_CAR,2023,15,2023-12-17,ATL,00-0038122,D.Ridder,21,2.39548
2023_15_ATL_CAR,2023,15,2023-12-17,CAR,00-0039150,B.Young,28,-2.67525
2023_15_BAL_JAX,2023,15,2023-12-17,BAL,00-0034796,L.Jackson,31,-0.7761
2023_15_BAL_JAX,2023,15,2023-12-17,JAX,00-0036971,T.Lawrence,48,-11.40551
2023_15_CHI_CLE,2023,15,2023-12-17,CHI,00-0036945,J.Fields,45,-14.08435
2023_15_CHI_CLE,2023,15,2023-12-17,CLE,00-0026158,J.Flacco,48,-17.39216
2023_15_CHI_CLE,2023,15,2023-12-17,CLE,00-0038583,D.Thompson-Robinson,1,2.06422
2023_15_DAL_BUF,2023,15,2023-12-17,BUF,00-0034857,J.Allen,19,1.05743
2023_15_DAL_BUF,2023,15,2023-12-17,DAL,00-0033077,D.Prescott,41,-6.51447
2023_15_DEN_DET,2023,15,2023-12-16,DEN,00-0029263,R.Wilson,35,-3.00048
2023_15_DEN_DET,2023,15,2023-12-16,DET,00-0033106,J.Goff,36,15.23173
2023_15_HOU_TEN,2023,15,2023-12-17,HOU,00-0028986,C.Keenum,39,-2.53405
2023_15_HOU_TEN,2023,15,2023-12-17,HOU,00-0036898,D.Mills,1,-0.18297
2023_15_HOU_TEN,2023,15,2023-12-17,TEN,00-0039152,W.Levis,36,-3.99149
2023_15_KC_NE,2023,15,2023-12-17,KC,00-0031376,J.McKinnon,1,1.10535
2023_15_KC_NE,2023,15,2023-12-17,KC,00-0033873,P.Mahomes,40,2.10938
2023_15_KC_NE,2023,15,2023-12-17,NE,00-0038108,B.Zappe,35,-12.9183
2023_15_LAC_LV,2023,15,2023-12-14,LAC,00-0035282,E.Stick,36,-8.62849
2023_15_LAC_LV,2023,15,2023-12-14,LV,00-0034960,J.Meyers,2,1.6938
2023_15_LAC_LV,2023,15,2023-12-14,LV,00-0038579,A.O'Connell,35,10.63008
2023_15_MIN_CIN,2023,15,2023-12-16,CIN,00-0034613,T.Hudson,1,-2.26438
2023_15_MIN_CIN,2023,15,2023-12-16,CIN,00-0035100,J.Browning,46,10.25309
2023_15_MIN_CIN,2023,15,2023-12-16,MIN,00-0033319,N.Mullens,38,11.26526
2023_15_MIN_CIN,2023,15,2023-12-16,MIN,00-0036322,J.Jefferson,1,-0.39333
2023_15_NYG_NO,2023,15,2023-12-17,NO,00-0031280,D.Carr,29,9.94775
2023_15_NYG_NO,2023,15,2023-12-17,NO,00-0033357,T.Hill,1,-0.59912
2023_15_NYG_NO,2023,15,2023-12-17,NYG,00-0028118,T.Taylor,3,0.09296
2023_15_NYG_NO,2023,15,2023-12-17,NYG,00-0038476,T.DeVito,43,-15.61398
2023_15_NYJ_MIA,2023,15,2023-12-17,MIA,00-0034401,M.White,2,-1.8901
2023_15_NYJ_MIA,2023,15,2023-12-17,MIA,00-0036212,T.Tagovailoa,27,9.22343
2023_15_NYJ_MIA,2023,15,2023-12-17,NYJ,00-0032156,T.Siemian,28,-9.41122
2023_15_NYJ_MIA,2023,15,2023-12-17,NYJ,00-0037013,Z.Wilson,15,-13.85941
2023_15_PHI_SEA,2023,15,2023-12-18,PHI,00-0036389,J.Hurts,37,5.93001
2023_15_PHI_SEA,2023,15,2023-12-18,SEA,00-0035704,D.Lock,35,3.26545
2023_15_PIT_IND,2023,15,2023-12-16,IND,00-0035289,G.Minshew II,32,-1.58408
2023_15_PIT_IND,2023,15,2023-12-16,PIT,00-0033869,M.Trubisky,26,-2.40312
2023_15_PIT_IND,2023,15,2023-12-16,PIT,00-0034771,M.Rudolph,4,-5.68051
2023_15_SF_ARI,2023,15,2023-12-17,ARI,00-0035228,K.Murray,45,-5.01587
2023_15_SF_ARI,2023,15,2023-12-17,SF,00-0034869,S.Darnold,3,0.04261
2023_15_SF_ARI,2023,15,2023-12-17,SF,00-0037834,B.Purdy,24,18.23321
2023_15_TB_GB,2023,15,2023-12-17,GB,00-0036264,J.Love,41,3.92612
2023_15_TB_GB,2023,15,2023-12-17,TB,00-0034855,B.Mayfield,33,23.4666
2023_15_WAS_LA,2023,15,2023-12-17,LA,00-0026498,M.Stafford,37,2.83648
2023_15_WAS_LA,2023,15,2023-12-17,WAS,00-0033119,J.Brissett,11,10.27941
2023_15_WAS_LA,2023,15,2023-12-17,WAS,00-0037077,S.Howell,30,-11.22973
2023_16_ARI_CHI,2023,16,2023-12-24,ARI,00-0035228,K.Murray,41,-6.60835
2023_16_ARI_CHI,2023,16,2023-12-24,CHI,00-0036945,J.Fields,33,-0.1534
2023_16_BAL_SF,2023,16,2023-12-25,BAL,00-0034796,L.Jackson,39,7.13432
2023_16_BAL_SF,2023,16,2023-12-25,SF,00-0034869,S.Darnold,17,0.05968
2023_16_BAL_SF,2023,16,2023-12-25,SF,00-0037834,B.Purdy,34,-18.06951
2023_16_BUF_LAC,2023,16,2023-12-23,BUF,00-0034857,J.Allen,23,9.7852
2023_16_BUF_LAC,2023,16,2023-12-23,LAC,00-0035282,E.Stick,39,-1.48307
2023_16_CIN_PIT,2023,16,2023-12-23,CIN,00-0035100,J.Browning,45,-8.63925
2023_16_CIN_PIT,2023,16,2023-12-23,PIT,00-0034771,M.Rudolph,29,10.44404
2023_16_CLE_HOU,2023,16,2023-12-24,CLE,00-0026158,J.Flacco,42,19.03299
2023_16_CLE_HOU,2023,16,2023-12-24,CLE,00-0038583,D.Thompson-Robinson,3,-4.29359
2023_16_CLE_HOU,2023,16,2023-12-24,HOU,00-0028986,C.Keenum,20,-18.11727
2023_16_CLE_HOU,2023,16,2023-12-24,HOU,00-0036898,D.Mills,33,4.73696
2023_16_DAL_MIA,2023,16,2023-12-24,DAL,00-0033077,D.Prescott,38,9.3401
2023_16_DAL_MIA,2023,16,2023-12-24,MIA,00-0036212,T.Tagovailoa,38,7.29436
2023_16_DET_MIN,2023,16,2023-12-24,DET,00-0033106,J.Goff,41,14.2743
2023_16_DET_MIN,2023,16,2023-12-24,MIN,00-0033319,N.Mullens,40,5.04661
2023_16_GB_CAR,2023,16,2023-12-24,CAR,00-0039150,B.Young,39,13.07979
2023_16_GB_CAR,2023,16,2023-12-24,GB,00-0036264,J.Love,30,12.40118
2023_16_IND_ATL,2023,16,2023-12-24,ATL,00-0031800,T.Heinicke,34,8.29317
2023_16_IND_ATL,2023,16,2023-12-24,IND,00-0035289,G.Minshew II,46,-7.10949
2023_16_JAX_TB,2023,16,2023-12-24,JAX,00-0033936,C.Beathard,17,-4.48137
2023_16_JAX_TB,2023,16,2023-12-24,JAX,00-0036971,T.Lawrence,35,-0.245
2023_16_JAX_TB,2023,16,2023-12-24,TB,00-0034855,B.Mayfield,39,13.82288
2023_16_LV_KC,2023,16,2023-12-25,KC,00-0033873,P.Mahomes,57,-5.58183
2023_16_LV_KC,2023,16,2023-12-25,KC,00-0035889,T.Townsend,1,2.43964
2023_16_LV_KC,2023,16,2023-12-25,LV,00-0038579,A.O'Connell,23,-12.96894
2023_16_NE_DEN,2023,16,2023-12-24,DEN,00-0029263,R.Wilson,42,-4.92622
2023_16_NE_DEN,2023,16,2023-12-24,NE,00-0038108,B.Zappe,35,2.30764
2023_16_NO_LA,2023,16,2023-12-21,LA,00-0026498,M.Stafford,35,15.03452
2023_16_NO_LA,2023,16,2023-12-21,NO,00-0031280,D.Carr,43,0.39137
2023_16_NYG_PHI,2023,16,2023-12-25,NYG,00-0028118,T.Taylor,16,3.23644
2023_16_NYG_PHI,2023,16,2023-12-25,NYG,00-0038476,T.DeVito,17,-6.66469
2023_16_NYG_PHI,2023,16,2023-12-25,PHI,00-0036389,J.Hurts,41,6.64564
2023_16_SEA_TEN,2023,16,2023-12-24,SEA,00-0030565,G.Smith,40,10.60168
2023_16_SEA_TEN,2023,16,2023-12-24,TEN,00-0029701,R.Tannehill,33,0.79305
2023_16_SEA_TEN,2023,16,2023-12-24,TEN,00-0032764,D.Henry,1,1.89628
2023_16_WAS_NYJ,2023,16,2023-12-24,NYJ,00-0032156,T.Siemian,51,-15.60595
2023_16_WAS_NYJ,2023,16,2023-12-24,WAS,00-0033119,J.Brissett,14,7.78802
2023_16_WAS_NYJ,2023,16,2023-12-24,WAS,00-0037077,S.Howell,23,-23.49022
2023_17_ARI_PHI,2023,17,2023-12-31,ARI,00-0035228,K.Murray,34,9.94119
2023_17_ARI_PHI,2023,17,2023-12-31,PHI,00-0036389,J.Hurts,24,11.82743
2023_17_ARI_PHI,2023,17,2023-12-31,PHI,00-0036919,K.Gainwell,1,1.23451
2023_17_ATL_CHI,2023,17,2023-12-31,ATL,00-0031800,T.Heinicke,35,-0.55999
2023_17_ATL_CHI,2023,17,2023-12-31,ATL,00-0038122,D.Ridder,4,-2.75917
2023_17_ATL_CHI,2023,17,2023-12-31,CHI,00-0036945,J.Fields,38,10.03976
2023_17_CAR_JAX,2023,17,2023-12-31,CAR,00-0039150,B.Young,39,-22.68461
2023_17_CAR_JAX,2023,17,2023-12-31,JAX,00-0033936,C.Beathard,29,7.5544
2023_17_CIN_KC,2023,17,2023-12-31,CIN,00-0035100,J.Browning,44,4.45249
2023_17_CIN_KC,2023,17,2023-12-31,KC,00-0033873,P.Mahomes,33,0.92417
2023_17_DET_DAL,2023,17,2023-12-30,DAL,00-0033077,D.Prescott,41,4.04248
2023_17_DET_DAL,2023,17,2023-12-30,DET,00-0033106,J.Goff,32,-0.62791
2023_17_DET_DAL,2023,17,2023-12-30,DET,00-0033557,J.Reeves-Maybin,1,4.143
2023_17_GB_MIN,2023,17,2023-12-31,GB,00-0036264,J.Love,33,14.01337
2023_17_GB_MIN,2023,17,2023-12-31,GB,00-0038391,S.Clifford,1,2.14363
2023_17_GB_MIN,2023,17,2023-12-31,MIN,00-0033319,N.Mullens,24,-2.7952
2023_17_GB_MIN,2023,17,2023-12-31,MIN,00-0038598,J.Hall,14,-14.87821
2023_17_LAC_DEN,2023,17,2023-12-31,DEN,00-0035264,J.Stidham,36,3.86233
2023_17_LAC_DEN,2023,17,2023-12-31,LAC,00-0035282,E.Stick,38,1.21284
2023_17_LA_NYG,2023,17,2023-12-31,LA,00-0026498,M.Stafford,38,-3.05535
2023_17_LA_NYG,2023,17,2023-12-31,NYG,00-0028118,T.Taylor,49,-0.66812
2023_17_LV_IND,2023,17,2023-12-31,IND,00-0035289,G.Minshew II,25,10.65943
2023_17_LV_IND,2023,17,2023-12-31,LV,00-0038579,A.O'Connell,49,8.47691
2023_17_MIA_BAL,2023,17,2023-12-31,BAL,00-0034796,L.Jackson,25,29.02456
2023_17_MIA_BAL,2023,17,2023-12-31,BAL,00-0035993,T.Huntley,1,4.22594
2023_17_MIA_BAL,2023,17,2023-12-31,MIA,00-0036212,T.Tagovailoa,43,-2.9229
2023_17_NE_BUF,2023,17,2023-12-31,BUF,00-0034857,J.Allen,34,-4.4219
2023_17_NE_BUF,2023,17,2023-12-31,NE,00-0038108,B.Zappe,31,-12.90962
2023_17_NO_TB,2023,17,2023-12-31,NO,00-0031280,D.Carr,33,9.24769
2023_17_NO_TB,2023,17,2023-12-31,NO,00-0033357,T.Hill,2,0.49069
2023_17_NO_TB,2023,17,2023-12-31,TB,00-0034855,B.Mayfield,35,2.76703
2023_17_NYJ_CLE,2023,17,2023-12-28,CLE,00-0026158,J.Flacco,30,1.73663
2023_17_NYJ_CLE,2023,17,2023-12-28,NYJ,00-0032156,T.Siemian,50,-14.22697
2023_17_PIT_SEA,2023,17,2023-12-31,PIT,00-0034771,M.Rudolph,26,10.89314
2023_17_PIT_SEA,2023,17,2023-12-31,SEA,00-0030565,G.Smith,37,7.97906
2023_17_SF_WAS,2023,17,2023-12-31,SF,00-0034869,S.Darnold,1,-1.70854
2023_17_SF_WAS,2023,17,2023-12-31,SF,00-0037834,B.Purdy,29,13.6572
2023_17_SF_WAS,2023,17,2023-12-31,WAS,00-0037077,S.Howell,29,-9.63257
2023_17_TEN_HOU,2023,17,2023-12-31,HOU,00-0039163,C.Stroud,34,3.12698
2023_17_TEN_HOU,2023,17,2023-12-31,TEN,00-0029701,R.Tannehill,25,-2.43557
2023_17_TEN_HOU,2023,17,2023-12-31,TEN,00-0039152,W.Levis,7,-9.64654
2023_18_ATL_NO,2023,18,2024-01-07,ATL,00-0034438,L.Woodside,6,-9.7537
2023_18_ATL_NO,2023,18,2024-01-07,ATL,00-0038122,D.Ridder,30,6.86777
2023_18_ATL_NO,2023,18,2024-01-07,NO,00-0031280,D.Carr,30,14.97875
2023_18_ATL_NO,2023,18,2024-01-07,NO,00-0033357,T.Hill,1,-0.75701
2023_18_BUF_MIA,2023,18,2024-01-07,BUF,00-0034857,J.Allen,45,8.79533
2023_18_BUF_MIA,2023,18,2024-01-07,MIA,00-0036212,T.Tagovailoa,28,2.07249
2023_18_BUF_MIA,2023,18,2024-01-07,MIA,00-0039040,D.Achane,1,-1.43373
2023_18_CHI_GB,2023,18,2024-01-07,CHI,00-0036945,J.Fields,24,0.37522
2023_18_CHI_GB,2023,18,2024-01-07,GB,00-0036264,J.Love,34,10.84826
2023_18_CLE_CIN,2023,18,2024-01-07,CIN,00-0031288,A.McCarron,5,-3.55794
2023_18_CLE_CIN,2023,18,2024-01-07,CIN,00-0035100,J.Browning,28,3.7935
2023_18_CLE_CIN,2023,18,2024-01-07,CLE,00-0032436,J.Driskel,32,-9.8809
2023_18_DAL_WAS,2023,18,2024-01-07,DAL,00-0033077,D.Prescott,36,22.09942
2023_18_DAL_WAS,2023,18,2024-01-07,DAL,00-0033662,C.Rush,4,0.90622
2023_18_DAL_WAS,2023,18,2024-01-07,WAS,00-0036626,D.Brown,1,-0.30589
2023_18_DAL_WAS,2023,18,2024-01-07,WAS,00-0037077,S.Howell,32,-6.55764
2023_18_DEN_LV,2023,18,2024-01-07,DEN,00-0035264,J.Stidham,40,0.05906
2023_18_DEN_LV,2023,18,2024-01-07,LV,00-0031345,J.Garoppolo,2,-2.1351
2023_18_DEN_LV,2023,18,2024-01-07,LV,00-0034960,J.Meyers,1,1.47719
2023_18_DEN_LV,2023,18,2024-01-07,LV,00-0038579,A.O'Connell,32,11.66506
2023_18_HOU_IND,2023,18,2024-01-06,HOU,00-0039163,C.Stroud,31,14.07059
2023_18_HOU_IND,2023,18,2024-01-06,IND,00-0035289,G.Minshew II,26,-3.7849
2023_18_JAX_TEN,2023,18,2024-01-07,JAX,00-0036971,T.Lawrence,45,0.75458
2023_18_JAX_TEN,2023,18,2024-01-07,TEN,00-0029701,R.Tannehill,28,0.88122
2023_18_JAX_TEN,2023,18,2024-01-07,TEN,00-0030564,D.Hopkins,1,-0.41802
2023_18_KC_LAC,2023,18,2024-01-07,KC,00-0027948,B.Gabbert,35,-5.84337
2023_18_KC_LAC,2023,18,2024-01-07,LAC,00-0035282,E.Stick,57,-10.00294
2023_18_LA_SF,2023,18,2024-01-07,LA,00-0032950,C.Wentz,30,7.00769
2023_18_LA_SF,2023,18,2024-01-07,SF,00-0034869,S.Darnold,30,5.40777
2023_18_MIN_DET,2023,18,2024-01-07,DET,00-0033106,J.Goff,33,10.8741
2023_18_MIN_DET,2023,18,2024-01-07,MIN,00-0033319,N.Mullens,49,1.09986
2023_18_NYJ_NE,2023,18,2024-01-07,NE,00-0038108,B.Zappe,39,-29.39876
2023_18_NYJ_NE,2023,18,2024-01-07,NYJ,00-0032156,T.Siemian,21,-11.00763
2023_18_PHI_NYG,2023,18,2024-01-07,NYG,00-0028118,T.Taylor,38,8.10036
2023_18_PHI_NYG,2023,18,2024-01-07,NYG,00-0038476,T.DeVito,3,-1.44833
2023_18_PHI_NYG,2023,18,2024-01-07,PHI,00-0032268,M.Mariota,24,-4.07219
2023_18_PHI_NYG,2023,18,2024-01-07,PHI,00-0036389,J.Hurts,19,-17.42126
2023_18_PIT_BAL,2023,18,2024-01-06,BAL,00-0035993,T.Huntley,38,-5.15631
2023_18_PIT_BAL,2023,18,2024-01-06,PIT,00-0034771,M.Rudolph,23,-2.40621
2023_18_SEA_ARI,2023,18,2024-01-07,ARI,00-0035228,K.Murray,32,16.8855
2023_18_SEA_ARI,2023,18,2024-01-07,SEA,00-0030565,G.Smith,30,5.14253
2023_18_TB_CAR,2023,18,2024-01-07,CAR,00-0039150,B.Young,23,-11.6285
2023_18_TB_CAR,2023,18,2024-01-07,TB,00-0034855,B.Mayfield,37,-6.53941
2023_19_CLE_HOU,2023,19,2024-01-13,CLE,00-0026158,J.Flacco,52,-16.80816
2023_19_CLE_HOU,2023,19,2024-01-13,HOU,00-0036898,D.Mills,1,-1.18284
2023_19_CLE_HOU,2023,19,2024-01-13,HOU,00-0039163,C.Stroud,21,14.46087
2023_19_GB_DAL,2023,19,2024-01-14,DAL,00-0033077,D.Prescott,70,1.14586
2023_19_GB_DAL,2023,19,2024-01-14,GB,00-0036264,J.Love,21,23.94023
2023_19_LA_DET,2023,19,2024-01-14,DET,00-0033106,J.Goff,30,11.21838
2023_19_LA_DET,2023,19,2024-01-14,LA,00-0026498,M.Stafford,38,18.57605
2023_19_MIA_KC,2023,19,2024-01-13,KC,00-0033873,P.Mahomes,43,14.20651
2023_19_MIA_KC,2023,19,2024-01-13,MIA,00-0036212,T.Tagovailoa,44,-12.33191
2023_19_PHI_TB,2023,19,2024-01-15,PHI,00-0036389,J.Hurts,39,-3.19208
2023_19_PHI_TB,2023,19,2024-01-15,TB,00-0034855,B.Mayfield,42,13.33314
2023_19_PIT_BUF,2023,19,2024-01-15,BUF,00-0034857,J.Allen,34,9.8728
2023_19_PIT_BUF,2023,19,2024-01-15,PIT,00-0034771,M.Rudolph,41,-6.8215
2023_20_GB_SF,2023,20,2024-01-20,GB,00-0036264,J.Love,35,-1.34258
2023_20_GB_SF,2023,20,2024-01-20,SF,00-0037834,B.Purdy,41,6.52167
2023_20_HOU_BAL,2023,20,2024-01-20,BAL,00-0034796,L.Jackson,30,10.66298
2023_20_HOU_BAL,2023,20,2024-01-20,HOU,00-0039163,C.Stroud,35,-5.2322
2023_20_KC_BUF,2023,20,2024-01-21,BUF,00-0034857,J.Allen,46,9.04196
2023_20_KC_BUF,2023,20,2024-01-21,KC,00-0033873,P.Mahomes,25,8.16353
2023_20_TB_DET,2023,20,2024-01-21,DET,00-0033106,J.Goff,46,8.36121
2023_20_TB_DET,2023,20,2024-01-21,TB,00-0034855,B.Mayfield,47,4.97372
2023_21_DET_SF,2023,21,2024-01-28,DET,00-0033106,J.Goff,43,6.99841
2023_21_DET_SF,2023,21,2024-01-28,SF,00-0037834,B.Purdy,36,11.97278
2023_21_KC_BAL,2023,21,2024-01-28,BAL,00-0034796,L.Jackson,46,-11.58226
2023_21_KC_BAL,2023,21,2024-01-28,KC,00-0033873,P.Mahomes,44,9.94393
2023_22_SF_KC,2023,22,2024-02-11,KC,00-0033873,P.Mahomes,55,7.43649
2023_22_SF_KC,2023,22,2024-02-11,SF,00-0036259,J.Jennings,1,2.94651
2023_22_SF_KC,2023,22,2024-02-11,SF,00-0037834,B.Purdy,41,6.72996
2024_01_ARI_BUF,2024,1,2024-09-08,ARI,00-0035228,K.Murray,38,6.04129
2024_01_ARI_BUF,2024,1,2024-09-08,BUF,00-0034857,J.Allen,30,15.41125
2024_01_BAL_KC,2024,1,2024-09-05,BAL,00-0034796,L.Jackson,52,0.2589
2024_01_BAL_KC,2024,1,2024-09-05,KC,00-0033873,P.Mahomes,31,12.1064
2024_01_CAR_NO,2024,1,2024-09-08,CAR,00-0027973,A.Dalton,1,-0.62102
2024_01_CAR_NO,2024,1,2024-09-08,CAR,00-0039150,B.Young,38,-14.59336
2024_01_CAR_NO,2024,1,2024-09-08,NO,00-0031280,D.Carr,25,7.24963
2024_01_CAR_NO,2024,1,2024-09-08,NO,00-0038998,J.Haener,1,-0.55364
2024_01_DAL_CLE,2024,1,2024-09-08,CLE,00-0033537,D.Watson,56,-19.61838
2024_01_DAL_CLE,2024,1,2024-09-08,DAL,00-0033077,D.Prescott,35,-6.66734
2024_01_DEN_SEA,2024,1,2024-09-08,DEN,00-0039732,B.Nix,49,-17.56855
2024_01_DEN_SEA,2024,1,2024-09-08,SEA,00-0030565,G.Smith,28,-1.37232
2024_01_GB_PHI,2024,1,2024-09-06,GB,00-0036264,J.Love,35,2.81122
2024_01_GB_PHI,2024,1,2024-09-06,GB,00-0038128,M.Willis,2,-0.43754
2024_01_GB_PHI,2024,1,2024-09-06,PHI,00-0036389,J.Hurts,38,14.14983
2024_01_HOU_IND,2024,1,2024-09-08,HOU,00-0039163,C.Stroud,38,6.88179
2024_01_HOU_IND,2024,1,2024-09-08,IND,00-0039164,A.Richardson,24,3.69009
2024_01_JAX_MIA,2024,1,2024-09-08,JAX,00-0036971,T.Lawrence,25,2.70071
2024_01_JAX_MIA,2024,1,2024-09-08,MIA,00-0036212,T.Tagovailoa,41,5.32436
2024_01_LA_DET,2024,1,2024-09-08,DET,00-0033106,J.Goff,31,-3.19894
2024_01_LA_DET,2024,1,2024-09-08,LA,00-0026498,M.Stafford,51,4.53642
2024_01_LV_LAC,2024,1,2024-09-08,LAC,00-0036355,J.Herbert,28,-5.39371
2024_01_LV_LAC,2024,1,2024-09-08,LV,00-0035289,G.Minshew II,40,-4.52204
2024_01_MIN_NYG,2024,1,2024-09-08,MIN,00-0034869,S.Darnold,26,6.47332
2024_01_MIN_NYG,2024,1,2024-09-08,NYG,00-0035710,D.Jones,49,-21.25004
2024_01_NE_CIN,2024,1,2024-09-08,CIN,00-0036442,J.Burrow,35,-11.12729
2024_01_NE_CIN,2024,1,2024-09-08,NE,00-0033119,J.Brissett,29,1.34374
2024_01_NYJ_SF,2024,1,2024-09-09,NYJ,00-0023459,A.Rodgers,22,-1.69478
2024_01_NYJ_SF,2024,1,2024-09-09,NYJ,00-0028118,T.Taylor,9,3.98331
2024_01_NYJ_SF,2024,1,2024-09-09,SF,00-0035719,D.Samuel,1,-2.08983
2024_01_NYJ_SF,2024,1,2024-09-09,SF,00-0037834,B.Purdy,32,7.16302
2024_01_PIT_ATL,2024,1,2024-09-08,ATL,00-0029604,K.Cousins,27,-10.99309
2024_01_PIT_ATL,2024,1,2024-09-08,PIT,00-0036945,J.Fields,30,0.51974
2024_01_TEN_CHI,2024,1,2024-09-08,CHI,00-0039918,C.Williams,33,-11.39501
2024_01_TEN_CHI,2024,1,2024-09-08,TEN,00-0039152,W.Levis,38,-16.44137
2024_01_WAS_TB,2024,1,2024-09-08,TB,00-0034855,B.Mayfield,34,21.10856
2024_01_WAS_TB,2024,1,2024-09-08,WAS,00-0039910,J.Daniels,33,6.89154
2024_02_ATL_PHI,2024,2,2024-09-16,ATL,00-0029604,K.Cousins,31,9.13666
2024_02_ATL_PHI,2024,2,2024-09-16,PHI,00-0036389,J.Hurts,35,7.45398
2024_02_BUF_MIA,2024,2,2024-09-12,BUF,00-0034857,J.Allen,20,10.82368
2024_02_BUF_MIA,2024,2,2024-09-12,MIA,00-0036212,T.Tagovailoa,28,-6.95078
2024_02_BUF_MIA,2024,2,2024-09-12,MIA,00-0037327,S.Thompson,16,-8.19763
2024_02_CHI_HOU,2024,2,2024-09-15,CHI,00-0039918,C.Williams,48,-18.23148
2024_02_CHI_HOU,2024,2,2024-09-15,HOU,00-0039163,C.Stroud,39,1.60886
2024_02_CIN_KC,2024,2,2024-09-15,CIN,00-0036442,J.Burrow,41,3.69798
2024_02_CIN_KC,2024,2,2024-09-15,KC,00-0033873,P.Mahomes,31,-6.94374
2024_02_CLE_JAX,2024,2,2024-09-15,CLE,00-0033537,D.Watson,38,1.37069
2024_02_CLE_JAX,2024,2,2024-09-15,JAX,00-0036971,T.Lawrence,35,-2.05142
2024_02_IND_GB,2024,2,2024-09-15,GB,00-0038128,M.Willis,17,9.41074
2024_02_IND_GB,2024,2,2024-09-15,IND,00-0039164,A.Richardson,36,-4.82865
2024_02_LAC_CAR,2024,2,2024-09-15,CAR,00-0039150,B.Young,29,-21.87269
2024_02_LAC_CAR,2024,2,2024-09-15,LAC,00-0036355,J.Herbert,22,2.09477
2024_02_LA_ARI,2024,2,2024-09-15,ARI,00-0035228,K.Murray,26,21.13481
2024_02_LA_ARI,2024,2,2024-09-15,LA,00-0026498,M.Stafford,32,-11.15959
2024_02_LV_BAL,2024,2,2024-09-15,BAL,00-0034796,L.Jackson,36,1.28829
2024_02_LV_BAL,2024,2,2024-09-15,LV,00-0035289,G.Minshew II,43,-2.41613
2024_02_NO_DAL,2024,2,2024-09-15,DAL,00-0033077,D.Prescott,42,-8.254
2024_02_NO_DAL,2024,2,2024-09-15,DAL,00-0033662,C.Rush,3,-1.98566
2024_02_NO_DAL,2024,2,2024-09-15,NO,00-0031280,D.Carr,17,14.02583
2024_02_NYG_WAS,2024,2,2024-09-15,NYG,00-0035710,D.Jones,30,8.35772
2024_02_NYG_WAS,2024,2,2024-09-15,WAS,00-0039910,J.Daniels,38,7.65103
2024_02_NYJ_TEN,2024,2,2024-09-15,NYJ,00-0023459,A.Rodgers,33,1.32663
2024_02_NYJ_TEN,2024,2,2024-09-15,TEN,00-0039152,W.Levis,35,-4.44044
2024_02_PIT_DEN,2024,2,2024-09-15,DEN,00-0039732,B.Nix,39,-9.28535
2024_02_PIT_DEN,2024,2,2024-09-15,PIT,00-0036945,J.Fields,26,2.03667
2024_02_SEA_NE,2024,2,2024-09-15,NE,00-0033119,J.Brissett,32,0.78553
2024_02_SEA_NE,2024,2,2024-09-15,SEA,00-0030565,G.Smith,47,9.34958
2024_02_SF_MIN,2024,2,2024-09-15,MIN,00-0034869,S.Darnold,30,-3.0811
2024_02_SF_MIN,2024,2,2024-09-15,MIN,00-0037276,T.Chandler,1,-0.59849
2024_02_SF_MIN,2024,2,2024-09-15,SF,00-0037834,B.Purdy,44,-1.02693
2024_02_TB_DET,2024,2,2024-09-15,DET,00-0033106,J.Goff,56,-13.5836
2024_02_TB_DET,2024,2,2024-09-15,DET,00-0035156,J.Fox,1,3.63743
2024_02_TB_DET,2024,2,2024-09-15,TB,00-0034855,B.Mayfield,27,-1.1056
2024_03_BAL_DAL,2024,3,2024-09-22,BAL,00-0034796,L.Jackson,17,9.59107
2024_03_BAL_DAL,2024,3,2024-09-22,DAL,00-0033077,D.Prescott,55,3.28975
2024_03_CAR_LV,2024,3,2024-09-22,CAR,00-0027973,A.Dalton,39,13.30178
2024_03_CAR_LV,2024,3,2024-09-22,LV,00-0035289,G.Minshew II,32,-3.47718
2024_03_CAR_LV,2024,3,2024-09-22,LV,00-0038579,A.O'Connell,13,5.55514
2024_03_CHI_IND,2024,3,2024-09-22,CHI,00-0039918,C.Williams,55,-6.36331
2024_03_CHI_IND,2024,3,2024-09-22,IND,00-0039164,A.Richardson,22,-9.92144
2024_03_DEN_TB,2024,3,2024-09-22,DEN,00-0039732,B.Nix,39,5.80797
2024_03_DEN_TB,2024,3,2024-09-22,TB,00-0034855,B.Mayfield,40,-23.09035
2024_03_DET_ARI,2024,3,2024-09-22,ARI,00-0035228,K.Murray,37,-4.07293
2024_03_DET_ARI,2024,3,2024-09-22,DET,00-0033106,J.Goff,26,6.60853
2024_03_GB_TEN,2024,3,2024-09-22,GB,00-0038128,M.Willis,25,7.61601
2024_03_GB_TEN,2024,3,2024-09-22,TEN,00-0039152,W.Levis,44,-17.78459
2024_03_HOU_MIN,2024,3,2024-09-22,HOU,00-0031588,S.Diggs,1,2.76292
2024_03_HOU_MIN,2024,3,2024-09-22,HOU,00-0036898,D.Mills,13,-1.26065
2024_03_HOU_MIN,2024,3,2024-09-22,HOU,00-0039163,C.Stroud,37,-11.31296
2024_03_HOU_MIN,2024,3,2024-09-22,MIN,00-0034869,S.Darnold,32,5.25261
2024_03_JAX_BUF,2024,3,2024-09-23,BUF,00-0033869,M.Trubisky,1,-1.03433
2024_03_JAX_BUF,2024,3,2024-09-23,BUF,00-0034857,J.Allen,34,25.7126
2024_03_JAX_BUF,2024,3,2024-09-23,JAX,00-0036971,T.Lawrence,43,-17.31877
2024_03_JAX_BUF,2024,3,2024-09-23,JAX,00-0036972,M.Jones,9,-10.05274
2024_03_KC_ATL,2024,3,2024-09-22,ATL,00-0029604,K.Cousins,31,2.79673
2024_03_KC_ATL,2024,3,2024-09-22,KC,00-0033873,P.Mahomes,42,4.99817
2024_03_LAC_PIT,2024,3,2024-09-22,LAC,00-0031800,T.Heinicke,5,-3.60796
2024_03_LAC_PIT,2024,3,2024-09-22,LAC,00-0036355,J.Herbert,20,1.56036
2024_03_LAC_PIT,2024,3,2024-09-22,PIT,00-0036945,J.Fields,35,8.21948
2024_03_MIA_SEA,2024,3,2024-09-22,MIA,00-0034177,T.Boyle,15,-7.18313
2024_03_MIA_SEA,2024,3,2024-09-22,MIA,00-0037327,S.Thompson,24,-9.77442
2024_03_MIA_SEA,2024,3,2024-09-22,SEA,00-0030565,G.Smith,37,-0.8127
2024_03_NE_NYJ,2024,3,2024-09-19,NE,00-0033119,J.Brissett,23,-10.96536
2024_03_NE_NYJ,2024,3,2024-09-19,NE,00-0039851,D.Maye,12,-4.35701
2024_03_NE_NYJ,2024,3,2024-09-19,NYJ,00-0023459,A.Rodgers,40,19.61977
2024_03_NYG_CLE,2024,3,2024-09-22,CLE,00-0033537,D.Watson,47,-17.37101
2024_03_NYG_CLE,2024,3,2024-09-22,NYG,00-0035710,D.Jones,38,9.15486
2024_03_NYG_CLE,2024,3,2024-09-22,NYG,00-0039337,M.Nabers,1,-0.96373
2024_03_PHI_NO,2024,3,2024-09-22,NO,00-0031280,D.Carr,27,1.40083
2024_03_PHI_NO,2024,3,2024-09-22,PHI,00-0036389,J.Hurts,45,-3.62888
2024_03_SF_LA,2024,3,2024-09-22,LA,00-0026498,M.Stafford,28,3.40812
2024_03_SF_LA,2024,3,2024-09-22,LA,00-0036849,T.Atwell,1,-0.5111
2024_03_SF_LA,2024,3,2024-09-22,SF,00-0037834,B.Purdy,38,14.78422
2024_03_WAS_CIN,2024,3,2024-09-23,CIN,00-0036442,J.Burrow,41,17.53667
2024_03_WAS_CIN,2024,3,2024-09-23,WAS,00-0039910,J.Daniels,30,23.23823
2024_04_BUF_BAL,2024,4,2024-09-29,BAL,00-0026300,J.Johnson,1,-1.40566
2024_04_BUF_BAL,2024,4,2024-09-29,BAL,00-0034796,L.Jackson,20,9.48964
2024_04_BUF_BAL,2024,4,2024-09-29,BUF,00-0033869,M.Trubisky,2,-0.74315
2024_04_BUF_BAL,2024,4,2024-09-29,BUF,00-0034857,J.Allen,34,-8.43068
2024_04_CIN_CAR,2024,4,2024-09-29,CAR,00-0027973,A.Dalton,42,2.88031
2024_04_CIN_CAR,2024,4,2024-09-29,CAR,00-0028872,J.Hekker,1,-3.02858
2024_04_CIN_CAR,2024,4,2024-09-29,CIN,00-0036442,J.Burrow,32,9.7376
2024_04_CLE_LV,2024,4,2024-09-29,CLE,00-0033537,D.Watson,42,-7.16636
2024_04_CLE_LV,2024,4,2024-09-29,LV,00-0035289,G.Minshew II,26,-3.77518
2024_04_DAL_NYG,2024,4,2024-09-26,DAL,00-0033077,D.Prescott,28,10.95228
2024_04_DAL_NYG,2024,4,2024-09-26,NYG,00-0035710,D.Jones,41,4.43963
2024_04_DEN_NYJ,2024,4,2024-09-29,DEN,00-0039732,B.Nix,26,-16.24903
2024_04_DEN_NYJ,2024,4,2024-09-29,NYJ,00-0023459,A.Rodgers,51,-15.99152
2024_04_JAX_HOU,2024,4,2024-09-29,HOU,00-0031588,S.Diggs,1,1.85192
2024_04_JAX_HOU,2024,4,2024-09-29,HOU,00-0039163,C.Stroud,45,14.67206
2024_04_JAX_HOU,2024,4,2024-09-29,JAX,00-0036971,T.Lawrence,35,-1.24002
2024_04_KC_LAC,2024,4,2024-09-29,KC,00-0033873,P.Mahomes,34,-1.33894
2024_04_KC_LAC,2024,4,2024-09-29,LAC,00-0036355,J.Herbert,29,-2.04998
2024_04_LA_CHI,2024,4,2024-09-29,CHI,00-0039918,C.Williams,26,2.08352
2024_04_LA_CHI,2024,4,2024-09-29,LA,00-0026498,M.Stafford,32,-1.34063
2024_04_MIN_GB,2024,4,2024-09-29,GB,00-0036264,J.Love,56,-8.54105
2024_04_MIN_GB,2024,4,2024-09-29,MIN,00-0034869,S.Darnold,33,9.67384
2024_04_NE_SF,2024,4,2024-09-29,NE,00-0033119,J.Brissett,39,-16.44247
2024_04_NE_SF,2024,4,2024-09-29,SF,00-0037834,B.Purdy,30,9.57565
2024_04_NO_ATL,2024,4,2024-09-29,ATL,00-0029604,K.Cousins,36,-1.0692
2024_04_NO_ATL,2024,4,2024-09-29,NO,00-0031280,D.Carr,38,-0.25231
2024_04_PHI_TB,2024,4,2024-09-29,PHI,00-0036389,J.Hurts,37,-9.21228
2024_04_PHI_TB,2024,4,2024-09-29,TB,00-0034855,B.Mayfield,50,11.26481
2024_04_PIT_IND,2024,4,2024-09-29,IND,00-0026158,J.Flacco,29,6.90974
2024_04_PIT_IND,2024,4,2024-09-29,IND,00-0039164,A.Richardson,4,4.27793
2024_04_PIT_IND,2024,4,2024-09-29,PIT,00-0036945,J.Fields,41,1.58421
2024_04_SEA_DET,2024,4,2024-09-30,DET,00-0033106,J.Goff,21,17.89841
2024_04_SEA_DET,2024,4,2024-09-30,DET,00-0036963,St. Brown,1,1.72412
2024_04_SEA_DET,2024,4,2024-09-30,SEA,00-0030565,G.Smith,62,2.658
2024_04_TEN_MIA,2024,4,2024-09-30,MIA,00-0035993,T.Huntley,26,-9.70729
2024_04_TEN_MIA,2024,4,2024-09-30,TEN,00-0034771,M.Rudolph,17,-4.33471
2024_04_TEN_MIA,2024,4,2024-09-30,TEN,00-0039152,W.Levis,5,-4.10293
2024_04_WAS_ARI,2024,4,2024-09-29,ARI,00-0035228,K.Murray,27,-6.28756
2024_04_WAS_ARI,2024,4,2024-09-29,WAS,00-0039910,J.Daniels,36,13.55971
2024_05_ARI_SF,2024,5,2024-10-06,ARI,00-0035228,K.Murray,33,-0.19163
2024_05_ARI_SF,2024,5,2024-10-06,SF,00-0037834,B.Purdy,41,1.74724
2024_05_BAL_CIN,2024,5,2024-10-06,BAL,00-0034796,L.Jackson,47,20.88955
2024_05_BAL_CIN,2024,5,2024-10-06,CIN,00-0036442,J.Burrow,43,23.13319
2024_05_BUF_HOU,2024,5,2024-10-06,BUF,00-0034857,J.Allen,35,1.45859
2024_05_BUF_HOU,2024,5,2024-10-06,HOU,00-0039163,C.Stroud,42,7.0144
2024_05_CAR_CHI,2024,5,2024-10-06,CAR,00-0027973,A.Dalton,32,-19.53493
2024_05_CAR_CHI,2024,5,2024-10-06,CAR,00-0039150,B.Young,9,-0.68098
2024_05_CAR_CHI,2024,5,2024-10-06,CHI,00-0039918,C.Williams,35,18.18942
2024_05_CLE_WAS,2024,5,2024-10-06,CLE,00-0031503,J.Winston,1,0.80746
2024_05_CLE_WAS,2024,5,2024-10-06,CLE,00-0033537,D.Watson,38,-16.28134
2024_05_CLE_WAS,2024,5,2024-10-06,WAS,00-0032268,M.Mariota,3,-3.30109
2024_05_CLE_WAS,2024,5,2024-10-06,WAS,00-0039910,J.Daniels,33,8.69319
2024_05_DAL_PIT,2024,5,2024-10-06,DAL,00-0033077,D.Prescott,45,10.93721
2024_05_DAL_PIT,2024,5,2024-10-06,PIT,00-0034577,K.Allen,1,1.43255
2024_05_DAL_PIT,2024,5,2024-10-06,PIT,00-0036945,J.Fields,30,-3.40935
2024_05_GB_LA,2024,5,2024-10-06,GB,00-0036264,J.Love,29,1.66902
2024_05_GB_LA,2024,5,2024-10-06,LA,00-0026498,M.Stafford,48,-8.95565
2024_05_IND_JAX,2024,5,2024-10-06,IND,00-0026158,J.Flacco,49,13.05635
2024_05_IND_JAX,2024,5,2024-10-06,IND,00-0039890,A.Mitchell,1,2.44566
2024_05_IND_JAX,2024,5,2024-10-06,JAX,00-0036971,T.Lawrence,34,13.47722
2024_05_LV_DEN,2024,5,2024-10-06,DEN,00-0039732,B.Nix,31,2.34746
2024_05_LV_DEN,2024,5,2024-10-06,LV,00-0035289,G.Minshew II,21,-5.85852
2024_05_LV_DEN,2024,5,2024-10-06,LV,00-0038579,A.O'Connell,21,-5.34394
2024_05_MIA_NE,2024,5,2024-10-06,MIA,00-0035993,T.Huntley,36,-2.38607
2024_05_MIA_NE,2024,5,2024-10-06,NE,00-0033119,J.Brissett,36,-7.78386
2024_05_NO_KC,2024,5,2024-10-07,KC,00-0033873,P.Mahomes,44,7.34975
2024_05_NO_KC,2024,5,2024-10-07,NO,00-0031280,D.Carr,29,-0.0354
2024_05_NO_KC,2024,5,2024-10-07,NO,00-0038998,J.Haener,9,-2.488
2024_05_NYG_SEA,2024,5,2024-10-06,NYG,00-0035710,D.Jones,39,9.57318
2024_05_NYG_SEA,2024,5,2024-10-06,SEA,00-0030565,G.Smith,51,-5.4919
2024_05_NYJ_MIN,2024,5,2024-10-06,MIN,00-0033319,N.Mullens,1,2.59322
2024_05_NYJ_MIN,2024,5,2024-10-06,MIN,00-0034869,S.Darnold,36,-10.66862
2024_05_NYJ_MIN,2024,5,2024-10-06,NYJ,00-0023459,A.Rodgers,57,-16.15633
2024_05_TB_ATL,2024,5,2024-10-03,ATL,00-0029604,K.Cousins,60,22.13327
2024_05_TB_ATL,2024,5,2024-10-03,ATL,00-0036309,D.Mooney,1,-0.42382
2024_05_TB_ATL,2024,5,2024-10-03,TB,00-0034855,B.Mayfield,30,11.01663
2024_06_ARI_GB,2024,6,2024-10-13,ARI,00-0035228,K.Murray,36,-1.27608
2024_06_ARI_GB,2024,6,2024-10-13,GB,00-0036264,J.Love,35,18.81582
2024_06_ATL_CAR,2024,6,2024-10-13,ATL,00-0029604,K.Cousins,30,6.96198
2024_06_ATL_CAR,2024,6,2024-10-13,CAR,00-0027973,A.Dalton,40,-4.60622
2024_06_BUF_NYJ,2024,6,2024-10-14,BUF,00-0034857,J.Allen,30,9.89123
2024_06_BUF_NYJ,2024,6,2024-10-14,NYJ,00-0023459,A.Rodgers,38,11.15705
2024_06_CIN_NYG,2024,6,2024-10-13,CIN,00-0036442,J.Burrow,34,7.97284
2024_06_CIN_NYG,2024,6,2024-10-13,NYG,00-0035710,D.Jones,43,-12.85959
2024_06_CLE_PHI,2024,6,2024-10-13,CLE,00-0033537,D.Watson,30,1.71901
2024_06_CLE_PHI,2024,6,2024-10-13,PHI,00-0036389,J.Hurts,26,7.14372
2024_06_DET_DAL,2024,6,2024-10-13,DAL,00-0033077,D.Prescott,38,-24.89645
2024_06_DET_DAL,2024,6,2024-10-13,DAL,00-0033662,C.Rush,11,-8.3054
2024_06_DET_DAL,2024,6,2024-10-13,DET,00-0033106,J.Goff,29,19.02606
2024_06_DET_DAL,2024,6,2024-10-13,DET,00-0038550,H.Hooker,3,-3.35312
2024_06_HOU_NE,2024,6,2024-10-13,HOU,00-0036898,D.Mills,1,-0.76818
2024_06_HOU_NE,2024,6,2024-10-13,HOU,00-0039163,C.Stroud,34,3.5327
2024_06_HOU_NE,2024,6,2024-10-13,NE,00-0039851,D.Maye,42,-11.06073
2024_06_IND_TEN,2024,6,2024-10-13,IND,00-0026158,J.Flacco,39,0.82098
2024_06_IND_TEN,2024,6,2024-10-13,TEN,00-0039152,W.Levis,30,-5.70092
2024_06_JAX_CHI,2024,6,2024-10-13,CHI,00-0039918,C.Williams,34,17.42024
2024_06_JAX_CHI,2024,6,2024-10-13,JAX,00-0036971,T.Lawrence,41,2.73367
2024_06_JAX_CHI,2024,6,2024-10-13,JAX,00-0036972,M.Jones,2,-1.50774
2024_06_LAC_DEN,2024,6,2024-10-13,DEN,00-0039732,B.Nix,41,3.7341
2024_06_LAC_DEN,2024,6,2024-10-13,LAC,00-0036355,J.Herbert,38,7.40771
2024_06_PIT_LV,2024,6,2024-10-13,LV,00-0038579,A.O'Connell,41,-2.86964
2024_06_PIT_LV,2024,6,2024-10-13,PIT,00-0036945,J.Fields,32,5.73525
2024_06_SF_SEA,2024,6,2024-10-10,SEA,00-0030565,G.Smith,52,4.44333
2024_06_SF_SEA,2024,6,2024-10-10,SF,00-0037834,B.Purdy,31,13.99595
2024_06_TB_NO,2024,6,2024-10-13,NO,00-0039376,S.Rattler,48,-20.8137
2024_06_TB_NO,2024,6,2024-10-13,TB,00-0034855,B.Mayfield,40,6.07089
2024_06_WAS_BAL,2024,6,2024-10-13,BAL,00-0034796,L.Jackson,30,10.64614
2024_06_WAS_BAL,2024,6,2024-10-13,WAS,00-0039910,J.Daniels,42,10.57761
2024_07_BAL_TB,2024,7,2024-10-21,BAL,00-0034796,L.Jackson,27,29.39775
2024_07_BAL_TB,2024,7,2024-10-21,TB,00-0034855,B.Mayfield,52,7.91387
2024_07_CAR_WAS,2024,7,2024-10-20,CAR,00-0027973,A.Dalton,19,-16.45973
2024_07_CAR_WAS,2024,7,2024-10-20,CAR,00-0039150,B.Young,2,-1.86008
2024_07_CAR_WAS,2024,7,2024-10-20,WAS,00-0032268,M.Mariota,26,14.22373
2024_07_CAR_WAS,2024,7,2024-10-20,WAS,00-0039910,J.Daniels,2,-1.24
2024_07_CIN_CLE,2024,7,2024-10-20,CIN,00-0036442,J.Burrow,28,-1.77186
2024_07_CIN_CLE,2024,7,2024-10-20,CLE,00-0031503,J.Winston,12,5.97815
2024_07_CIN_CLE,2024,7,2024-10-20,CLE,00-0033537,D.Watson,19,0.32601
2024_07_CIN_CLE,2024,7,2024-10-20,CLE,00-0038583,D.Thompson-Robinson,25,-19.3184
2024_07_DEN_NO,2024,7,2024-10-17,DEN,00-0039732,B.Nix,33,-0.3834
2024_07_DEN_NO,2024,7,2024-10-17,NO,00-0038998,J.Haener,4,3.7281
2024_07_DEN_NO,2024,7,2024-10-17,NO,00-0039376,S.Rattler,44,-26.85775
2024_07_DET_MIN,2024,7,2024-10-20,DET,00-0033106,J.Goff,29,14.9179
2024_07_DET_MIN,2024,7,2024-10-20,MIN,00-0034869,S.Darnold,35,3.45897
2024_07_DET_MIN,2024,7,2024-10-20,MIN,00-0036322,J.Jefferson,1,-0.21872
2024_07_HOU_GB,2024,7,2024-10-20,GB,00-0036264,J.Love,36,-0.62162
2024_07_HOU_GB,2024,7,2024-10-20,HOU,00-0039163,C.Stroud,29,-10.33412
2024_07_KC_SF,2024,7,2024-10-20,KC,00-0033873,P.Mahomes,32,1.02739
2024_07_KC_SF,2024,7,2024-10-20,SF,00-0037834,B.Purdy,37,-9.14767
2024_07_LAC_ARI,2024,7,2024-10-21,ARI,00-0035228,K.Murray,29,4.46776
2024_07_LAC_ARI,2024,7,2024-10-21,LAC,00-0036355,J.Herbert,43,5.91811
2024_07_LV_LA,2024,7,2024-10-20,LA,00-0026498,M.Stafford,24,-7.25289
2024_07_LV_LA,2024,7,2024-10-20,LV,00-0035289,G.Minshew II,36,-23.16512
2024_07_LV_LA,2024,7,2024-10-20,LV,00-0038579,A.O'Connell,10,-1.13138
2024_07_MIA_IND,2024,7,2024-10-20,IND,00-0039164,A.Richardson,29,-4.68009
2024_07_MIA_IND,2024,7,2024-10-20,MIA,00-0034177,T.Boyle,13,0.94424
2024_07_MIA_IND,2024,7,2024-10-20,MIA,00-0035993,T.Huntley,18,-3.18877
2024_07_NE_JAX,2024,7,2024-10-20,JAX,00-0036971,T.Lawrence,21,12.29526
2024_07_NE_JAX,2024,7,2024-10-20,NE,00-0039851,D.Maye,42,9.05737
2024_07_NYJ_PIT,2024,7,2024-10-20,NYJ,00-0023459,A.Rodgers,40,-0.96828
2024_07_NYJ_PIT,2024,7,2024-10-20,PIT,00-0029263,R.Wilson,31,8.32511
2024_07_PHI_NYG,2024,7,2024-10-20,NYG,00-0035704,D.Lock,10,-5.74522
2024_07_PHI_NYG,2024,7,2024-10-20,NYG,00-0035710,D.Jones,29,-15.59583
2024_07_PHI_NYG,2024,7,2024-10-20,PHI,00-0036389,J.Hurts,21,3.24948
2024_07_PHI_NYG,2024,7,2024-10-20,PHI,00-0038102,K.Pickett,2,-1.67582
2024_07_SEA_ATL,2024,7,2024-10-20,ATL,00-0029604,K.Cousins,38,-9.43024
2024_07_SEA_ATL,2024,7,2024-10-20,ATL,00-0039917,M.Penix,1,1.37682
2024_07_SEA_ATL,2024,7,2024-10-20,SEA,00-0030565,G.Smith,32,5.69174
2024_07_SEA_ATL,2024,7,2024-10-20,SEA,00-0038543,J.Smith-Njigba,1,2.24361
2024_07_TEN_BUF,2024,7,2024-10-20,BUF,00-0034857,J.Allen,35,12.69436
2024_07_TEN_BUF,2024,7,2024-10-20,TEN,00-0034771,M.Rudolph,43,-2.83465
2024_08_ARI_MIA,2024,8,2024-10-27,ARI,00-0035228,K.Murray,37,18.22054
2024_08_ARI_MIA,2024,8,2024-10-27,MIA,00-0036212,T.Tagovailoa,40,10.42637
2024_08_ATL_TB,2024,8,2024-10-27,ATL,00-0029604,K.Cousins,32,16.46931
2024_08_ATL_TB,2024,8,2024-10-27,TB,00-0034855,B.Mayfield,50,10.27291
2024_08_BAL_CLE,2024,8,2024-10-27,BAL,00-0034796,L.Jackson,41,10.26978
2024_08_BAL_CLE,2024,8,2024-10-27,CLE,00-0031503,J.Winston,43,12.84656
2024_08_BUF_SEA,2024,8,2024-10-27,BUF,00-0034857,J.Allen,37,12.05558
2024_08_BUF_SEA,2024,8,2024-10-27,SEA,00-0030565,G.Smith,32,1.27732
2024_08_CAR_DEN,2024,8,2024-10-27,CAR,00-0028872,J.Hekker,1,-2.68345
2024_08_CAR_DEN,2024,8,2024-10-27,CAR,00-0039150,B.Young,41,-2.95511
2024_08_CAR_DEN,2024,8,2024-10-27,DEN,00-0032943,R.Dixon,1,-1.89869
2024_08_CAR_DEN,2024,8,2024-10-27,DEN,00-0034348,C.Sutton,1,3.61084
2024_08_CAR_DEN,2024,8,2024-10-27,DEN,00-0039732,B.Nix,40,2.0236
2024_08_CHI_WAS,2024,8,2024-10-27,CHI,00-0039918,C.Williams,32,-9.26634
2024_08_CHI_WAS,2024,8,2024-10-27,WAS,00-0039910,J.Daniels,46,12.02803
2024_08_DAL_SF,2024,8,2024-10-27,DAL,00-0033077,D.Prescott,40,0.92618
2024_08_DAL_SF,2024,8,2024-10-27,SF,00-0037834,B.Purdy,33,10.87521
2024_08_GB_JAX,2024,8,2024-10-27,GB,00-0036264,J.Love,22,2.87249
2024_08_GB_JAX,2024,8,2024-10-27,GB,00-0038128,M.Willis,8,3.81057
2024_08_GB_JAX,2024,8,2024-10-27,JAX,00-0036971,T.Lawrence,34,4.17625
2024_08_IND_HOU,2024,8,2024-10-27,HOU,00-0039163,C.Stroud,39,5.50371
2024_08_IND_HOU,2024,8,2024-10-27,IND,00-0039164,A.Richardson,38,-7.03562
2024_08_KC_LV,2024,8,2024-10-27,KC,00-0033873,P.Mahomes,41,13.52231
2024_08_KC_LV,2024,8,2024-10-27,LV,00-0035289,G.Minshew II,34,7.13011
2024_08_MIN_LA,2024,8,2024-10-24,LA,00-0026498,M.Stafford,34,15.89028
2024_08_MIN_LA,2024,8,2024-10-24,MIN,00-0034869,S.Darnold,29,8.59872
2024_08_NO_LAC,2024,8,2024-10-27,LAC,00-0036355,J.Herbert,38,4.71319
2024_08_NO_LAC,2024,8,2024-10-27,NO,00-0033357,T.Hill,1,-0.17498
2024_08_NO_LAC,2024,8,2024-10-27,NO,00-0038998,J.Haener,21,-5.40333
2024_08_NO_LAC,2024,8,2024-10-27,NO,00-0039376,S.Rattler,27,-5.94773
2024_08_NYG_PIT,2024,8,2024-10-28,NYG,00-0035710,D.Jones,43,-0.64706
2024_08_NYG_PIT,2024,8,2024-10-28,PIT,00-0029263,R.Wilson,32,3.32312
2024_08_NYJ_NE,2024,8,2024-10-27,NE,00-0033119,J.Brissett,26,2.80769
2024_08_NYJ_NE,2024,8,2024-10-27,NE,00-0039851,D.Maye,10,1.60383
2024_08_NYJ_NE,2024,8,2024-10-27,NYJ,00-0023459,A.Rodgers,29,5.16274
2024_08_PHI_CIN,2024,8,2024-10-27,CIN,00-0036442,J.Burrow,40,4.77565
2024_08_PHI_CIN,2024,8,2024-10-27,PHI,00-0036389,J.Hurts,21,14.93899
2024_08_TEN_DET,2024,8,2024-10-27,DET,00-0033106,J.Goff,19,-3.54988
2024_08_TEN_DET,2024,8,2024-10-27,DET,00-0035685,D.Montgomery,1,1.51915
2024_08_TEN_DET,2024,8,2024-10-27,DET,00-0038550,H.Hooker,3,-2.34709
2024_08_TEN_DET,2024,8,2024-10-27,TEN,00-0034771,M.Rudolph,42,-13.13233
2024_09_CHI_ARI,2024,9,2024-11-03,ARI,00-0035228,K.Murray,23,-7.30061
2024_09_CHI_ARI,2024,9,2024-11-03,CHI,00-0039918,C.Williams,50,-13.03749
2024_09_DAL_ATL,2024,9,2024-11-03,ATL,00-0029604,K.Cousins,26,8.40133
2024_09_DAL_ATL,2024,9,2024-11-03,DAL,00-0029692,B.Anger,1,-2.97732
2024_09_DAL_ATL,2024,9,2024-11-03,DAL,00-0033077,D.Prescott,28,-1.48635
2024_09_DAL_ATL,2024,9,2024-11-03,DAL,00-0033662,C.Rush,25,0.37638
2024_09_DEN_BAL,2024,9,2024-11-03,BAL,00-0034796,L.Jackson,22,19.88516
2024_09_DEN_BAL,2024,9,2024-11-03,DEN,00-0034348,C.Sutton,1,3.87989
2024_09_DEN_BAL,2024,9,2024-11-03,DEN,00-0039732,B.Nix,41,-6.6546
2024_09_DET_GB,2024,9,2024-11-03,DET,00-0033106,J.Goff,23,5.94298
2024_09_DET_GB,2024,9,2024-11-03,GB,00-0036264,J.Love,39,-4.13428
2024_09_HOU_NYJ,2024,9,2024-10-31,HOU,00-0033897,J.Mixon,1,-0.72615
2024_09_HOU_NYJ,2024,9,2024-10-31,HOU,00-0039163,C.Stroud,45,-6.62719
2024_09_HOU_NYJ,2024,9,2024-10-31,NYJ,00-0023459,A.Rodgers,34,8.60554
2024_09_IND_MIN,2024,9,2024-11-03,IND,00-0026158,J.Flacco,30,-8.77537
2024_09_IND_MIN,2024,9,2024-11-03,MIN,00-0034869,S.Darnold,39,-5.0316
2024_09_IND_MIN,2024,9,2024-11-03,MIN,00-0036322,J.Jefferson,1,3.05091
2024_09_JAX_PHI,2024,9,2024-11-03,JAX,00-0036971,T.Lawrence,35,-9.45179
2024_09_JAX_PHI,2024,9,2024-11-03,PHI,00-0036389,J.Hurts,33,10.11682
2024_09_LAC_CLE,2024,9,2024-11-03,CLE,00-0031503,J.Winston,56,-17.37971
2024_09_LAC_CLE,2024,9,2024-11-03,LAC,00-0036355,J.Herbert,34,1.15948
2024_09_LA_SEA,2024,9,2024-11-03,LA,00-0026498,M.Stafford,44,3.87342
2024_09_LA_SEA,2024,9,2024-11-03,SEA,00-0030565,G.Smith,43,-5.22133
2024_09_LV_CIN,2024,9,2024-11-03,CIN,00-0036442,J.Burrow,41,7.66288
2024_09_LV_CIN,2024,9,2024-11-03,LV,00-0035289,G.Minshew II,18,0.9505
2024_09_LV_CIN,2024,9,2024-11-03,LV,00-0038122,D.Ridder,21,-10.57883
2024_09_MIA_BUF,2024,9,2024-11-03,BUF,00-0034857,J.Allen,40,9.79004
2024_09_MIA_BUF,2024,9,2024-11-03,MIA,00-0036212,T.Tagovailoa,30,19.96298
2024_09_NE_TEN,2024,9,2024-11-03,NE,00-0039851,D.Maye,51,-1.04909
2024_09_NE_TEN,2024,9,2024-11-03,TEN,00-0034771,M.Rudolph,36,7.30611
2024_09_NO_CAR,2024,9,2024-11-03,CAR,00-0039150,B.Young,29,1.92093
2024_09_NO_CAR,2024,9,2024-11-03,NO,00-0031280,D.Carr,32,4.34996
2024_09_NO_CAR,2024,9,2024-11-03,NO,00-0033357,T.Hill,1,-1.14229
2024_09_TB_KC,2024,9,2024-11-04,KC,00-0033873,P.Mahomes,50,12.94762
2024_09_TB_KC,2024,9,2024-11-04,TB,00-0034855,B.Mayfield,36,6.88909
2024_09_WAS_NYG,2024,9,2024-11-03,NYG,00-0035710,D.Jones,29,0.44252
2024_09_WAS_NYG,2024,9,2024-11-03,WAS,00-0039910,J.Daniels,25,13.51946
2024_10_ATL_NO,2024,10,2024-11-10,ATL,00-0029604,K.Cousins,41,-1.24545
2024_10_ATL_NO,2024,10,2024-11-10,NO,00-0031280,D.Carr,27,6.04801
2024_10_BUF_IND,2024,10,2024-11-10,BUF,00-0034857,J.Allen,41,-4.64502
2024_10_BUF_IND,2024,10,2024-11-10,IND,00-0026158,J.Flacco,39,-12.45116
2024_10_CIN_BAL,2024,10,2024-11-07,BAL,00-0034796,L.Jackson,36,21.27844
2024_10_CIN_BAL,2024,10,2024-11-07,CIN,00-0036442,J.Burrow,60,12.97366
2024_10_DEN_KC,2024,10,2024-11-10,DEN,00-0039732,B.Nix,33,6.93832
2024_10_DEN_KC,2024,10,2024-11-10,KC,00-0033873,P.Mahomes,49,5.34497
2024_10_DET_HOU,2024,10,2024-11-10,DET,00-0033106,J.Goff,31,-1.37484
2024_10_DET_HOU,2024,10,2024-11-10,HOU,00-0039163,C.Stroud,38,-6.06761
2024_10_MIA_LA,2024,10,2024-11-11,LA,00-0026498,M.Stafford,49,-7.45517
2024_10_MIA_LA,2024,10,2024-11-11,MIA,00-0036212,T.Tagovailoa,31,-1.53125
2024_10_MIN_JAX,2024,10,2024-11-10,JAX,00-0036972,M.Jones,27,-7.95091
2024_10_MIN_JAX,2024,10,2024-11-10,MIN,00-0034869,S.Darnold,42,0.18591
2024_10_NE_CHI,2024,10,2024-11-10,CHI,00-0039918,C.Williams,41,-19.54773
2024_10_NE_CHI,2024,10,2024-11-10,NE,00-0039851,D.Maye,29,-0.50959
2024_10_NYG_CAR,2024,10,2024-11-10,CAR,00-0039150,B.Young,28,-4.97687
2024_10_NYG_CAR,2024,10,2024-11-10,NYG,00-0035710,D.Jones,40,-9.55744
2024_10_NYJ_ARI,2024,10,2024-11-10,ARI,00-0035228,K.Murray,25,17.98056
2024_10_NYJ_ARI,2024,10,2024-11-10,NYJ,00-0023459,A.Rodgers,38,-10.89335
2024_10_PHI_DAL,2024,10,2024-11-10,DAL,00-0033662,C.Rush,24,-16.95471
2024_10_PHI_DAL,2024,10,2024-11-10,DAL,00-0037012,T.Lance,8,-11.40475
2024_10_PHI_DAL,2024,10,2024-11-10,PHI,00-0036389,J.Hurts,28,-1.14066
2024_10_PHI_DAL,2024,10,2024-11-10,PHI,00-0038102,K.Pickett,2,-1.31991
2024_10_PIT_WAS,2024,10,2024-11-10,PIT,00-0029263,R.Wilson,32,8.52863
2024_10_PIT_WAS,2024,10,2024-11-10,PIT,00-0032399,M.Killebrew,1,-2.67772
2024_10_PIT_WAS,2024,10,2024-11-10,WAS,00-0039910,J.Daniels,37,-9.26198
2024_10_SF_TB,2024,10,2024-11-10,SF,00-0037834,B.Purdy,41,18.02603
2024_10_SF_TB,2024,10,2024-11-10,TB,00-0034855,B.Mayfield,32,-1.75073
2024_10_TEN_LAC,2024,10,2024-11-10,LAC,00-0036355,J.Herbert,23,8.91499
2024_10_TEN_LAC,2024,10,2024-11-10,TEN,00-0039152,W.Levis,33,3.76499
2024_11_ATL_DEN,2024,11,2024-11-17,ATL,00-0029604,K.Cousins,29,-7.11868
2024_11_ATL_DEN,2024,11,2024-11-17,ATL,00-0039917,M.Penix,5,1.80463
2024_11_ATL_DEN,2024,11,2024-11-17,DEN,00-0039732,B.Nix,35,22.5576
2024_11_BAL_PIT,2024,11,2024-11-17,BAL,00-0034796,L.Jackson,35,-5.5028
2024_11_BAL_PIT,2024,11,2024-11-17,PIT,00-0029263,R.Wilson,41,-12.3691
2024_11_CIN_LAC,2024,11,2024-11-17,CIN,00-0036442,J.Burrow,55,9.27577
2024_11_CIN_LAC,2024,11,2024-11-17,LAC,00-0036355,J.Herbert,41,2.07537
2024_11_CLE_NO,2024,11,2024-11-17,CLE,00-0031503,J.Winston,49,9.44409
2024_11_CLE_NO,2024,11,2024-11-17,CLE,00-0038583,D.Thompson-Robinson,1,-0.47644
2024_11_CLE_NO,2024,11,2024-11-17,NO,00-0031280,D.Carr,28,7.00183
2024_11_CLE_NO,2024,11,2024-11-17,NO,00-0033357,T.Hill,2,-1.90042
2024_11_GB_CHI,2024,11,2024-11-17,CHI,00-0039918,C.Williams,39,8.9735
2024_11_GB_CHI,2024,11,2024-11-17,GB,00-0036264,J.Love,20,11.74591
2024_11_HOU_DAL,2024,11,2024-11-18,DAL,00-0029692,B.Anger,1,-2.70971
2024_11_HOU_DAL,2024,11,2024-11-18,DAL,00-0033662,C.Rush,61,-14.41555
2024_11_HOU_DAL,2024,11,2024-11-18,HOU,00-0039163,C.Stroud,38,7.09751
2024_11_IND_NYJ,2024,11,2024-11-17,IND,00-0039164,A.Richardson,32,9.63771
2024_11_IND_NYJ,2024,11,2024-11-17,NYJ,00-0023459,A.Rodgers,33,-0.8021
2024_11_JAX_DET,2024,11,2024-11-17,DET,00-0033106,J.Goff,32,34.16519
2024_11_JAX_DET,2024,11,2024-11-17,DET,00-0038550,H.Hooker,5,3.20359
2024_11_JAX_DET,2024,11,2024-11-17,JAX,00-0036972,M.Jones,31,-12.87384
2024_11_KC_BUF,2024,11,2024-11-17,BUF,00-0034857,J.Allen,45,10.16109
2024_11_KC_BUF,2024,11,2024-11-17,KC,00-0033873,P.Mahomes,35,5.59978
2024_11_LA_NE,2024,11,2024-11-17,LA,00-0026498,M.Stafford,27,16.00179
2024_11_LA_NE,2024,11,2024-11-17,NE,00-0039851,D.Maye,45,12.91651
2024_11_LV_MIA,2024,11,2024-11-17,LV,00-0035289,G.Minshew II,48,5.89825
2024_11_LV_MIA,2024,11,2024-11-17,MIA,00-0036212,T.Tagovailoa,37,24.53881
2024_11_MIN_TEN,2024,11,2024-11-17,MIN,00-0034869,S.Darnold,37,8.50646
2024_11_MIN_TEN,2024,11,2024-11-17,TEN,00-0039152,W.Levis,38,2.11368
2024_11_SEA_SF,2024,11,2024-11-17,SEA,00-0030565,G.Smith,38,4.19655
2024_11_SEA_SF,2024,11,2024-11-17,SF,00-0037834,B.Purdy,35,5.40426
2024_11_WAS_PHI,2024,11,2024-11-14,PHI,00-0036389,J.Hurts,34,3.99869
2024_11_WAS_PHI,2024,11,2024-11-14,WAS,00-0039910,J.Daniels,39,-0.19494
2024_12_ARI_SEA,2024,12,2024-11-24,ARI,00-0035228,K.Murray,43,-5.53753
2024_12_ARI_SEA,2024,12,2024-11-24,SEA,00-0030565,G.Smith,37,1.75176
2024_12_BAL_LAC,2024,12,2024-11-25,BAL,00-0034796,L.Jackson,23,9.0704
2024_12_BAL_LAC,2024,12,2024-11-25,LAC,00-0036355,J.Herbert,44,0.16077
2024_12_DAL_WAS,2024,12,2024-11-24,DAL,00-0033662,C.Rush,34,8.33507
2024_12_DAL_WAS,2024,12,2024-11-24,WAS,00-0039910,J.Daniels,43,-8.50528
2024_12_DEN_LV,2024,12,2024-11-24,DEN,00-0039732,B.Nix,44,8.53399
2024_12_DEN_LV,2024,12,2024-11-24,LV,00-0035190,A.Cole,1,4.33392
2024_12_DEN_LV,2024,12,2024-11-24,LV,00-0035289,G.Minshew II,45,-13.15271
2024_12_DEN_LV,2024,12,2024-11-24,LV,00-0038122,D.Ridder,13,-5.73297
2024_12_DET_IND,2024,12,2024-11-24,DET,00-0033106,J.Goff,40,8.49735
2024_12_DET_IND,2024,12,2024-11-24,IND,00-0039164,A.Richardson,30,-4.62692
2024_12_KC_CAR,2024,12,2024-11-24,CAR,00-0039150,B.Young,40,7.33745
2024_12_KC_CAR,2024,12,2024-11-24,KC,00-0033873,P.Mahomes,47,13.19065
2024_12_MIN_CHI,2024,12,2024-11-24,CHI,00-0034827,D.Moore,1,-0.44727
2024_12_MIN_CHI,2024,12,2024-11-24,CHI,00-0039918,C.Williams,54,7.7257
2024_12_MIN_CHI,2024,12,2024-11-24,MIN,00-0033319,N.Mullens,1,2.2755
2024_12_MIN_CHI,2024,12,2024-11-24,MIN,00-0034869,S.Darnold,37,10.17537
2024_12_NE_MIA,2024,12,2024-11-24,MIA,00-0036212,T.Tagovailoa,42,13.06182
2024_12_NE_MIA,2024,12,2024-11-24,NE,00-0033307,K.Bourne,1,-1.31997
2024_12_NE_MIA,2024,12,2024-11-24,NE,00-0039851,D.Maye,45,-11.01855
2024_12_PHI_LA,2024,12,2024-11-24,LA,00-0026498,M.Stafford,42,5.93941
2024_12_PHI_LA,2024,12,2024-11-24,PHI,00-0036389,J.Hurts,26,9.94613
2024_12_PIT_CLE,2024,12,2024-11-21,CLE,00-0031503,J.Winston,29,-2.14553
2024_12_PIT_CLE,2024,12,2024-11-21,PIT,00-0029263,R.Wilson,33,9.76135
2024_12_PIT_CLE,2024,12,2024-11-21,PIT,00-0036945,J.Fields,1,-1.11985
2024_12_SF_GB,2024,12,2024-11-24,GB,00-0036264,J.Love,25,6.63126
2024_12_SF_GB,2024,12,2024-11-24,SF,00-0032434,B.Allen,32,-16.77632
2024_12_TB_NYG,2024,12,2024-11-24,NYG,00-0035704,D.Lock,1,-0.27051
2024_12_TB_NYG,2024,12,2024-11-24,NYG,00-0038476,T.DeVito,39,-4.37754
2024_12_TB_NYG,2024,12,2024-11-24,TB,00-0034855,B.Mayfield,32,21.99461
2024_12_TEN_HOU,2024,12,2024-11-24,HOU,00-0039163,C.Stroud,40,-5.08401
2024_12_TEN_HOU,2024,12,2024-11-24,TEN,00-0033009,T.Boyd,1,-0.43442
2024_12_TEN_HOU,2024,12,2024-11-24,TEN,00-0039152,W.Levis,34,0.16501
2024_13_ARI_MIN,2024,13,2024-12-01,ARI,00-0035228,K.Murray,50,2.79031
2024_13_ARI_MIN,2024,13,2024-12-01,MIN,00-0034869,S.Darnold,39,-3.02518
2024_13_CHI_DET,2024,13,2024-11-28,CHI,00-0039918,C.Williams,47,1.51667
2024_13_CHI_DET,2024,13,2024-11-28,DET,00-0033106,J.Goff,35,1.97985
2024_13_CHI_DET,2024,13,2024-11-28,DET,00-0036880,P.Sewell,1,-0.97585
2024_13_CLE_DEN,2024,13,2024-12-02,CLE,00-0031503,J.Winston,62,-3.51287
2024_13_CLE_DEN,2024,13,2024-12-02,DEN,00-0039732,B.Nix,36,3.39159
2024_13_HOU_JAX,2024,13,2024-12-01,HOU,00-0039163,C.Stroud,38,2.48061
2024_13_HOU_JAX,2024,13,2024-12-01,JAX,00-0036971,T.Lawrence,11,-4.48991
2024_13_HOU_JAX,2024,13,2024-12-01,JAX,00-0036972,M.Jones,34,12.91865
2024_13_IND_NE,2024,13,2024-12-01,IND,00-0039164,A.Richardson,25,-0.72243
2024_13_IND_NE,2024,13,2024-12-01,NE,00-0039851,D.Maye,39,10.48873
2024_13_LAC_ATL,2024,13,2024-12-01,ATL,00-0029604,K.Cousins,40,-11.63355
2024_13_LAC_ATL,2024,13,2024-12-01,LAC,00-0034162,J.Scott,1,-2.70661
2024_13_LAC_ATL,2024,13,2024-12-01,LAC,00-0036355,J.Herbert,28,-6.25122
2024_13_LA_NO,2024,13,2024-12-01,LA,00-0026498,M.Stafford,26,0.29899
2024_13_LA_NO,2024,13,2024-12-01,NO,00-0031280,D.Carr,39,-1.86702
2024_13_LV_KC,2024,13,2024-11-29,KC,00-0033873,P.Mahomes,51,1.15019
2024_13_LV_KC,2024,13,2024-11-29,LV,00-0038579,A.O'Connell,37,9.26649
2024_13_MIA_GB,2024,13,2024-11-28,GB,00-0036264,J.Love,28,12.66736
2024_13_MIA_GB,2024,13,2024-11-28,MIA,00-0036212,T.Tagovailoa,52,12.02682
2024_13_NYG_DAL,2024,13,2024-11-28,DAL,00-0033662,C.Rush,37,-2.78489
2024_13_NYG_DAL,2024,13,2024-11-28,NYG,00-0035704,D.Lock,41,-13.26787
2024_13_PHI_BAL,2024,13,2024-12-01,BAL,00-0034796,L.Jackson,44,3.53928
2024_13_PHI_BAL,2024,13,2024-12-01,PHI,00-0036389,J.Hurts,21,-1.56736
2024_13_PIT_CIN,2024,13,2024-12-01,CIN,00-0036442,J.Burrow,44,-1.36238
2024_13_PIT_CIN,2024,13,2024-12-01,PIT,00-0029263,R.Wilson,41,15.45454
2024_13_SEA_NYJ,2024,13,2024-12-01,NYJ,00-0023459,A.Rodgers,42,-12.94151
2024_13_SEA_NYJ,2024,13,2024-12-01,SEA,00-0030565,G.Smith,35,-1.06849
2024_13_SF_BUF,2024,13,2024-12-01,BUF,00-0033869,M.Trubisky,1,-0.1404
2024_13_SF_BUF,2024,13,2024-12-01,BUF,00-0034857,J.Allen,18,9.67761
2024_13_SF_BUF,2024,13,2024-12-01,SF,00-0037834,B.Purdy,21,-7.56575
2024_13_TB_CAR,2024,13,2024-12-01,CAR,00-0039150,B.Young,50,6.64942
2024_13_TB_CAR,2024,13,2024-12-01,TB,00-0034855,B.Mayfield,38,-8.06797
2024_13_TB_CAR,2024,13,2024-12-01,TB,00-0036928,K.Trask,1,0.29781
2024_13_TEN_WAS,2024,13,2024-12-01,TEN,00-0039152,W.Levis,39,2.87022
2024_13_TEN_WAS,2024,13,2024-12-01,WAS,00-0039910,J.Daniels,38,10.90745
2024_14_ATL_MIN,2024,14,2024-12-08,ATL,00-0029604,K.Cousins,38,0.71578
2024_14_ATL_MIN,2024,14,2024-12-08,MIN,00-0034869,S.Darnold,34,22.1681
2024_14_BUF_LA,2024,14,2024-12-08,BUF,00-0034857,J.Allen,41,23.84012
2024_14_BUF_LA,2024,14,2024-12-08,LA,00-0026498,M.Stafford,30,24.56409
2024_14_CAR_PHI,2024,14,2024-12-08,CAR,00-0039150,B.Young,41,4.6821
2024_14_CAR_PHI,2024,14,2024-12-08,PHI,00-0036389,J.Hurts,28,1.77172
2024_14_CHI_SF,2024,14,2024-12-08,CHI,00-0038416,T.Bagent,1,0.39105
2024_14_CHI_SF,2024,14,2024-12-08,CHI,00-0039918,C.Williams,32,-5.07971
2024_14_CHI_SF,2024,14,2024-12-08,SF,00-0032434,B.Allen,1,-1.68661
2024_14_CHI_SF,2024,14,2024-12-08,SF,00-0037834,B.Purdy,27,22.11526
2024_14_CIN_DAL,2024,14,2024-12-09,CIN,00-0036442,J.Burrow,46,10.57529
2024_14_CIN_DAL,2024,14,2024-12-09,DAL,00-0033662,C.Rush,35,-6.21712
2024_14_CLE_PIT,2024,14,2024-12-08,CLE,00-0031503,J.Winston,45,-9.79991
2024_14_CLE_PIT,2024,14,2024-12-08,PIT,00-0029263,R.Wilson,29,-0.04798
2024_14_GB_DET,2024,14,2024-12-05,DET,00-0033106,J.Goff,43,12.55764
2024_14_GB_DET,2024,14,2024-12-05,GB,00-0036264,J.Love,24,3.48937
2024_14_JAX_TEN,2024,14,2024-12-08,JAX,00-0036972,M.Jones,34,3.94129
2024_14_JAX_TEN,2024,14,2024-12-08,TEN,00-0039152,W.Levis,34,-10.75773
2024_14_LAC_KC,2024,14,2024-12-08,KC,00-0033873,P.Mahomes,42,2.61943
2024_14_LAC_KC,2024,14,2024-12-08,LAC,00-0031800,T.Heinicke,1,-0.16526
2024_14_LAC_KC,2024,14,2024-12-08,LAC,00-0036355,J.Herbert,35,6.60214
2024_14_LV_TB,2024,14,2024-12-08,LV,00-0038122,D.Ridder,20,0.58642
2024_14_LV_TB,2024,14,2024-12-08,LV,00-0038579,A.O'Connell,21,-7.04693
2024_14_LV_TB,2024,14,2024-12-08,TB,00-0034855,B.Mayfield,35,5.01303
2024_14_NO_NYG,2024,14,2024-12-08,NO,00-0031280,D.Carr,33,3.88919
2024_14_NO_NYG,2024,14,2024-12-08,NO,00-0038998,J.Haener,1,-1.33922
2024_14_NO_NYG,2024,14,2024-12-08,NYG,00-0035704,D.Lock,55,-6.14782
2024_14_NYJ_MIA,2024,14,2024-12-08,MIA,00-0036212,T.Tagovailoa,47,19.76927
2024_14_NYJ_MIA,2024,14,2024-12-08,NYJ,00-0023459,A.Rodgers,42,14.7997
2024_14_SEA_ARI,2024,14,2024-12-08,ARI,00-0035228,K.Murray,42,-4.21785
2024_14_SEA_ARI,2024,14,2024-12-08,SEA,00-0030565,G.Smith,30,7.16109
2024_15_ATL_LV,2024,15,2024-12-16,ATL,00-0029604,K.Cousins,21,-7.99173
2024_15_ATL_LV,2024,15,2024-12-16,LV,00-0034960,J.Meyers,1,-1.56763
2024_15_ATL_LV,2024,15,2024-12-16,LV,00-0038122,D.Ridder,44,-5.28179
2024_15_BAL_NYG,2024,15,2024-12-15,BAL,00-0026300,J.Johnson,1,-1.17933
2024_15_BAL_NYG,2024,15,2024-12-15,BAL,00-0034796,L.Jackson,28,25.81295
2024_15_BAL_NYG,2024,15,2024-12-15,NYG,00-0034177,T.Boyle,25,-7.3897
2024_15_BAL_NYG,2024,15,2024-12-15,NYG,00-0038476,T.DeVito,15,-1.72799
2024_15_BUF_DET,2024,15,2024-12-15,BUF,00-0034857,J.Allen,37,22.17475
2024_15_BUF_DET,2024,15,2024-12-15,DET,00-0033106,J.Goff,62,23.04339
2024_15_CHI_MIN,2024,15,2024-12-16,CHI,00-0038416,T.Bagent,1,-0.07218
2024_15_CHI_MIN,2024,15,2024-12-16,CHI,00-0039918,C.Williams,35,-5.97609
2024_15_CHI_MIN,2024,15,2024-12-16,MIN,00-0034869,S.Darnold,42,2.88645
2024_15_CIN_TEN,2024,15,2024-12-15,CIN,00-0036442,J.Burrow,37,7.8444
2024_15_CIN_TEN,2024,15,2024-12-15,TEN,00-0034771,M.Rudolph,26,10.23717
2024_15_CIN_TEN,2024,15,2024-12-15,TEN,00-0039152,W.Levis,13,-12.29982
2024_15_DAL_CAR,2024,15,2024-12-15,CAR,00-0039150,B.Young,37,-13.71894
2024_15_DAL_CAR,2024,15,2024-12-15,DAL,00-0033662,C.Rush,29,11.28282
2024_15_GB_SEA,2024,15,2024-12-15,GB,00-0036264,J.Love,28,11.19513
2024_15_GB_SEA,2024,15,2024-12-15,SEA,00-0030565,G.Smith,23,-3.92591
2024_15_GB_SEA,2024,15,2024-12-15,SEA,00-0037077,S.Howell,19,-16.28041
2024_15_IND_DEN,2024,15,2024-12-15,DEN,00-0039732,B.Nix,37,-13.00701
2024_15_IND_DEN,2024,15,2024-12-15,IND,00-0039164,A.Richardson,43,-21.19222
2024_15_KC_CLE,2024,15,2024-12-15,CLE,00-0031503,J.Winston,30,-20.19763
2024_15_KC_CLE,2024,15,2024-12-15,CLE,00-0038583,D.Thompson-Robinson,11,-6.61621
2024_15_KC_CLE,2024,15,2024-12-15,KC,00-0032950,C.Wentz,3,1.77959
2024_15_KC_CLE,2024,15,2024-12-15,KC,00-0033873,P.Mahomes,39,-2.65752
2024_15_LA_SF,2024,15,2024-12-12,LA,00-0026498,M.Stafford,28,-3.82689
2024_15_LA_SF,2024,15,2024-12-12,SF,00-0037834,B.Purdy,34,-10.56654
2024_15_MIA_HOU,2024,15,2024-12-15,HOU,00-0039163,C.Stroud,32,-6.61417
2024_15_MIA_HOU,2024,15,2024-12-15,MIA,00-0036212,T.Tagovailoa,43,-8.85469
2024_15_NE_ARI,2024,15,2024-12-15,ARI,00-0035228,K.Murray,34,9.03878
2024_15_NE_ARI,2024,15,2024-12-15,ARI,00-0038582,C.Tune,2,-1.12802
2024_15_NE_ARI,2024,15,2024-12-15,NE,00-0039851,D.Maye,28,4.8361
2024_15_NYJ_JAX,2024,15,2024-12-15,JAX,00-0036972,M.Jones,51,8.3798
2024_15_NYJ_JAX,2024,15,2024-12-15,NYJ,00-0023459,A.Rodgers,36,17.90078
2024_15_PIT_PHI,2024,15,2024-12-15,PHI,00-0036389,J.Hurts,38,16.65023
2024_15_PIT_PHI,2024,15,2024-12-15,PIT,00-0029263,R.Wilson,26,-4.64334
2024_15_TB_LAC,2024,15,2024-12-15,LAC,00-0031800,T.Heinicke,1,-3.80716
2024_15_TB_LAC,2024,15,2024-12-15,LAC,00-0036355,J.Herbert,36,-11.17621
2024_15_TB_LAC,2024,15,2024-12-15,TB,00-0034855,B.Mayfield,30,18.63879
2024_15_WAS_NO,2024,15,2024-12-15,NO,00-0034418,C.Wilson,1,2.03491
2024_15_WAS_NO,2024,15,2024-12-15,NO,00-0038998,J.Haener,14,-10.44869
2024_15_WAS_NO,2024,15,2024-12-15,NO,00-0039376,S.Rattler,20,7.2484
2024_15_WAS_NO,2024,15,2024-12-15,WAS,00-0039910,J.Daniels,45,7.09233
2024_16_ARI_CAR,2024,16,2024-12-22,ARI,00-0035228,K.Murray,41,5.41802
2024_16_ARI_CAR,2024,16,2024-12-22,CAR,00-0039150,B.Young,33,7.13299
2024_16_CLE_CIN,2024,16,2024-12-22,CIN,00-0036442,J.Burrow,36,4.37853
2024_16_CLE_CIN,2024,16,2024-12-22,CLE,00-0038583,D.Thompson-Robinson,42,-15.42686
2024_16_DEN_LAC,2024,16,2024-12-19,DEN,00-0039732,B.Nix,44,10.24316
2024_16_DEN_LAC,2024,16,2024-12-19,LAC,00-0036355,J.Herbert,37,16.47886
2024_16_DET_CHI,2024,16,2024-12-22,CHI,00-0039918,C.Williams,46,12.58776
2024_16_DET_CHI,2024,16,2024-12-22,DET,00-0033106,J.Goff,33,15.49068
2024_16_HOU_KC,2024,16,2024-12-21,HOU,00-0039163,C.Stroud,43,6.30823
2024_16_HOU_KC,2024,16,2024-12-21,KC,00-0033873,P.Mahomes,45,13.27155
2024_16_JAX_LV,2024,16,2024-12-22,JAX,00-0036972,M.Jones,40,-7.38846
2024_16_JAX_LV,2024,16,2024-12-22,LV,00-0038579,A.O'Connell,41,1.98473
2024_16_LA_NYJ,2024,16,2024-12-22,LA,00-0026498,M.Stafford,19,3.18678
2024_16_LA_NYJ,2024,16,2024-12-22,NYJ,00-0023459,A.Rodgers,44,2.49684
2024_16_MIN_SEA,2024,16,2024-12-22,MIN,00-0034869,S.Darnold,40,9.21916
2024_16_MIN_SEA,2024,16,2024-12-22,SEA,00-0030565,G.Smith,46,0.85525
2024_16_NE_BUF,2024,16,2024-12-22,BUF,00-0034857,J.Allen,34,2.42162
2024_16_NE_BUF,2024,16,2024-12-22,NE,00-0039851,D.Maye,40,6.12008
2024_16_NO_GB,2024,16,2024-12-23,GB,00-0036264,J.Love,28,3.25559
2024_16_NO_GB,2024,16,2024-12-23,GB,00-0038128,M.Willis,2,2.83547
2024_16_NO_GB,2024,16,2024-12-23,NO,00-0039376,S.Rattler,38,-15.68155
2024_16_NYG_ATL,2024,16,2024-12-22,ATL,00-0039917,M.Penix,29,5.09774
2024_16_NYG_ATL,2024,16,2024-12-22,NYG,00-0035704,D.Lock,42,-21.45495
2024_16_PHI_WAS,2024,16,2024-12-22,PHI,00-0034844,S.Barkley,1,-1.65995
2024_16_PHI_WAS,2024,16,2024-12-22,PHI,00-0036389,J.Hurts,6,1.33959
2024_16_PHI_WAS,2024,16,2024-12-22,PHI,00-0038102,K.Pickett,30,-0.97251
2024_16_PHI_WAS,2024,16,2024-12-22,WAS,00-0039910,J.Daniels,45,8.73057
2024_16_PIT_BAL,2024,16,2024-12-21,BAL,00-0034796,L.Jackson,25,8.447
2024_16_PIT_BAL,2024,16,2024-12-21,PIT,00-0029263,R.Wilson,37,-10.29844
2024_16_SF_MIA,2024,16,2024-12-22,MIA,00-0036212,T.Tagovailoa,34,5.65236
2024_16_SF_MIA,2024,16,2024-12-22,SF,00-0037834,B.Purdy,44,6.48573
2024_16_TB_DAL,2024,16,2024-12-22,DAL,00-0033662,C.Rush,36,9.25455
2024_16_TB_DAL,2024,16,2024-12-22,TB,00-0034855,B.Mayfield,50,1.70465
2024_16_TEN_IND,2024,16,2024-12-22,IND,00-0039164,A.Richardson,14,1.39373
2024_16_TEN_IND,2024,16,2024-12-22,TEN,00-0034771,M.Rudolph,36,2.27432
2024_17_ARI_LA,2024,17,2024-12-28,ARI,00-0035228,K.Murray,54,2.65235
2024_17_ARI_LA,2024,17,2024-12-28,LA,00-0026498,M.Stafford,33,1.0482
2024_17_ATL_WAS,2024,17,2024-12-29,ATL,00-0039917,M.Penix,38,-0.95598
2024_17_ATL_WAS,2024,17,2024-12-29,WAS,00-0039910,J.Daniels,48,10.90768
2024_17_BAL_HOU,2024,17,2024-12-25,BAL,00-0026300,J.Johnson,2,0.77525
2024_17_BAL_HOU,2024,17,2024-12-25,BAL,00-0034796,L.Jackson,18,11.70229
2024_17_BAL_HOU,2024,17,2024-12-25,HOU,00-0036898,D.Mills,1,0.57917
2024_17_BAL_HOU,2024,17,2024-12-25,HOU,00-0039163,C.Stroud,37,-18.70678
2024_17_CAR_TB,2024,17,2024-12-29,CAR,00-0039150,B.Young,35,-1.41235
2024_17_CAR_TB,2024,17,2024-12-29,TB,00-0034855,B.Mayfield,35,24.45345
2024_17_DAL_PHI,2024,17,2024-12-29,DAL,00-0033662,C.Rush,29,-13.48639
2024_17_DAL_PHI,2024,17,2024-12-29,DAL,00-0037012,T.Lance,2,-0.85035
2024_17_DAL_PHI,2024,17,2024-12-29,PHI,00-0038102,K.Pickett,15,7.04062
2024_17_DAL_PHI,2024,17,2024-12-29,PHI,00-0038400,T.McKee,4,7.16099
2024_17_DEN_CIN,2024,17,2024-12-28,CIN,00-0036442,J.Burrow,58,17.40982
2024_17_DEN_CIN,2024,17,2024-12-28,DEN,00-0039732,B.Nix,39,9.5798
2024_17_DET_SF,2024,17,2024-12-30,DET,00-0033106,J.Goff,36,20.86811
2024_17_DET_SF,2024,17,2024-12-30,SF,00-0033949,J.Dobbs,5,5.12135
2024_17_DET_SF,2024,17,2024-12-30,SF,00-0037834,B.Purdy,37,15.88911
2024_17_DET_SF,2024,17,2024-12-30,SF,00-0039916,R.Pearsall,1,-0.53098
2024_17_GB_MIN,2024,17,2024-12-29,GB,00-0036264,J.Love,34,-0.00682
2024_17_GB_MIN,2024,17,2024-12-29,MIN,00-0034869,S.Darnold,44,12.19131
2024_17_IND_NYG,2024,17,2024-12-29,IND,00-0026158,J.Flacco,40,8.18472
2024_17_IND_NYG,2024,17,2024-12-29,NYG,00-0035704,D.Lock,24,30.38653
2024_17_KC_PIT,2024,17,2024-12-25,KC,00-0033873,P.Mahomes,39,21.29835
2024_17_KC_PIT,2024,17,2024-12-25,PIT,00-0029263,R.Wilson,48,-10.30996
2024_17_LAC_NE,2024,17,2024-12-28,LAC,00-0031800,T.Heinicke,3,-1.44474
2024_17_LAC_NE,2024,17,2024-12-28,LAC,00-0036355,J.Herbert,40,21.77301
2024_17_LAC_NE,2024,17,2024-12-28,NE,00-0033119,J.Brissett,2,-2.18107
2024_17_LAC_NE,2024,17,2024-12-28,NE,00-0039851,D.Maye,31,-13.08617
2024_17_LV_NO,2024,17,2024-12-29,LV,00-0038579,A.O'Connell,36,9.65596
2024_17_LV_NO,2024,17,2024-12-29,NO,00-0034418,C.Wilson,1,-0.8837
2024_17_LV_NO,2024,17,2024-12-29,NO,00-0039376,S.Rattler,41,-11.92474
2024_17_MIA_CLE,2024,17,2024-12-29,CLE,00-0038583,D.Thompson-Robinson,49,-25.77002
2024_17_MIA_CLE,2024,17,2024-12-29,MIA,00-0035993,T.Huntley,34,9.69075
2024_17_NYJ_BUF,2024,17,2024-12-29,BUF,00-0033869,M.Trubisky,1,7.09404
2024_17_NYJ_BUF,2024,17,2024-12-29,BUF,00-0034857,J.Allen,28,10.85436
2024_17_NYJ_BUF,2024,17,2024-12-29,NYJ,00-0023459,A.Rodgers,22,-20.36367
2024_17_NYJ_BUF,2024,17,2024-12-29,NYJ,00-0028118,T.Taylor,15,8.87662
2024_17_SEA_CHI,2024,17,2024-12-26,CHI,00-0039918,C.Williams,38,-9.38447
2024_17_SEA_CHI,2024,17,2024-12-26,SEA,00-0030565,G.Smith,28,-6.37986
2024_17_TEN_JAX,2024,17,2024-12-29,JAX,00-0036972,M.Jones,26,9.71148
2024_17_TEN_JAX,2024,17,2024-12-29,TEN,00-0034771,M.Rudolph,38,0.72369
2024_18_BUF_NE,2024,18,2025-01-05,BUF,00-0033869,M.Trubisky,22,4.73194
2024_18_BUF_NE,2024,18,2025-01-05,BUF,00-0034401,M.White,11,-7.15287
2024_18_BUF_NE,2024,18,2025-01-05,NE,00-0039398,J.Milton,31,13.34561
2024_18_BUF_NE,2024,18,2025-01-05,NE,00-0039851,D.Maye,2,-2.71354
2024_18_CAR_ATL,2024,18,2025-01-05,ATL,00-0039917,M.Penix,40,8.08693
2024_18_CAR_ATL,2024,18,2025-01-05,CAR,00-0039150,B.Young,38,22.99091
2024_18_CAR_ATL,2024,18,2025-01-05,CAR,00-0039491,J.Coker,1,1.31071
2024_18_CHI_GB,2024,18,2025-01-05,CHI,00-0030279,K.Allen,1,-5.91116
2024_18_CHI_GB,2024,18,2025-01-05,CHI,00-0039918,C.Williams,31,-0.66354
2024_18_CHI_GB,2024,18,2025-01-05,GB,00-0036264,J.Love,12,-2.7986
2024_18_CHI_GB,2024,18,2025-01-05,GB,00-0038128,M.Willis,16,-1.81474
2024_18_CIN_PIT,2024,18,2025-01-04,CIN,00-0036442,J.Burrow,50,-1.42624
2024_18_CIN_PIT,2024,18,2025-01-04,PIT,00-0029263,R.Wilson,37,-4.58989
2024_18_CLE_BAL,2024,18,2025-01-04,BAL,00-0034796,L.Jackson,37,5.52349
2024_18_CLE_BAL,2024,18,2025-01-04,CLE,00-0038108,B.Zappe,33,-17.13866
2024_18_CLE_BAL,2024,18,2025-01-04,CLE,00-0038583,D.Thompson-Robinson,4,-0.8676
2024_18_HOU_TEN,2024,18,2025-01-05,HOU,00-0036898,D.Mills,24,-7.8735
2024_18_HOU_TEN,2024,18,2025-01-05,HOU,00-0039163,C.Stroud,6,5.27788
2024_18_HOU_TEN,2024,18,2025-01-05,TEN,00-0034771,M.Rudolph,11,2.72965
2024_18_HOU_TEN,2024,18,2025-01-05,TEN,00-0039152,W.Levis,19,2.97978
2024_18_JAX_IND,2024,18,2025-01-05,IND,00-0026158,J.Flacco,43,-3.695
2024_18_JAX_IND,2024,18,2025-01-05,JAX,00-0036972,M.Jones,36,3.61769
2024_18_KC_DEN,2024,18,2025-01-05,DEN,00-0039732,B.Nix,33,26.94741
2024_18_KC_DEN,2024,18,2025-01-05,KC,00-0032950,C.Wentz,21,-8.78486
2024_18_KC_DEN,2024,18,2025-01-05,KC,00-0037324,C.Oladokun,2,-1.94494
2024_18_LAC_LV,2024,18,2025-01-05,LAC,00-0036355,J.Herbert,37,20.46672
2024_18_LAC_LV,2024,18,2025-01-05,LV,00-0038122,D.Ridder,2,0.29726
2024_18_LAC_LV,2024,18,2025-01-05,LV,00-0038579,A.O'Connell,35,-3.11289
2024_18_MIA_NYJ,2024,18,2025-01-05,MIA,00-0035993,T.Huntley,48,-8.88929
2024_18_MIA_NYJ,2024,18,2025-01-05,NYJ,00-0023459,A.Rodgers,39,2.02802
2024_18_MIA_NYJ,2024,18,2025-01-05,NYJ,00-0034521,A.Lazard,1,-1.0108
2024_18_MIN_DET,2024,18,2025-01-05,DET,00-0033106,J.Goff,35,1.58816
2024_18_MIN_DET,2024,18,2025-01-05,MIN,00-0034869,S.Darnold,45,-23.99082
2024_18_NO_TB,2024,18,2025-01-05,NO,00-0039376,S.Rattler,45,1.03986
2024_18_NO_TB,2024,18,2025-01-05,TB,00-0034855,B.Mayfield,40,15.57543
2024_18_NYG_PHI,2024,18,2025-01-05,NYG,00-0035704,D.Lock,29,-8.67533
2024_18_NYG_PHI,2024,18,2025-01-05,PHI,00-0038400,T.McKee,43,7.51673
2024_18_SEA_LA,2024,18,2025-01-05,LA,00-0031345,J.Garoppolo,45,3.00235
2024_18_SEA_LA,2024,18,2025-01-05,SEA,00-0030565,G.Smith,29,10.78586
2024_18_SF_ARI,2024,18,2025-01-05,ARI,00-0035228,K.Murray,36,9.03941
2024_18_SF_ARI,2024,18,2025-01-05,SF,00-0033949,J.Dobbs,46,2.17098
2024_18_WAS_DAL,2024,18,2025-01-05,DAL,00-0037012,T.Lance,37,-1.19367
2024_18_WAS_DAL,2024,18,2025-01-05,WAS,00-0032268,M.Mariota,21,10.59119
2024_18_WAS_DAL,2024,18,2025-01-05,WAS,00-0036626,D.Brown,1,-0.42986
2024_18_WAS_DAL,2024,18,2025-01-05,WAS,00-0039910,J.Daniels,17,-9.23872
2024_19_DEN_BUF,2024,19,2025-01-12,BUF,00-0034857,J.Allen,32,15.59933
2024_19_DEN_BUF,2024,19,2025-01-12,DEN,00-0032943,R.Dixon,1,3.49068
2024_19_DEN_BUF,2024,19,2025-01-12,DEN,00-0039732,B.Nix,27,-5.27694
2024_19_GB_PHI,2024,19,2025-01-12,GB,00-0036264,J.Love,36,-4.94203
2024_19_GB_PHI,2024,19,2025-01-12,PHI,00-0036389,J.Hurts,24,0.28023
2024_19_LAC_HOU,2024,19,2025-01-11,HOU,00-0039163,C.Stroud,39,-3.05867
2024_19_LAC_HOU,2024,19,2025-01-11,LAC,00-0036355,J.Herbert,36,-23.05662
2024_19_MIN_LA,2024,19,2025-01-13,LA,00-0026498,M.Stafford,29,5.32036
2024_19_MIN_LA,2024,19,2025-01-13,MIN,00-0034869,S.Darnold,50,-26.18573
2024_19_PIT_BAL,2024,19,2025-01-11,BAL,00-0034796,L.Jackson,25,10.78112
2024_19_PIT_BAL,2024,19,2025-01-11,PIT,00-0029263,R.Wilson,35,6.82701
2024_19_PIT_BAL,2024,19,2025-01-11,PIT,00-0036945,J.Fields,1,-0.47034
2024_19_WAS_TB,2024,19,2025-01-12,TB,00-0034855,B.Mayfield,23,12.11369
2024_19_WAS_TB,2024,19,2025-01-12,WAS,00-0039910,J.Daniels,40,12.06778
2024_20_BAL_BUF,2024,20,2025-01-19,BAL,00-0034796,L.Jackson,31,5.32569
2024_20_BAL_BUF,2024,20,2025-01-19,BUF,00-0034857,J.Allen,23,-1.73106
2024_20_HOU_KC,2024,20,2025-01-18,HOU,00-0039163,C.Stroud,41,4.3788
2024_20_HOU_KC,2024,20,2025-01-18,KC,00-0033873,P.Mahomes,31,0.57605
2024_20_LA_PHI,2024,20,2025-01-19,LA,00-0026498,M.Stafford,50,3.60549
2024_20_LA_PHI,2024,20,2025-01-19,PHI,00-0036389,J.Hurts,30,-4.02058
2024_20_WAS_DET,2024,20,2025-01-18,DET,00-0031237,T.Bridgewater,1,-0.13195
2024_20_WAS_DET,2024,20,2025-01-18,DET,00-0033106,J.Goff,40,-1.62422
2024_20_WAS_DET,2024,20,2025-01-18,DET,00-0035685,D.Montgomery,1,1.18591
2024_20_WAS_DET,2024,20,2025-01-18,DET,00-0037240,Ja.Williams,1,-4.44143
2024_20_WAS_DET,2024,20,2025-01-18,WAS,00-0039910,J.Daniels,37,20.7402
2024_21_BUF_KC,2024,21,2025-01-26,BUF,00-0034857,J.Allen,37,9.46705
2024_21_BUF_KC,2024,21,2025-01-26,KC,00-0033873,P.Mahomes,34,22.1064
2024_21_WAS_PHI,2024,21,2025-01-26,PHI,00-0036389,J.Hurts,31,15.54826
2024_21_WAS_PHI,2024,21,2025-01-26,WAS,00-0030140,T.Way,1,3.98422
2024_21_WAS_PHI,2024,21,2025-01-26,WAS,00-0039910,J.Daniels,55,-6.99903
2024_22_KC_PHI,2024,22,2025-02-09,KC,00-0033873,P.Mahomes,42,-16.23443
2024_22_KC_PHI,2024,22,2025-02-09,PHI,00-0036389,J.Hurts,29,19.08372
2024_22_KC_PHI,2024,22,2025-02-09,PHI,00-0038102,K.Pickett,1,-2.72018
2025_01_ARI_NO,2025,1,2025-09-07,ARI,00-0035228,K.Murray,37,3.10135
2025_01_ARI_NO,2025,1,2025-09-07,NO,00-0039376,S.Rattler,47,-1.446
2025_01_BAL_BUF,2025,1,2025-09-07,BAL,00-0034796,L.Jackson,22,11.36102
2025_01_BAL_BUF,2025,1,2025-09-07,BUF,00-0034857,J.Allen,51,20.22507
2025_01_CAR_JAX,2025,1,2025-09-07,CAR,00-0039150,B.Young,40,-13.52523
2025_01_CAR_JAX,2025,1,2025-09-07,JAX,00-0036971,T.Lawrence,32,3.12686
2025_01_CIN_CLE,2025,1,2025-09-07,CIN,00-0036442,J.Burrow,28,-1.97628
2025_01_CIN_CLE,2025,1,2025-09-07,CLE,00-0026158,J.Flacco,48,-2.12539
2025_01_DAL_PHI,2025,1,2025-09-04,DAL,00-0033077,D.Prescott,34,0.91281
2025_01_DAL_PHI,2025,1,2025-09-04,PHI,00-0036389,J.Hurts,33,8.23465
2025_01_DET_GB,2025,1,2025-09-07,DET,00-0033106,J.Goff,43,1.37438
2025_01_DET_GB,2025,1,2025-09-07,GB,00-0036264,J.Love,23,9.92303
2025_01_HOU_LA,2025,1,2025-09-07,HOU,00-0039163,C.Stroud,34,-4.67213
2025_01_HOU_LA,2025,1,2025-09-07,LA,00-0026498,M.Stafford,32,1.97718
2025_01_KC_LAC,2025,1,2025-09-05,KC,00-0033873,P.Mahomes,46,11.73585
2025_01_KC_LAC,2025,1,2025-09-05,LAC,00-0036355,J.Herbert,41,18.964
2025_01_LV_NE,2025,1,2025-09-07,LV,00-0030565,G.Smith,38,14.36689
2025_01_LV_NE,2025,1,2025-09-07,NE,00-0039851,D.Maye,53,-1.04802
2025_01_MIA_IND,2025,1,2025-09-07,IND,00-0035710,D.Jones,33,12.99711
2025_01_MIA_IND,2025,1,2025-09-07,MIA,00-0036212,T.Tagovailoa,27,-14.98929
2025_01_MIA_IND,2025,1,2025-09-07,MIA,00-0037013,Z.Wilson,9,-2.00849
2025_01_MIN_CHI,2025,1,2025-09-08,CHI,00-0039918,C.Williams,43,-0.39456
2025_01_MIN_CHI,2025,1,2025-09-08,MIN,00-0039923,J.McCarthy,24,-9.26646
2025_01_NYG_WAS,2025,1,2025-09-07,NYG,00-0029263,R.Wilson,45,-11.80722
2025_01_NYG_WAS,2025,1,2025-09-07,WAS,00-0039910,J.Daniels,37,5.40636
2025_01_PIT_NYJ,2025,1,2025-09-07,NYJ,00-0036945,J.Fields,25,11.34155
2025_01_PIT_NYJ,2025,1,2025-09-07,PIT,00-0023459,A.Rodgers,34,10.20476
2025_01_SF_SEA,2025,1,2025-09-07,SEA,00-0034869,S.Darnold,24,-9.76317
2025_01_SF_SEA,2025,1,2025-09-07,SF,00-0037834,B.Purdy,39,14.3707
2025_01_TB_ATL,2025,1,2025-09-07,ATL,00-0039917,M.Penix,47,16.83484
2025_01_TB_ATL,2025,1,2025-09-07,TB,00-0034855,B.Mayfield,37,10.32077
2025_01_TEN_DEN,2025,1,2025-09-07,DEN,00-0039732,B.Nix,43,-7.98958
2025_01_TEN_DEN,2025,1,2025-09-07,TEN,00-0040676,C.Ward,34,-13.38946
2025_02_ATL_MIN,2025,2,2025-09-14,ATL,00-0039917,M.Penix,24,-9.49838
2025_02_ATL_MIN,2025,2,2025-09-14,MIN,00-0039923,J.McCarthy,30,-18.1854
2025_02_BUF_NYJ,2025,2,2025-09-14,BUF,00-0033869,M.Trubisky,2,2.51975
2025_02_BUF_NYJ,2025,2,2025-09-14,BUF,00-0034857,J.Allen,29,3.66733
2025_02_BUF_NYJ,2025,2,2025-09-14,NYJ,00-0028118,T.Taylor,16,4.7826
2025_02_BUF_NYJ,2025,2,2025-09-14,NYJ,00-0036945,J.Fields,15,-13.65939
2025_02_CAR_ARI,2025,2,2025-09-14,ARI,00-0035228,K.Murray,29,7.17238
2025_02_CAR_ARI,2025,2,2025-09-14,CAR,00-0039150,B.Young,59,2.81172
2025_02_CHI_DET,2025,2,2025-09-14,CHI,00-0038416,T.Bagent,4,1.21008
2025_02_CHI_DET,2025,2,2025-09-14,CHI,00-0039918,C.Williams,36,-0.75084
2025_02_CHI_DET,2025,2,2025-09-14,DET,00-0033106,J.Goff,29,23.5801
2025_02_CLE_BAL,2025,2,2025-09-14,BAL,00-0034796,L.Jackson,33,10.72356
2025_02_CLE_BAL,2025,2,2025-09-14,CLE,00-0026158,J.Flacco,48,-25.39543
2025_02_CLE_BAL,2025,2,2025-09-14,CLE,00-0040704,D.Gabriel,3,3.42218
2025_02_DEN_IND,2025,2,2025-09-14,DEN,00-0039732,B.Nix,32,10.45327
2025_02_DEN_IND,2025,2,2025-09-14,IND,00-0035710,D.Jones,38,11.39364
2025_02_JAX_CIN,2025,2,2025-09-14,CIN,00-0035100,J.Browning,33,-2.0213
2025_02_JAX_CIN,2025,2,2025-09-14,CIN,00-0036442,J.Burrow,15,0.19308
2025_02_JAX_CIN,2025,2,2025-09-14,JAX,00-0036971,T.Lawrence,44,3.97847
2025_02_LAC_LV,2025,2,2025-09-15,LAC,00-0036355,J.Herbert,32,12.95164
2025_02_LAC_LV,2025,2,2025-09-15,LV,00-0030565,G.Smith,48,-22.09135
2025_02_LA_TEN,2025,2,2025-09-14,LA,00-0026498,M.Stafford,34,9.77997
2025_02_LA_TEN,2025,2,2025-09-14,TEN,00-0040676,C.Ward,41,-7.20914
2025_02_NE_MIA,2025,2,2025-09-14,MIA,00-0036212,T.Tagovailoa,37,9.93213
2025_02_NE_MIA,2025,2,2025-09-14,NE,00-0039851,D.Maye,30,18.71913
2025_02_NYG_DAL,2025,2,2025-09-14,DAL,00-0033077,D.Prescott,57,9.62613
2025_02_NYG_DAL,2025,2,2025-09-14,NYG,00-0029263,R.Wilson,45,17.80886
2025_02_PHI_KC,2025,2,2025-09-14,KC,00-0033873,P.Mahomes,38,-0.74461
2025_02_PHI_KC,2025,2,2025-09-14,PHI,00-0036389,J.Hurts,25,-4.43246
2025_02_SEA_PIT,2025,2,2025-09-14,PIT,00-0023459,A.Rodgers,36,-8.32764
2025_02_SEA_PIT,2025,2,2025-09-14,PIT,00-0034771,M.Rudolph,2,-0.11231
2025_02_SEA_PIT,2025,2,2025-09-14,SEA,00-0034869,S.Darnold,35,2.85406
2025_02_SF_NO,2025,2,2025-09-14,NO,00-0039376,S.Rattler,40,-3.23868
2025_02_SF_NO,2025,2,2025-09-14,SF,00-0036972,M.Jones,42,4.32578
2025_02_TB_HOU,2025,2,2025-09-15,HOU,00-0039163,C.Stroud,30,-1.64556
2025_02_TB_HOU,2025,2,2025-09-15,TB,00-0034855,B.Mayfield,45,5.59675
2025_02_WAS_GB,2025,2,2025-09-11,GB,00-0036264,J.Love,34,8.90138
2025_02_WAS_GB,2025,2,2025-09-11,WAS,00-0039910,J.Daniels,51,-10.75376
2025_03_ARI_SF,2025,3,2025-09-21,ARI,00-0035228,K.Murray,40,2.27098
2025_03_ARI_SF,2025,3,2025-09-21,SF,00-0036972,M.Jones,41,1.58686
2025_03_ATL_CAR,2025,3,2025-09-21,ATL,00-0029604,K.Cousins,7,-3.04348
2025_03_ATL_CAR,2025,3,2025-09-21,ATL,00-0039917,M.Penix,38,-19.49189
2025_03_ATL_CAR,2025,3,2025-09-21,CAR,00-0039150,B.Young,27,-0.86588
2025_03_CIN_MIN,2025,3,2025-09-21,CIN,00-0034955,B.Rypien,1,-1.23788
2025_03_CIN_MIN,2025,3,2025-09-21,CIN,00-0035100,J.Browning,30,-32.57509
2025_03_CIN_MIN,2025,3,2025-09-21,MIN,00-0032950,C.Wentz,25,7.35726
2025_03_CIN_MIN,2025,3,2025-09-21,MIN,00-0040494,M.Brosmer,4,-3.82298
2025_03_DAL_CHI,2025,3,2025-09-21,CHI,00-0039918,C.Williams,29,17.47519
2025_03_DAL_CHI,2025,3,2025-09-21,DAL,00-0033077,D.Prescott,42,-2.94948
2025_03_DAL_CHI,2025,3,2025-09-21,DAL,00-0039398,J.Milton,5,-0.7261
2025_03_DEN_LAC,2025,3,2025-09-21,DEN,00-0039732,B.Nix,32,-1.50644
2025_03_DEN_LAC,2025,3,2025-09-21,LAC,00-0036355,J.Herbert,53,-2.26082
2025_03_DET_BAL,2025,3,2025-09-22,BAL,00-0032764,D.Henry,1,-0.45912
2025_03_DET_BAL,2025,3,2025-09-22,BAL,00-0034796,L.Jackson,37,11.53984
2025_03_DET_BAL,2025,3,2025-09-22,DET,00-0033106,J.Goff,29,14.36102
2025_03_GB_CLE,2025,3,2025-09-21,CLE,00-0026158,J.Flacco,37,-9.1746
2025_03_GB_CLE,2025,3,2025-09-21,GB,00-0036264,J.Love,31,-0.97777
2025_03_HOU_JAX,2025,3,2025-09-21,HOU,00-0039163,C.Stroud,42,-7.91006
2025_03_HOU_JAX,2025,3,2025-09-21,JAX,00-0036971,T.Lawrence,43,-7.92343
2025_03_IND_TEN,2025,3,2025-09-21,IND,00-0035710,D.Jones,27,12.85258
2025_03_IND_TEN,2025,3,2025-09-21,TEN,00-0040676,C.Ward,45,-11.32234
2025_03_KC_NYG,2025,3,2025-09-21,KC,00-0033873,P.Mahomes,41,7.90286
2025_03_KC_NYG,2025,3,2025-09-21,NYG,00-0029263,R.Wilson,37,-15.48015
2025_03_KC_NYG,2025,3,2025-09-21,NYG,00-0040691,J.Dart,1,-0.32427
2025_03_LA_PHI,2025,3,2025-09-21,LA,00-0026498,M.Stafford,34,-2.47909
2025_03_LA_PHI,2025,3,2025-09-21,PHI,00-0036389,J.Hurts,37,-0.70103
2025_03_LV_WAS,2025,3,2025-09-21,LV,00-0030565,G.Smith,34,11.18771
2025_03_LV_WAS,2025,3,2025-09-21,WAS,00-0032268,M.Mariota,22,12.56297
2025_03_MIA_BUF,2025,3,2025-09-18,BUF,00-0034857,J.Allen,32,12.09837
2025_03_MIA_BUF,2025,3,2025-09-18,MIA,00-0036212,T.Tagovailoa,35,1.69139
2025_03_NO_SEA,2025,3,2025-09-21,NO,00-0039376,S.Rattler,43,1.44394
2025_03_NO_SEA,2025,3,2025-09-21,NO,00-0040743,T.Shough,2,-1.77422
2025_03_NO_SEA,2025,3,2025-09-21,SEA,00-0034869,S.Darnold,18,16.96674
2025_03_NO_SEA,2025,3,2025-09-21,SEA,00-0035704,D.Lock,3,-0.89272
2025_03_NYJ_TB,2025,3,2025-09-21,NYJ,00-0028118,T.Taylor,46,-5.58795
2025_03_NYJ_TB,2025,3,2025-09-21,TB,00-0034855,B.Mayfield,33,13.70952
2025_03_PIT_NE,2025,3,2025-09-21,NE,00-0039851,D.Maye,47,5.08762
2025_03_PIT_NE,2025,3,2025-09-21,PIT,00-0023459,A.Rodgers,24,-0.16867
2025_04_BAL_KC,2025,4,2025-09-28,BAL,00-0033662,C.Rush,13,-5.84879
2025_04_BAL_KC,2025,4,2025-09-28,BAL,00-0034796,L.Jackson,27,-2.76474
2025_04_BAL_KC,2025,4,2025-09-28,KC,00-0033873,P.Mahomes,40,15.36453
2025_04_CAR_NE,2025,4,2025-09-28,CAR,00-0027973,A.Dalton,6,9.91381
2025_04_CAR_NE,2025,4,2025-09-28,CAR,00-0039150,B.Young,32,-8.29025
2025_04_CAR_NE,2025,4,2025-09-28,NE,00-0033949,J.Dobbs,1,-0.85463
2025_04_CAR_NE,2025,4,2025-09-28,NE,00-0039851,D.Maye,21,20.27699
2025_04_CHI_LV,2025,4,2025-09-28,CHI,00-0039918,C.Williams,41,-0.36851
2025_04_CHI_LV,2025,4,2025-09-28,LV,00-0030565,G.Smith,22,-7.48277
2025_04_CIN_DEN,2025,4,2025-09-29,CIN,00-0035100,J.Browning,29,-10.4002
2025_04_CIN_DEN,2025,4,2025-09-29,DEN,00-0039732,B.Nix,44,15.54095
2025_04_CLE_DET,2025,4,2025-09-28,CLE,00-0026158,J.Flacco,37,-19.94724
2025_04_CLE_DET,2025,4,2025-09-28,CLE,00-0040704,D.Gabriel,1,-1.21307
2025_04_CLE_DET,2025,4,2025-09-28,DET,00-0033106,J.Goff,27,-1.02211
2025_04_GB_DAL,2025,4,2025-09-28,DAL,00-0033077,D.Prescott,41,22.43088
2025_04_GB_DAL,2025,4,2025-09-28,GB,00-0036264,J.Love,46,24.16541
2025_04_IND_LA,2025,4,2025-09-28,IND,00-0035710,D.Jones,35,-3.61378
2025_04_IND_LA,2025,4,2025-09-28,LA,00-0026498,M.Stafford,44,14.49762
2025_04_JAX_SF,2025,4,2025-09-28,JAX,00-0036971,T.Lawrence,31,5.94876
2025_04_JAX_SF,2025,4,2025-09-28,SF,00-0037834,B.Purdy,40,-1.84455
2025_04_LAC_NYG,2025,4,2025-09-28,LAC,00-0036355,J.Herbert,44,-17.77265
2025_04_LAC_NYG,2025,4,2025-09-28,NYG,00-0029263,R.Wilson,2,-2.16859
2025_04_LAC_NYG,2025,4,2025-09-28,NYG,00-0040691,J.Dart,28,-2.25976
2025_04_MIN_PIT,2025,4,2025-09-28,MIN,00-0032950,C.Wentz,53,3.78301
2025_04_MIN_PIT,2025,4,2025-09-28,PIT,00-0023459,A.Rodgers,25,5.98602
2025_04_NO_BUF,2025,4,2025-09-28,BUF,00-0034857,J.Allen,28,8.3426
2025_04_NO_BUF,2025,4,2025-09-28,NO,00-0037239,C.Olave,1,-3.59513
2025_04_NO_BUF,2025,4,2025-09-28,NO,00-0039376,S.Rattler,34,-3.26741
2025_04_NYJ_MIA,2025,4,2025-09-29,MIA,00-0036212,T.Tagovailoa,27,12.57085
2025_04_NYJ_MIA,2025,4,2025-09-29,NYJ,00-0036945,J.Fields,35,12.80763
2025_04_PHI_TB,2025,4,2025-09-28,PHI,00-0036389,J.Hurts,31,2.24871
2025_04_PHI_TB,2025,4,2025-09-28,TB,00-0034855,B.Mayfield,43,-3.75847
2025_04_SEA_ARI,2025,4,2025-09-25,ARI,00-0035228,K.Murray,51,-2.54423
2025_04_SEA_ARI,2025,4,2025-09-25,SEA,00-0034869,S.Darnold,30,11.39754
2025_04_TEN_HOU,2025,4,2025-09-28,HOU,00-0039163,C.Stroud,32,8.88064
2025_04_TEN_HOU,2025,4,2025-09-28,TEN,00-0040676,C.Ward,29,-14.14093
2025_04_WAS_ATL,2025,4,2025-09-28,ATL,00-0039917,M.Penix,28,19.2321
2025_04_WAS_ATL,2025,4,2025-09-28,WAS,00-0032268,M.Mariota,29,4.27116
2025_05_DAL_NYJ,2025,5,2025-10-05,DAL,00-0033077,D.Prescott,33,13.40336
2025_05_DAL_NYJ,2025,5,2025-10-05,NYJ,00-0036945,J.Fields,53,2.81041
2025_05_DEN_PHI,2025,5,2025-10-05,DEN,00-0039732,B.Nix,43,5.11527
2025_05_DEN_PHI,2025,5,2025-10-05,PHI,00-0036389,J.Hurts,45,0.49805
2025_05_DET_CIN,2025,5,2025-10-05,CIN,00-0035100,J.Browning,45,-5.27175
2025_05_DET_CIN,2025,5,2025-10-05,DET,00-0033106,J.Goff,27,11.63984
2025_05_DET_CIN,2025,5,2025-10-05,DET,00-0035685,D.Montgomery,1,1.37306
2025_05_HOU_BAL,2025,5,2025-10-05,BAL,00-0033662,C.Rush,21,-7.89496
2025_05_HOU_BAL,2025,5,2025-10-05,HOU,00-0036898,D.Mills,5,0.80279
2025_05_HOU_BAL,2025,5,2025-10-05,HOU,00-0039163,C.Stroud,30,21.29011
2025_05_KC_JAX,2025,5,2025-10-06,JAX,00-0036971,T.Lawrence,35,5.12415
2025_05_KC_JAX,2025,5,2025-10-06,KC,00-0033873,P.Mahomes,46,5.44175
2025_05_LV_IND,2025,5,2025-10-05,IND,00-0035710,D.Jones,29,15.20054
2025_05_LV_IND,2025,5,2025-10-05,IND,00-0039164,A.Richardson,2,-1.21162
2025_05_LV_IND,2025,5,2025-10-05,IND,00-0040128,T.Warren,1,-0.46533
2025_05_LV_IND,2025,5,2025-10-05,LV,00-0030565,G.Smith,41,-9.34283
2025_05_MIA_CAR,2025,5,2025-10-05,CAR,00-0039150,B.Young,33,-0.64463
2025_05_MIA_CAR,2025,5,2025-10-05,MIA,00-0036212,T.Tagovailoa,40,10.78321
2025_05_MIN_CLE,2025,5,2025-10-05,CLE,00-0040704,D.Gabriel,35,-2.60975
2025_05_MIN_CLE,2025,5,2025-10-05,MIN,00-0032950,C.Wentz,40,7.08207
2025_05_MIN_CLE,2025,5,2025-10-05,MIN,00-0036414,C.Akers,1,3.26001
2025_05_NE_BUF,2025,5,2025-10-05,BUF,00-0034857,J.Allen,39,8.83537
2025_05_NE_BUF,2025,5,2025-10-05,NE,00-0039851,D.Maye,36,6.48193
2025_05_NYG_NO,2025,5,2025-10-05,NO,00-0033357,T.Hill,1,1.83019
2025_05_NYG_NO,2025,5,2025-10-05,NO,00-0039376,S.Rattler,31,7.47952
2025_05_NYG_NO,2025,5,2025-10-05,NYG,00-0040691,J.Dart,45,-12.68495
2025_05_SF_LA,2025,5,2025-10-02,LA,00-0026498,M.Stafford,47,15.38078
2025_05_SF_LA,2025,5,2025-10-02,SF,00-0036972,M.Jones,49,14.00376
2025_05_TB_SEA,2025,5,2025-10-05,SEA,00-0034869,S.Darnold,34,23.41312
2025_05_TB_SEA,2025,5,2025-10-05,TB,00-0034855,B.Mayfield,38,24.7638
2025_05_TEN_ARI,2025,5,2025-10-05,ARI,00-0033119,J.Brissett,1,-0.77913
2025_05_TEN_ARI,2025,5,2025-10-05,ARI,00-0035228,K.Murray,36,5.23559
2025_05_TEN_ARI,2025,5,2025-10-05,TEN,00-0040676,C.Ward,42,1.21096
2025_05_WAS_LAC,2025,5,2025-10-05,LAC,00-0036355,J.Herbert,34,-8.91289
2025_05_WAS_LAC,2025,5,2025-10-05,LAC,00-0037012,T.Lance,5,-0.60127
2025_05_WAS_LAC,2025,5,2025-10-05,WAS,00-0039910,J.Daniels,31,17.22856
2025_06_ARI_IND,2025,6,2025-10-12,ARI,00-0033119,J.Brissett,47,6.97709
2025_06_ARI_IND,2025,6,2025-10-12,IND,00-0035710,D.Jones,33,5.10056
2025_06_BUF_ATL,2025,6,2025-10-13,ATL,00-0039917,M.Penix,35,-0.12436
2025_06_BUF_ATL,2025,6,2025-10-13,BUF,00-0034857,J.Allen,34,-5.09042
2025_06_CHI_WAS,2025,6,2025-10-13,CHI,00-0039918,C.Williams,33,5.24426
2025_06_CHI_WAS,2025,6,2025-10-13,WAS,00-0039910,J.Daniels,35,9.73025
2025_06_CIN_GB,2025,6,2025-10-12,CIN,00-0026158,J.Flacco,44,5.45267
2025_06_CIN_GB,2025,6,2025-10-12,GB,00-0036264,J.Love,32,9.34978
2025_06_CLE_PIT,2025,6,2025-10-12,CLE,00-0040704,D.Gabriel,58,-13.87762
2025_06_CLE_PIT,2025,6,2025-10-12,PIT,00-0023459,A.Rodgers,31,9.18123
2025_06_DAL_CAR,2025,6,2025-10-12,CAR,00-0039150,B.Young,27,2.83752
2025_06_DAL_CAR,2025,6,2025-10-12,DAL,00-0033077,D.Prescott,34,17.74535
2025_06_DEN_NYJ,2025,6,2025-10-12,DEN,00-0039732,B.Nix,33,0.86284
2025_06_DEN_NYJ,2025,6,2025-10-12,NYJ,00-0036945,J.Fields,29,-21.20662
2025_06_DET_KC,2025,6,2025-10-12,DET,00-0033106,J.Goff,31,7.88176
2025_06_DET_KC,2025,6,2025-10-12,KC,00-0033873,P.Mahomes,38,14.72174
2025_06_LAC_MIA,2025,6,2025-10-12,LAC,00-0036355,J.Herbert,39,6.93631
2025_06_LAC_MIA,2025,6,2025-10-12,MIA,00-0036212,T.Tagovailoa,35,-0.21356
2025_06_LAC_MIA,2025,6,2025-10-12,MIA,00-0036613,J.Waddle,1,-0.59236
2025_06_LA_BAL,2025,6,2025-10-12,BAL,00-0033662,C.Rush,19,-11.30804
2025_06_LA_BAL,2025,6,2025-10-12,BAL,00-0035993,T.Huntley,20,-2.52597
2025_06_LA_BAL,2025,6,2025-10-12,LA,00-0026498,M.Stafford,29,0.72679
2025_06_NE_NO,2025,6,2025-10-12,NE,00-0039851,D.Maye,31,19.30604
2025_06_NE_NO,2025,6,2025-10-12,NO,00-0039376,S.Rattler,30,-0.84786
2025_06_PHI_NYG,2025,6,2025-10-09,NYG,00-0029263,R.Wilson,1,-1.76823
2025_06_PHI_NYG,2025,6,2025-10-09,NYG,00-0040691,J.Dart,32,12.48759
2025_06_PHI_NYG,2025,6,2025-10-09,PHI,00-0036389,J.Hurts,38,-3.83458
2025_06_SEA_JAX,2025,6,2025-10-12,JAX,00-0036971,T.Lawrence,50,-0.47076
2025_06_SEA_JAX,2025,6,2025-10-12,SEA,00-0034869,S.Darnold,29,10.91517
2025_06_SF_TB,2025,6,2025-10-12,SF,00-0036972,M.Jones,47,-4.71973
2025_06_SF_TB,2025,6,2025-10-12,TB,00-0034855,B.Mayfield,25,14.66605
2025_06_TEN_LV,2025,6,2025-10-12,LV,00-0030565,G.Smith,25,0.56933
2025_06_TEN_LV,2025,6,2025-10-12,TEN,00-0040676,C.Ward,43,-14.63835
2025_07_ATL_SF,2025,7,2025-10-19,ATL,00-0039917,M.Penix,42,-5.68331
2025_07_ATL_SF,2025,7,2025-10-19,SF,00-0036972,M.Jones,28,2.53129
2025_07_CAR_NYJ,2025,7,2025-10-19,CAR,00-0027973,A.Dalton,8,-2.71459
2025_07_CAR_NYJ,2025,7,2025-10-19,CAR,00-0039150,B.Young,28,-0.38693
2025_07_CAR_NYJ,2025,7,2025-10-19,NYJ,00-0028118,T.Taylor,28,-5.58887
2025_07_CAR_NYJ,2025,7,2025-10-19,NYJ,00-0036945,J.Fields,16,-9.08573
2025_07_GB_ARI,2025,7,2025-10-19,ARI,00-0033119,J.Brissett,46,2.16151
2025_07_GB_ARI,2025,7,2025-10-19,GB,00-0036264,J.Love,33,8.25553
2025_07_HOU_SEA,2025,7,2025-10-20,HOU,00-0039163,C.Stroud,54,-9.81192
2025_07_HOU_SEA,2025,7,2025-10-20,SEA,00-0033908,C.Kupp,1,-5.37017
2025_07_HOU_SEA,2025,7,2025-10-20,SEA,00-0034869,S.Darnold,34,-7.44026
2025_07_IND_LAC,2025,7,2025-10-19,IND,00-0035710,D.Jones,35,13.77851
2025_07_IND_LAC,2025,7,2025-10-19,LAC,00-0036355,J.Herbert,61,7.8818
2025_07_LA_JAX,2025,7,2025-10-19,JAX,00-0036971,T.Lawrence,57,-15.59558
2025_07_LA_JAX,2025,7,2025-10-19,LA,00-0026498,M.Stafford,34,8.43301
2025_07_LV_KC,2025,7,2025-10-19,KC,00-0033873,P.Mahomes,40,21.90051
2025_07_LV_KC,2025,7,2025-10-19,LV,00-0030565,G.Smith,18,-11.12867
2025_07_LV_KC,2025,7,2025-10-19,LV,00-0038102,K.Pickett,2,-0.75356
2025_07_MIA_CLE,2025,7,2025-10-19,CLE,00-0040704,D.Gabriel,23,0.53194
2025_07_MIA_CLE,2025,7,2025-10-19,MIA,00-0036212,T.Tagovailoa,26,-23.73674
2025_07_MIA_CLE,2025,7,2025-10-19,MIA,00-0040234,Q.Ewers,10,-3.03991
2025_07_NE_TEN,2025,7,2025-10-19,NE,00-0033949,J.Dobbs,1,1.77494
2025_07_NE_TEN,2025,7,2025-10-19,NE,00-0039851,D.Maye,35,13.11826
2025_07_NE_TEN,2025,7,2025-10-19,TEN,00-0040676,C.Ward,39,-11.74268
2025_07_NO_CHI,2025,7,2025-10-19,CHI,00-0039918,C.Williams,27,2.14981
2025_07_NO_CHI,2025,7,2025-10-19,NO,00-0039376,S.Rattler,37,-11.89
2025_07_NYG_DEN,2025,7,2025-10-19,DEN,00-0039732,B.Nix,52,-2.86483
2025_07_NYG_DEN,2025,7,2025-10-19,NYG,00-0040691,J.Dart,37,9.32408
2025_07_PHI_MIN,2025,7,2025-10-19,MIN,00-0032950,C.Wentz,46,1.88011
2025_07_PHI_MIN,2025,7,2025-10-19,PHI,00-0036389,J.Hurts,26,18.90667
2025_07_PIT_CIN,2025,7,2025-10-16,CIN,00-0026158,J.Flacco,49,15.14406
2025_07_PIT_CIN,2025,7,2025-10-16,PIT,00-0023459,A.Rodgers,35,13.58885
2025_07_TB_DET,2025,7,2025-10-20,DET,00-0033106,J.Goff,34,-8.47306
2025_07_TB_DET,2025,7,2025-10-20,TB,00-0034855,B.Mayfield,54,-28.30423
2025_07_WAS_DAL,2025,7,2025-10-19,DAL,00-0033077,D.Prescott,33,8.34498
2025_07_WAS_DAL,2025,7,2025-10-19,WAS,00-0032268,M.Mariota,12,-14.07169
2025_07_WAS_DAL,2025,7,2025-10-19,WAS,00-0039910,J.Daniels,28,-3.498
2025_08_BUF_CAR,2025,8,2025-10-26,BUF,00-0033869,M.Trubisky,4,0.72975
2025_08_BUF_CAR,2025,8,2025-10-26,BUF,00-0034857,J.Allen,21,7.69334
2025_08_BUF_CAR,2025,8,2025-10-26,CAR,00-0027973,A.Dalton,32,-17.15444
2025_08_CHI_BAL,2025,8,2025-10-26,BAL,00-0035993,T.Huntley,25,7.63599
2025_08_CHI_BAL,2025,8,2025-10-26,CHI,00-0039918,C.Williams,41,2.48994
2025_08_CLE_NE,2025,8,2025-10-26,CLE,00-0040704,D.Gabriel,37,-18.14115
2025_08_CLE_NE,2025,8,2025-10-26,NE,00-0039851,D.Maye,34,9.75933
2025_08_DAL_DEN,2025,8,2025-10-26,DAL,00-0033077,D.Prescott,38,-1.74591
2025_08_DAL_DEN,2025,8,2025-10-26,DAL,00-0039398,J.Milton,4,5.73371
2025_08_DAL_DEN,2025,8,2025-10-26,DEN,00-0039732,B.Nix,29,15.03983
2025_08_GB_PIT,2025,8,2025-10-26,GB,00-0036264,J.Love,37,21.29901
2025_08_GB_PIT,2025,8,2025-10-26,PIT,00-0023459,A.Rodgers,39,-6.90804
2025_08_MIA_ATL,2025,8,2025-10-26,ATL,00-0029604,K.Cousins,32,-5.86793
2025_08_MIA_ATL,2025,8,2025-10-26,MIA,00-0036212,T.Tagovailoa,27,9.60991
2025_08_MIA_ATL,2025,8,2025-10-26,MIA,00-0037013,Z.Wilson,1,-3.38895
2025_08_MIN_LAC,2025,8,2025-10-23,LAC,00-0036355,J.Herbert,34,15.37444
2025_08_MIN_LAC,2025,8,2025-10-23,MIN,00-0032950,C.Wentz,32,-12.74
2025_08_MIN_LAC,2025,8,2025-10-23,MIN,00-0040494,M.Brosmer,4,-0.01077
2025_08_NYG_PHI,2025,8,2025-10-26,NYG,00-0040691,J.Dart,31,4.78976
2025_08_NYG_PHI,2025,8,2025-10-26,PHI,00-0036389,J.Hurts,27,11.27919
2025_08_NYJ_CIN,2025,8,2025-10-26,CIN,00-0026158,J.Flacco,36,5.72321
2025_08_NYJ_CIN,2025,8,2025-10-26,NYJ,00-0036945,J.Fields,36,13.06021
2025_08_NYJ_CIN,2025,8,2025-10-26,NYJ,00-0038120,B.Hall,1,1.19456
2025_08_SF_HOU,2025,8,2025-10-26,HOU,00-0039163,C.Stroud,42,22.07818
2025_08_SF_HOU,2025,8,2025-10-26,SF,00-0036972,M.Jones,36,-2.11642
2025_08_TB_NO,2025,8,2025-10-26,NO,00-0039376,S.Rattler,25,-16.36893
2025_08_TB_NO,2025,8,2025-10-26,NO,00-0040743,T.Shough,35,-14.30082
2025_08_TB_NO,2025,8,2025-10-26,TB,00-0034855,B.Mayfield,27,-1.77036
2025_08_TEN_IND,2025,8,2025-10-26,IND,00-0035710,D.Jones,33,13.5481
2025_08_TEN_IND,2025,8,2025-10-26,IND,00-0040206,R.Leonard,2,-2.11621
2025_08_TEN_IND,2025,8,2025-10-26,TEN,00-0040676,C.Ward,42,-7.89326
2025_08_WAS_KC,2025,8,2025-10-27,KC,00-0033873,P.Mahomes,40,13.88112
2025_08_WAS_KC,2025,8,2025-10-27,WAS,00-0032268,M.Mariota,35,-8.25164
2025_09_ARI_DAL,2025,9,2025-11-03,ARI,00-0033119,J.Brissett,37,6.55726
2025_09_ARI_DAL,2025,9,2025-11-03,DAL,00-0033077,D.Prescott,47,-8.73765
2025_09_ATL_NE,2025,9,2025-11-02,ATL,00-0039917,M.Penix,40,5.50538
2025_09_ATL_NE,2025,9,2025-11-02,NE,00-0039851,D.Maye,40,0.75317
2025_09_BAL_MIA,2025,9,2025-10-30,BAL,00-0034796,L.Jackson,27,12.26194
2025_09_BAL_MIA,2025,9,2025-10-30,MIA,00-0036212,T.Tagovailoa,42,-4.06515
2025_09_CAR_GB,2025,9,2025-11-02,CAR,00-0039150,B.Young,23,0.25648
2025_09_CAR_GB,2025,9,2025-11-02,GB,00-0036264,J.Love,38,5.9
2025_09_CHI_CIN,2025,9,2025-11-02,CHI,00-0034827,D.Moore,1,3.86819
2025_09_CHI_CIN,2025,9,2025-11-02,CHI,00-0036290,C.Kmet,1,-0.49274
2025_09_CHI_CIN,2025,9,2025-11-02,CHI,00-0038416,T.Bagent,1,1.40882
2025_09_CHI_CIN,2025,9,2025-11-02,CHI,00-0039918,C.Williams,41,17.07587
2025_09_CHI_CIN,2025,9,2025-11-02,CIN,00-0026158,J.Flacco,50,15.67875
2025_09_DEN_HOU,2025,9,2025-11-02,DEN,00-0039732,B.Nix,39,-2.68796
2025_09_DEN_HOU,2025,9,2025-11-02,HOU,00-0036898,D.Mills,33,-5.52696
2025_09_DEN_HOU,2025,9,2025-11-02,HOU,00-0039163,C.Stroud,14,3.95934
2025_09_IND_PIT,2025,9,2025-11-02,IND,00-0035710,D.Jones,55,-16.64229
2025_09_IND_PIT,2025,9,2025-11-02,PIT,00-0023459,A.Rodgers,39,-4.01417
2025_09_JAX_LV,2025,9,2025-11-02,JAX,00-0036971,T.Lawrence,38,-2.3906
2025_09_JAX_LV,2025,9,2025-11-02,LV,00-0030565,G.Smith,43,11.81596
2025_09_KC_BUF,2025,9,2025-11-02,BUF,00-0034857,J.Allen,30,9.87779
2025_09_KC_BUF,2025,9,2025-11-02,KC,00-0033873,P.Mahomes,38,-2.17504
2025_09_LAC_TEN,2025,9,2025-11-02,LAC,00-0036355,J.Herbert,39,5.44224
2025_09_LAC_TEN,2025,9,2025-11-02,TEN,00-0040676,C.Ward,26,-2.08656
2025_09_MIN_DET,2025,9,2025-11-02,DET,00-0033106,J.Goff,42,4.12881
2025_09_MIN_DET,2025,9,2025-11-02,MIN,00-0039923,J.McCarthy,31,-4.36046
2025_09_NO_LA,2025,9,2025-11-02,LA,00-0026498,M.Stafford,34,11.83874
2025_09_NO_LA,2025,9,2025-11-02,NO,00-0033357,T.Hill,1,-0.73996
2025_09_NO_LA,2025,9,2025-11-02,NO,00-0040743,T.Shough,24,0.09383
2025_09_SEA_WAS,2025,9,2025-11-02,SEA,00-0034869,S.Darnold,24,22.44794
2025_09_SEA_WAS,2025,9,2025-11-02,WAS,00-0039910,J.Daniels,35,-1.53747
2025_09_SF_NYG,2025,9,2025-11-02,NYG,00-0040691,J.Dart,39,7.07031
2025_09_SF_NYG,2025,9,2025-11-02,SF,00-0036972,M.Jones,28,12.21743
2025_10_ARI_SEA,2025,10,2025-11-09,ARI,00-0033119,J.Brissett,53,-10.95095
2025_10_ARI_SEA,2025,10,2025-11-09,ARI,00-0039577,K.Slovis,1,-0.62023
2025_10_ARI_SEA,2025,10,2025-11-09,SEA,00-0034869,S.Darnold,13,4.09514
2025_10_ATL_IND,2025,10,2025-11-09,ATL,00-0039917,M.Penix,31,-9.10306
2025_10_ATL_IND,2025,10,2025-11-09,IND,00-0035710,D.Jones,39,0.47661
2025_10_BAL_MIN,2025,10,2025-11-09,BAL,00-0034796,L.Jackson,33,-1.79195
2025_10_BAL_MIN,2025,10,2025-11-09,MIN,00-0039923,J.McCarthy,47,-8.80486
2025_10_BUF_MIA,2025,10,2025-11-09,BUF,00-0033869,M.Trubisky,1,-0.63254
2025_10_BUF_MIA,2025,10,2025-11-09,BUF,00-0034857,J.Allen,45,7.48682
2025_10_BUF_MIA,2025,10,2025-11-09,MIA,00-0036212,T.Tagovailoa,21,9.00747
2025_10_CLE_NYJ,2025,10,2025-11-09,CLE,00-0040704,D.Gabriel,43,-2.50733
2025_10_CLE_NYJ,2025,10,2025-11-09,NYJ,00-0036945,J.Fields,16,-7.96991
2025_10_DET_WAS,2025,10,2025-11-09,DET,00-0033106,J.Goff,33,25.34363
2025_10_DET_WAS,2025,10,2025-11-09,DET,00-0034577,K.Allen,2,-1.35527
2025_10_DET_WAS,2025,10,2025-11-09,WAS,00-0032268,M.Mariota,26,13.26959
2025_10_JAX_HOU,2025,10,2025-11-09,HOU,00-0036898,D.Mills,49,3.54115
2025_10_JAX_HOU,2025,10,2025-11-09,JAX,00-0036971,T.Lawrence,32,-6.842
2025_10_LA_SF,2025,10,2025-11-09,LA,00-0026498,M.Stafford,37,22.63016
2025_10_LA_SF,2025,10,2025-11-09,SF,00-0036972,M.Jones,39,12.75459
2025_10_LV_DEN,2025,10,2025-11-06,DEN,00-0034348,C.Sutton,1,-4.03172
2025_10_LV_DEN,2025,10,2025-11-06,DEN,00-0039732,B.Nix,29,-6.54401
2025_10_LV_DEN,2025,10,2025-11-06,LV,00-0030565,G.Smith,34,-16.09733
2025_10_LV_DEN,2025,10,2025-11-06,LV,00-0038102,K.Pickett,1,-0.98509
2025_10_NE_TB,2025,10,2025-11-09,NE,00-0039851,D.Maye,36,4.40416
2025_10_NE_TB,2025,10,2025-11-09,TB,00-0034855,B.Mayfield,45,0.96822
2025_10_NO_CAR,2025,10,2025-11-09,CAR,00-0039150,B.Young,27,-11.49788
2025_10_NO_CAR,2025,10,2025-11-09,NO,00-0033357,T.Hill,1,-0.57453
2025_10_NO_CAR,2025,10,2025-11-09,NO,00-0040743,T.Shough,30,11.46297
2025_10_NYG_CHI,2025,10,2025-11-09,CHI,00-0039918,C.Williams,41,1.3494
2025_10_NYG_CHI,2025,10,2025-11-09,NYG,00-0029263,R.Wilson,11,-3.86158
2025_10_NYG_CHI,2025,10,2025-11-09,NYG,00-0040691,J.Dart,32,3.40688
2025_10_PHI_GB,2025,10,2025-11-10,GB,00-0036264,J.Love,41,-7.34902
2025_10_PHI_GB,2025,10,2025-11-10,PHI,00-0036389,J.Hurts,29,8.06675
2025_10_PIT_LAC,2025,10,2025-11-09,LAC,00-0036355,J.Herbert,40,-4.94029
2025_10_PIT_LAC,2025,10,2025-11-09,PIT,00-0023459,A.Rodgers,34,-18.09004
2025_11_BAL_CLE,2025,11,2025-11-16,BAL,00-0034796,L.Jackson,31,-10.47551
2025_11_BAL_CLE,2025,11,2025-11-16,CLE,00-0040668,S.Sanders,21,-14.1063
2025_11_BAL_CLE,2025,11,2025-11-16,CLE,00-0040704,D.Gabriel,12,-3.65952
2025_11_CAR_ATL,2025,11,2025-11-16,ATL,00-0029604,K.Cousins,14,-3.79518
2025_11_CAR_ATL,2025,11,2025-11-16,ATL,00-0039917,M.Penix,17,11.74055
2025_11_CAR_ATL,2025,11,2025-11-16,CAR,00-0039150,B.Young,50,14.13602
2025_11_CHI_MIN,2025,11,2025-11-16,CHI,00-0039918,C.Williams,36,0.38465
2025_11_CHI_MIN,2025,11,2025-11-16,MIN,00-0039923,J.McCarthy,32,-13.06192
2025_11_CIN_PIT,2025,11,2025-11-16,CIN,00-0026158,J.Flacco,41,-17.33388
2025_11_CIN_PIT,2025,11,2025-11-16,PIT,00-0023459,A.Rodgers,17,1.87849
2025_11_CIN_PIT,2025,11,2025-11-16,PIT,00-0034771,M.Rudolph,16,10.72169
2025_11_DAL_LV,2025,11,2025-11-17,DAL,00-0033077,D.Prescott,34,8.56269
2025_11_DAL_LV,2025,11,2025-11-17,LV,00-0030565,G.Smith,49,-11.38019
2025_11_DET_PHI,2025,11,2025-11-16,DET,00-0033106,J.Goff,39,-14.26323
2025_11_DET_PHI,2025,11,2025-11-16,PHI,00-0036389,J.Hurts,31,-10.00635
2025_11_GB_NYG,2025,11,2025-11-16,GB,00-0036264,J.Love,27,8.87017
2025_11_GB_NYG,2025,11,2025-11-16,GB,00-0038128,M.Willis,2,2.07187
2025_11_GB_NYG,2025,11,2025-11-16,NYG,00-0031503,J.Winston,31,6.3998
2025_11_HOU_TEN,2025,11,2025-11-16,HOU,00-0036898,D.Mills,47,-0.33451
2025_11_HOU_TEN,2025,11,2025-11-16,TEN,00-0040676,C.Ward,43,0.12649
2025_11_KC_DEN,2025,11,2025-11-16,DEN,00-0039732,B.Nix,40,5.16756
2025_11_KC_DEN,2025,11,2025-11-16,DEN,00-0040730,R.Harvey,1,-0.45861
2025_11_KC_DEN,2025,11,2025-11-16,KC,00-0033873,P.Mahomes,49,0.81989
2025_11_LAC_JAX,2025,11,2025-11-16,JAX,00-0036971,T.Lawrence,24,1.29984
2025_11_LAC_JAX,2025,11,2025-11-16,LAC,00-0036355,J.Herbert,23,-13.22522
2025_11_LAC_JAX,2025,11,2025-11-16,LAC,00-0037012,T.Lance,9,-7.45052
2025_11_NYJ_NE,2025,11,2025-11-13,NE,00-0039851,D.Maye,37,11.63706
2025_11_NYJ_NE,2025,11,2025-11-13,NYJ,00-0036945,J.Fields,32,-2.40056
2025_11_NYJ_NE,2025,11,2025-11-13,NYJ,00-0039451,I.Williams,1,-0.81877
2025_11_SEA_LA,2025,11,2025-11-16,LA,00-0026498,M.Stafford,28,-9.46216
2025_11_SEA_LA,2025,11,2025-11-16,SEA,00-0034869,S.Darnold,45,-12.66142
2025_11_SF_ARI,2025,11,2025-11-16,ARI,00-0033119,J.Brissett,57,7.36497
2025_11_SF_ARI,2025,11,2025-11-16,SF,00-0037834,B.Purdy,27,9.5897
2025_11_TB_BUF,2025,11,2025-11-16,BUF,00-0034857,J.Allen,32,12.24094
2025_11_TB_BUF,2025,11,2025-11-16,TB,00-0034855,B.Mayfield,33,-0.63331
2025_11_WAS_MIA,2025,11,2025-11-16,MIA,00-0036212,T.Tagovailoa,23,1.96147
2025_11_WAS_MIA,2025,11,2025-11-16,WAS,00-0032268,M.Mariota,32,8.19387
2025_12_ATL_NO,2025,12,2025-11-23,ATL,00-0029604,K.Cousins,26,-3.88459
2025_12_ATL_NO,2025,12,2025-11-23,NO,00-0033357,T.Hill,2,-7.58793
2025_12_ATL_NO,2025,12,2025-11-23,NO,00-0040743,T.Shough,50,-9.92675
2025_12_BUF_HOU,2025,12,2025-11-20,BUF,00-0034857,J.Allen,45,-12.33211
2025_12_BUF_HOU,2025,12,2025-11-20,HOU,00-0036898,D.Mills,30,-6.35232
2025_12_CAR_SF,2025,12,2025-11-24,CAR,00-0039150,B.Young,34,-8.08701
2025_12_CAR_SF,2025,12,2025-11-24,SF,00-0037834,B.Purdy,33,-2.11234
2025_12_CLE_LV,2025,12,2025-11-23,CLE,00-0040668,S.Sanders,21,-2.6228
2025_12_CLE_LV,2025,12,2025-11-23,LV,00-0030565,G.Smith,56,-19.15314
2025_12_IND_KC,2025,12,2025-11-23,IND,00-0035710,D.Jones,33,3.47228
2025_12_IND_KC,2025,12,2025-11-23,KC,00-0033873,P.Mahomes,54,10.53944
2025_12_JAX_ARI,2025,12,2025-11-23,ARI,00-0033119,J.Brissett,58,-6.42918
2025_12_JAX_ARI,2025,12,2025-11-23,ARI,00-0039577,K.Slovis,1,-1.5264
2025_12_JAX_ARI,2025,12,2025-11-23,JAX,00-0036971,T.Lawrence,35,-6.64432
2025_12_MIN_GB,2025,12,2025-11-23,GB,00-0036264,J.Love,23,6.29744
2025_12_MIN_GB,2025,12,2025-11-23,GB,00-0038128,M.Willis,1,0.37004
2025_12_MIN_GB,2025,12,2025-11-23,MIN,00-0039923,J.McCarthy,25,-15.88968
2025_12_NE_CIN,2025,12,2025-11-23,CIN,00-0026158,J.Flacco,37,-14.27198
2025_12_NE_CIN,2025,12,2025-11-23,CIN,00-0035100,J.Browning,1,0.82672
2025_12_NE_CIN,2025,12,2025-11-23,NE,00-0039851,D.Maye,39,8.83081
2025_12_NYG_DET,2025,12,2025-11-23,DET,00-0033106,J.Goff,43,-6.20421
2025_12_NYG_DET,2025,12,2025-11-23,NYG,00-0031503,J.Winston,38,13.79745
2025_12_NYG_DET,2025,12,2025-11-23,NYG,00-0035645,G.Olszewski,1,3.22335
2025_12_NYJ_BAL,2025,12,2025-11-23,BAL,00-0034796,L.Jackson,29,-1.93213
2025_12_NYJ_BAL,2025,12,2025-11-23,NYJ,00-0028118,T.Taylor,34,3.10035
2025_12_PHI_DAL,2025,12,2025-11-23,DAL,00-0033077,D.Prescott,39,5.48585
2025_12_PHI_DAL,2025,12,2025-11-23,PHI,00-0036389,J.Hurts,43,4.69531
2025_12_PIT_CHI,2025,12,2025-11-23,CHI,00-0039918,C.Williams,37,1.21932
2025_12_PIT_CHI,2025,12,2025-11-23,PIT,00-0034771,M.Rudolph,34,-5.76644
2025_12_SEA_TEN,2025,12,2025-11-23,SEA,00-0034869,S.Darnold,27,9.42421
2025_12_SEA_TEN,2025,12,2025-11-23,TEN,00-0040676,C.Ward,50,5.62944
2025_12_TB_LA,2025,12,2025-11-23,LA,00-0026498,M.Stafford,36,8.21943
2025_12_TB_LA,2025,12,2025-11-23,TB,00-0031237,T.Bridgewater,18,-12.51733
2025_12_TB_LA,2025,12,2025-11-23,TB,00-0034855,B.Mayfield,24,-15.13559
2025_13_ARI_TB,2025,13,2025-11-30,ARI,00-0033119,J.Brissett,44,4.99611
2025_13_ARI_TB,2025,13,2025-11-30,TB,00-0034855,B.Mayfield,33,3.23608
2025_13_ATL_NYJ,2025,13,2025-11-30,ATL,00-0029604,K.Cousins,35,5.85386
2025_13_ATL_NYJ,2025,13,2025-11-30,NYJ,00-0028118,T.Taylor,41,1.52771
2025_13_BUF_PIT,2025,13,2025-11-30,BUF,00-0034857,J.Allen,27,6.6332
2025_13_BUF_PIT,2025,13,2025-11-30,PIT,00-0023459,A.Rodgers,22,-9.57851
2025_13_BUF_PIT,2025,13,2025-11-30,PIT,00-0034771,M.Rudolph,3,-2.28875
2025_13_CHI_PHI,2025,13,2025-11-28,CHI,00-0039918,C.Williams,40,-5.29925
2025_13_CHI_PHI,2025,13,2025-11-28,PHI,00-0036389,J.Hurts,32,3.45953
2025_13_CIN_BAL,2025,13,2025-11-27,BAL,00-0034796,L.Jackson,38,-22.19808
2025_13_CIN_BAL,2025,13,2025-11-27,CIN,00-0036442,J.Burrow,48,5.86684
2025_13_DEN_WAS,2025,13,2025-11-30,DEN,00-0039732,B.Nix,48,11.66087
2025_13_DEN_WAS,2025,13,2025-11-30,WAS,00-0032268,M.Mariota,55,3.47189
2025_13_GB_DET,2025,13,2025-11-27,DET,00-0033106,J.Goff,30,10.81711
2025_13_GB_DET,2025,13,2025-11-27,DET,00-0035685,D.Montgomery,1,-0.41357
2025_13_GB_DET,2025,13,2025-11-27,GB,00-0036264,J.Love,32,15.94633
2025_13_HOU_IND,2025,13,2025-11-30,HOU,00-0039163,C.Stroud,37,7.59569
2025_13_HOU_IND,2025,13,2025-11-30,IND,00-0035710,D.Jones,28,0.62103
2025_13_JAX_TEN,2025,13,2025-11-30,JAX,00-0036971,T.Lawrence,32,4.8434
2025_13_JAX_TEN,2025,13,2025-11-30,TEN,00-0040676,C.Ward,42,-23.08405
2025_13_KC_DAL,2025,13,2025-11-27,DAL,00-0033077,D.Prescott,39,14.55395
2025_13_KC_DAL,2025,13,2025-11-27,KC,00-0033873,P.Mahomes,40,17.96105
2025_13_LA_CAR,2025,13,2025-11-30,CAR,00-0039150,B.Young,24,15.05519
2025_13_LA_CAR,2025,13,2025-11-30,LA,00-0026498,M.Stafford,30,-3.51207
2025_13_LV_LAC,2025,13,2025-11-30,LAC,00-0036355,J.Herbert,26,6.36189
2025_13_LV_LAC,2025,13,2025-11-30,LAC,00-0037012,T.Lance,2,1.16938
2025_13_LV_LAC,2025,13,2025-11-30,LV,00-0030565,G.Smith,28,-2.13562
2025_13_MIN_SEA,2025,13,2025-11-30,MIN,00-0040494,M.Brosmer,34,-31.16048
2025_13_MIN_SEA,2025,13,2025-11-30,SEA,00-0034869,S.Darnold,30,-8.51498
2025_13_NO_MIA,2025,13,2025-11-30,MIA,00-0036212,T.Tagovailoa,28,-9.89362
2025_13_NO_MIA,2025,13,2025-11-30,NO,00-0040743,T.Shough,45,-6.21036
2025_13_NYG_NE,2025,13,2025-12-01,NE,00-0039851,D.Maye,36,12.92692
2025_13_NYG_NE,2025,13,2025-12-01,NYG,00-0040691,J.Dart,30,-6.79087
2025_13_SF_CLE,2025,13,2025-11-30,CLE,00-0040668,S.Sanders,29,-5.38673
2025_13_SF_CLE,2025,13,2025-11-30,CLE,00-0040704,D.Gabriel,1,-0.57124
2025_13_SF_CLE,2025,13,2025-11-30,SF,00-0033280,C.McCaffrey,1,-0.7709
2025_13_SF_CLE,2025,13,2025-11-30,SF,00-0037834,B.Purdy,31,3.37034
2025_14_CHI_GB,2025,14,2025-12-07,CHI,00-0039918,C.Williams,39,2.09965
2025_14_CHI_GB,2025,14,2025-12-07,GB,00-0036264,J.Love,26,8.02732
2025_14_CIN_BUF,2025,14,2025-12-07,BUF,00-0034857,J.Allen,36,22.80086
2025_14_CIN_BUF,2025,14,2025-12-07,CIN,00-0036442,J.Burrow,37,9.12282
2025_14_DAL_DET,2025,14,2025-12-04,DAL,00-0033077,D.Prescott,54,-2.26508
2025_14_DAL_DET,2025,14,2025-12-04,DET,00-0033106,J.Goff,35,12.19801
2025_14_DEN_LV,2025,14,2025-12-07,DEN,00-0039732,B.Nix,43,9.01412
2025_14_DEN_LV,2025,14,2025-12-07,LV,00-0030565,G.Smith,25,-2.82062
2025_14_DEN_LV,2025,14,2025-12-07,LV,00-0038102,K.Pickett,12,2.28355
2025_14_HOU_KC,2025,14,2025-12-07,HOU,00-0039163,C.Stroud,35,0.05053
2025_14_HOU_KC,2025,14,2025-12-07,KC,00-0033873,P.Mahomes,41,-18.08905
2025_14_IND_JAX,2025,14,2025-12-07,IND,00-0035710,D.Jones,8,-1.35543
2025_14_IND_JAX,2025,14,2025-12-07,IND,00-0040206,R.Leonard,31,-1.12975
2025_14_IND_JAX,2025,14,2025-12-07,JAX,00-0033319,N.Mullens,1,-0.54427
2025_14_IND_JAX,2025,14,2025-12-07,JAX,00-0036971,T.Lawrence,32,13.1625
2025_14_LA_ARI,2025,14,2025-12-07,ARI,00-0033119,J.Brissett,50,-3.28662
2025_14_LA_ARI,2025,14,2025-12-07,LA,00-0026498,M.Stafford,31,15.40968
2025_14_MIA_NYJ,2025,14,2025-12-07,MIA,00-0036212,T.Tagovailoa,22,1.66339
2025_14_MIA_NYJ,2025,14,2025-12-07,NYJ,00-0028118,T.Taylor,4,-6.36132
2025_14_MIA_NYJ,2025,14,2025-12-07,NYJ,00-0040398,B.Cook,36,-17.79292
2025_14_NO_TB,2025,14,2025-12-07,NO,00-0040743,T.Shough,24,3.80756
2025_14_NO_TB,2025,14,2025-12-07,TB,00-0034855,B.Mayfield,35,-8.066
2025_14_PHI_LAC,2025,14,2025-12-08,LAC,00-0036355,J.Herbert,41,-13.10883
2025_14_PHI_LAC,2025,14,2025-12-08,PHI,00-0036389,J.Hurts,43,-16.01179
2025_14_PIT_BAL,2025,14,2025-12-07,BAL,00-0034796,L.Jackson,40,-0.78055
2025_14_PIT_BAL,2025,14,2025-12-07,PIT,00-0023459,A.Rodgers,35,11.9311
2025_14_SEA_ATL,2025,14,2025-12-07,ATL,00-0029604,K.Cousins,31,-15.37335
2025_14_SEA_ATL,2025,14,2025-12-07,SEA,00-0034869,S.Darnold,34,10.9577
2025_14_TEN_CLE,2025,14,2025-12-07,CLE,00-0040668,S.Sanders,47,3.35306
2025_14_TEN_CLE,2025,14,2025-12-07,TEN,00-0040676,C.Ward,29,-8.78384
2025_14_WAS_MIN,2025,14,2025-12-07,MIN,00-0039923,J.McCarthy,29,11.62983
2025_14_WAS_MIN,2025,14,2025-12-07,WAS,00-0032268,M.Mariota,7,-10.43492
2025_14_WAS_MIN,2025,14,2025-12-07,WAS,00-0039910,J.Daniels,25,-11.91729
2025_15_ARI_HOU,2025,15,2025-12-14,ARI,00-0033119,J.Brissett,43,-1.12759
2025_15_ARI_HOU,2025,15,2025-12-14,HOU,00-0039163,C.Stroud,31,13.54318
2025_15_ATL_TB,2025,15,2025-12-11,ATL,00-0029604,K.Cousins,44,14.18148
2025_15_ATL_TB,2025,15,2025-12-11,TB,00-0034855,B.Mayfield,40,2.57703
2025_15_BAL_CIN,2025,15,2025-12-14,BAL,00-0034796,L.Jackson,18,1.33157
2025_15_BAL_CIN,2025,15,2025-12-14,CIN,00-0036442,J.Burrow,44,-15.46317
2025_15_BUF_NE,2025,15,2025-12-14,BUF,00-0034857,J.Allen,33,9.53827
2025_15_BUF_NE,2025,15,2025-12-14,NE,00-0039851,D.Maye,29,-0.44811
2025_15_CAR_NO,2025,15,2025-12-14,CAR,00-0039150,B.Young,31,10.69349
2025_15_CAR_NO,2025,15,2025-12-14,NO,00-0039376,S.Rattler,1,0.11302
2025_15_CAR_NO,2025,15,2025-12-14,NO,00-0040743,T.Shough,39,9.98442
2025_15_CLE_CHI,2025,15,2025-12-14,CHI,00-0039918,C.Williams,32,4.34422
2025_15_CLE_CHI,2025,15,2025-12-14,CLE,00-0040668,S.Sanders,42,-21.64286
2025_15_DET_LA,2025,15,2025-12-14,DET,00-0033106,J.Goff,42,12.8016
2025_15_DET_LA,2025,15,2025-12-14,LA,00-0026498,M.Stafford,41,7.44931
2025_15_GB_DEN,2025,15,2025-12-14,DEN,00-0039732,B.Nix,36,19.70649
2025_15_GB_DEN,2025,15,2025-12-14,GB,00-0036264,J.Love,46,4.74875
2025_15_IND_SEA,2025,15,2025-12-14,IND,00-0022942,P.Rivers,28,-2.53331
2025_15_IND_SEA,2025,15,2025-12-14,SEA,00-0034869,S.Darnold,37,3.99987
2025_15_LAC_KC,2025,15,2025-12-14,KC,00-0033873,P.Mahomes,35,-1.21992
2025_15_LAC_KC,2025,15,2025-12-14,KC,00-0035289,G.Minshew II,5,-1.07421
2025_15_LAC_KC,2025,15,2025-12-14,LAC,00-0036355,J.Herbert,33,0.43358
2025_15_LV_PHI,2025,15,2025-12-14,LV,00-0038102,K.Pickett,30,-15.79474
2025_15_LV_PHI,2025,15,2025-12-14,PHI,00-0036389,J.Hurts,18,15.64031
2025_15_LV_PHI,2025,15,2025-12-14,PHI,00-0038400,T.McKee,4,5.54511
2025_15_MIA_PIT,2025,15,2025-12-15,MIA,00-0036212,T.Tagovailoa,33,3.35412
2025_15_MIA_PIT,2025,15,2025-12-15,PIT,00-0023459,A.Rodgers,30,11.12713
2025_15_MIN_DAL,2025,15,2025-12-14,DAL,00-0033077,D.Prescott,40,0.95893
2025_15_MIN_DAL,2025,15,2025-12-14,MIN,00-0039923,J.McCarthy,26,13.68645
2025_15_NYJ_JAX,2025,15,2025-12-14,JAX,00-0036971,T.Lawrence,36,28.55868
2025_15_NYJ_JAX,2025,15,2025-12-14,NYJ,00-0040398,B.Cook,41,-8.14933
2025_15_TEN_SF,2025,15,2025-12-14,SF,00-0037834,B.Purdy,37,19.76489
2025_15_TEN_SF,2025,15,2025-12-14,TEN,00-0040676,C.Ward,29,1.74319
2025_15_WAS_NYG,2025,15,2025-12-14,NYG,00-0031503,J.Winston,1,-1.52771
2025_15_WAS_NYG,2025,15,2025-12-14,NYG,00-0040691,J.Dart,43,6.49096
2025_15_WAS_NYG,2025,15,2025-12-14,WAS,00-0032268,M.Mariota,26,2.35306
2025_16_ATL_ARI,2025,16,2025-12-21,ARI,00-0033119,J.Brissett,33,-2.39568
2025_16_ATL_ARI,2025,16,2025-12-21,ATL,00-0029604,K.Cousins,36,8.09414
2025_16_BUF_CLE,2025,16,2025-12-21,BUF,00-0034857,J.Allen,23,-7.89448
2025_16_BUF_CLE,2025,16,2025-12-21,CLE,00-0034721,C.Bojorquez,1,-1.80454
2025_16_BUF_CLE,2025,16,2025-12-21,CLE,00-0040668,S.Sanders,35,-6.54661
2025_16_BUF_CLE,2025,16,2025-12-21,CLE,00-0040704,D.Gabriel,1,-1.40814
2025_16_CIN_MIA,2025,16,2025-12-21,CIN,00-0026158,J.Flacco,1,-0.9781
2025_16_CIN_MIA,2025,16,2025-12-21,CIN,00-0036442,J.Burrow,35,20.73445
2025_16_CIN_MIA,2025,16,2025-12-21,MIA,00-0040234,Q.Ewers,31,1.35363
2025_16_GB_CHI,2025,16,2025-12-20,CHI,00-0039918,C.Williams,37,8.80268
2025_16_GB_CHI,2025,16,2025-12-20,GB,00-0036264,J.Love,14,1.72976
2025_16_GB_CHI,2025,16,2025-12-20,GB,00-0038128,M.Willis,17,10.09673
2025_16_JAX_DEN,2025,16,2025-12-21,DEN,00-0039732,B.Nix,49,0.18642
2025_16_JAX_DEN,2025,16,2025-12-21,JAX,00-0036971,T.Lawrence,43,11.76183
2025_16_KC_TEN,2025,16,2025-12-21,KC,00-0035289,G.Minshew II,9,-5.84026
2025_16_KC_TEN,2025,16,2025-12-21,KC,00-0037324,C.Oladokun,22,-6.8104
2025_16_KC_TEN,2025,16,2025-12-21,TEN,00-0040676,C.Ward,31,7.26928
2025_16_LAC_DAL,2025,16,2025-12-21,DAL,00-0033077,D.Prescott,33,12.5854
2025_16_LAC_DAL,2025,16,2025-12-21,DAL,00-0039398,J.Milton,3,-4.58867
2025_16_LAC_DAL,2025,16,2025-12-21,LAC,00-0036355,J.Herbert,33,25.55071
2025_16_LA_SEA,2025,16,2025-12-18,LA,00-0026498,M.Stafford,51,25.57455
2025_16_LA_SEA,2025,16,2025-12-18,SEA,00-0034869,S.Darnold,39,-8.95446
2025_16_LV_HOU,2025,16,2025-12-21,HOU,00-0039163,C.Stroud,36,2.36712
2025_16_LV_HOU,2025,16,2025-12-21,LV,00-0030565,G.Smith,26,1.6604
2025_16_MIN_NYG,2025,16,2025-12-21,MIN,00-0039923,J.McCarthy,19,-4.52145
2025_16_MIN_NYG,2025,16,2025-12-21,MIN,00-0040494,M.Brosmer,10,-0.54332
2025_16_MIN_NYG,2025,16,2025-12-21,NYG,00-0040691,J.Dart,19,-17.42941
2025_16_NE_BAL,2025,16,2025-12-21,BAL,00-0034796,L.Jackson,10,6.29141
2025_16_NE_BAL,2025,16,2025-12-21,BAL,00-0035993,T.Huntley,12,-2.87786
2025_16_NE_BAL,2025,16,2025-12-21,NE,00-0039054,M.Mapu,1,-2.48269
2025_16_NE_BAL,2025,16,2025-12-21,NE,00-0039851,D.Maye,50,14.40302
2025_16_NYJ_NO,2025,16,2025-12-21,NO,00-0033357,T.Hill,1,6.07263
2025_16_NYJ_NO,2025,16,2025-12-21,NO,00-0040743,T.Shough,53,2.48425
2025_16_NYJ_NO,2025,16,2025-12-21,NYJ,00-0040398,B.Cook,44,-22.45085
2025_16_PHI_WAS,2025,16,2025-12-20,PHI,00-0036389,J.Hurts,37,10.11846
2025_16_PHI_WAS,2025,16,2025-12-20,WAS,00-0026300,J.Johnson,10,-4.5192
2025_16_PHI_WAS,2025,16,2025-12-20,WAS,00-0032268,M.Mariota,15,-3.44225
2025_16_PIT_DET,2025,16,2025-12-21,DET,00-0033106,J.Goff,57,10.8518
2025_16_PIT_DET,2025,16,2025-12-21,PIT,00-0023459,A.Rodgers,45,4.96867
2025_16_SF_IND,2025,16,2025-12-22,IND,00-0022942,P.Rivers,37,2.88489
2025_16_SF_IND,2025,16,2025-12-22,IND,00-0040206,R.Leonard,1,-3.25977
2025_16_SF_IND,2025,16,2025-12-22,SF,00-0037834,B.Purdy,36,20.35927
2025_16_TB_CAR,2025,16,2025-12-21,CAR,00-0039150,B.Young,36,3.99072
2025_16_TB_CAR,2025,16,2025-12-21,TB,00-0034855,B.Mayfield,30,7.23762
2025_17_ARI_CIN,2025,17,2025-12-28,ARI,00-0033119,J.Brissett,41,-0.76652
2025_17_ARI_CIN,2025,17,2025-12-28,CIN,00-0026158,J.Flacco,6,0.94308
2025_17_ARI_CIN,2025,17,2025-12-28,CIN,00-0036442,J.Burrow,35,18.58009
2025_17_BAL_GB,2025,17,2025-12-27,BAL,00-0035993,T.Huntley,24,9.83691
2025_17_BAL_GB,2025,17,2025-12-27,GB,00-0038128,M.Willis,27,20.70944
2025_17_BAL_GB,2025,17,2025-12-27,GB,00-0038582,C.Tune,5,-6.72733
2025_17_CHI_SF,2025,17,2025-12-28,CHI,00-0039918,C.Williams,45,17.73453
2025_17_CHI_SF,2025,17,2025-12-28,SF,00-0037834,B.Purdy,38,13.75069
2025_17_DAL_WAS,2025,17,2025-12-25,DAL,00-0033077,D.Prescott,45,12.88203
2025_17_DAL_WAS,2025,17,2025-12-25,WAS,00-0026300,J.Johnson,25,4.79156
2025_17_DAL_WAS,2025,17,2025-12-25,WAS,00-0037742,T.Burks,1,-0.49842
2025_17_DEN_KC,2025,17,2025-12-25,DEN,00-0039732,B.Nix,44,7.23003
2025_17_DEN_KC,2025,17,2025-12-25,KC,00-0037324,C.Oladokun,24,-8.12315
2025_17_DET_MIN,2025,17,2025-12-25,DET,00-0033106,J.Goff,34,-7.94252
2025_17_DET_MIN,2025,17,2025-12-25,MIN,00-0040494,M.Brosmer,25,-15.75901
2025_17_HOU_LAC,2025,17,2025-12-27,HOU,00-0039163,C.Stroud,28,-4.7267
2025_17_HOU_LAC,2025,17,2025-12-27,LAC,00-0036355,J.Herbert,42,-6.19623
2025_17_JAX_IND,2025,17,2025-12-28,IND,00-0022942,P.Rivers,32,-11.54712
2025_17_JAX_IND,2025,17,2025-12-28,IND,00-0040206,R.Leonard,1,-0.47369
2025_17_JAX_IND,2025,17,2025-12-28,JAX,00-0036971,T.Lawrence,43,3.66703
2025_17_LA_ATL,2025,17,2025-12-29,ATL,00-0029604,K.Cousins,20,4.9235
2025_17_LA_ATL,2025,17,2025-12-29,LA,00-0026498,M.Stafford,41,-2.74851
2025_17_NE_NYJ,2025,17,2025-12-28,NE,00-0033949,J.Dobbs,4,-1.08562
2025_17_NE_NYJ,2025,17,2025-12-28,NE,00-0039851,D.Maye,24,32.57627
2025_17_NE_NYJ,2025,17,2025-12-28,NYJ,00-0039634,A.McNamara,1,2.8565
2025_17_NE_NYJ,2025,17,2025-12-28,NYJ,00-0040398,B.Cook,34,-15.15589
2025_17_NO_TEN,2025,17,2025-12-28,NO,00-0040743,T.Shough,31,11.19592
2025_17_NO_TEN,2025,17,2025-12-28,TEN,00-0040676,C.Ward,46,-8.61637
2025_17_NYG_LV,2025,17,2025-12-28,LV,00-0030565,G.Smith,32,-5.62812
2025_17_NYG_LV,2025,17,2025-12-28,LV,00-0038102,K.Pickett,3,-1.33968
2025_17_NYG_LV,2025,17,2025-12-28,NYG,00-0040691,J.Dart,35,7.83161
2025_17_PHI_BUF,2025,17,2025-12-28,BUF,00-0034857,J.Allen,42,-10.22876
2025_17_PHI_BUF,2025,17,2025-12-28,PHI,00-0036389,J.Hurts,29,-2.77989
2025_17_PIT_CLE,2025,17,2025-12-28,CLE,00-0040668,S.Sanders,28,-5.06605
2025_17_PIT_CLE,2025,17,2025-12-28,PIT,00-0023459,A.Rodgers,40,-12.5773
2025_17_SEA_CAR,2025,17,2025-12-28,CAR,00-0039150,B.Young,31,-18.45001
2025_17_SEA_CAR,2025,17,2025-12-28,SEA,00-0034869,S.Darnold,31,-8.389
2025_17_TB_MIA,2025,17,2025-12-28,MIA,00-0040234,Q.Ewers,25,5.49846
2025_17_TB_MIA,2025,17,2025-12-28,TB,00-0034855,B.Mayfield,50,4.14203
2025_18_ARI_LA,2025,18,2026-01-04,ARI,00-0033119,J.Brissett,39,-2.0972
2025_18_ARI_LA,2025,18,2026-01-04,ARI,00-0033400,M.Haack,1,4.40105
2025_18_ARI_LA,2025,18,2026-01-04,LA,00-0026498,M.Stafford,41,15.52174
2025_18_BAL_PIT,2025,18,2026-01-04,BAL,00-0034796,L.Jackson,21,8.69969
2025_18_BAL_PIT,2025,18,2026-01-04,PIT,00-0023459,A.Rodgers,50,9.34143
2025_18_CAR_TB,2025,18,2026-01-03,CAR,00-0039150,B.Young,34,6.37536
2025_18_CAR_TB,2025,18,2026-01-03,TB,00-0034855,B.Mayfield,28,9.33641
2025_18_CLE_CIN,2025,18,2026-01-04,CIN,00-0036442,J.Burrow,42,-10.89386
2025_18_CLE_CIN,2025,18,2026-01-04,CLE,00-0040668,S.Sanders,30,-8.40734
2025_18_DAL_NYG,2025,18,2026-01-04,DAL,00-0033077,D.Prescott,11,-1.04292
2025_18_DAL_NYG,2025,18,2026-01-04,DAL,00-0039398,J.Milton,15,-5.0048
2025_18_DAL_NYG,2025,18,2026-01-04,NYG,00-0035645,G.Olszewski,1,-0.79538
2025_18_DAL_NYG,2025,18,2026-01-04,NYG,00-0040691,J.Dart,39,8.55779
2025_18_DET_CHI,2025,18,2026-01-04,CHI,00-0039918,C.Williams,35,-2.99482
2025_18_DET_CHI,2025,18,2026-01-04,DET,00-0033106,J.Goff,44,12.29743
2025_18_DET_CHI,2025,18,2026-01-04,DET,00-0035685,D.Montgomery,1,-2.70436
2025_18_GB_MIN,2025,18,2026-01-04,GB,00-0038582,C.Tune,17,-12.10707
2025_18_GB_MIN,2025,18,2026-01-04,MIN,00-0039923,J.McCarthy,24,5.80021
2025_18_GB_MIN,2025,18,2026-01-04,MIN,00-0040494,M.Brosmer,10,-5.44179
2025_18_IND_HOU,2025,18,2026-01-04,HOU,00-0036898,D.Mills,10,-5.36997
2025_18_IND_HOU,2025,18,2026-01-04,HOU,00-0039163,C.Stroud,23,4.36901
2025_18_IND_HOU,2025,18,2026-01-04,IND,00-0033269,R.Sanchez,1,3.51259
2025_18_IND_HOU,2025,18,2026-01-04,IND,00-0040206,R.Leonard,37,-1.94162
2025_18_KC_LV,2025,18,2026-01-04,KC,00-0036679,S.Buechele,20,-7.66018
2025_18_KC_LV,2025,18,2026-01-04,KC,00-0037324,C.Oladokun,20,-15.79326
2025_18_KC_LV,2025,18,2026-01-04,LV,00-0038102,K.Pickett,7,-9.19658
2025_18_KC_LV,2025,18,2026-01-04,LV,00-0038579,A.O'Connell,24,-5.70692
2025_18_LAC_DEN,2025,18,2026-01-04,DEN,00-0039732,B.Nix,33,-2.28962
2025_18_LAC_DEN,2025,18,2026-01-04,LAC,00-0037012,T.Lance,50,-25.80577
2025_18_MIA_NE,2025,18,2026-01-04,MIA,00-0037013,Z.Wilson,2,-1.4624
2025_18_MIA_NE,2025,18,2026-01-04,MIA,00-0040234,Q.Ewers,28,-7.72303
2025_18_MIA_NE,2025,18,2026-01-04,NE,00-0033949,J.Dobbs,5,-0.91031
2025_18_MIA_NE,2025,18,2026-01-04,NE,00-0039851,D.Maye,23,13.42207
2025_18_NO_ATL,2025,18,2026-01-04,ATL,00-0029604,K.Cousins,36,-5.71387
2025_18_NO_ATL,2025,18,2026-01-04,NO,00-0040743,T.Shough,42,-5.69726
2025_18_NYJ_BUF,2025,18,2026-01-04,BUF,00-0033869,M.Trubisky,30,22.99478
2025_18_NYJ_BUF,2025,18,2026-01-04,NYJ,00-0040398,B.Cook,24,-7.28345
2025_18_SEA_SF,2025,18,2026-01-03,SEA,00-0034869,S.Darnold,30,6.34104
2025_18_SEA_SF,2025,18,2026-01-03,SF,00-0037834,B.Purdy,32,-12.63876
2025_18_TEN_JAX,2025,18,2026-01-04,JAX,00-0033319,N.Mullens,2,3.44403
2025_18_TEN_JAX,2025,18,2026-01-04,JAX,00-0036971,T.Lawrence,34,11.56467
2025_18_TEN_JAX,2025,18,2026-01-04,TEN,00-0032434,B.Allen,31,-24.02839
2025_18_TEN_JAX,2025,18,2026-01-04,TEN,00-0040676,C.Ward,4,4.12803
2025_18_WAS_PHI,2025,18,2026-01-04,PHI,00-0038400,T.McKee,45,-7.11821
2025_18_WAS_PHI,2025,18,2026-01-04,WAS,00-0026300,J.Johnson,27,8.9615
2025_19_BUF_JAX,2025,19,2026-01-11,BUF,00-0034857,J.Allen,39,9.39157
2025_19_BUF_JAX,2025,19,2026-01-11,JAX,00-0036971,T.Lawrence,33,0.64855
2025_19_GB_CHI,2025,19,2026-01-10,CHI,00-0036290,C.Kmet,1,-0.29593
2025_19_GB_CHI,2025,19,2026-01-10,CHI,00-0039918,C.Williams,52,10.29901
2025_19_GB_CHI,2025,19,2026-01-10,GB,00-0036264,J.Love,48,18.44855
2025_19_HOU_PIT,2025,19,2026-01-12,HOU,00-0039163,C.Stroud,35,0.43638
2025_19_HOU_PIT,2025,19,2026-01-12,PIT,00-0023459,A.Rodgers,37,-26.6075
2025_19_HOU_PIT,2025,19,2026-01-12,PIT,00-0034771,M.Rudolph,1,1.2573
2025_19_LAC_NE,2025,19,2026-01-11,LAC,00-0036355,J.Herbert,44,-11.14632
2025_19_LAC_NE,2025,19,2026-01-11,NE,00-0039851,D.Maye,39,3.15809
2025_19_LAC_NE,2025,19,2026-01-11,NE,00-0040563,E.Chism,1,-1.64355
2025_19_LA_CAR,2025,19,2026-01-10,CAR,00-0039150,B.Young,44,-3.24015
2025_19_LA_CAR,2025,19,2026-01-10,LA,00-0026498,M.Stafford,43,4.99759
2025_19_SF_PHI,2025,19,2026-01-11,PHI,00-0036389,J.Hurts,37,-2.35196
2025_19_SF_PHI,2025,19,2026-01-11,SF,00-0036259,J.Jennings,1,3.20961
2025_19_SF_PHI,2025,19,2026-01-11,SF,00-0037834,B.Purdy,35,4.03861
2025_20_BUF_DEN,2025,20,2026-01-17,BUF,00-0034857,J.Allen,46,4.79365
2025_20_BUF_DEN,2025,20,2026-01-17,DEN,00-0039732,B.Nix,49,4.75697
2025_20_HOU_NE,2025,20,2026-01-18,HOU,00-0039163,C.Stroud,52,-22.35353
2025_20_HOU_NE,2025,20,2026-01-18,NE,00-0039851,D.Maye,33,-6.27192
2025_20_LA_CHI,2025,20,2026-01-18,CHI,00-0039918,C.Williams,45,5.20037
2025_20_LA_CHI,2025,20,2026-01-18,LA,00-0026498,M.Stafford,46,1.49009
2025_20_SF_SEA,2025,20,2026-01-17,SEA,00-0034869,S.Darnold,19,5.26467
2025_20_SF_SEA,2025,20,2026-01-17,SF,00-0036972,M.Jones,5,-1.29807
2025_20_SF_SEA,2025,20,2026-01-17,SF,00-0037834,B.Purdy,33,-16.98224
2025_21_LA_SEA,2025,21,2026-01-25,LA,00-0026498,M.Stafford,37,17.80821
2025_21_LA_SEA,2025,21,2026-01-25,SEA,00-0034869,S.Darnold,40,19.04875
2025_21_NE_DEN,2025,21,2026-01-25,DEN,00-0035264,J.Stidham,37,-16.04256
2025_21_NE_DEN,2025,21,2026-01-25,NE,00-0039851,D.Maye,29,-5.29333
2025_22_SEA_NE,2025,22,2026-02-08,NE,00-0039851,D.Maye,53,-16.87106
2025_22_SEA_NE,2025,22,2026-02-08,SEA,00-0034869,S.Darnold,40,1.15311
2026_01_ARI_LAC,2026,1,2026-09-13,ARI,00-0033119,J.Brissett,39,11.275
2026_01_ARI_LAC,2026,1,2026-09-13,LAC,00-0036355,J.Herbert,35,-6.67481
2026_01_ATL_PIT,2026,1,2026-09-13,ATL,00-0033662,C.Rush,26,-15.76455
2026_01_ATL_PIT,2026,1,2026-09-13,PIT,00-0023459,A.Rodgers,42,-12.08512
2026_01_ATL_PIT,2026,1,2026-09-13,PIT,00-0033729,C.Johnston,1,-1.84455
2026_01_BAL_IND,2026,1,2026-09-13,BAL,00-0034796,L.Jackson,29,13.32438
2026_01_BAL_IND,2026,1,2026-09-13,IND,00-0035710,D.Jones,34,-14.98862
2026_01_BUF_HOU,2026,1,2026-09-13,BUF,00-0034857,J.Allen,32,17.86252
2026_01_BUF_HOU,2026,1,2026-09-13,HOU,00-0039163,C.Stroud,42,4.09095
2026_01_CHI_CAR,2026,1,2026-09-13,CAR,00-0038102,K.Pickett,2,1.29662
2026_01_CHI_CAR,2026,1,2026-09-13,CAR,00-0039150,B.Young,41,12.1118
2026_01_CHI_CAR,2026,1,2026-09-13,CHI,00-0039918,C.Williams,38,20.43742
2026_01_CLE_JAX,2026,1,2026-09-13,CLE,00-0033537,D.Watson,30,-6.76112
2026_01_CLE_JAX,2026,1,2026-09-13,JAX,00-0036971,T.Lawrence,24,19.02148
2026_01_DAL_NYG,2026,1,2026-09-13,DAL,00-0033077,D.Prescott,36,11.31744
2026_01_DAL_NYG,2026,1,2026-09-13,NYG,00-0040691,J.Dart,33,22.01252
2026_01_DEN_KC,2026,1,2026-09-14,DEN,00-0039732,B.Nix,33,-14.61689
2026_01_DEN_KC,2026,1,2026-09-14,KC,00-0033873,P.Mahomes,33,0.86927
2026_01_GB_MIN,2026,1,2026-09-13,GB,00-0036264,J.Love,46,-2.70365
2026_01_GB_MIN,2026,1,2026-09-13,MIN,00-0032950,C.Wentz,23,3.45503
2026_01_GB_MIN,2026,1,2026-09-13,MIN,00-0035228,K.Murray,7,-2.1773
2026_01_MIA_LV,2026,1,2026-09-13,LV,00-0029604,K.Cousins,31,0.22669
2026_01_MIA_LV,2026,1,2026-09-13,MIA,00-0038128,M.Willis,37,-7.61862
2026_01_NE_SEA,2026,1,2026-09-09,NE,00-0039851,D.Maye,42,2.74938
2026_01_NE_SEA,2026,1,2026-09-09,SEA,00-0034869,S.Darnold,3,-2.07615
2026_01_NE_SEA,2026,1,2026-09-09,SEA,00-0035704,D.Lock,24,8.17855
2026_01_NO_DET,2026,1,2026-09-13,DET,00-0033106,J.Goff,41,0.49955
2026_01_NO_DET,2026,1,2026-09-13,NO,00-0040743,T.Shough,62,0.03525
2026_01_NYJ_TEN,2026,1,2026-09-13,NYJ,00-0030565,G.Smith,26,9.10326
2026_01_NYJ_TEN,2026,1,2026-09-13,TEN,00-0040676,C.Ward,39,-4.85228
2026_01_SF_LA,2026,1,2026-09-10,LA,00-0026498,M.Stafford,25,-11.21673
2026_01_SF_LA,2026,1,2026-09-10,LA,00-0039107,S.Bennett,4,1.02078
2026_01_SF_LA,2026,1,2026-09-10,SF,00-0037834,B.Purdy,36,7.47717
2026_01_TB_CIN,2026,1,2026-09-13,CIN,00-0036442,J.Burrow,37,-1.33445
2026_01_TB_CIN,2026,1,2026-09-13,TB,00-0034855,B.Mayfield,36,-10.52935
2026_01_WAS_PHI,2026,1,2026-09-13,PHI,00-0036389,J.Hurts,33,5.47213
2026_01_WAS_PHI,2026,1,2026-09-13,WAS,00-0039910,J.Daniels,38,6.36748
2026_02_CAR_ATL,2026,2,2026-09-20,ATL,00-0033662,C.Rush,20,-15.17723
2026_02_CAR_ATL,2026,2,2026-09-20,ATL,00-0041194,J.Strand,19,-11.38017
2026_02_CAR_ATL,2026,2,2026-09-20,CAR,00-0039150,B.Young,39,12.14957
2026_02_CIN_HOU,2026,2,2026-09-20,CIN,00-0036442,J.Burrow,36,-0.54773
2026_02_CIN_HOU,2026,2,2026-09-20,HOU,00-0039163,C.Stroud,60,-3.56691
2026_02_CIN_HOU,2026,2,2026-09-20,HOU,00-0040654,K.Kroeger,1,-3.30416
2026_02_CLE_TB,2026,2,2026-09-20,CLE,00-0033537,D.Watson,35,10.74022
2026_02_CLE_TB,2026,2,2026-09-20,TB,00-0034855,B.Mayfield,40,-9.38495
2026_02_DET_BUF,2026,2,2026-09-17,BUF,00-0034857,J.Allen,38,20.81197
2026_02_DET_BUF,2026,2,2026-09-17,DET,00-0033106,J.Goff,44,18.20129
2026_02_GB_NYJ,2026,2,2026-09-20,GB,00-0036264,J.Love,32,-3.1685
2026_02_GB_NYJ,2026,2,2026-09-20,NYJ,00-0030565,G.Smith,48,4.11718
2026_02_IND_KC,2026,2,2026-09-20,IND,00-0035710,D.Jones,33,4.12097
2026_02_IND_KC,2026,2,2026-09-20,KC,00-0033873,P.Mahomes,51,13.91742
2026_02_JAX_DEN,2026,2,2026-09-20,DEN,00-0039732,B.Nix,31,8.43087
2026_02_JAX_DEN,2026,2,2026-09-20,JAX,00-0036971,T.Lawrence,31,-4.11505
2026_02_LV_LAC,2026,2,2026-09-20,LAC,00-0036355,J.Herbert,31,-0.82358
2026_02_LV_LAC,2026,2,2026-09-20,LV,00-0029604,K.Cousins,32,5.96219
2026_02_MIA_SF,2026,2,2026-09-20,MIA,00-0038128,M.Willis,28,4.41828
2026_02_MIA_SF,2026,2,2026-09-20,SF,00-0037834,B.Purdy,25,26.44722
2026_02_MIN_CHI,2026,2,2026-09-20,CHI,00-0038416,T.Bagent,9,-2.64225
2026_02_MIN_CHI,2026,2,2026-09-20,CHI,00-0039918,C.Williams,32,1.57728
2026_02_MIN_CHI,2026,2,2026-09-20,MIN,00-0032950,C.Wentz,24,0.11796
2026_02_NO_BAL,2026,2,2026-09-20,BAL,00-0034796,L.Jackson,37,3.70796
2026_02_NO_BAL,2026,2,2026-09-20,NO,00-0040743,T.Shough,39,10.1583
2026_02_NYG_LA,2026,2,2026-09-21,LA,00-0026498,M.Stafford,32,17.85413
2026_02_NYG_LA,2026,2,2026-09-21,NYG,00-0031503,J.Winston,29,-16.49046
2026_02_NYG_LA,2026,2,2026-09-21,NYG,00-0040691,J.Dart,5,-1.11579
2026_02_PHI_TEN,2026,2,2026-09-20,PHI,00-0036389,J.Hurts,42,7.6907
2026_02_PHI_TEN,2026,2,2026-09-20,TEN,00-0040676,C.Ward,24,1.30964
2026_02_PIT_NE,2026,2,2026-09-20,NE,00-0039851,D.Maye,27,-3.50098
2026_02_PIT_NE,2026,2,2026-09-20,PIT,00-0023459,A.Rodgers,44,-21.17473
2026_02_PIT_NE,2026,2,2026-09-20,PIT,00-0034771,M.Rudolph,2,-1.11434
2026_02_SEA_ARI,2026,2,2026-09-20,ARI,00-0033119,J.Brissett,31,-8.85693
2026_02_SEA_ARI,2026,2,2026-09-20,SEA,00-0035704,D.Lock,27,16.08928
2026_02_WAS_DAL,2026,2,2026-09-20,DAL,00-0033077,D.Prescott,36,16.63793
2026_02_WAS_DAL,2026,2,2026-09-20,WAS,00-0032268,M.Mariota,17,2.01244
2026_02_WAS_DAL,2026,2,2026-09-20,WAS,00-0036626,D.Brown,1,-0.4647
2026_02_WAS_DAL,2026,2,2026-09-20,WAS,00-0039910,J.Daniels,23,5.72694
2026_02_WAS_DAL,2026,2,2026-09-20,WAS,00-0041040,A.Williams,1,-0.58172
2026_03_ARI_SF,2026,3,2026-09-27,ARI,00-0033119,J.Brissett,53,11.17482
2026_03_ARI_SF,2026,3,2026-09-27,SF,00-0037834,B.Purdy,28,25.22684
2026_03_ATL_GB,2026,3,2026-09-24,ATL,00-0039917,M.Penix,25,8.45808
2026_03_ATL_GB,2026,3,2026-09-24,GB,00-0036264,J.Love,54,3.57121
2026_03_BAL_DAL,2026,3,2026-09-27,BAL,00-0034796,L.Jackson,22,12.60867
2026_03_BAL_DAL,2026,3,2026-09-27,DAL,00-0033077,D.Prescott,45,6.60055
2026_03_CAR_CLE,2026,3,2026-09-27,CAR,00-0039150,B.Young,50,-5.8424
2026_03_CAR_CLE,2026,3,2026-09-27,CLE,00-0033537,D.Watson,37,4.74383
2026_03_CAR_CLE,2026,3,2026-09-27,CLE,00-0040668,S.Sanders,1,-0.40442
2026_03_CIN_PIT,2026,3,2026-09-27,CIN,00-0036442,J.Burrow,40,15.13153
2026_03_CIN_PIT,2026,3,2026-09-27,PIT,00-0023459,A.Rodgers,36,8.56578
2026_03_HOU_IND,2026,3,2026-09-27,HOU,00-0039163,C.Stroud,31,-1.30359
2026_03_HOU_IND,2026,3,2026-09-27,IND,00-0035710,D.Jones,41,-5.32453
2026_03_KC_MIA,2026,3,2026-09-27,KC,00-0033873,P.Mahomes,25,12.34339
2026_03_KC_MIA,2026,3,2026-09-27,MIA,00-0038128,M.Willis,42,-0.58276
2026_03_LAC_BUF,2026,3,2026-09-27,BUF,00-0034857,J.Allen,31,-3.45822
2026_03_LAC_BUF,2026,3,2026-09-27,LAC,00-0036355,J.Herbert,38,-6.33181
2026_03_LA_DEN,2026,3,2026-09-27,DEN,00-0039732,B.Nix,35,-3.17878
2026_03_LA_DEN,2026,3,2026-09-27,LA,00-0026498,M.Stafford,58,0.96328
2026_03_LV_NO,2026,3,2026-09-27,LV,00-0029604,K.Cousins,37,10.82884
2026_03_LV_NO,2026,3,2026-09-27,NO,00-0040743,T.Shough,45,-5.02991
2026_03_MIN_TB,2026,3,2026-09-27,MIN,00-0035228,K.Murray,34,-10.32243
2026_03_MIN_TB,2026,3,2026-09-27,TB,00-0034855,B.Mayfield,42,-10.3031
2026_03_MIN_TB,2026,3,2026-09-27,TB,00-0041251,J.Daniels,4,-0.32288
2026_03_NE_JAX,2026,3,2026-09-27,JAX,00-0036971,T.Lawrence,31,7.05831
2026_03_NE_JAX,2026,3,2026-09-27,NE,00-0038476,T.DeVito,6,-0.94571
2026_03_NE_JAX,2026,3,2026-09-27,NE,00-0039851,D.Maye,30,-12.04444
2026_03_NE_JAX,2026,3,2026-09-27,NE,00-0040563,E.Chism,1,0.79253
2026_03_NYJ_DET,2026,3,2026-09-27,DET,00-0033106,J.Goff,36,11.15634
2026_03_NYJ_DET,2026,3,2026-09-27,NYJ,00-0030565,G.Smith,44,10.64167
2026_03_PHI_CHI,2026,3,2026-09-28,CHI,00-0028986,C.Keenum,35,6.47143
2026_03_PHI_CHI,2026,3,2026-09-28,PHI,00-0027973,A.Dalton,1,-5.56907
2026_03_PHI_CHI,2026,3,2026-09-28,PHI,00-0036389,J.Hurts,30,-14.11394
2026_03_SEA_WAS,2026,3,2026-09-27,SEA,00-0034869,S.Darnold,46,5.68634
2026_03_SEA_WAS,2026,3,2026-09-27,SEA,00-0038543,J.Smith-Njigba,1,0.92509
2026_03_SEA_WAS,2026,3,2026-09-27,WAS,00-0032268,M.Mariota,35,2.63746
2026_03_TEN_NYG,2026,3,2026-09-27,NYG,00-0031503,J.Winston,26,-4.69091
2026_03_TEN_NYG,2026,3,2026-09-27,TEN,00-0040676,C.Ward,36,-6.48833
2026_04_PIT_CLE,2026,4,2026-10-01,CLE,00-0033537,D.Watson,37,11.19475
2026_04_PIT_CLE,2026,4,2026-10-01,PIT,00-0023459,A.Rodgers,45,3.3703
