game_id,season,game_type,week,gameday,weekday,gametime,away_team,away_score,home_team,home_score,location,result,total,overtime,espn,away_rest,home_rest,spread_line,away_spread_odds,home_spread_odds,total_line,away_moneyline,home_moneyline,div_game,roof,surface,away_qb_id,home_qb_id,away_qb_name,home_qb_name,stadium_id,stadium
2016_01_CAR_DEN,2016,REG,1,2016-09-08,Thursday,20:30,CAR,20.0,DEN,21.0,Home,1.0,41.0,0.0,400874484,7,7,-3.0,101.0,-111.0,40.5,-150.0,136.0,0,outdoors,grass,00-0027939,00-0032156,Cam Newton,Trevor Siemian,DEN00,Sports Authority Field at Mile High
2016_01_BUF_BAL,2016,REG,1,2016-09-11,Sunday,13:00,BUF,7.0,BAL,13.0,Home,6.0,20.0,0.0,400874510,7,7,3.0,105.0,-116.0,44.5,151.0,-167.0,0,outdoors,grass,00-0028118,00-0026158,Tyrod Taylor,Joe Flacco,BAL00,M&T Bank Stadium
2016_01_CHI_HOU,2016,REG,1,2016-09-11,Sunday,13:00,CHI,14.0,HOU,23.0,Home,9.0,37.0,0.0,400874511,7,7,5.5,-107.0,-103.0,43.0,210.0,-235.0,0,closed,fieldturf,00-0024226,00-0029682,Jay Cutler,Brock Osweiler,HOU00,NRG Stadium
2016_01_CIN_NYJ,2016,REG,1,2016-09-11,Sunday,13:00,CIN,23.0,NYJ,22.0,Home,-1.0,45.0,0.0,400874527,7,7,1.0,-100.0,-110.0,42.0,106.0,-117.0,0,outdoors,fieldturf,00-0027973,00-0023682,Andy Dalton,Ryan Fitzpatrick,NYC01,MetLife Stadium
2016_01_CLE_PHI,2016,REG,1,2016-09-11,Sunday,13:00,CLE,10.0,PHI,29.0,Home,19.0,39.0,0.0,400874520,7,7,3.5,-105.0,-105.0,41.0,162.0,-180.0,0,outdoors,grass,00-0029665,00-0032950,Robert Griffin,Carson Wentz,PHI00,Lincoln Financial Field
2016_01_DET_IND,2016,REG,1,2016-09-11,Sunday,16:25,DET,39.0,IND,35.0,Home,-4.0,74.0,0.0,400874573,7,7,2.5,107.0,-118.0,51.5,131.0,-145.0,0,open,fieldturf,00-0026498,00-0029668,Matthew Stafford,Andrew Luck,IND00,Lucas Oil Stadium
2016_01_GB_JAX,2016,REG,1,2016-09-11,Sunday,13:00,GB,27.0,JAX,23.0,Home,-4.0,50.0,0.0,400874486,7,7,-3.5,-100.0,-110.0,47.0,-179.0,161.0,0,outdoors,grass,00-0023459,00-0031407,Aaron Rodgers,Blake Bortles,JAX00,EverBank Field
2016_01_MIA_SEA,2016,REG,1,2016-09-11,Sunday,16:05,MIA,10.0,SEA,12.0,Home,2.0,22.0,0.0,400874577,7,7,10.5,-110.0,-100.0,43.5,423.0,-500.0,0,outdoors,fieldturf,00-0029701,00-0029263,Ryan Tannehill,Russell Wilson,SEA00,CenturyLink Field
2016_01_MIN_TEN,2016,REG,1,2016-09-11,Sunday,13:00,MIN,25.0,TEN,16.0,Home,-9.0,41.0,0.0,400874524,7,7,-2.5,-100.0,-110.0,40.0,-127.0,115.0,0,outdoors,grass,00-0020679,00-0032268,Shaun Hill,Marcus Mariota,NAS00,Nissan Stadium
2016_01_NE_ARI,2016,REG,1,2016-09-11,Sunday,20:30,NE,23.0,ARI,21.0,Home,-2.0,44.0,0.0,400874539,7,7,9.0,-103.0,-107.0,44.5,330.0,-380.0,0,closed,grass,00-0031345,00-0021429,Jimmy Garoppolo,Carson Palmer,PHO00,University of Phoenix Stadium
2016_01_NYG_DAL,2016,REG,1,2016-09-11,Sunday,16:25,NYG,20.0,DAL,19.0,Home,-1.0,39.0,0.0,400874574,7,7,1.0,-105.0,-105.0,47.5,102.0,-113.0,1,closed,matrixturf,00-0022803,00-0033077,Eli Manning,Dak Prescott,DAL00,AT&T Stadium
2016_01_OAK_NO,2016,REG,1,2016-09-11,Sunday,13:00,LV,35.0,NO,34.0,Home,-1.0,69.0,0.0,400874543,7,7,2.5,111.0,-123.0,50.0,133.0,-147.0,0,dome,sportturf,00-0031280,00-0020531,Derek Carr,Drew Brees,NOR00,Mercedes-Benz Superdome
2016_01_SD_KC,2016,REG,1,2016-09-11,Sunday,13:00,LAC,27.0,KC,33.0,Home,6.0,60.0,1.0,400874570,7,7,6.5,-105.0,-105.0,45.5,244.0,-275.0,1,outdoors,grass,00-0022942,00-0023436,Philip Rivers,Alex Smith,KAN00,Arrowhead Stadium
2016_01_TB_ATL,2016,REG,1,2016-09-11,Sunday,13:00,TB,31.0,ATL,24.0,Home,-7.0,55.0,0.0,400874522,7,7,2.5,-102.0,-108.0,46.5,120.0,-133.0,1,dome,fieldturf,00-0031503,00-0026143,Jameis Winston,Matt Ryan,ATL00,Georgia Dome
2016_01_LA_SF,2016,REG,1,2016-09-12,Monday,22:20,LA,0.0,SF,28.0,Home,28.0,28.0,0.0,400874532,7,7,-2.5,-103.0,-107.0,44.0,-126.0,114.0,1,outdoors,grass,00-0028986,00-0027948,Case Keenum,Blaine Gabbert,SFO01,Levi's Stadium
2016_01_PIT_WAS,2016,REG,1,2016-09-12,Monday,19:10,PIT,38.0,WAS,16.0,Home,-22.0,54.0,0.0,400874537,7,7,-2.5,-110.0,-100.0,49.0,-134.0,121.0,0,outdoors,grass,00-0022924,00-0029604,Ben Roethlisberger,Kirk Cousins,WAS00,FedExField
2016_02_NYJ_BUF,2016,REG,2,2016-09-15,Thursday,20:25,NYJ,37.0,BUF,31.0,Home,-6.0,68.0,0.0,400874530,4,4,1.5,-100.0,-110.0,40.5,113.0,-125.0,1,outdoors,a_turf,00-0023682,00-0028118,Ryan Fitzpatrick,Tyrod Taylor,BUF00,New Era Field
2016_02_ATL_OAK,2016,REG,2,2016-09-18,Sunday,16:25,ATL,35.0,LV,28.0,Home,-7.0,63.0,0.0,400874525,7,7,4.0,-104.0,-106.0,47.5,175.0,-195.0,0,outdoors,grass,00-0026143,00-0031280,Matt Ryan,Derek Carr,OAK00,Oakland-Alameda County Coliseum
2016_02_BAL_CLE,2016,REG,2,2016-09-18,Sunday,13:00,BAL,25.0,CLE,20.0,Home,-5.0,45.0,0.0,400874512,7,7,-4.0,102.0,-113.0,42.0,-190.0,171.0,1,outdoors,grass,00-0026158,00-0021206,Joe Flacco,Josh McCown,CLE00,FirstEnergy Stadium
2016_02_CIN_PIT,2016,REG,2,2016-09-18,Sunday,13:00,CIN,16.0,PIT,24.0,Home,8.0,40.0,0.0,400874487,7,6,3.0,-103.0,-107.0,48.0,146.0,-162.0,1,outdoors,grass,00-0027973,00-0022924,Andy Dalton,Ben Roethlisberger,PIT00,Heinz Field
2016_02_DAL_WAS,2016,REG,2,2016-09-18,Sunday,13:00,DAL,27.0,WAS,23.0,Home,-4.0,50.0,0.0,400874518,7,6,3.5,-108.0,-102.0,47.0,166.0,-185.0,1,outdoors,grass,00-0033077,00-0029604,Dak Prescott,Kirk Cousins,WAS00,FedExField
2016_02_GB_MIN,2016,REG,2,2016-09-18,Sunday,20:30,GB,14.0,MIN,17.0,Home,3.0,31.0,0.0,400874545,7,7,-1.5,-107.0,-103.0,43.0,-119.0,108.0,1,dome,sportturf,00-0023459,00-0027854,Aaron Rodgers,Sam Bradford,MIN01,U.S. Bank Stadium
2016_02_IND_DEN,2016,REG,2,2016-09-18,Sunday,16:25,IND,20.0,DEN,34.0,Home,14.0,54.0,0.0,400874526,7,10,5.0,-105.0,-105.0,47.0,200.0,-224.0,0,outdoors,grass,00-0029668,00-0032156,Andrew Luck,Trevor Siemian,DEN00,Sports Authority Field at Mile High
2016_02_JAX_SD,2016,REG,2,2016-09-18,Sunday,16:25,JAX,14.0,LAC,38.0,Home,24.0,52.0,0.0,400874517,7,7,3.0,-115.0,104.0,47.5,131.0,-145.0,0,outdoors,grass,00-0031407,00-0022942,Blake Bortles,Philip Rivers,SDG00,Qualcomm Stadium
2016_02_KC_HOU,2016,REG,2,2016-09-18,Sunday,13:00,KC,12.0,HOU,19.0,Home,7.0,31.0,0.0,400874549,7,7,-1.0,-100.0,-110.0,41.5,-107.0,-103.0,0,closed,fieldturf,00-0023436,00-0029682,Alex Smith,Brock Osweiler,HOU00,NRG Stadium
2016_02_MIA_NE,2016,REG,2,2016-09-18,Sunday,13:00,MIA,24.0,NE,31.0,Home,7.0,55.0,0.0,400874541,7,7,5.5,-108.0,-102.0,42.0,205.0,-230.0,1,outdoors,fieldturf,00-0029701,00-0031345,Ryan Tannehill,Jimmy Garoppolo,BOS00,Gillette Stadium
2016_02_NO_NYG,2016,REG,2,2016-09-18,Sunday,13:00,NO,13.0,NYG,16.0,Home,3.0,29.0,0.0,400874529,7,7,3.5,-101.0,-109.0,54.0,171.0,-190.0,0,outdoors,fieldturf,00-0020531,00-0022803,Drew Brees,Eli Manning,NYC01,MetLife Stadium
2016_02_SEA_LA,2016,REG,2,2016-09-18,Sunday,16:05,SEA,3.0,LA,9.0,Home,6.0,12.0,0.0,400874514,7,6,-5.5,-103.0,-107.0,38.0,-235.0,210.0,1,outdoors,grass,00-0029263,00-0028986,Russell Wilson,Case Keenum,LAX99,Los Angeles Memorial Coliseum
2016_02_SF_CAR,2016,REG,2,2016-09-18,Sunday,13:00,SF,27.0,CAR,46.0,Home,19.0,73.0,0.0,400874535,6,10,12.0,-109.0,-101.0,44.5,447.0,-550.0,0,outdoors,grass,00-0027948,00-0027939,Blaine Gabbert,Cam Newton,CAR00,Bank of America Stadium
2016_02_TB_ARI,2016,REG,2,2016-09-18,Sunday,13:00,TB,7.0,ARI,40.0,Home,33.0,47.0,0.0,400874515,7,7,7.5,-119.0,108.0,49.5,289.0,-330.0,0,closed,grass,00-0031503,00-0021429,Jameis Winston,Carson Palmer,PHO00,University of Phoenix Stadium
2016_02_TEN_DET,2016,REG,2,2016-09-18,Sunday,13:00,TEN,16.0,DET,15.0,Home,-1.0,31.0,0.0,400874488,7,7,6.0,-102.0,-108.0,48.0,231.0,-260.0,0,dome,fieldturf,00-0032268,00-0026498,Marcus Mariota,Matthew Stafford,DET00,Ford Field
2016_02_PHI_CHI,2016,REG,2,2016-09-19,Monday,20:30,PHI,29.0,CHI,14.0,Home,-15.0,43.0,0.0,400874547,8,8,3.0,-100.0,-110.0,42.5,144.0,-160.0,0,outdoors,grass,00-0032950,00-0024226,Carson Wentz,Jay Cutler,CHI98,Soldier Field
2016_03_HOU_NE,2016,REG,3,2016-09-22,Thursday,20:25,HOU,0.0,NE,27.0,Home,27.0,27.0,0.0,400874551,4,4,1.0,101.0,-111.0,38.5,106.0,-117.0,0,outdoors,fieldturf,00-0029682,00-0033119,Brock Osweiler,Jacoby Brissett,BOS00,Gillette Stadium
2016_03_ARI_BUF,2016,REG,3,2016-09-25,Sunday,13:00,ARI,18.0,BUF,33.0,Home,15.0,51.0,0.0,400874558,7,10,-5.0,-104.0,-106.0,48.0,-218.0,195.0,0,outdoors,a_turf,00-0021429,00-0028118,Carson Palmer,Tyrod Taylor,BUF00,New Era Field
2016_03_BAL_JAX,2016,REG,3,2016-09-25,Sunday,13:00,BAL,19.0,JAX,17.0,Home,-2.0,36.0,0.0,400874567,7,7,-1.0,-109.0,-101.0,45.0,-115.0,104.0,0,outdoors,grass,00-0026158,00-0031407,Joe Flacco,Blake Bortles,JAX00,EverBank Field
2016_03_CHI_DAL,2016,REG,3,2016-09-25,Sunday,20:30,CHI,17.0,DAL,31.0,Home,14.0,48.0,0.0,400874650,6,7,6.5,-107.0,-103.0,45.0,231.0,-260.0,0,closed,matrixturf,00-0026625,00-0033077,Brian Hoyer,Dak Prescott,DAL00,AT&T Stadium
2016_03_CLE_MIA,2016,REG,3,2016-09-25,Sunday,13:00,CLE,24.0,MIA,30.0,Home,6.0,54.0,1.0,400874565,7,7,10.0,-105.0,-105.0,42.0,361.0,-420.0,0,outdoors,grass,00-0033104,00-0029701,Cody Kessler,Ryan Tannehill,MIA00,Hard Rock Stadium
2016_03_DEN_CIN,2016,REG,3,2016-09-25,Sunday,13:00,DEN,29.0,CIN,17.0,Home,-12.0,46.0,0.0,400874613,7,7,3.5,-109.0,-101.0,42.0,165.0,-183.0,0,outdoors,fieldturf,00-0032156,00-0027973,Trevor Siemian,Andy Dalton,CIN00,Paul Brown Stadium
2016_03_DET_GB,2016,REG,3,2016-09-25,Sunday,13:00,DET,27.0,GB,34.0,Home,7.0,61.0,0.0,400874610,7,7,6.0,-102.0,-108.0,47.5,231.0,-260.0,1,outdoors,grass,00-0026498,00-0023459,Matthew Stafford,Aaron Rodgers,GNB00,Lambeau Field
2016_03_LA_TB,2016,REG,3,2016-09-25,Sunday,16:05,LA,37.0,TB,32.0,Home,-5.0,69.0,0.0,400874618,7,7,3.5,-103.0,-107.0,40.5,156.0,-173.0,0,outdoors,grass,00-0028986,00-0031503,Case Keenum,Jameis Winston,TAM00,Raymond James Stadium
2016_03_MIN_CAR,2016,REG,3,2016-09-25,Sunday,13:00,MIN,22.0,CAR,10.0,Home,-12.0,32.0,0.0,400874615,7,7,6.0,-108.0,-102.0,43.0,231.0,-260.0,0,outdoors,grass,00-0027854,00-0027939,Sam Bradford,Cam Newton,CAR00,Bank of America Stadium
2016_03_NYJ_KC,2016,REG,3,2016-09-25,Sunday,16:25,NYJ,3.0,KC,24.0,Home,21.0,27.0,0.0,400874623,10,7,3.0,106.0,-117.0,44.5,150.0,-166.0,0,outdoors,grass,00-0023682,00-0023436,Ryan Fitzpatrick,Alex Smith,KAN00,Arrowhead Stadium
2016_03_OAK_TEN,2016,REG,3,2016-09-25,Sunday,13:00,LV,17.0,TEN,10.0,Home,-7.0,27.0,0.0,400874562,7,7,-1.5,-107.0,-103.0,47.0,-120.0,109.0,0,outdoors,grass,00-0031280,00-0032268,Derek Carr,Marcus Mariota,NAS00,Nissan Stadium
2016_03_PIT_PHI,2016,REG,3,2016-09-25,Sunday,16:25,PIT,3.0,PHI,34.0,Home,31.0,37.0,0.0,400874628,7,6,-3.5,-105.0,-105.0,46.5,-190.0,171.0,0,outdoors,grass,00-0022924,00-0032950,Ben Roethlisberger,Carson Wentz,PHI00,Lincoln Financial Field
2016_03_SD_IND,2016,REG,3,2016-09-25,Sunday,16:25,LAC,22.0,IND,26.0,Home,4.0,48.0,0.0,400874624,7,7,1.5,102.0,-113.0,51.5,115.0,-127.0,0,closed,fieldturf,00-0022942,00-0029668,Philip Rivers,Andrew Luck,IND00,Lucas Oil Stadium
2016_03_SF_SEA,2016,REG,3,2016-09-25,Sunday,16:05,SF,18.0,SEA,37.0,Home,19.0,55.0,0.0,400874620,7,7,10.5,-109.0,-101.0,42.0,391.0,-458.0,1,outdoors,fieldturf,00-0027948,00-0029263,Blaine Gabbert,Russell Wilson,SEA00,CenturyLink Field
2016_03_WAS_NYG,2016,REG,3,2016-09-25,Sunday,13:00,WAS,29.0,NYG,27.0,Home,-2.0,56.0,0.0,400874682,7,7,3.5,-113.0,102.0,47.0,157.0,-174.0,1,outdoors,fieldturf,00-0029604,00-0022803,Kirk Cousins,Eli Manning,NYC01,MetLife Stadium
2016_03_ATL_NO,2016,REG,3,2016-09-26,Monday,20:30,ATL,45.0,NO,32.0,Home,-13.0,77.0,0.0,400874653,8,8,2.5,115.0,-127.0,54.0,142.0,-157.0,1,dome,sportturf,00-0026143,00-0020531,Matt Ryan,Drew Brees,NOR00,Mercedes-Benz Superdome
2016_04_MIA_CIN,2016,REG,4,2016-09-29,Thursday,20:25,MIA,7.0,CIN,22.0,Home,15.0,29.0,0.0,400874655,4,4,7.5,-113.0,102.0,46.0,297.0,-340.0,0,outdoors,fieldturf,00-0029701,00-0027973,Ryan Tannehill,Andy Dalton,CIN00,Paul Brown Stadium
2016_04_BUF_NE,2016,REG,4,2016-10-02,Sunday,13:00,BUF,16.0,NE,0.0,Home,-16.0,16.0,0.0,400874663,7,10,3.5,-115.0,104.0,41.0,153.0,-170.0,1,outdoors,fieldturf,00-0028118,00-0033119,Tyrod Taylor,Jacoby Brissett,BOS00,Gillette Stadium
2016_04_CAR_ATL,2016,REG,4,2016-10-02,Sunday,13:00,CAR,33.0,ATL,48.0,Home,15.0,81.0,0.0,400874664,7,6,-2.5,-114.0,103.0,48.5,-138.0,125.0,1,dome,fieldturf,00-0027939,00-0026143,Cam Newton,Matt Ryan,ATL00,Georgia Dome
2016_04_CLE_WAS,2016,REG,4,2016-10-02,Sunday,13:00,CLE,20.0,WAS,31.0,Home,11.0,51.0,0.0,400874660,7,7,7.5,-100.0,-110.0,48.0,297.0,-340.0,0,outdoors,grass,00-0033104,00-0029604,Cody Kessler,Kirk Cousins,WAS00,FedExField
2016_04_DAL_SF,2016,REG,4,2016-10-02,Sunday,16:25,DAL,24.0,SF,17.0,Home,-7.0,41.0,0.0,400874674,7,7,-1.0,-116.0,105.0,44.0,-123.0,111.0,0,outdoors,grass,00-0033077,00-0027948,Dak Prescott,Blaine Gabbert,SFO01,Levi's Stadium
2016_04_DEN_TB,2016,REG,4,2016-10-02,Sunday,16:05,DEN,27.0,TB,7.0,Home,-20.0,34.0,0.0,400874669,7,7,-3.5,102.0,-113.0,43.0,-173.0,156.0,0,outdoors,grass,00-0032156,00-0031503,Trevor Siemian,Jameis Winston,TAM00,Raymond James Stadium
2016_04_DET_CHI,2016,REG,4,2016-10-02,Sunday,13:00,DET,14.0,CHI,17.0,Home,3.0,31.0,0.0,400874668,7,7,-3.0,-124.0,112.0,48.0,-177.0,159.0,1,outdoors,grass,00-0026498,00-0026625,Matthew Stafford,Brian Hoyer,CHI98,Soldier Field
2016_04_IND_JAX,2016,REG,4,2016-10-02,Sunday,09:30,IND,27.0,JAX,30.0,Neutral,3.0,57.0,0.0,400874657,7,7,1.0,-113.0,102.0,48.0,-104.0,-106.0,1,outdoors,grass,00-0029668,00-0031407,Andrew Luck,Blake Bortles,LON00,Wembley Stadium
2016_04_KC_PIT,2016,REG,4,2016-10-02,Sunday,20:30,KC,14.0,PIT,43.0,Home,29.0,57.0,0.0,400874675,7,7,3.0,111.0,-123.0,48.0,159.0,-177.0,0,outdoors,grass,00-0023436,00-0022924,Alex Smith,Ben Roethlisberger,PIT00,Heinz Field
2016_04_LA_ARI,2016,REG,4,2016-10-02,Sunday,16:25,LA,17.0,ARI,13.0,Home,-4.0,30.0,0.0,400874671,7,7,10.0,-114.0,103.0,43.5,357.0,-414.0,1,closed,grass,00-0028986,00-0021429,Case Keenum,Carson Palmer,PHO00,University of Phoenix Stadium
2016_04_NO_SD,2016,REG,4,2016-10-02,Sunday,16:25,NO,35.0,LAC,34.0,Home,-1.0,69.0,0.0,400874672,6,7,4.0,-102.0,-108.0,54.0,176.0,-196.0,0,outdoors,grass,00-0020531,00-0022942,Drew Brees,Philip Rivers,SDG00,Qualcomm Stadium
2016_04_OAK_BAL,2016,REG,4,2016-10-02,Sunday,13:00,LV,28.0,BAL,27.0,Home,-1.0,55.0,0.0,400874666,7,7,3.5,-110.0,-100.0,45.0,166.0,-185.0,0,outdoors,grass,00-0031280,00-0026158,Derek Carr,Joe Flacco,BAL00,M&T Bank Stadium
2016_04_SEA_NYJ,2016,REG,4,2016-10-02,Sunday,13:00,SEA,27.0,NYJ,17.0,Home,-10.0,44.0,0.0,400874662,7,7,-1.0,-105.0,-105.0,40.0,-113.0,102.0,0,outdoors,fieldturf,00-0029263,00-0023682,Russell Wilson,Ryan Fitzpatrick,NYC01,MetLife Stadium
2016_04_TEN_HOU,2016,REG,4,2016-10-02,Sunday,13:00,TEN,20.0,HOU,27.0,Home,7.0,47.0,0.0,400874658,7,10,4.0,-105.0,-105.0,40.0,176.0,-196.0,1,closed,fieldturf,00-0032268,00-0029682,Marcus Mariota,Brock Osweiler,HOU00,NRG Stadium
2016_04_NYG_MIN,2016,REG,4,2016-10-03,Monday,20:30,NYG,10.0,MIN,24.0,Home,14.0,34.0,0.0,400874677,8,8,3.5,102.0,-113.0,42.5,175.0,-195.0,0,dome,sportturf,00-0022803,00-0027854,Eli Manning,Sam Bradford,MIN01,U.S. Bank Stadium
2016_05_ARI_SF,2016,REG,5,2016-10-06,Thursday,20:25,ARI,33.0,SF,21.0,Home,-12.0,54.0,0.0,400874483,4,4,-3.5,-106.0,-104.0,42.5,-188.0,169.0,1,outdoors,grass,00-0025430,00-0027948,Drew Stanton,Blaine Gabbert,SFO01,Levi's Stadium
2016_05_ATL_DEN,2016,REG,5,2016-10-09,Sunday,16:05,ATL,23.0,DEN,16.0,Home,-7.0,39.0,0.0,400874607,7,7,3.5,102.0,-113.0,44.5,175.0,-195.0,0,outdoors,grass,00-0026143,00-0033108,Matt Ryan,Paxton Lynch,DEN00,Sports Authority Field at Mile High
2016_05_BUF_LA,2016,REG,5,2016-10-09,Sunday,16:25,BUF,30.0,LA,19.0,Home,-11.0,49.0,0.0,400874633,7,7,-2.5,-105.0,-105.0,41.5,-128.0,116.0,0,outdoors,grass,00-0028118,00-0028986,Tyrod Taylor,Case Keenum,LAX99,Los Angeles Memorial Coliseum
2016_05_CHI_IND,2016,REG,5,2016-10-09,Sunday,13:00,CHI,23.0,IND,29.0,Home,6.0,52.0,0.0,400874548,7,7,4.0,-105.0,-105.0,47.5,181.0,-202.0,0,open,fieldturf,00-0026625,00-0029668,Brian Hoyer,Andrew Luck,IND00,Lucas Oil Stadium
2016_05_CIN_DAL,2016,REG,5,2016-10-09,Sunday,16:25,CIN,14.0,DAL,28.0,Home,14.0,42.0,0.0,400874630,10,7,-2.5,-104.0,-106.0,46.0,-127.0,115.0,0,closed,matrixturf,00-0027973,00-0033077,Andy Dalton,Dak Prescott,DAL00,AT&T Stadium
2016_05_HOU_MIN,2016,REG,5,2016-10-09,Sunday,13:00,HOU,13.0,MIN,31.0,Home,18.0,44.0,0.0,400874595,7,6,6.0,-105.0,-105.0,39.0,222.0,-250.0,0,dome,sportturf,00-0029682,00-0027854,Brock Osweiler,Sam Bradford,MIN01,U.S. Bank Stadium
2016_05_NE_CLE,2016,REG,5,2016-10-09,Sunday,13:00,NE,33.0,CLE,13.0,Home,-20.0,46.0,0.0,400874519,7,7,-10.0,-100.0,-110.0,47.5,-450.0,385.0,0,outdoors,grass,00-0019596,00-0033104,Tom Brady,Cody Kessler,CLE00,FirstEnergy Stadium
2016_05_NYG_GB,2016,REG,5,2016-10-09,Sunday,20:30,NYG,16.0,GB,23.0,Home,7.0,39.0,0.0,400874640,6,14,7.0,-110.0,-100.0,49.0,271.0,-308.0,0,outdoors,grass,00-0022803,00-0023459,Eli Manning,Aaron Rodgers,GNB00,Lambeau Field
2016_05_NYJ_PIT,2016,REG,5,2016-10-09,Sunday,13:00,NYJ,13.0,PIT,31.0,Home,18.0,44.0,0.0,400874602,7,7,10.0,-123.0,111.0,50.0,338.0,-390.0,0,outdoors,grass,00-0023682,00-0022924,Ryan Fitzpatrick,Ben Roethlisberger,PIT00,Heinz Field
2016_05_PHI_DET,2016,REG,5,2016-10-09,Sunday,13:00,PHI,23.0,DET,24.0,Home,1.0,47.0,0.0,400874533,14,7,-3.5,-102.0,-108.0,46.0,-185.0,166.0,0,dome,fieldturf,00-0032950,00-0026498,Carson Wentz,Matthew Stafford,DET00,Ford Field
2016_05_SD_OAK,2016,REG,5,2016-10-09,Sunday,16:25,LAC,31.0,LV,34.0,Home,3.0,65.0,0.0,400874636,7,7,3.5,-101.0,-109.0,50.5,166.0,-185.0,1,outdoors,grass,00-0022942,00-0031280,Philip Rivers,Derek Carr,OAK00,Oakland-Alameda County Coliseum
2016_05_TEN_MIA,2016,REG,5,2016-10-09,Sunday,13:00,TEN,30.0,MIA,17.0,Home,-13.0,47.0,0.0,400874581,7,10,2.5,-102.0,-108.0,44.5,121.0,-134.0,0,outdoors,grass,00-0032268,00-0029701,Marcus Mariota,Ryan Tannehill,MIA00,Hard Rock Stadium
2016_05_WAS_BAL,2016,REG,5,2016-10-09,Sunday,13:00,WAS,16.0,BAL,10.0,Home,-6.0,26.0,0.0,400874590,7,7,4.0,-108.0,-102.0,44.5,175.0,-195.0,0,outdoors,grass,00-0029604,00-0026158,Kirk Cousins,Joe Flacco,BAL00,M&T Bank Stadium
2016_05_TB_CAR,2016,REG,5,2016-10-10,Monday,20:30,TB,17.0,CAR,14.0,Home,-3.0,31.0,0.0,400874648,8,8,6.0,-107.0,-103.0,46.5,217.0,-244.0,1,outdoors,grass,00-0031503,00-0023645,Jameis Winston,Derek Anderson,CAR00,Bank of America Stadium
2016_06_DEN_SD,2016,REG,6,2016-10-13,Thursday,20:25,DEN,13.0,LAC,21.0,Home,8.0,34.0,0.0,400874693,4,4,-3.0,-100.0,-110.0,44.0,-150.0,136.0,1,outdoors,grass,00-0032156,00-0022942,Trevor Siemian,Philip Rivers,SDG00,Qualcomm Stadium
2016_06_ATL_SEA,2016,REG,6,2016-10-16,Sunday,16:25,ATL,24.0,SEA,26.0,Home,2.0,50.0,0.0,400874732,7,14,7.0,-107.0,-103.0,45.5,266.0,-302.0,0,outdoors,fieldturf,00-0026143,00-0029263,Matt Ryan,Russell Wilson,SEA00,CenturyLink Field
2016_06_BAL_NYG,2016,REG,6,2016-10-16,Sunday,13:00,BAL,23.0,NYG,27.0,Home,4.0,50.0,0.0,400874705,7,7,3.5,102.0,-113.0,42.5,171.0,-190.0,0,outdoors,fieldturf,00-0026158,00-0022803,Joe Flacco,Eli Manning,NYC01,MetLife Stadium
2016_06_CAR_NO,2016,REG,6,2016-10-16,Sunday,13:00,CAR,38.0,NO,41.0,Home,3.0,79.0,0.0,400874707,6,14,-2.5,-117.0,106.0,53.5,-139.0,126.0,1,dome,sportturf,00-0027939,00-0020531,Cam Newton,Drew Brees,NOR00,Mercedes-Benz Superdome
2016_06_CIN_NE,2016,REG,6,2016-10-16,Sunday,13:00,CIN,17.0,NE,35.0,Home,18.0,52.0,0.0,400874736,7,7,7.5,-117.0,106.0,48.5,293.0,-335.0,0,outdoors,fieldturf,00-0027973,00-0019596,Andy Dalton,Tom Brady,BOS00,Gillette Stadium
2016_06_CLE_TEN,2016,REG,6,2016-10-16,Sunday,13:00,CLE,26.0,TEN,28.0,Home,2.0,54.0,0.0,400874703,7,7,7.5,-108.0,-102.0,45.0,285.0,-325.0,0,outdoors,grass,00-0033104,00-0032268,Cody Kessler,Marcus Mariota,NAS00,Nissan Stadium
2016_06_DAL_GB,2016,REG,6,2016-10-16,Sunday,16:25,DAL,30.0,GB,16.0,Home,-14.0,46.0,0.0,400874733,7,7,5.0,-102.0,-108.0,47.0,211.0,-237.0,0,outdoors,grass,00-0033077,00-0023459,Dak Prescott,Aaron Rodgers,GNB00,Lambeau Field
2016_06_IND_HOU,2016,REG,6,2016-10-16,Sunday,20:30,IND,23.0,HOU,26.0,Home,3.0,49.0,1.0,400874734,7,7,3.0,-100.0,-110.0,47.5,144.0,-160.0,1,closed,fieldturf,00-0029668,00-0029682,Andrew Luck,Brock Osweiler,HOU00,NRG Stadium
2016_06_JAX_CHI,2016,REG,6,2016-10-16,Sunday,13:00,JAX,17.0,CHI,16.0,Home,-1.0,33.0,0.0,400874708,14,7,2.5,106.0,-117.0,46.0,126.0,-139.0,0,outdoors,grass,00-0031407,00-0026625,Blake Bortles,Brian Hoyer,CHI98,Soldier Field
2016_06_KC_OAK,2016,REG,6,2016-10-16,Sunday,16:05,KC,26.0,LV,10.0,Home,-16.0,36.0,0.0,400874731,14,7,-1.0,-115.0,104.0,46.5,-123.0,111.0,1,outdoors,grass,00-0023436,00-0031280,Alex Smith,Derek Carr,OAK00,Oakland-Alameda County Coliseum
2016_06_LA_DET,2016,REG,6,2016-10-16,Sunday,13:00,LA,28.0,DET,31.0,Home,3.0,59.0,0.0,400874709,7,7,2.5,111.0,-123.0,44.0,131.0,-145.0,0,dome,fieldturf,00-0028986,00-0026498,Case Keenum,Matthew Stafford,DET00,Ford Field
2016_06_PHI_WAS,2016,REG,6,2016-10-16,Sunday,13:00,PHI,20.0,WAS,27.0,Home,7.0,47.0,0.0,400874701,7,7,-3.0,-101.0,-109.0,45.0,-150.0,136.0,1,outdoors,grass,00-0032950,00-0029604,Carson Wentz,Kirk Cousins,WAS00,FedExField
2016_06_PIT_MIA,2016,REG,6,2016-10-16,Sunday,13:00,PIT,15.0,MIA,30.0,Home,15.0,45.0,0.0,400874730,7,7,-7.5,106.0,-117.0,49.5,-305.0,269.0,0,outdoors,grass,00-0022924,00-0029701,Ben Roethlisberger,Ryan Tannehill,MIA00,Hard Rock Stadium
2016_06_SF_BUF,2016,REG,6,2016-10-16,Sunday,13:00,SF,16.0,BUF,45.0,Home,29.0,61.0,0.0,400874698,10,7,7.5,-113.0,102.0,44.0,269.0,-305.0,0,outdoors,a_turf,00-0027974,00-0028118,Colin Kaepernick,Tyrod Taylor,BUF00,New Era Field
2016_06_NYJ_ARI,2016,REG,6,2016-10-17,Monday,20:30,NYJ,3.0,ARI,28.0,Home,25.0,31.0,0.0,400874735,8,11,7.5,-102.0,-108.0,46.0,305.0,-350.0,0,closed,grass,00-0023682,00-0021429,Ryan Fitzpatrick,Carson Palmer,PHO00,University of Phoenix Stadium
2016_07_CHI_GB,2016,REG,7,2016-10-20,Thursday,20:25,CHI,10.0,GB,26.0,Home,16.0,36.0,0.0,400874429,4,4,7.5,-117.0,106.0,46.5,293.0,-335.0,1,outdoors,grass,00-0026625,00-0023459,Brian Hoyer,Aaron Rodgers,GNB00,Lambeau Field
2016_07_BAL_NYJ,2016,REG,7,2016-10-23,Sunday,13:00,BAL,16.0,NYJ,24.0,Home,8.0,40.0,0.0,400874501,7,6,2.0,-103.0,-107.0,40.5,111.0,-123.0,0,outdoors,fieldturf,00-0026158,00-0030565,Joe Flacco,Geno Smith,NYC01,MetLife Stadium
2016_07_BUF_MIA,2016,REG,7,2016-10-23,Sunday,13:00,BUF,25.0,MIA,28.0,Home,3.0,53.0,0.0,400874500,7,7,-2.5,-109.0,-101.0,46.0,-134.0,121.0,1,outdoors,grass,00-0028118,00-0029701,Tyrod Taylor,Ryan Tannehill,MIA00,Hard Rock Stadium
2016_07_CLE_CIN,2016,REG,7,2016-10-23,Sunday,13:00,CLE,17.0,CIN,31.0,Home,14.0,48.0,0.0,400874494,7,7,11.5,-105.0,-105.0,46.5,480.0,-575.0,1,outdoors,fieldturf,00-0033104,00-0027973,Cody Kessler,Andy Dalton,CIN00,Paul Brown Stadium
2016_07_IND_TEN,2016,REG,7,2016-10-23,Sunday,13:00,IND,34.0,TEN,26.0,Home,-8.0,60.0,0.0,400874492,7,7,4.0,-104.0,-106.0,48.5,175.0,-195.0,1,outdoors,grass,00-0029668,00-0032268,Andrew Luck,Marcus Mariota,NAS00,Nissan Stadium
2016_07_MIN_PHI,2016,REG,7,2016-10-23,Sunday,13:00,MIN,10.0,PHI,21.0,Home,11.0,31.0,0.0,400874493,14,7,-2.5,-108.0,-102.0,39.0,-128.0,116.0,0,outdoors,grass,00-0027854,00-0032950,Sam Bradford,Carson Wentz,PHI00,Lincoln Financial Field
2016_07_NE_PIT,2016,REG,7,2016-10-23,Sunday,16:25,NE,27.0,PIT,16.0,Home,-11.0,43.0,0.0,400874506,7,7,-7.5,111.0,-123.0,49.0,-295.0,260.0,0,outdoors,grass,00-0019596,00-0030524,Tom Brady,Landry Jones,PIT00,Heinz Field
2016_07_NO_KC,2016,REG,7,2016-10-23,Sunday,13:00,NO,21.0,KC,27.0,Home,6.0,48.0,0.0,400874491,7,7,6.0,-107.0,-103.0,51.0,218.0,-245.0,0,outdoors,grass,00-0020531,00-0023436,Drew Brees,Alex Smith,KAN00,Arrowhead Stadium
2016_07_NYG_LA,2016,REG,7,2016-10-23,Sunday,09:30,NYG,17.0,LA,10.0,Neutral,-7.0,27.0,0.0,400874490,7,7,-3.0,104.0,-115.0,44.5,-145.0,131.0,0,outdoors,grass,00-0022803,00-0028986,Eli Manning,Case Keenum,LON01,Twickenham Stadium
2016_07_OAK_JAX,2016,REG,7,2016-10-23,Sunday,13:00,LV,33.0,JAX,16.0,Home,-17.0,49.0,0.0,400874498,7,7,1.5,-100.0,-110.0,47.5,111.0,-123.0,0,outdoors,grass,00-0031280,00-0031407,Derek Carr,Blake Bortles,JAX00,EverBank Field
2016_07_SD_ATL,2016,REG,7,2016-10-23,Sunday,16:05,LAC,33.0,ATL,30.0,Home,-3.0,63.0,1.0,400874505,10,7,4.5,-103.0,-107.0,52.5,186.0,-208.0,0,dome,fieldturf,00-0022942,00-0026143,Philip Rivers,Matt Ryan,ATL00,Georgia Dome
2016_07_SEA_ARI,2016,REG,7,2016-10-23,Sunday,20:30,SEA,6.0,ARI,6.0,Home,0.0,12.0,1.0,400874508,7,6,2.5,-100.0,-110.0,43.0,121.0,-134.0,1,closed,grass,00-0029263,00-0021429,Russell Wilson,Carson Palmer,PHO00,University of Phoenix Stadium
2016_07_TB_SF,2016,REG,7,2016-10-23,Sunday,16:05,TB,34.0,SF,17.0,Home,-17.0,51.0,0.0,400874503,13,7,1.0,-103.0,-107.0,45.0,104.0,-115.0,0,outdoors,grass,00-0031503,00-0027974,Jameis Winston,Colin Kaepernick,SFO01,Levi's Stadium
2016_07_WAS_DET,2016,REG,7,2016-10-23,Sunday,13:00,WAS,17.0,DET,20.0,Home,3.0,37.0,0.0,400874496,7,7,-1.0,101.0,-111.0,50.0,-105.0,-105.0,0,dome,fieldturf,00-0029604,00-0026498,Kirk Cousins,Matthew Stafford,DET00,Ford Field
2016_07_HOU_DEN,2016,REG,7,2016-10-24,Monday,20:30,HOU,9.0,DEN,27.0,Home,18.0,36.0,0.0,400874509,8,11,8.5,-107.0,-103.0,40.0,334.0,-385.0,0,outdoors,grass,00-0029682,00-0032156,Brock Osweiler,Trevor Siemian,DEN00,Sports Authority Field at Mile High
2016_08_JAX_TEN,2016,REG,8,2016-10-27,Thursday,20:25,JAX,22.0,TEN,36.0,Home,14.0,58.0,0.0,400874553,4,4,3.0,-118.0,107.0,43.5,130.0,-144.0,1,outdoors,grass,00-0031407,00-0032268,Blake Bortles,Marcus Mariota,NAS00,Nissan Stadium
2016_08_ARI_CAR,2016,REG,8,2016-10-30,Sunday,13:00,ARI,20.0,CAR,30.0,Home,10.0,50.0,0.0,400874625,7,14,2.5,-100.0,-110.0,45.5,121.0,-134.0,0,outdoors,grass,00-0021429,00-0027939,Carson Palmer,Cam Newton,CAR00,Bank of America Stadium
2016_08_DET_HOU,2016,REG,8,2016-10-30,Sunday,13:00,DET,13.0,HOU,20.0,Home,7.0,33.0,0.0,400874569,7,6,1.0,-109.0,-101.0,46.5,-101.0,-109.0,0,closed,fieldturf,00-0026498,00-0029682,Matthew Stafford,Brock Osweiler,HOU00,NRG Stadium
2016_08_GB_ATL,2016,REG,8,2016-10-30,Sunday,16:25,GB,32.0,ATL,33.0,Home,1.0,65.0,0.0,400874616,10,7,3.0,-106.0,-104.0,51.0,139.0,-154.0,0,dome,fieldturf,00-0023459,00-0026143,Aaron Rodgers,Matt Ryan,ATL00,Georgia Dome
2016_08_KC_IND,2016,REG,8,2016-10-30,Sunday,13:00,KC,30.0,IND,14.0,Home,-16.0,44.0,0.0,400874557,7,7,-3.0,108.0,-119.0,50.5,-139.0,126.0,0,closed,fieldturf,00-0023436,00-0029668,Alex Smith,Andrew Luck,IND00,Lucas Oil Stadium
2016_08_NE_BUF,2016,REG,8,2016-10-30,Sunday,13:00,NE,41.0,BUF,25.0,Home,-16.0,66.0,0.0,400874619,7,7,-5.5,-105.0,-105.0,48.0,-235.0,210.0,1,outdoors,a_turf,00-0019596,00-0028118,Tom Brady,Tyrod Taylor,BUF00,New Era Field
2016_08_NYJ_CLE,2016,REG,8,2016-10-30,Sunday,13:00,NYJ,31.0,CLE,28.0,Home,-3.0,59.0,0.0,400874612,7,7,-2.5,-110.0,-100.0,45.5,-134.0,121.0,0,outdoors,grass,00-0023682,00-0021206,Ryan Fitzpatrick,Josh McCown,CLE00,FirstEnergy Stadium
2016_08_OAK_TB,2016,REG,8,2016-10-30,Sunday,13:00,LV,30.0,TB,24.0,Home,-6.0,54.0,1.0,400874561,7,7,1.0,-100.0,-110.0,48.0,106.0,-117.0,0,outdoors,grass,00-0031280,00-0031503,Derek Carr,Jameis Winston,TAM00,Raymond James Stadium
2016_08_PHI_DAL,2016,REG,8,2016-10-30,Sunday,20:30,PHI,23.0,DAL,29.0,Home,6.0,52.0,1.0,400874629,7,14,5.0,-102.0,-108.0,44.0,201.0,-225.0,1,closed,matrixturf,00-0032950,00-0033077,Carson Wentz,Dak Prescott,DAL00,AT&T Stadium
2016_08_SD_DEN,2016,REG,8,2016-10-30,Sunday,16:05,LAC,19.0,DEN,27.0,Home,8.0,46.0,0.0,400874622,7,6,3.5,-113.0,102.0,43.0,159.0,-177.0,1,outdoors,grass,00-0022942,00-0032156,Philip Rivers,Trevor Siemian,DEN00,Sports Authority Field at Mile High
2016_08_SEA_NO,2016,REG,8,2016-10-30,Sunday,13:00,SEA,20.0,NO,25.0,Home,5.0,45.0,0.0,400874564,7,7,-1.0,102.0,-113.0,50.0,-105.0,-105.0,0,dome,sportturf,00-0029263,00-0020531,Russell Wilson,Drew Brees,NOR00,Mercedes-Benz Superdome
2016_08_WAS_CIN,2016,REG,8,2016-10-30,Sunday,09:30,WAS,27.0,CIN,27.0,Neutral,0.0,54.0,1.0,400874555,7,7,3.0,-105.0,-105.0,49.0,136.0,-150.0,0,outdoors,grass,00-0029604,00-0027973,Kirk Cousins,Andy Dalton,LON00,Wembley Stadium
2016_08_MIN_CHI,2016,REG,8,2016-10-31,Monday,20:30,MIN,10.0,CHI,20.0,Home,10.0,30.0,0.0,400874652,8,11,-5.5,-104.0,-106.0,39.5,-230.0,205.0,1,outdoors,grass,00-0027854,00-0024226,Sam Bradford,Jay Cutler,CHI98,Soldier Field
2016_09_ATL_TB,2016,REG,9,2016-11-03,Thursday,20:25,ATL,43.0,TB,28.0,Home,-15.0,71.0,0.0,400874605,4,4,-4.5,-103.0,-107.0,49.0,-205.0,184.0,1,outdoors,grass,00-0026143,00-0031503,Matt Ryan,Jameis Winston,TAM00,Raymond James Stadium
2016_09_CAR_LA,2016,REG,9,2016-11-06,Sunday,16:05,CAR,13.0,LA,10.0,Home,-3.0,23.0,0.0,400874596,7,14,-3.0,108.0,-119.0,44.5,-140.0,127.0,0,outdoors,grass,00-0027939,00-0028986,Cam Newton,Case Keenum,LAX99,Los Angeles Memorial Coliseum
2016_09_DAL_CLE,2016,REG,9,2016-11-06,Sunday,13:00,DAL,35.0,CLE,10.0,Home,-25.0,45.0,0.0,400874599,7,7,-7.0,-100.0,-110.0,49.0,-289.0,255.0,0,outdoors,grass,00-0033077,00-0033104,Dak Prescott,Cody Kessler,CLE00,FirstEnergy Stadium
2016_09_DEN_OAK,2016,REG,9,2016-11-06,Sunday,20:30,DEN,20.0,LV,30.0,Home,10.0,50.0,0.0,400874592,7,7,1.0,-115.0,104.0,44.5,-108.0,-102.0,1,outdoors,grass,00-0032156,00-0031280,Trevor Siemian,Derek Carr,OAK00,Oakland-Alameda County Coliseum
2016_09_DET_MIN,2016,REG,9,2016-11-06,Sunday,13:00,DET,22.0,MIN,16.0,Home,-6.0,38.0,1.0,400874604,7,6,4.0,-110.0,-100.0,42.5,174.0,-194.0,1,dome,sportturf,00-0026498,00-0027854,Matthew Stafford,Sam Bradford,MIN01,U.S. Bank Stadium
2016_09_IND_GB,2016,REG,9,2016-11-06,Sunday,16:25,IND,31.0,GB,26.0,Home,-5.0,57.0,0.0,400874594,7,7,7.5,-107.0,-103.0,52.0,297.0,-340.0,0,outdoors,grass,00-0029668,00-0023459,Andrew Luck,Aaron Rodgers,GNB00,Lambeau Field
2016_09_JAX_KC,2016,REG,9,2016-11-06,Sunday,13:00,JAX,14.0,KC,19.0,Home,5.0,33.0,0.0,400874600,10,7,7.0,-117.0,106.0,42.5,264.0,-300.0,0,outdoors,grass,00-0031407,00-0029567,Blake Bortles,Nick Foles,KAN00,Arrowhead Stadium
2016_09_NO_SF,2016,REG,9,2016-11-06,Sunday,16:05,NO,41.0,SF,23.0,Home,-18.0,64.0,0.0,400874597,7,14,-5.0,-103.0,-107.0,53.0,-212.0,190.0,0,outdoors,grass,00-0020531,00-0027974,Drew Brees,Colin Kaepernick,SFO01,Levi's Stadium
2016_09_NYJ_MIA,2016,REG,9,2016-11-06,Sunday,13:00,NYJ,23.0,MIA,27.0,Home,4.0,50.0,0.0,400874601,7,14,3.5,-100.0,-110.0,45.0,171.0,-190.0,1,outdoors,grass,00-0023682,00-0029701,Ryan Fitzpatrick,Ryan Tannehill,MIA00,Hard Rock Stadium
2016_09_PHI_NYG,2016,REG,9,2016-11-06,Sunday,13:00,PHI,23.0,NYG,28.0,Home,5.0,51.0,0.0,400874603,7,14,3.0,-110.0,-100.0,42.5,135.0,-149.0,1,outdoors,fieldturf,00-0032950,00-0022803,Carson Wentz,Eli Manning,NYC01,MetLife Stadium
2016_09_PIT_BAL,2016,REG,9,2016-11-06,Sunday,13:00,PIT,14.0,BAL,21.0,Home,7.0,35.0,0.0,400874598,14,14,-3.5,120.0,-133.0,46.0,-155.0,140.0,1,outdoors,grass,00-0022924,00-0026158,Ben Roethlisberger,Joe Flacco,BAL00,M&T Bank Stadium
2016_09_TEN_SD,2016,REG,9,2016-11-06,Sunday,16:25,TEN,35.0,LAC,43.0,Home,8.0,78.0,0.0,400874593,10,7,3.5,-107.0,-103.0,47.5,161.0,-179.0,0,outdoors,grass,00-0032268,00-0022942,Marcus Mariota,Philip Rivers,SDG00,Qualcomm Stadium
2016_09_BUF_SEA,2016,REG,9,2016-11-07,Monday,20:30,BUF,25.0,SEA,31.0,Home,6.0,56.0,0.0,400874591,8,8,5.5,-110.0,-100.0,43.5,197.0,-220.0,0,outdoors,fieldturf,00-0028118,00-0029263,Tyrod Taylor,Russell Wilson,SEA00,CenturyLink Field
2016_10_CLE_BAL,2016,REG,10,2016-11-10,Thursday,20:25,CLE,7.0,BAL,28.0,Home,21.0,35.0,0.0,400874589,4,4,7.5,-110.0,-100.0,44.0,301.0,-345.0,1,outdoors,grass,00-0033104,00-0026158,Cody Kessler,Joe Flacco,BAL00,M&T Bank Stadium
2016_10_ATL_PHI,2016,REG,10,2016-11-13,Sunday,13:00,ATL,15.0,PHI,24.0,Home,9.0,39.0,0.0,400874582,10,7,2.0,-105.0,-105.0,48.5,111.0,-123.0,0,outdoors,grass,00-0026143,00-0032950,Matt Ryan,Carson Wentz,PHI00,Lincoln Financial Field
2016_10_CHI_TB,2016,REG,10,2016-11-13,Sunday,13:00,CHI,10.0,TB,36.0,Home,26.0,46.0,0.0,400874578,13,10,-2.5,-117.0,106.0,45.0,-145.0,131.0,0,outdoors,grass,00-0024226,00-0031503,Jay Cutler,Jameis Winston,TAM00,Raymond James Stadium
2016_10_DAL_PIT,2016,REG,10,2016-11-13,Sunday,16:25,DAL,35.0,PIT,30.0,Home,-5.0,65.0,0.0,400874538,7,7,3.0,111.0,-123.0,50.5,156.0,-173.0,0,outdoors,grass,00-0033077,00-0022924,Dak Prescott,Ben Roethlisberger,PIT00,Heinz Field
2016_10_DEN_NO,2016,REG,10,2016-11-13,Sunday,13:00,DEN,25.0,NO,23.0,Home,-2.0,48.0,0.0,400874586,7,7,3.0,-110.0,-100.0,50.0,136.0,-150.0,0,dome,sportturf,00-0032156,00-0020531,Trevor Siemian,Drew Brees,NOR00,Mercedes-Benz Superdome
2016_10_GB_TEN,2016,REG,10,2016-11-13,Sunday,13:00,GB,25.0,TEN,47.0,Home,22.0,72.0,0.0,400874572,7,7,-3.0,106.0,-117.0,48.5,-140.0,127.0,0,outdoors,grass,00-0023459,00-0032268,Aaron Rodgers,Marcus Mariota,NAS00,Nissan Stadium
2016_10_HOU_JAX,2016,REG,10,2016-11-13,Sunday,13:00,HOU,24.0,JAX,21.0,Home,-3.0,45.0,0.0,400874587,14,7,3.0,-102.0,-108.0,42.0,141.0,-156.0,1,outdoors,grass,00-0029682,00-0031407,Brock Osweiler,Blake Bortles,JAX00,EverBank Field
2016_10_KC_CAR,2016,REG,10,2016-11-13,Sunday,13:00,KC,20.0,CAR,17.0,Home,-3.0,37.0,0.0,400874580,7,7,3.0,111.0,-123.0,44.0,153.0,-170.0,0,outdoors,grass,00-0023436,00-0027939,Alex Smith,Cam Newton,CAR00,Bank of America Stadium
2016_10_LA_NYJ,2016,REG,10,2016-11-13,Sunday,13:00,LA,9.0,NYJ,6.0,Home,-3.0,15.0,0.0,400874584,7,7,-1.0,-108.0,-102.0,39.0,-115.0,104.0,0,outdoors,fieldturf,00-0028986,00-0031568,Case Keenum,Bryce Petty,NYC01,MetLife Stadium
2016_10_MIA_SD,2016,REG,10,2016-11-13,Sunday,16:05,MIA,31.0,LAC,24.0,Home,-7.0,55.0,0.0,400874544,7,7,4.0,-110.0,-100.0,48.5,178.0,-198.0,0,outdoors,grass,00-0029701,00-0022942,Ryan Tannehill,Philip Rivers,SDG00,Qualcomm Stadium
2016_10_MIN_WAS,2016,REG,10,2016-11-13,Sunday,13:00,MIN,20.0,WAS,26.0,Home,6.0,46.0,0.0,400874576,7,14,2.5,106.0,-117.0,42.0,131.0,-145.0,0,outdoors,grass,00-0027854,00-0029604,Sam Bradford,Kirk Cousins,WAS00,FedExField
2016_10_SEA_NE,2016,REG,10,2016-11-13,Sunday,20:30,SEA,31.0,NE,24.0,Home,-7.0,55.0,0.0,400874536,6,14,7.5,-113.0,102.0,49.5,273.0,-310.0,0,outdoors,fieldturf,00-0029263,00-0019596,Russell Wilson,Tom Brady,BOS00,Gillette Stadium
2016_10_SF_ARI,2016,REG,10,2016-11-13,Sunday,16:25,SF,20.0,ARI,23.0,Home,3.0,43.0,0.0,400874542,7,14,14.0,-105.0,-105.0,46.5,671.0,-850.0,1,closed,grass,00-0027974,00-0021429,Colin Kaepernick,Carson Palmer,PHO00,University of Phoenix Stadium
2016_10_CIN_NYG,2016,REG,10,2016-11-14,Monday,20:30,CIN,20.0,NYG,21.0,Home,1.0,41.0,0.0,400874531,15,8,-1.0,-105.0,-105.0,49.5,-113.0,102.0,0,outdoors,fieldturf,00-0027973,00-0022803,Andy Dalton,Eli Manning,NYC01,MetLife Stadium
2016_11_NO_CAR,2016,REG,11,2016-11-17,Thursday,20:25,NO,20.0,CAR,23.0,Home,3.0,43.0,0.0,400874609,4,4,3.5,-106.0,-104.0,52.5,166.0,-184.0,1,outdoors,grass,00-0020531,00-0027939,Drew Brees,Cam Newton,CAR00,Bank of America Stadium
2016_11_ARI_MIN,2016,REG,11,2016-11-20,Sunday,13:00,ARI,24.0,MIN,30.0,Home,6.0,54.0,0.0,400874695,7,7,2.0,-108.0,-102.0,39.5,113.0,-125.0,0,dome,sportturf,00-0021429,00-0027854,Carson Palmer,Sam Bradford,MIN01,U.S. Bank Stadium
2016_11_BAL_DAL,2016,REG,11,2016-11-20,Sunday,13:00,BAL,17.0,DAL,27.0,Home,10.0,44.0,0.0,400874638,10,7,7.0,-102.0,-108.0,44.5,264.0,-300.0,0,closed,matrixturf,00-0026158,00-0033077,Joe Flacco,Dak Prescott,DAL00,AT&T Stadium
2016_11_BUF_CIN,2016,REG,11,2016-11-20,Sunday,13:00,BUF,16.0,CIN,12.0,Home,-4.0,28.0,0.0,400874646,13,6,2.5,-100.0,-110.0,48.0,123.0,-136.0,0,outdoors,fieldturf,00-0028118,00-0027973,Tyrod Taylor,Andy Dalton,CIN00,Paul Brown Stadium
2016_11_CHI_NYG,2016,REG,11,2016-11-20,Sunday,13:00,CHI,16.0,NYG,22.0,Home,6.0,38.0,0.0,400874691,7,6,7.0,-110.0,-100.0,41.5,250.0,-283.0,0,outdoors,fieldturf,00-0024226,00-0022803,Jay Cutler,Eli Manning,NYC01,MetLife Stadium
2016_11_GB_WAS,2016,REG,11,2016-11-20,Sunday,20:30,GB,24.0,WAS,42.0,Home,18.0,66.0,0.0,400874704,7,7,2.5,-100.0,-110.0,48.5,120.0,-133.0,0,outdoors,grass,00-0023459,00-0029604,Aaron Rodgers,Kirk Cousins,WAS00,FedExField
2016_11_JAX_DET,2016,REG,11,2016-11-20,Sunday,13:00,JAX,19.0,DET,26.0,Home,7.0,45.0,0.0,400874641,7,14,5.5,-113.0,102.0,47.0,205.0,-230.0,0,dome,fieldturf,00-0031407,00-0026498,Blake Bortles,Matthew Stafford,DET00,Ford Field
2016_11_MIA_LA,2016,REG,11,2016-11-20,Sunday,16:05,MIA,14.0,LA,10.0,Home,-4.0,24.0,0.0,400874697,7,7,1.0,-111.0,101.0,39.0,-103.0,-107.0,0,outdoors,grass,00-0029701,00-0033106,Ryan Tannehill,Jared Goff,LAX99,Los Angeles Memorial Coliseum
2016_11_NE_SF,2016,REG,11,2016-11-20,Sunday,16:25,NE,30.0,SF,17.0,Home,-13.0,47.0,0.0,400874700,7,7,-10.5,-100.0,-110.0,51.5,-500.0,423.0,0,outdoors,grass,00-0019596,00-0027974,Tom Brady,Colin Kaepernick,SFO01,Levi's Stadium
2016_11_PHI_SEA,2016,REG,11,2016-11-20,Sunday,16:25,PHI,15.0,SEA,26.0,Home,11.0,41.0,0.0,400874702,7,7,6.5,-100.0,-110.0,43.0,235.0,-265.0,0,outdoors,fieldturf,00-0032950,00-0029263,Carson Wentz,Russell Wilson,SEA00,CenturyLink Field
2016_11_PIT_CLE,2016,REG,11,2016-11-20,Sunday,13:00,PIT,24.0,CLE,9.0,Home,-15.0,33.0,0.0,400874634,7,10,-8.0,108.0,-119.0,45.5,-309.0,272.0,1,outdoors,grass,00-0022924,00-0033104,Ben Roethlisberger,Cody Kessler,CLE00,FirstEnergy Stadium
2016_11_TB_KC,2016,REG,11,2016-11-20,Sunday,13:00,TB,19.0,KC,17.0,Home,-2.0,36.0,0.0,400874649,7,7,7.0,-117.0,106.0,45.0,256.0,-290.0,0,outdoors,grass,00-0031503,00-0023436,Jameis Winston,Alex Smith,KAN00,Arrowhead Stadium
2016_11_TEN_IND,2016,REG,11,2016-11-20,Sunday,13:00,TEN,17.0,IND,24.0,Home,7.0,41.0,0.0,400874644,7,14,3.0,-123.0,111.0,53.5,127.0,-140.0,1,closed,fieldturf,00-0032268,00-0029668,Marcus Mariota,Andrew Luck,IND00,Lucas Oil Stadium
2016_11_HOU_OAK,2016,REG,11,2016-11-21,Monday,20:30,HOU,20.0,LV,27.0,Neutral,7.0,47.0,0.0,400874706,8,15,6.5,-104.0,-106.0,45.5,225.0,-253.0,0,outdoors,grass,00-0029682,00-0031280,Brock Osweiler,Derek Carr,MEX00,Azteca Stadium
2016_12_MIN_DET,2016,REG,12,2016-11-24,Thursday,12:30,MIN,13.0,DET,16.0,Home,3.0,29.0,0.0,400874495,4,4,2.0,-108.0,-102.0,42.0,108.0,-119.0,1,dome,fieldturf,00-0027854,00-0026498,Sam Bradford,Matthew Stafford,DET00,Ford Field
2016_12_PIT_IND,2016,REG,12,2016-11-24,Thursday,20:30,PIT,28.0,IND,7.0,Home,-21.0,35.0,0.0,400874502,4,4,-8.0,-101.0,-109.0,50.0,-400.0,346.0,0,closed,fieldturf,00-0022924,00-0028595,Ben Roethlisberger,Scott Tolzien,IND00,Lucas Oil Stadium
2016_12_WAS_DAL,2016,REG,12,2016-11-24,Thursday,16:30,WAS,26.0,DAL,31.0,Home,5.0,57.0,0.0,400874499,4,4,5.5,-105.0,-105.0,53.0,206.0,-231.0,1,closed,matrixturf,00-0029604,00-0033077,Kirk Cousins,Dak Prescott,DAL00,AT&T Stadium
2016_12_ARI_ATL,2016,REG,12,2016-11-27,Sunday,13:00,ARI,19.0,ATL,38.0,Home,19.0,57.0,0.0,400874566,7,14,3.5,-103.0,-107.0,49.0,168.0,-187.0,0,dome,fieldturf,00-0021429,00-0026143,Carson Palmer,Matt Ryan,ATL00,Georgia Dome
2016_12_CAR_OAK,2016,REG,12,2016-11-27,Sunday,16:25,CAR,32.0,LV,35.0,Home,3.0,67.0,0.0,400874670,10,6,3.5,-123.0,111.0,48.5,148.0,-164.0,0,outdoors,grass,00-0027939,00-0031280,Cam Newton,Derek Carr,OAK00,Oakland-Alameda County Coliseum
2016_12_CIN_BAL,2016,REG,12,2016-11-27,Sunday,13:00,CIN,14.0,BAL,19.0,Home,5.0,33.0,0.0,400874560,7,7,3.5,-105.0,-105.0,42.0,166.0,-185.0,1,outdoors,grass,00-0027973,00-0026158,Andy Dalton,Joe Flacco,BAL00,M&T Bank Stadium
2016_12_JAX_BUF,2016,REG,12,2016-11-27,Sunday,13:00,JAX,21.0,BUF,28.0,Home,7.0,49.0,0.0,400874554,7,7,8.5,-113.0,102.0,43.5,305.0,-350.0,0,outdoors,a_turf,00-0031407,00-0028118,Blake Bortles,Tyrod Taylor,BUF00,New Era Field
2016_12_KC_DEN,2016,REG,12,2016-11-27,Sunday,20:30,KC,30.0,DEN,27.0,Home,-3.0,57.0,1.0,400874676,7,14,3.5,-113.0,102.0,40.0,161.0,-179.0,1,outdoors,grass,00-0023436,00-0032156,Alex Smith,Trevor Siemian,DEN00,Sports Authority Field at Mile High
2016_12_LA_NO,2016,REG,12,2016-11-27,Sunday,13:00,LA,21.0,NO,49.0,Home,28.0,70.0,0.0,400874626,7,10,7.5,-113.0,102.0,46.0,289.0,-330.0,0,dome,sportturf,00-0033106,00-0020531,Jared Goff,Drew Brees,NOR00,Mercedes-Benz Superdome
2016_12_NE_NYJ,2016,REG,12,2016-11-27,Sunday,16:25,NE,22.0,NYJ,17.0,Home,-5.0,39.0,0.0,400874680,7,14,-9.0,-100.0,-110.0,48.0,-420.0,361.0,1,outdoors,fieldturf,00-0019596,00-0023682,Tom Brady,Ryan Fitzpatrick,NYC01,MetLife Stadium
2016_12_NYG_CLE,2016,REG,12,2016-11-27,Sunday,13:00,NYG,27.0,CLE,13.0,Home,-14.0,40.0,0.0,400874614,7,7,-6.5,-105.0,-105.0,47.0,-267.0,237.0,0,outdoors,grass,00-0022803,00-0021206,Eli Manning,Josh McCown,CLE00,FirstEnergy Stadium
2016_12_SD_HOU,2016,REG,12,2016-11-27,Sunday,13:00,LAC,21.0,HOU,13.0,Home,-8.0,34.0,0.0,400874659,14,6,-2.5,-105.0,-105.0,45.5,-128.0,116.0,0,closed,fieldturf,00-0022942,00-0029682,Philip Rivers,Brock Osweiler,HOU00,NRG Stadium
2016_12_SEA_TB,2016,REG,12,2016-11-27,Sunday,16:05,SEA,5.0,TB,14.0,Home,9.0,19.0,0.0,400874665,7,7,-5.0,-100.0,-110.0,46.0,-220.0,197.0,0,outdoors,grass,00-0029263,00-0031503,Russell Wilson,Jameis Winston,TAM00,Raymond James Stadium
2016_12_SF_MIA,2016,REG,12,2016-11-27,Sunday,13:00,SF,24.0,MIA,31.0,Home,7.0,55.0,0.0,400874654,7,7,7.0,-105.0,-105.0,44.5,273.0,-310.0,0,outdoors,grass,00-0027974,00-0029701,Colin Kaepernick,Ryan Tannehill,MIA00,Hard Rock Stadium
2016_12_TEN_CHI,2016,REG,12,2016-11-27,Sunday,13:00,TEN,27.0,CHI,21.0,Home,-6.0,48.0,0.0,400874507,7,7,-6.5,-117.0,106.0,41.5,-250.0,222.0,0,outdoors,grass,00-0032268,00-0030533,Marcus Mariota,Matt Barkley,CHI98,Soldier Field
2016_12_GB_PHI,2016,REG,12,2016-11-28,Monday,20:30,GB,27.0,PHI,13.0,Home,-14.0,40.0,0.0,400874684,8,8,4.0,-105.0,-105.0,47.0,176.0,-196.0,0,outdoors,grass,00-0023459,00-0032950,Aaron Rodgers,Carson Wentz,PHI00,Lincoln Financial Field
2016_13_DAL_MIN,2016,REG,13,2016-12-01,Thursday,20:25,DAL,17.0,MIN,15.0,Home,-2.0,32.0,0.0,400874713,7,7,-3.0,-100.0,-110.0,43.5,-153.0,138.0,0,dome,sportturf,00-0033077,00-0027854,Dak Prescott,Sam Bradford,MIN01,U.S. Bank Stadium
2016_13_BUF_OAK,2016,REG,13,2016-12-04,Sunday,16:05,BUF,24.0,LV,38.0,Home,14.0,62.0,0.0,400874724,7,7,3.0,-115.0,104.0,48.5,136.0,-150.0,0,outdoors,grass,00-0028118,00-0031280,Tyrod Taylor,Derek Carr,OAK00,Oakland-Alameda County Coliseum
2016_13_CAR_SEA,2016,REG,13,2016-12-04,Sunday,20:30,CAR,7.0,SEA,40.0,Home,33.0,47.0,0.0,400874728,7,7,8.5,104.0,-115.0,44.0,334.0,-385.0,0,outdoors,fieldturf,00-0027939,00-0029263,Cam Newton,Russell Wilson,SEA00,CenturyLink Field
2016_13_DEN_JAX,2016,REG,13,2016-12-04,Sunday,13:00,DEN,20.0,JAX,10.0,Home,-10.0,30.0,0.0,400874719,7,7,-3.5,-102.0,-108.0,39.0,-178.0,160.0,0,outdoors,grass,00-0033108,00-0031407,Paxton Lynch,Blake Bortles,JAX00,EverBank Field
2016_13_DET_NO,2016,REG,13,2016-12-04,Sunday,13:00,DET,28.0,NO,13.0,Home,-15.0,41.0,0.0,400874717,10,7,6.5,-102.0,-108.0,53.0,251.0,-284.0,0,dome,sportturf,00-0026498,00-0020531,Matthew Stafford,Drew Brees,NOR00,Mercedes-Benz Superdome
2016_13_HOU_GB,2016,REG,13,2016-12-04,Sunday,13:00,HOU,13.0,GB,21.0,Home,8.0,34.0,0.0,400874720,7,6,7.0,-106.0,-104.0,44.5,274.0,-312.0,0,outdoors,grass,00-0029682,00-0023459,Brock Osweiler,Aaron Rodgers,GNB00,Lambeau Field
2016_13_KC_ATL,2016,REG,13,2016-12-04,Sunday,13:00,KC,29.0,ATL,28.0,Home,-1.0,57.0,0.0,400874715,7,7,5.0,-104.0,-106.0,50.0,186.0,-208.0,0,dome,fieldturf,00-0023436,00-0026143,Alex Smith,Matt Ryan,ATL00,Georgia Dome
2016_13_LA_NE,2016,REG,13,2016-12-04,Sunday,13:00,LA,10.0,NE,26.0,Home,16.0,36.0,0.0,400874718,7,7,13.0,-102.0,-108.0,44.5,604.0,-750.0,0,outdoors,fieldturf,00-0033106,00-0019596,Jared Goff,Tom Brady,BOS00,Gillette Stadium
2016_13_MIA_BAL,2016,REG,13,2016-12-04,Sunday,13:00,MIA,6.0,BAL,38.0,Home,32.0,44.0,0.0,400874722,7,7,3.5,-113.0,102.0,41.5,166.0,-185.0,0,outdoors,grass,00-0029701,00-0026158,Ryan Tannehill,Joe Flacco,BAL00,M&T Bank Stadium
2016_13_NYG_PIT,2016,REG,13,2016-12-04,Sunday,16:25,NYG,14.0,PIT,24.0,Home,10.0,38.0,0.0,400874725,7,10,7.0,-105.0,-105.0,49.5,277.0,-315.0,0,outdoors,grass,00-0022803,00-0022924,Eli Manning,Ben Roethlisberger,PIT00,Heinz Field
2016_13_PHI_CIN,2016,REG,13,2016-12-04,Sunday,13:00,PHI,14.0,CIN,32.0,Home,18.0,46.0,0.0,400874721,6,7,1.0,-100.0,-110.0,42.0,107.0,-118.0,0,outdoors,fieldturf,00-0032950,00-0027973,Carson Wentz,Andy Dalton,CIN00,Paul Brown Stadium
2016_13_SF_CHI,2016,REG,13,2016-12-04,Sunday,13:00,SF,6.0,CHI,26.0,Home,20.0,32.0,0.0,400874723,7,7,0.0,-113.0,102.0,44.0,-118.0,107.0,0,outdoors,grass,00-0027974,00-0030533,Colin Kaepernick,Matt Barkley,CHI98,Soldier Field
2016_13_TB_SD,2016,REG,13,2016-12-04,Sunday,16:25,TB,28.0,LAC,21.0,Home,-7.0,49.0,0.0,400874727,7,7,3.5,-113.0,102.0,49.0,166.0,-185.0,0,outdoors,grass,00-0031503,00-0022942,Jameis Winston,Philip Rivers,SDG00,Qualcomm Stadium
2016_13_WAS_ARI,2016,REG,13,2016-12-04,Sunday,16:25,WAS,23.0,ARI,31.0,Home,8.0,54.0,0.0,400874726,10,7,2.5,-101.0,-109.0,48.5,120.0,-133.0,0,closed,grass,00-0029604,00-0021429,Kirk Cousins,Carson Palmer,PHO00,University of Phoenix Stadium
2016_13_IND_NYJ,2016,REG,13,2016-12-05,Monday,20:30,IND,41.0,NYJ,10.0,Home,-31.0,51.0,0.0,400874729,11,8,1.0,102.0,-113.0,48.5,111.0,-123.0,0,outdoors,fieldturf,00-0029668,00-0023682,Andrew Luck,Ryan Fitzpatrick,NYC01,MetLife Stadium
2016_14_OAK_KC,2016,REG,14,2016-12-08,Thursday,20:25,LV,13.0,KC,21.0,Home,8.0,34.0,0.0,400874428,4,4,3.5,103.0,-114.0,46.0,179.0,-199.0,1,outdoors,grass,00-0031280,00-0023436,Derek Carr,Alex Smith,KAN00,Arrowhead Stadium
2016_14_ARI_MIA,2016,REG,14,2016-12-11,Sunday,13:00,ARI,23.0,MIA,26.0,Home,3.0,49.0,0.0,400874556,7,7,-2.0,-105.0,-105.0,44.0,-123.0,111.0,0,outdoors,grass,00-0021429,00-0029701,Carson Palmer,Ryan Tannehill,MIA00,Hard Rock Stadium
2016_14_ATL_LA,2016,REG,14,2016-12-11,Sunday,16:25,ATL,42.0,LA,14.0,Home,-28.0,56.0,0.0,400874627,7,7,-4.5,-100.0,-110.0,44.0,-208.0,186.0,0,outdoors,grass,00-0026143,00-0033106,Matt Ryan,Jared Goff,LAX99,Los Angeles Memorial Coliseum
2016_14_CHI_DET,2016,REG,14,2016-12-11,Sunday,13:00,CHI,17.0,DET,20.0,Home,3.0,37.0,0.0,400874568,7,7,7.5,-123.0,111.0,42.0,276.0,-314.0,1,dome,fieldturf,00-0030533,00-0026498,Matt Barkley,Matthew Stafford,DET00,Ford Field
2016_14_CIN_CLE,2016,REG,14,2016-12-11,Sunday,13:00,CIN,23.0,CLE,10.0,Home,-13.0,33.0,0.0,400874563,7,14,-4.0,102.0,-113.0,42.0,-188.0,169.0,1,outdoors,grass,00-0027973,00-0029665,Andy Dalton,Robert Griffin,CLE00,FirstEnergy Stadium
2016_14_DAL_NYG,2016,REG,14,2016-12-11,Sunday,20:30,DAL,7.0,NYG,10.0,Home,3.0,17.0,0.0,400874656,10,7,-3.5,-107.0,-103.0,47.0,-185.0,166.0,1,outdoors,fieldturf,00-0033077,00-0022803,Dak Prescott,Eli Manning,NYC01,MetLife Stadium
2016_14_DEN_TEN,2016,REG,14,2016-12-11,Sunday,13:00,DEN,10.0,TEN,13.0,Home,3.0,23.0,0.0,400874504,7,14,2.0,-100.0,-110.0,44.0,116.0,-128.0,0,outdoors,grass,00-0032156,00-0032268,Trevor Siemian,Marcus Mariota,NAS00,Nissan Stadium
2016_14_HOU_IND,2016,REG,14,2016-12-11,Sunday,13:00,HOU,22.0,IND,17.0,Home,-5.0,39.0,0.0,400874611,7,6,6.5,-107.0,-103.0,47.5,239.0,-270.0,1,closed,fieldturf,00-0029682,00-0029668,Brock Osweiler,Andrew Luck,IND00,Lucas Oil Stadium
2016_14_MIN_JAX,2016,REG,14,2016-12-11,Sunday,13:00,MIN,25.0,JAX,16.0,Home,-9.0,41.0,0.0,400874617,10,7,-3.0,-120.0,109.0,38.0,-170.0,153.0,0,outdoors,grass,00-0027854,00-0031407,Sam Bradford,Blake Bortles,JAX00,EverBank Field
2016_14_NO_TB,2016,REG,14,2016-12-11,Sunday,16:25,NO,11.0,TB,16.0,Home,5.0,27.0,0.0,400874550,7,7,2.0,-100.0,-110.0,52.0,116.0,-128.0,1,outdoors,grass,00-0020531,00-0031503,Drew Brees,Jameis Winston,TAM00,Raymond James Stadium
2016_14_NYJ_SF,2016,REG,14,2016-12-11,Sunday,16:05,NYJ,23.0,SF,17.0,Home,-6.0,40.0,1.0,400874621,6,7,3.0,-117.0,106.0,42.5,132.0,-146.0,0,outdoors,grass,00-0031568,00-0027974,Bryce Petty,Colin Kaepernick,SFO01,Levi's Stadium
2016_14_PIT_BUF,2016,REG,14,2016-12-11,Sunday,13:00,PIT,27.0,BUF,20.0,Home,-7.0,47.0,0.0,400874497,7,7,-1.0,-108.0,-102.0,45.5,-115.0,104.0,0,outdoors,a_turf,00-0022924,00-0028118,Ben Roethlisberger,Tyrod Taylor,BUF00,New Era Field
2016_14_SD_CAR,2016,REG,14,2016-12-11,Sunday,13:00,LAC,16.0,CAR,28.0,Home,12.0,44.0,0.0,400874559,7,7,1.0,-105.0,-105.0,48.5,102.0,-112.0,0,outdoors,grass,00-0022942,00-0027939,Philip Rivers,Cam Newton,CAR00,Bank of America Stadium
2016_14_SEA_GB,2016,REG,14,2016-12-11,Sunday,16:25,SEA,10.0,GB,38.0,Home,28.0,48.0,0.0,400874651,7,7,-3.0,104.0,-115.0,47.0,-145.0,131.0,0,outdoors,grass,00-0029263,00-0023459,Russell Wilson,Aaron Rodgers,GNB00,Lambeau Field
2016_14_WAS_PHI,2016,REG,14,2016-12-11,Sunday,13:00,WAS,27.0,PHI,22.0,Home,-5.0,49.0,0.0,400874552,7,7,-1.5,-108.0,-102.0,48.5,-120.0,109.0,1,outdoors,grass,00-0029604,00-0032950,Kirk Cousins,Carson Wentz,PHI00,Lincoln Financial Field
2016_14_BAL_NE,2016,REG,14,2016-12-12,Monday,20:30,BAL,23.0,NE,30.0,Home,7.0,53.0,0.0,400874661,8,8,6.0,-110.0,-100.0,45.5,221.0,-248.0,0,outdoors,fieldturf,00-0026158,00-0019596,Joe Flacco,Tom Brady,BOS00,Gillette Stadium
2016_15_LA_SEA,2016,REG,15,2016-12-15,Thursday,20:25,LA,3.0,SEA,24.0,Home,21.0,27.0,0.0,400874667,4,4,15.0,106.0,-117.0,39.5,828.0,-1100.0,1,outdoors,fieldturf,00-0033106,00-0029263,Jared Goff,Russell Wilson,SEA00,CenturyLink Field
2016_15_MIA_NYJ,2016,REG,15,2016-12-17,Saturday,20:25,MIA,34.0,NYJ,13.0,Home,-21.0,47.0,0.0,400874673,6,6,-2.5,-116.0,105.0,40.0,-145.0,131.0,1,outdoors,fieldturf,00-0025708,00-0031568,Matt Moore,Bryce Petty,NYC01,MetLife Stadium
2016_15_CLE_BUF,2016,REG,15,2016-12-18,Sunday,13:00,CLE,13.0,BUF,33.0,Home,20.0,46.0,0.0,400874683,7,7,10.5,-107.0,-103.0,43.5,397.0,-465.0,0,outdoors,a_turf,00-0029665,00-0028118,Robert Griffin,Tyrod Taylor,BUF00,New Era Field
2016_15_DET_NYG,2016,REG,15,2016-12-18,Sunday,13:00,DET,6.0,NYG,17.0,Home,11.0,23.0,0.0,400874687,7,7,4.0,-105.0,-105.0,42.5,176.0,-196.0,0,outdoors,fieldturf,00-0026498,00-0022803,Matthew Stafford,Eli Manning,NYC01,MetLife Stadium
2016_15_GB_CHI,2016,REG,15,2016-12-18,Sunday,13:00,GB,30.0,CHI,27.0,Home,-3.0,57.0,0.0,400874678,7,7,-4.5,-115.0,104.0,40.0,-225.0,201.0,1,outdoors,grass,00-0023459,00-0030533,Aaron Rodgers,Matt Barkley,CHI98,Soldier Field
2016_15_IND_MIN,2016,REG,15,2016-12-18,Sunday,13:00,IND,34.0,MIN,6.0,Home,-28.0,40.0,0.0,400874688,7,7,5.0,-102.0,-108.0,44.5,213.0,-239.0,0,dome,sportturf,00-0029668,00-0027854,Andrew Luck,Sam Bradford,MIN01,U.S. Bank Stadium
2016_15_JAX_HOU,2016,REG,15,2016-12-18,Sunday,13:00,JAX,20.0,HOU,21.0,Home,1.0,41.0,0.0,400874681,7,7,3.5,-102.0,-108.0,39.5,166.0,-185.0,1,closed,fieldturf,00-0031407,00-0029682,Blake Bortles,Brock Osweiler,HOU00,NRG Stadium
2016_15_NE_DEN,2016,REG,15,2016-12-18,Sunday,16:25,NE,16.0,DEN,3.0,Home,-13.0,19.0,0.0,400874711,6,7,-3.0,102.0,-113.0,43.5,-150.0,136.0,0,outdoors,grass,00-0019596,00-0032156,Tom Brady,Trevor Siemian,DEN00,Sports Authority Field at Mile High
2016_15_NO_ARI,2016,REG,15,2016-12-18,Sunday,16:05,NO,48.0,ARI,41.0,Home,-7.0,89.0,0.0,400874689,7,7,3.0,-105.0,-105.0,48.5,139.0,-154.0,0,closed,grass,00-0020531,00-0021429,Drew Brees,Carson Palmer,PHO00,University of Phoenix Stadium
2016_15_OAK_SD,2016,REG,15,2016-12-18,Sunday,16:25,LV,19.0,LAC,16.0,Home,-3.0,35.0,0.0,400874712,10,7,-2.5,-104.0,-106.0,49.5,-128.0,116.0,1,outdoors,grass,00-0031280,00-0022942,Derek Carr,Philip Rivers,SDG00,Qualcomm Stadium
2016_15_PHI_BAL,2016,REG,15,2016-12-18,Sunday,13:00,PHI,26.0,BAL,27.0,Home,1.0,53.0,0.0,400874685,7,6,5.0,-105.0,-105.0,41.0,201.0,-225.0,0,outdoors,grass,00-0032950,00-0026158,Carson Wentz,Joe Flacco,BAL00,M&T Bank Stadium
2016_15_PIT_CIN,2016,REG,15,2016-12-18,Sunday,13:00,PIT,24.0,CIN,20.0,Home,-4.0,44.0,0.0,400874714,7,7,-3.0,-100.0,-110.0,45.5,-155.0,140.0,1,outdoors,fieldturf,00-0022924,00-0027973,Ben Roethlisberger,Andy Dalton,CIN00,Paul Brown Stadium
2016_15_SF_ATL,2016,REG,15,2016-12-18,Sunday,16:05,SF,13.0,ATL,41.0,Home,28.0,54.0,0.0,400874710,7,7,13.5,-100.0,-110.0,51.5,704.0,-900.0,0,dome,fieldturf,00-0027974,00-0026143,Colin Kaepernick,Matt Ryan,ATL00,Georgia Dome
2016_15_TB_DAL,2016,REG,15,2016-12-18,Sunday,20:30,TB,20.0,DAL,26.0,Home,6.0,46.0,0.0,400874679,7,7,7.0,-113.0,102.0,47.5,260.0,-295.0,0,closed,matrixturf,00-0031503,00-0033077,Jameis Winston,Dak Prescott,DAL00,AT&T Stadium
2016_15_TEN_KC,2016,REG,15,2016-12-18,Sunday,13:00,TEN,19.0,KC,17.0,Home,-2.0,36.0,0.0,400874686,7,10,6.0,-108.0,-102.0,43.0,216.0,-242.0,0,outdoors,grass,00-0032268,00-0023436,Marcus Mariota,Alex Smith,KAN00,Arrowhead Stadium
2016_15_CAR_WAS,2016,REG,15,2016-12-19,Monday,20:30,CAR,26.0,WAS,15.0,Home,-11.0,41.0,0.0,400874716,8,8,7.0,-109.0,-101.0,50.5,261.0,-296.0,0,outdoors,grass,00-0027939,00-0029604,Cam Newton,Kirk Cousins,WAS00,FedExField
2016_16_NYG_PHI,2016,REG,16,2016-12-22,Thursday,20:25,NYG,19.0,PHI,24.0,Home,5.0,43.0,0.0,400874485,4,4,2.0,-106.0,-104.0,42.5,114.0,-126.0,1,outdoors,grass,00-0022803,00-0032950,Eli Manning,Carson Wentz,PHI00,Lincoln Financial Field
2016_16_ARI_SEA,2016,REG,16,2016-12-24,Saturday,16:25,ARI,34.0,SEA,31.0,Home,-3.0,65.0,0.0,400874571,6,9,9.0,-113.0,102.0,43.5,330.0,-380.0,1,outdoors,fieldturf,00-0021429,00-0029263,Carson Palmer,Russell Wilson,SEA00,CenturyLink Field
2016_16_ATL_CAR,2016,REG,16,2016-12-24,Saturday,13:00,ATL,33.0,CAR,16.0,Home,-17.0,49.0,0.0,400874540,6,5,-3.0,-103.0,-107.0,48.5,-150.0,136.0,1,outdoors,grass,00-0026143,00-0027939,Matt Ryan,Cam Newton,CAR00,Bank of America Stadium
2016_16_CIN_HOU,2016,REG,16,2016-12-24,Saturday,20:25,CIN,10.0,HOU,12.0,Home,2.0,22.0,0.0,400874579,6,6,3.0,-110.0,-100.0,41.5,139.0,-154.0,0,closed,fieldturf,00-0027973,00-0031064,Andy Dalton,Tom Savage,HOU00,NRG Stadium
2016_16_IND_OAK,2016,REG,16,2016-12-24,Saturday,16:05,IND,25.0,LV,33.0,Home,8.0,58.0,0.0,400874546,6,6,3.5,-108.0,-102.0,52.0,157.0,-174.0,0,outdoors,grass,00-0029668,00-0031280,Andrew Luck,Derek Carr,OAK00,Oakland-Alameda County Coliseum
2016_16_MIA_BUF,2016,REG,16,2016-12-24,Saturday,13:00,MIA,34.0,BUF,31.0,Home,-3.0,65.0,1.0,400874489,7,6,4.5,-102.0,-108.0,44.5,197.0,-220.0,1,outdoors,a_turf,00-0025708,00-0028118,Matt Moore,Tyrod Taylor,BUF00,New Era Field
2016_16_MIN_GB,2016,REG,16,2016-12-24,Saturday,13:00,MIN,25.0,GB,38.0,Home,13.0,63.0,0.0,400874523,6,6,6.0,-105.0,-105.0,44.5,235.0,-265.0,1,outdoors,grass,00-0027854,00-0023459,Sam Bradford,Aaron Rodgers,GNB00,Lambeau Field
2016_16_NYJ_NE,2016,REG,16,2016-12-24,Saturday,13:00,NYJ,3.0,NE,41.0,Home,38.0,44.0,0.0,400874516,7,6,17.0,-105.0,-105.0,45.0,1051.0,-1500.0,1,outdoors,fieldturf,00-0031568,00-0019596,Bryce Petty,Tom Brady,BOS00,Gillette Stadium
2016_16_SD_CLE,2016,REG,16,2016-12-24,Saturday,13:00,LAC,17.0,CLE,20.0,Home,3.0,37.0,0.0,400874528,6,6,-4.5,-103.0,-107.0,45.0,-199.0,179.0,0,outdoors,grass,00-0022942,00-0029665,Philip Rivers,Robert Griffin,CLE00,FirstEnergy Stadium
2016_16_SF_LA,2016,REG,16,2016-12-24,Saturday,16:25,SF,22.0,LA,21.0,Home,-1.0,43.0,0.0,400874575,6,9,6.0,102.0,-113.0,39.5,225.0,-253.0,1,outdoors,grass,00-0027974,00-0033106,Colin Kaepernick,Jared Goff,LAX99,Los Angeles Memorial Coliseum
2016_16_TB_NO,2016,REG,16,2016-12-24,Saturday,16:25,TB,24.0,NO,31.0,Home,7.0,55.0,0.0,400874513,6,6,3.0,106.0,-117.0,53.0,153.0,-170.0,1,dome,sportturf,00-0031503,00-0020531,Jameis Winston,Drew Brees,NOR00,Mercedes-Benz Superdome
2016_16_TEN_JAX,2016,REG,16,2016-12-24,Saturday,13:00,TEN,17.0,JAX,38.0,Home,21.0,55.0,0.0,400874521,6,6,-4.0,-105.0,-105.0,44.0,-195.0,175.0,1,outdoors,grass,00-0032268,00-0031407,Marcus Mariota,Blake Bortles,JAX00,EverBank Field
2016_16_WAS_CHI,2016,REG,16,2016-12-24,Saturday,13:00,WAS,41.0,CHI,21.0,Home,-20.0,62.0,0.0,400874534,5,6,-3.0,-102.0,-108.0,49.0,-155.0,140.0,0,outdoors,grass,00-0029604,00-0030533,Kirk Cousins,Matt Barkley,CHI98,Soldier Field
2016_16_BAL_PIT,2016,REG,16,2016-12-25,Sunday,16:30,BAL,27.0,PIT,31.0,Home,4.0,58.0,0.0,400874583,7,7,5.5,-103.0,-107.0,46.5,222.0,-250.0,1,outdoors,grass,00-0026158,00-0022924,Joe Flacco,Ben Roethlisberger,PIT00,Heinz Field
2016_16_DEN_KC,2016,REG,16,2016-12-25,Sunday,20:30,DEN,10.0,KC,33.0,Home,23.0,43.0,0.0,400874585,7,7,3.5,-102.0,-108.0,38.5,171.0,-190.0,1,outdoors,grass,00-0032156,00-0023436,Trevor Siemian,Alex Smith,KAN00,Arrowhead Stadium
2016_16_DET_DAL,2016,REG,16,2016-12-26,Monday,20:30,DET,21.0,DAL,42.0,Home,21.0,63.0,0.0,400874588,8,8,6.5,103.0,-114.0,47.0,248.0,-280.0,0,closed,matrixturf,00-0026498,00-0033077,Matthew Stafford,Dak Prescott,DAL00,AT&T Stadium
2016_17_ARI_LA,2016,REG,17,2017-01-01,Sunday,16:25,ARI,44.0,LA,6.0,Home,-38.0,50.0,0.0,400874692,8,8,-7.0,102.0,-113.0,39.0,-285.0,252.0,1,outdoors,grass,00-0021429,00-0033106,Carson Palmer,Jared Goff,LAX99,Los Angeles Memorial Coliseum
2016_17_BAL_CIN,2016,REG,17,2017-01-01,Sunday,13:00,BAL,10.0,CIN,27.0,Home,17.0,37.0,0.0,400874608,7,8,-2.5,-113.0,102.0,40.5,-138.0,125.0,1,outdoors,fieldturf,00-0026158,00-0027973,Joe Flacco,Andy Dalton,CIN00,Paul Brown Stadium
2016_17_BUF_NYJ,2016,REG,17,2017-01-01,Sunday,13:00,BUF,10.0,NYJ,30.0,Home,20.0,40.0,0.0,400874645,8,8,-3.5,-108.0,-102.0,43.0,-190.0,171.0,1,outdoors,fieldturf,00-0030526,00-0023682,EJ Manuel,Ryan Fitzpatrick,NYC01,MetLife Stadium
2016_17_CAR_TB,2016,REG,17,2017-01-01,Sunday,13:00,CAR,16.0,TB,17.0,Home,1.0,33.0,0.0,400874635,8,8,3.5,-100.0,-110.0,44.5,171.0,-190.0,1,outdoors,grass,00-0027939,00-0031503,Cam Newton,Jameis Winston,TAM00,Raymond James Stadium
2016_17_CHI_MIN,2016,REG,17,2017-01-01,Sunday,13:00,CHI,10.0,MIN,38.0,Home,28.0,48.0,0.0,400874643,8,8,6.0,103.0,-114.0,44.0,227.0,-255.0,1,dome,sportturf,00-0030533,00-0027854,Matt Barkley,Sam Bradford,MIN01,U.S. Bank Stadium
2016_17_CLE_PIT,2016,REG,17,2017-01-01,Sunday,13:00,CLE,24.0,PIT,27.0,Home,3.0,51.0,1.0,400874690,8,7,3.5,-100.0,-110.0,41.5,171.0,-190.0,1,outdoors,grass,00-0029665,00-0030524,Robert Griffin,Landry Jones,PIT00,Heinz Field
2016_17_DAL_PHI,2016,REG,17,2017-01-01,Sunday,13:00,DAL,13.0,PHI,27.0,Home,14.0,40.0,0.0,400874647,6,10,6.5,-114.0,103.0,44.0,218.0,-245.0,1,outdoors,grass,00-0026898,00-0032950,Mark Sanchez,Carson Wentz,PHI00,Lincoln Financial Field
2016_17_GB_DET,2016,REG,17,2017-01-01,Sunday,20:30,GB,31.0,DET,24.0,Home,-7.0,55.0,0.0,400874637,8,6,-3.5,-108.0,-102.0,50.0,-190.0,171.0,1,dome,fieldturf,00-0023459,00-0026498,Aaron Rodgers,Matthew Stafford,DET00,Ford Field
2016_17_HOU_TEN,2016,REG,17,2017-01-01,Sunday,13:00,HOU,17.0,TEN,24.0,Home,7.0,41.0,0.0,400874632,8,8,3.0,103.0,-114.0,41.5,148.0,-164.0,1,outdoors,grass,00-0029682,00-0023662,Brock Osweiler,Matt Cassel,NAS00,Nissan Stadium
2016_17_JAX_IND,2016,REG,17,2017-01-01,Sunday,13:00,JAX,20.0,IND,24.0,Home,4.0,44.0,0.0,400874639,8,8,5.5,-103.0,-107.0,48.5,222.0,-250.0,1,closed,fieldturf,00-0031407,00-0029668,Blake Bortles,Andrew Luck,IND00,Lucas Oil Stadium
2016_17_KC_SD,2016,REG,17,2017-01-01,Sunday,16:25,KC,37.0,LAC,27.0,Home,-10.0,64.0,0.0,400874696,7,8,-5.5,-107.0,-103.0,45.0,-235.0,210.0,1,outdoors,grass,00-0023436,00-0022942,Alex Smith,Philip Rivers,SDG00,Qualcomm Stadium
2016_17_NE_MIA,2016,REG,17,2017-01-01,Sunday,13:00,NE,35.0,MIA,14.0,Home,-21.0,49.0,0.0,400874642,8,8,-7.5,-113.0,102.0,47.0,-372.0,323.0,1,outdoors,grass,00-0019596,00-0025708,Tom Brady,Matt Moore,MIA00,Hard Rock Stadium
2016_17_NO_ATL,2016,REG,17,2017-01-01,Sunday,16:25,NO,32.0,ATL,38.0,Home,6.0,70.0,0.0,400874606,8,8,7.5,-107.0,-103.0,58.5,305.0,-350.0,1,dome,fieldturf,00-0020531,00-0026143,Drew Brees,Matt Ryan,ATL00,Georgia Dome
2016_17_NYG_WAS,2016,REG,17,2017-01-01,Sunday,16:25,NYG,19.0,WAS,10.0,Home,-9.0,29.0,0.0,400874631,10,8,10.0,-100.0,-110.0,47.5,369.0,-430.0,1,outdoors,grass,00-0022803,00-0029604,Eli Manning,Kirk Cousins,WAS00,FedExField
2016_17_OAK_DEN,2016,REG,17,2017-01-01,Sunday,16:25,LV,6.0,DEN,24.0,Home,18.0,30.0,0.0,400874694,8,7,1.0,103.0,-114.0,40.0,107.0,-118.0,1,outdoors,grass,00-0030419,00-0032156,Matt McGloin,Trevor Siemian,DEN00,Sports Authority Field at Mile High
2016_17_SEA_SF,2016,REG,17,2017-01-01,Sunday,16:25,SEA,25.0,SF,23.0,Home,-2.0,48.0,0.0,400874699,8,8,-11.5,102.0,-113.0,44.5,-500.0,423.0,1,outdoors,grass,00-0029263,00-0027974,Russell Wilson,Colin Kaepernick,SFO01,Levi's Stadium
2016_18_DET_SEA,2016,WC,18,2017-01-07,Saturday,20:15,DET,6.0,SEA,26.0,Home,20.0,32.0,0.0,400932689,6,6,8.0,-107.0,-103.0,45.5,338.0,-390.0,0,outdoors,fieldturf,00-0026498,00-0029263,Matthew Stafford,Russell Wilson,SEA00,CenturyLink Field
2016_18_OAK_HOU,2016,WC,18,2017-01-07,Saturday,16:35,LV,14.0,HOU,27.0,Home,13.0,41.0,0.0,400932688,6,6,4.0,-108.0,-102.0,37.5,186.0,-208.0,0,closed,fieldturf,00-0032893,00-0029682,Connor Cook,Brock Osweiler,HOU00,NRG Stadium
2016_18_MIA_PIT,2016,WC,18,2017-01-08,Sunday,13:05,MIA,12.0,PIT,30.0,Home,18.0,42.0,0.0,400932687,7,7,11.0,-105.0,-105.0,47.5,500.0,-603.0,0,outdoors,grass,00-0025708,00-0022924,Matt Moore,Ben Roethlisberger,PIT00,Heinz Field
2016_18_NYG_GB,2016,WC,18,2017-01-08,Sunday,16:40,NYG,13.0,GB,38.0,Home,25.0,51.0,0.0,400932690,7,7,5.0,-108.0,-102.0,46.5,188.0,-210.0,0,outdoors,grass,00-0022803,00-0023459,Eli Manning,Aaron Rodgers,GNB00,Lambeau Field
2016_19_HOU_NE,2016,DIV,19,2017-01-14,Saturday,20:15,HOU,16.0,NE,34.0,Home,18.0,50.0,0.0,400927746,7,13,16.0,-100.0,-110.0,44.0,887.0,-1200.0,0,outdoors,fieldturf,00-0029682,00-0019596,Brock Osweiler,Tom Brady,BOS00,Gillette Stadium
2016_19_SEA_ATL,2016,DIV,19,2017-01-14,Saturday,16:35,SEA,20.0,ATL,36.0,Home,16.0,56.0,0.0,400927747,7,13,6.5,-102.0,-108.0,51.0,241.0,-272.0,0,dome,fieldturf,00-0029263,00-0026143,Russell Wilson,Matt Ryan,ATL00,Georgia Dome
2016_19_GB_DAL,2016,DIV,19,2017-01-15,Sunday,16:40,GB,34.0,DAL,31.0,Home,-3.0,65.0,0.0,400927749,7,14,5.5,-102.0,-108.0,52.5,206.0,-231.0,0,closed,matrixturf,00-0023459,00-0033077,Aaron Rodgers,Dak Prescott,DAL00,AT&T Stadium
2016_19_PIT_KC,2016,DIV,19,2017-01-15,Sunday,20:20,PIT,18.0,KC,16.0,Home,-2.0,34.0,0.0,400927748,7,14,2.5,102.0,-113.0,45.5,126.0,-139.0,0,outdoors,grass,00-0022924,00-0023436,Ben Roethlisberger,Alex Smith,KAN00,Arrowhead Stadium
2016_20_GB_ATL,2016,CON,20,2017-01-22,Sunday,15:05,GB,21.0,ATL,44.0,Home,23.0,65.0,0.0,400927751,7,8,6.5,-102.0,-108.0,59.5,221.0,-248.0,0,dome,fieldturf,00-0023459,00-0026143,Aaron Rodgers,Matt Ryan,ATL00,Georgia Dome
2016_20_PIT_NE,2016,CON,20,2017-01-22,Sunday,18:40,PIT,17.0,NE,36.0,Home,19.0,53.0,0.0,400927750,7,8,5.5,-110.0,-100.0,49.5,195.0,-218.0,0,outdoors,fieldturf,00-0022924,00-0019596,Ben Roethlisberger,Tom Brady,BOS00,Gillette Stadium
2016_21_NE_ATL,2016,SB,21,2017-02-05,Sunday,18:30,NE,34.0,ATL,28.0,Neutral,-6.0,62.0,1.0,400927752,14,14,-3.0,109.0,-120.0,57.0,-139.0,126.0,0,closed,fieldturf,00-0019596,00-0026143,Tom Brady,Matt Ryan,HOU00,NRG Stadium
2017_01_KC_NE,2017,REG,1,2017-09-07,Thursday,20:30,KC,42.0,NE,27.0,Home,-15.0,69.0,0.0,400951566,7,7,8.0,103.0,-114.0,47.5,378.0,-441.0,0,outdoors,fieldturf,00-0023436,00-0019596,Alex Smith,Tom Brady,BOS00,Gillette Stadium
2017_01_ARI_DET,2017,REG,1,2017-09-10,Sunday,13:00,ARI,23.0,DET,35.0,Home,12.0,58.0,0.0,400951576,7,7,-2.5,106.0,-117.0,48.5,-117.0,106.0,0,dome,fieldturf,00-0021429,00-0026498,Carson Palmer,Matthew Stafford,DET00,Ford Field
2017_01_ATL_CHI,2017,REG,1,2017-09-10,Sunday,13:00,ATL,23.0,CHI,17.0,Home,-6.0,40.0,0.0,400951570,7,7,-6.5,-107.0,-103.0,48.0,-277.0,245.0,0,outdoors,grass,00-0026143,00-0030520,Matt Ryan,Mike Glennon,CHI98,Soldier Field
2017_01_BAL_CIN,2017,REG,1,2017-09-10,Sunday,13:00,BAL,20.0,CIN,0.0,Home,-20.0,20.0,0.0,400951572,7,7,2.5,103.0,-114.0,41.5,127.0,-140.0,1,outdoors,fieldturf,00-0026158,00-0027973,Joe Flacco,Andy Dalton,CIN00,Paul Brown Stadium
2017_01_CAR_SF,2017,REG,1,2017-09-10,Sunday,16:25,CAR,23.0,SF,3.0,Home,-20.0,26.0,0.0,400951605,7,7,-4.5,-107.0,-103.0,45.5,-225.0,201.0,0,outdoors,grass,00-0027939,00-0026625,Cam Newton,Brian Hoyer,SFO01,Levi's Stadium
2017_01_IND_LA,2017,REG,1,2017-09-10,Sunday,16:05,IND,9.0,LA,46.0,Home,37.0,55.0,0.0,400951597,7,7,3.5,-102.0,-108.0,41.5,166.0,-185.0,0,outdoors,grass,00-0028595,00-0033106,Scott Tolzien,Jared Goff,LAX99,Los Angeles Memorial Coliseum
2017_01_JAX_HOU,2017,REG,1,2017-09-10,Sunday,13:00,JAX,29.0,HOU,7.0,Home,-22.0,36.0,0.0,400951580,7,7,5.5,-105.0,-105.0,38.0,201.0,-225.0,1,open,astroturf,00-0031407,00-0031064,Blake Bortles,Tom Savage,HOU00,NRG Stadium
2017_01_NYG_DAL,2017,REG,1,2017-09-10,Sunday,20:30,NYG,3.0,DAL,19.0,Home,16.0,22.0,0.0,400951608,7,7,6.0,-105.0,-105.0,46.5,221.0,-248.0,1,closed,matrixturf,00-0022803,00-0033077,Eli Manning,Dak Prescott,DAL00,AT&T Stadium
2017_01_NYJ_BUF,2017,REG,1,2017-09-10,Sunday,13:00,NYJ,12.0,BUF,21.0,Home,9.0,33.0,0.0,400951567,7,7,7.0,111.0,-123.0,42.0,297.0,-340.0,1,outdoors,a_turf,00-0021206,00-0028118,Josh McCown,Tyrod Taylor,BUF00,New Era Field
2017_01_OAK_TEN,2017,REG,1,2017-09-10,Sunday,13:00,LV,26.0,TEN,16.0,Home,-10.0,42.0,0.0,400951584,7,7,2.5,102.0,-113.0,49.5,121.0,-134.0,0,outdoors,grass,00-0031280,00-0032268,Derek Carr,Marcus Mariota,NAS00,Nissan Stadium
2017_01_PHI_WAS,2017,REG,1,2017-09-10,Sunday,13:00,PHI,30.0,WAS,17.0,Home,-13.0,47.0,0.0,400951592,7,7,-2.0,-105.0,-105.0,49.5,-125.0,113.0,1,outdoors,grass,00-0032950,00-0029604,Carson Wentz,Kirk Cousins,WAS00,FedExField
2017_01_PIT_CLE,2017,REG,1,2017-09-10,Sunday,13:00,PIT,21.0,CLE,18.0,Home,-3.0,39.0,0.0,400951574,7,7,-10.0,-102.0,-108.0,47.0,-450.0,385.0,1,outdoors,grass,00-0022924,00-0033899,Ben Roethlisberger,DeShone Kizer,CLE00,FirstEnergy Stadium
2017_01_SEA_GB,2017,REG,1,2017-09-10,Sunday,16:25,SEA,9.0,GB,17.0,Home,8.0,26.0,0.0,400951601,7,7,2.5,-100.0,-110.0,49.5,121.0,-134.0,0,outdoors,grass,00-0029263,00-0023459,Russell Wilson,Aaron Rodgers,GNB00,Lambeau Field
2017_01_LAC_DEN,2017,REG,1,2017-09-11,Monday,22:20,LAC,21.0,DEN,24.0,Home,3.0,45.0,0.0,400951615,7,7,3.0,-115.0,104.0,41.5,131.0,-145.0,1,outdoors,grass,00-0022942,00-0032156,Philip Rivers,Trevor Siemian,DEN00,Sports Authority Field at Mile High
2017_01_NO_MIN,2017,REG,1,2017-09-11,Monday,19:10,NO,19.0,MIN,29.0,Home,10.0,48.0,0.0,400951612,7,7,3.0,105.0,-116.0,47.5,155.0,-172.0,0,dome,sportturf,00-0020531,00-0027854,Drew Brees,Sam Bradford,MIN01,U.S. Bank Stadium
2017_02_HOU_CIN,2017,REG,2,2017-09-14,Thursday,20:25,HOU,13.0,CIN,9.0,Home,-4.0,22.0,0.0,400951620,4,4,5.5,-105.0,-105.0,38.0,211.0,-236.0,0,outdoors,fieldturf,00-0033537,00-0027973,Deshaun Watson,Andy Dalton,CIN00,Paul Brown Stadium
2017_02_ARI_IND,2017,REG,2,2017-09-17,Sunday,13:00,ARI,16.0,IND,13.0,Home,-3.0,29.0,1.0,400951632,7,7,-7.0,106.0,-117.0,44.0,-285.0,252.0,0,closed,fieldturf,00-0021429,00-0033119,Carson Palmer,Jacoby Brissett,IND00,Lucas Oil Stadium
2017_02_BUF_CAR,2017,REG,2,2017-09-17,Sunday,13:00,BUF,3.0,CAR,9.0,Home,6.0,12.0,0.0,400951630,7,7,6.5,-104.0,-106.0,43.0,248.0,-280.0,0,outdoors,grass,00-0028118,00-0027939,Tyrod Taylor,Cam Newton,CAR00,Bank of America Stadium
2017_02_CHI_TB,2017,REG,2,2017-09-17,Sunday,13:00,CHI,7.0,TB,29.0,Home,22.0,36.0,0.0,400951645,7,14,7.0,-100.0,-110.0,44.0,270.0,-307.0,0,outdoors,grass,00-0030520,00-0031503,Mike Glennon,Jameis Winston,TAM00,Raymond James Stadium
2017_02_CLE_BAL,2017,REG,2,2017-09-17,Sunday,13:00,CLE,10.0,BAL,24.0,Home,14.0,34.0,0.0,400951626,7,7,7.5,-115.0,104.0,39.5,281.0,-320.0,1,outdoors,grass,00-0033899,00-0026158,DeShone Kizer,Joe Flacco,BAL00,M&T Bank Stadium
2017_02_DAL_DEN,2017,REG,2,2017-09-17,Sunday,16:25,DAL,17.0,DEN,42.0,Home,25.0,59.0,0.0,400951673,7,6,-2.5,-100.0,-110.0,44.0,-128.0,116.0,0,outdoors,grass,00-0033077,00-0032156,Dak Prescott,Trevor Siemian,DEN00,Sports Authority Field at Mile High
2017_02_GB_ATL,2017,REG,2,2017-09-17,Sunday,20:30,GB,23.0,ATL,34.0,Home,11.0,57.0,0.0,400951679,7,7,3.5,-110.0,-100.0,55.0,159.0,-177.0,0,open,fieldturf,00-0023459,00-0026143,Aaron Rodgers,Matt Ryan,ATL97,Mercedes-Benz Stadium
2017_02_MIA_LAC,2017,REG,2,2017-09-17,Sunday,16:05,MIA,19.0,LAC,17.0,Home,-2.0,36.0,0.0,400951666,14,6,3.5,-105.0,-105.0,46.5,166.0,-185.0,0,outdoors,grass,00-0024226,00-0022942,Jay Cutler,Philip Rivers,LAX97,StubHub Center
2017_02_MIN_PIT,2017,REG,2,2017-09-17,Sunday,13:00,MIN,9.0,PIT,26.0,Home,17.0,35.0,0.0,400951643,6,7,8.5,-104.0,-106.0,43.0,330.0,-380.0,0,outdoors,grass,00-0028986,00-0022924,Case Keenum,Ben Roethlisberger,PIT00,Heinz Field
2017_02_NE_NO,2017,REG,2,2017-09-17,Sunday,13:00,NE,36.0,NO,20.0,Home,-16.0,56.0,0.0,400951639,10,6,-5.5,103.0,-114.0,55.0,-220.0,197.0,0,dome,sportturf,00-0019596,00-0020531,Tom Brady,Drew Brees,NOR00,Mercedes-Benz Superdome
2017_02_NYJ_OAK,2017,REG,2,2017-09-17,Sunday,16:05,NYJ,20.0,LV,45.0,Home,25.0,65.0,0.0,400951669,7,7,14.0,-100.0,-110.0,44.0,671.0,-850.0,0,outdoors,grass,00-0021206,00-0031280,Josh McCown,Derek Carr,OAK00,Oakland-Alameda County Coliseum
2017_02_PHI_KC,2017,REG,2,2017-09-17,Sunday,13:00,PHI,20.0,KC,27.0,Home,7.0,47.0,0.0,400951636,7,10,4.0,-105.0,-105.0,46.5,179.0,-199.0,0,outdoors,grass,00-0032950,00-0023436,Carson Wentz,Alex Smith,KAN00,Arrowhead Stadium
2017_02_SF_SEA,2017,REG,2,2017-09-17,Sunday,16:25,SF,9.0,SEA,12.0,Home,3.0,21.0,0.0,400951676,7,7,13.5,-110.0,-100.0,42.0,638.0,-800.0,1,outdoors,fieldturf,00-0026625,00-0029263,Brian Hoyer,Russell Wilson,SEA00,CenturyLink Field
2017_02_TEN_JAX,2017,REG,2,2017-09-17,Sunday,13:00,TEN,37.0,JAX,16.0,Home,-21.0,53.0,0.0,400951635,7,7,-1.0,-106.0,-104.0,42.0,-113.0,102.0,1,outdoors,grass,00-0032268,00-0031407,Marcus Mariota,Blake Bortles,JAX00,EverBank Field
2017_02_WAS_LA,2017,REG,2,2017-09-17,Sunday,16:25,WAS,27.0,LA,20.0,Home,-7.0,47.0,0.0,400951674,7,7,3.0,-106.0,-104.0,45.5,136.0,-150.0,0,outdoors,grass,00-0029604,00-0033106,Kirk Cousins,Jared Goff,LAX99,Los Angeles Memorial Coliseum
2017_02_DET_NYG,2017,REG,2,2017-09-18,Monday,20:30,DET,24.0,NYG,10.0,Home,-14.0,34.0,0.0,400951681,8,8,3.0,107.0,-118.0,42.0,151.0,-167.0,0,outdoors,fieldturf,00-0026498,00-0022803,Matthew Stafford,Eli Manning,NYC01,MetLife Stadium
2017_03_LA_SF,2017,REG,3,2017-09-21,Thursday,20:25,LA,41.0,SF,39.0,Home,-2.0,80.0,0.0,400951568,4,4,-3.0,106.0,-117.0,40.5,-140.0,127.0,1,outdoors,grass,00-0033106,00-0026625,Jared Goff,Brian Hoyer,SFO01,Levi's Stadium
2017_03_ATL_DET,2017,REG,3,2017-09-24,Sunday,13:00,ATL,30.0,DET,26.0,Home,-4.0,56.0,0.0,400951594,7,6,-3.0,-116.0,105.0,51.0,-167.0,151.0,0,dome,fieldturf,00-0026143,00-0026498,Matt Ryan,Matthew Stafford,DET00,Ford Field
2017_03_BAL_JAX,2017,REG,3,2017-09-24,Sunday,21:30,BAL,7.0,JAX,44.0,Neutral,37.0,51.0,0.0,400951579,7,7,-3.0,-110.0,-100.0,38.0,-162.0,146.0,0,outdoors,grass,00-0026158,00-0031407,Joe Flacco,Blake Bortles,LON00,Wembley Stadium
2017_03_CIN_GB,2017,REG,3,2017-09-24,Sunday,16:25,CIN,24.0,GB,27.0,Home,3.0,51.0,1.0,400951627,10,7,7.0,-104.0,-106.0,47.5,293.0,-335.0,0,outdoors,grass,00-0027973,00-0023459,Andy Dalton,Aaron Rodgers,GNB00,Lambeau Field
2017_03_CLE_IND,2017,REG,3,2017-09-24,Sunday,13:00,CLE,28.0,IND,31.0,Home,3.0,59.0,0.0,400951599,7,7,1.0,-100.0,-110.0,42.0,105.0,-116.0,0,closed,fieldturf,00-0033899,00-0033119,DeShone Kizer,Jacoby Brissett,IND00,Lucas Oil Stadium
2017_03_DEN_BUF,2017,REG,3,2017-09-24,Sunday,13:00,DEN,16.0,BUF,26.0,Home,10.0,42.0,0.0,400951583,7,7,-3.5,-102.0,-108.0,40.0,-180.0,162.0,0,outdoors,a_turf,00-0032156,00-0028118,Trevor Siemian,Tyrod Taylor,BUF00,New Era Field
2017_03_HOU_NE,2017,REG,3,2017-09-24,Sunday,13:00,HOU,33.0,NE,36.0,Home,3.0,69.0,0.0,400951607,10,7,13.5,-110.0,100.0,44.5,761.0,-990.0,0,outdoors,fieldturf,00-0033537,00-0019596,Deshaun Watson,Tom Brady,BOS00,Gillette Stadium
2017_03_KC_LAC,2017,REG,3,2017-09-24,Sunday,16:25,KC,24.0,LAC,10.0,Home,-14.0,34.0,0.0,400951634,7,7,-3.0,107.0,-118.0,47.5,-145.0,131.0,1,outdoors,grass,00-0023436,00-0022942,Alex Smith,Philip Rivers,LAX97,StubHub Center
2017_03_MIA_NYJ,2017,REG,3,2017-09-24,Sunday,13:00,MIA,6.0,NYJ,20.0,Home,14.0,26.0,0.0,400951611,7,7,-5.5,-103.0,-107.0,43.0,-224.0,200.0,1,outdoors,fieldturf,00-0024226,00-0021206,Jay Cutler,Josh McCown,NYC01,MetLife Stadium
2017_03_NO_CAR,2017,REG,3,2017-09-24,Sunday,13:00,NO,34.0,CAR,13.0,Home,-21.0,47.0,0.0,400951587,7,7,5.5,-100.0,-110.0,46.5,216.0,-242.0,1,outdoors,grass,00-0020531,00-0027939,Drew Brees,Cam Newton,CAR00,Bank of America Stadium
2017_03_NYG_PHI,2017,REG,3,2017-09-24,Sunday,13:00,NYG,24.0,PHI,27.0,Home,3.0,51.0,0.0,400951616,6,7,5.0,-104.0,-106.0,42.0,205.0,-230.0,1,outdoors,grass,00-0022803,00-0032950,Eli Manning,Carson Wentz,PHI00,Lincoln Financial Field
2017_03_OAK_WAS,2017,REG,3,2017-09-24,Sunday,20:30,LV,10.0,WAS,27.0,Home,17.0,37.0,0.0,400951644,7,7,-3.5,-103.0,-107.0,53.0,-185.0,166.0,0,outdoors,grass,00-0031280,00-0029604,Derek Carr,Kirk Cousins,WAS00,FedExField
2017_03_PIT_CHI,2017,REG,3,2017-09-24,Sunday,13:00,PIT,17.0,CHI,23.0,Home,6.0,40.0,1.0,400951590,7,7,-7.0,106.0,-117.0,43.5,-300.0,264.0,0,outdoors,grass,00-0022924,00-0030520,Ben Roethlisberger,Mike Glennon,CHI98,Soldier Field
2017_03_SEA_TEN,2017,REG,3,2017-09-24,Sunday,16:05,SEA,27.0,TEN,33.0,Home,6.0,60.0,0.0,400951623,7,7,2.0,105.0,-116.0,42.0,118.0,-130.0,0,outdoors,grass,00-0029263,00-0032268,Russell Wilson,Marcus Mariota,NAS00,Nissan Stadium
2017_03_TB_MIN,2017,REG,3,2017-09-24,Sunday,13:00,TB,17.0,MIN,34.0,Home,17.0,51.0,0.0,400951604,7,7,0.0,-100.0,-110.0,41.0,-104.0,-106.0,0,dome,sportturf,00-0031503,00-0028986,Jameis Winston,Case Keenum,MIN01,U.S. Bank Stadium
2017_03_DAL_ARI,2017,REG,3,2017-09-25,Monday,20:30,DAL,28.0,ARI,17.0,Home,-11.0,45.0,0.0,400951668,8,8,-3.0,104.0,-115.0,46.5,-151.0,137.0,0,closed,grass,00-0033077,00-0021429,Dak Prescott,Carson Palmer,PHO00,University of Phoenix Stadium
2017_04_CHI_GB,2017,REG,4,2017-09-28,Thursday,20:25,CHI,14.0,GB,35.0,Home,21.0,49.0,0.0,400951678,4,4,7.5,,,44.0,,,1,outdoors,grass,00-0030520,00-0023459,Mike Glennon,Aaron Rodgers,GNB00,Lambeau Field
2017_04_BUF_ATL,2017,REG,4,2017-10-01,Sunday,13:00,BUF,23.0,ATL,17.0,Home,-6.0,40.0,0.0,400951685,7,7,8.0,-105.0,-105.0,48.0,330.0,-380.0,0,closed,fieldturf,00-0028118,00-0026143,Tyrod Taylor,Matt Ryan,ATL97,Mercedes-Benz Stadium
2017_04_CAR_NE,2017,REG,4,2017-10-01,Sunday,13:00,CAR,33.0,NE,30.0,Home,-3.0,63.0,0.0,400951727,7,7,9.0,-110.0,-100.0,48.0,385.0,-450.0,0,outdoors,fieldturf,00-0027939,00-0019596,Cam Newton,Tom Brady,BOS00,Gillette Stadium
2017_04_CIN_CLE,2017,REG,4,2017-10-01,Sunday,13:00,CIN,31.0,CLE,7.0,Home,-24.0,38.0,0.0,400951712,7,7,-3.0,-115.0,104.0,41.5,-164.0,148.0,1,outdoors,grass,00-0027973,00-0033899,Andy Dalton,DeShone Kizer,CLE00,FirstEnergy Stadium
2017_04_DET_MIN,2017,REG,4,2017-10-01,Sunday,13:00,DET,14.0,MIN,7.0,Home,-7.0,21.0,0.0,400951724,7,7,2.5,115.0,-127.0,43.0,140.0,-155.0,1,dome,sportturf,00-0026498,00-0028986,Matthew Stafford,Case Keenum,MIN01,U.S. Bank Stadium
2017_04_IND_SEA,2017,REG,4,2017-10-01,Sunday,20:30,IND,18.0,SEA,46.0,Home,28.0,64.0,0.0,400951747,7,7,12.5,-110.0,-100.0,41.5,604.0,-750.0,0,outdoors,fieldturf,00-0033119,00-0029263,Jacoby Brissett,Russell Wilson,SEA00,CenturyLink Field
2017_04_JAX_NYJ,2017,REG,4,2017-10-01,Sunday,13:00,JAX,20.0,NYJ,23.0,Home,3.0,43.0,1.0,400951730,7,7,-4.0,-100.0,-110.0,38.5,-195.0,175.0,0,outdoors,fieldturf,00-0031407,00-0021206,Blake Bortles,Josh McCown,NYC01,MetLife Stadium
2017_04_LA_DAL,2017,REG,4,2017-10-01,Sunday,13:00,LA,35.0,DAL,30.0,Home,-5.0,65.0,0.0,400951716,10,6,5.0,-105.0,-105.0,51.0,211.0,-237.0,0,closed,matrixturf,00-0033106,00-0033077,Jared Goff,Dak Prescott,DAL00,AT&T Stadium
2017_04_NO_MIA,2017,REG,4,2017-10-01,Sunday,21:30,NO,20.0,MIA,0.0,Neutral,-20.0,20.0,0.0,400950241,7,7,-4.0,-106.0,-104.0,51.5,-196.0,176.0,0,outdoors,grass,00-0020531,00-0024226,Drew Brees,Jay Cutler,LON00,Wembley Stadium
2017_04_NYG_TB,2017,REG,4,2017-10-01,Sunday,16:05,NYG,23.0,TB,25.0,Home,2.0,48.0,0.0,400951742,7,7,2.5,-103.0,-107.0,46.0,126.0,-139.0,0,outdoors,grass,00-0022803,00-0031503,Eli Manning,Jameis Winston,TAM00,Raymond James Stadium
2017_04_OAK_DEN,2017,REG,4,2017-10-01,Sunday,16:25,LV,10.0,DEN,16.0,Home,6.0,26.0,0.0,400951744,7,7,3.5,-102.0,-108.0,44.0,166.0,-185.0,1,outdoors,grass,00-0031280,00-0032156,Derek Carr,Trevor Siemian,DEN00,Sports Authority Field at Mile High
2017_04_PHI_LAC,2017,REG,4,2017-10-01,Sunday,16:05,PHI,26.0,LAC,24.0,Home,-2.0,50.0,0.0,400951738,7,7,1.5,-105.0,-105.0,48.0,106.0,-117.0,0,outdoors,grass,00-0032950,00-0022942,Carson Wentz,Philip Rivers,LAX97,StubHub Center
2017_04_PIT_BAL,2017,REG,4,2017-10-01,Sunday,13:00,PIT,26.0,BAL,9.0,Home,-17.0,35.0,0.0,400951708,7,7,-3.5,100.0,-110.0,42.0,-185.0,166.0,1,outdoors,grass,00-0022924,00-0026158,Ben Roethlisberger,Joe Flacco,BAL00,M&T Bank Stadium
2017_04_SF_ARI,2017,REG,4,2017-10-01,Sunday,16:05,SF,15.0,ARI,18.0,Home,3.0,33.0,1.0,400951735,10,6,6.5,-104.0,-106.0,43.0,235.0,-265.0,1,closed,grass,00-0026625,00-0021429,Brian Hoyer,Carson Palmer,PHO00,University of Phoenix Stadium
2017_04_TEN_HOU,2017,REG,4,2017-10-01,Sunday,13:00,TEN,14.0,HOU,57.0,Home,43.0,71.0,0.0,400951720,7,7,-2.5,-113.0,102.0,43.0,-139.0,126.0,1,open,astroturf,00-0032268,00-0033537,Marcus Mariota,Deshaun Watson,HOU00,NRG Stadium
2017_04_WAS_KC,2017,REG,4,2017-10-02,Monday,20:30,WAS,20.0,KC,29.0,Home,9.0,49.0,0.0,400951752,8,8,6.5,-110.0,-100.0,48.0,239.0,-269.0,0,outdoors,grass,00-0029604,00-0023436,Kirk Cousins,Alex Smith,KAN00,Arrowhead Stadium
2017_05_NE_TB,2017,REG,5,2017-10-05,Thursday,20:25,NE,19.0,TB,14.0,Home,-5.0,33.0,0.0,400951552,4,4,-3.5,-100.0,-110.0,54.5,-180.0,162.0,0,outdoors,grass,00-0019596,00-0031503,Tom Brady,Jameis Winston,TAM00,Raymond James Stadium
2017_05_ARI_PHI,2017,REG,5,2017-10-08,Sunday,13:00,ARI,7.0,PHI,34.0,Home,27.0,41.0,0.0,400951651,7,7,6.0,100.0,-110.0,45.0,226.0,-254.0,0,outdoors,grass,00-0021429,00-0032950,Carson Palmer,Carson Wentz,PHI00,Lincoln Financial Field
2017_05_BAL_OAK,2017,REG,5,2017-10-08,Sunday,16:05,BAL,30.0,LV,17.0,Home,-13.0,47.0,0.0,400951659,7,7,3.0,-105.0,-105.0,40.5,140.0,-155.0,0,outdoors,grass,00-0026158,00-0030526,Joe Flacco,EJ Manuel,OAK00,Oakland-Alameda County Coliseum
2017_05_BUF_CIN,2017,REG,5,2017-10-08,Sunday,13:00,BUF,16.0,CIN,20.0,Home,4.0,36.0,0.0,400951554,7,7,3.0,-108.0,-102.0,39.0,136.0,-150.0,0,outdoors,fieldturf,00-0028118,00-0027973,Tyrod Taylor,Andy Dalton,CIN00,Paul Brown Stadium
2017_05_CAR_DET,2017,REG,5,2017-10-08,Sunday,13:00,CAR,27.0,DET,24.0,Home,-3.0,51.0,0.0,400951558,7,7,2.0,-105.0,-105.0,42.0,118.0,-130.0,0,dome,fieldturf,00-0027939,00-0026498,Cam Newton,Matthew Stafford,DET00,Ford Field
2017_05_GB_DAL,2017,REG,5,2017-10-08,Sunday,16:25,GB,35.0,DAL,31.0,Home,-4.0,66.0,0.0,400951661,10,7,2.5,104.0,-115.0,52.0,126.0,-139.0,0,closed,matrixturf,00-0023459,00-0033077,Aaron Rodgers,Dak Prescott,DAL00,AT&T Stadium
2017_05_JAX_PIT,2017,REG,5,2017-10-08,Sunday,13:00,JAX,30.0,PIT,9.0,Home,-21.0,39.0,0.0,400951655,7,7,7.5,-123.0,111.0,41.0,289.0,-330.0,0,outdoors,grass,00-0031407,00-0022924,Blake Bortles,Ben Roethlisberger,PIT00,Heinz Field
2017_05_KC_HOU,2017,REG,5,2017-10-08,Sunday,20:30,KC,42.0,HOU,34.0,Home,-8.0,76.0,0.0,400951664,6,7,-2.0,-109.0,-101.0,45.0,-128.0,116.0,0,closed,astroturf,00-0023436,00-0033537,Alex Smith,Deshaun Watson,HOU00,NRG Stadium
2017_05_LAC_NYG,2017,REG,5,2017-10-08,Sunday,13:00,LAC,27.0,NYG,22.0,Home,-5.0,49.0,0.0,400951650,7,7,3.0,-104.0,-106.0,45.5,144.0,-160.0,0,outdoors,fieldturf,00-0022942,00-0022803,Philip Rivers,Eli Manning,NYC01,MetLife Stadium
2017_05_NYJ_CLE,2017,REG,5,2017-10-08,Sunday,13:00,NYJ,17.0,CLE,14.0,Home,-3.0,31.0,0.0,400951556,7,7,-1.5,-107.0,-103.0,41.5,-122.0,111.0,0,outdoors,grass,00-0021206,00-0033899,Josh McCown,DeShone Kizer,CLE00,FirstEnergy Stadium
2017_05_SEA_LA,2017,REG,5,2017-10-08,Sunday,16:05,SEA,16.0,LA,10.0,Home,-6.0,26.0,0.0,400951657,7,7,2.0,102.0,-113.0,46.5,120.0,-133.0,1,outdoors,grass,00-0029263,00-0033106,Russell Wilson,Jared Goff,LAX99,Los Angeles Memorial Coliseum
2017_05_SF_IND,2017,REG,5,2017-10-08,Sunday,13:00,SF,23.0,IND,26.0,Home,3.0,49.0,1.0,400951562,7,7,-1.0,102.0,-113.0,43.5,-104.0,-106.0,0,closed,fieldturf,00-0026625,00-0033119,Brian Hoyer,Jacoby Brissett,IND00,Lucas Oil Stadium
2017_05_TEN_MIA,2017,REG,5,2017-10-08,Sunday,13:00,TEN,10.0,MIA,16.0,Home,6.0,26.0,0.0,400951646,7,7,0.0,-100.0,-110.0,41.5,102.0,-113.0,0,outdoors,grass,00-0023662,00-0024226,Matt Cassel,Jay Cutler,MIA00,Hard Rock Stadium
2017_05_MIN_CHI,2017,REG,5,2017-10-09,Monday,20:30,MIN,20.0,CHI,17.0,Home,-3.0,37.0,0.0,400951691,8,11,-3.5,103.0,-114.0,41.0,-177.0,159.0,1,outdoors,grass,00-0027854,00-0033869,Sam Bradford,Mitch Trubisky,CHI98,Soldier Field
2017_06_PHI_CAR,2017,REG,6,2017-10-12,Thursday,20:25,PHI,28.0,CAR,23.0,Home,-5.0,51.0,0.0,400951695,4,4,3.0,-113.0,102.0,44.0,134.0,-148.0,0,outdoors,grass,00-0032950,00-0027939,Carson Wentz,Cam Newton,CAR00,Bank of America Stadium
2017_06_CHI_BAL,2017,REG,6,2017-10-15,Sunday,13:00,CHI,27.0,BAL,24.0,Home,-3.0,51.0,1.0,400951699,6,7,5.5,-109.0,-101.0,39.5,201.0,-225.0,0,outdoors,grass,00-0033869,00-0026158,Mitch Trubisky,Joe Flacco,BAL00,M&T Bank Stadium
2017_06_CLE_HOU,2017,REG,6,2017-10-15,Sunday,13:00,CLE,17.0,HOU,33.0,Home,16.0,50.0,0.0,400951700,7,7,7.5,-113.0,102.0,46.0,277.0,-315.0,0,closed,astroturf,00-0032784,00-0033537,Kevin Hogan,Deshaun Watson,HOU00,NRG Stadium
2017_06_DET_NO,2017,REG,6,2017-10-15,Sunday,13:00,DET,38.0,NO,52.0,Home,14.0,90.0,0.0,400951704,7,14,6.0,-115.0,104.0,50.5,205.0,-230.0,0,dome,sportturf,00-0026498,00-0020531,Matthew Stafford,Drew Brees,NOR00,Mercedes-Benz Superdome
2017_06_GB_MIN,2017,REG,6,2017-10-15,Sunday,13:00,GB,10.0,MIN,23.0,Home,13.0,33.0,0.0,400951702,7,6,-3.0,102.0,-113.0,46.0,-150.0,136.0,1,dome,sportturf,00-0023459,00-0028986,Aaron Rodgers,Case Keenum,MIN01,U.S. Bank Stadium
2017_06_LAC_OAK,2017,REG,6,2017-10-15,Sunday,16:25,LAC,17.0,LV,16.0,Home,-1.0,33.0,0.0,400951779,7,7,3.0,-104.0,-106.0,48.5,140.0,-155.0,1,outdoors,grass,00-0022942,00-0031280,Philip Rivers,Derek Carr,OAK00,Oakland-Alameda County Coliseum
2017_06_LA_JAX,2017,REG,6,2017-10-15,Sunday,16:05,LA,27.0,JAX,17.0,Home,-10.0,44.0,0.0,400951773,7,7,1.0,-102.0,-108.0,42.0,104.0,-115.0,0,outdoors,grass,00-0033106,00-0031407,Jared Goff,Blake Bortles,JAX00,EverBank Field
2017_06_MIA_ATL,2017,REG,6,2017-10-15,Sunday,13:00,MIA,20.0,ATL,17.0,Home,-3.0,37.0,0.0,400951697,7,14,14.0,-110.0,100.0,46.0,638.0,-800.0,0,closed,fieldturf,00-0024226,00-0026143,Jay Cutler,Matt Ryan,ATL97,Mercedes-Benz Stadium
2017_06_NE_NYJ,2017,REG,6,2017-10-15,Sunday,13:00,NE,24.0,NYJ,17.0,Home,-7.0,41.0,0.0,400951766,10,7,-9.0,-105.0,-105.0,48.5,-400.0,346.0,1,outdoors,fieldturf,00-0019596,00-0021206,Tom Brady,Josh McCown,NYC01,MetLife Stadium
2017_06_NYG_DEN,2017,REG,6,2017-10-15,Sunday,20:30,NYG,23.0,DEN,10.0,Home,-13.0,33.0,0.0,400951782,7,14,14.0,-113.0,102.0,37.5,569.0,-700.0,0,outdoors,grass,00-0022803,00-0032156,Eli Manning,Trevor Siemian,DEN00,Sports Authority Field at Mile High
2017_06_PIT_KC,2017,REG,6,2017-10-15,Sunday,16:25,PIT,19.0,KC,13.0,Home,-6.0,32.0,0.0,400951776,7,7,3.5,-123.0,111.0,46.5,153.0,-170.0,0,outdoors,grass,00-0022924,00-0023436,Ben Roethlisberger,Alex Smith,KAN00,Arrowhead Stadium
2017_06_SF_WAS,2017,REG,6,2017-10-15,Sunday,13:00,SF,24.0,WAS,26.0,Home,2.0,50.0,0.0,400951767,7,13,12.0,-119.0,108.0,46.0,408.0,-480.0,0,outdoors,grass,00-0026625,00-0029604,Brian Hoyer,Kirk Cousins,WAS00,FedExField
2017_06_TB_ARI,2017,REG,6,2017-10-15,Sunday,16:05,TB,33.0,ARI,38.0,Home,5.0,71.0,0.0,400951770,10,7,-2.5,-115.0,104.0,46.5,-134.0,121.0,0,closed,grass,00-0031503,00-0021429,Jameis Winston,Carson Palmer,PHO00,University of Phoenix Stadium
2017_06_IND_TEN,2017,REG,6,2017-10-16,Monday,20:30,IND,22.0,TEN,36.0,Home,14.0,58.0,0.0,400951785,8,8,7.0,-109.0,-101.0,46.0,250.0,-283.0,1,outdoors,grass,00-0033119,00-0032268,Jacoby Brissett,Marcus Mariota,NAS00,Nissan Stadium
2017_07_KC_OAK,2017,REG,7,2017-10-19,Thursday,20:25,KC,30.0,LV,31.0,Home,1.0,61.0,0.0,400951571,4,4,-3.0,-106.0,-104.0,46.5,-155.0,140.0,1,outdoors,grass,00-0023436,00-0031280,Alex Smith,Derek Carr,OAK00,Oakland-Alameda County Coliseum
2017_07_ARI_LA,2017,REG,7,2017-10-22,Sunday,13:00,ARI,0.0,LA,33.0,Neutral,33.0,33.0,0.0,400951593,7,7,3.0,106.0,-117.0,45.5,148.0,-164.0,1,outdoors,grass,00-0021429,00-0033106,Carson Palmer,Jared Goff,LON01,Twickenham Stadium
2017_07_ATL_NE,2017,REG,7,2017-10-22,Sunday,20:30,ATL,7.0,NE,23.0,Home,16.0,30.0,0.0,400951638,7,7,3.0,-115.0,104.0,56.5,136.0,-150.0,0,outdoors,fieldturf,00-0026143,00-0019596,Matt Ryan,Tom Brady,BOS00,Gillette Stadium
2017_07_BAL_MIN,2017,REG,7,2017-10-22,Sunday,13:00,BAL,16.0,MIN,24.0,Home,8.0,40.0,0.0,400951603,7,7,5.0,-104.0,-106.0,37.5,197.0,-220.0,0,dome,sportturf,00-0026158,00-0028986,Joe Flacco,Case Keenum,MIN01,U.S. Bank Stadium
2017_07_CAR_CHI,2017,REG,7,2017-10-22,Sunday,13:00,CAR,3.0,CHI,17.0,Home,14.0,20.0,0.0,400951578,10,7,-2.5,-114.0,103.0,39.5,-139.0,126.0,0,outdoors,grass,00-0027939,00-0033869,Cam Newton,Mitch Trubisky,CHI98,Soldier Field
2017_07_CIN_PIT,2017,REG,7,2017-10-22,Sunday,16:25,CIN,14.0,PIT,29.0,Home,15.0,43.0,0.0,400951609,14,7,4.0,-100.0,-110.0,40.0,179.0,-199.0,1,outdoors,grass,00-0027973,00-0022924,Andy Dalton,Ben Roethlisberger,PIT00,Heinz Field
2017_07_DAL_SF,2017,REG,7,2017-10-22,Sunday,16:05,DAL,40.0,SF,10.0,Home,-30.0,50.0,0.0,400951619,14,7,-6.5,-103.0,-107.0,48.0,-265.0,235.0,0,outdoors,grass,00-0033077,00-0033936,Dak Prescott,C.J. Beathard,SFO01,Levi's Stadium
2017_07_DEN_LAC,2017,REG,7,2017-10-22,Sunday,16:25,DEN,0.0,LAC,21.0,Home,21.0,21.0,0.0,400951624,7,7,-1.0,-100.0,-110.0,41.0,-105.0,-105.0,1,outdoors,grass,00-0032156,00-0022942,Trevor Siemian,Philip Rivers,LAX97,StubHub Center
2017_07_JAX_IND,2017,REG,7,2017-10-22,Sunday,13:00,JAX,27.0,IND,0.0,Home,-27.0,27.0,0.0,400951589,7,6,-3.0,-110.0,-100.0,41.0,-156.0,141.0,1,closed,fieldturf,00-0031407,00-0033119,Blake Bortles,Jacoby Brissett,IND00,Lucas Oil Stadium
2017_07_NO_GB,2017,REG,7,2017-10-22,Sunday,13:00,NO,26.0,GB,17.0,Home,-9.0,43.0,0.0,400951585,7,7,-3.5,-113.0,102.0,45.5,-190.0,171.0,0,outdoors,grass,00-0020531,00-0031589,Drew Brees,Brett Hundley,GNB00,Lambeau Field
2017_07_NYJ_MIA,2017,REG,7,2017-10-22,Sunday,13:00,NYJ,28.0,MIA,31.0,Home,3.0,59.0,0.0,400951598,7,7,3.0,-104.0,-106.0,40.0,144.0,-160.0,1,outdoors,grass,00-0021206,00-0024226,Josh McCown,Jay Cutler,MIA00,Hard Rock Stadium
2017_07_SEA_NYG,2017,REG,7,2017-10-22,Sunday,16:25,SEA,24.0,NYG,7.0,Home,-17.0,31.0,0.0,400951628,14,7,-4.0,-110.0,-100.0,39.0,-208.0,186.0,0,outdoors,fieldturf,00-0029263,00-0022803,Russell Wilson,Eli Manning,NYC01,MetLife Stadium
2017_07_TB_BUF,2017,REG,7,2017-10-22,Sunday,13:00,TB,27.0,BUF,30.0,Home,3.0,57.0,0.0,400951575,7,14,3.0,105.0,-116.0,46.5,150.0,-166.0,0,outdoors,a_turf,00-0031503,00-0028118,Jameis Winston,Tyrod Taylor,BUF00,New Era Field
2017_07_TEN_CLE,2017,REG,7,2017-10-22,Sunday,13:00,TEN,12.0,CLE,9.0,Home,-3.0,21.0,1.0,400951582,6,7,-5.5,-105.0,-105.0,42.5,-230.0,205.0,0,outdoors,grass,00-0032268,00-0033899,Marcus Mariota,DeShone Kizer,CLE00,FirstEnergy Stadium
2017_07_WAS_PHI,2017,REG,7,2017-10-23,Monday,20:30,WAS,24.0,PHI,34.0,Home,10.0,58.0,0.0,400951641,8,11,5.0,-107.0,-103.0,48.5,201.0,-225.0,1,outdoors,grass,00-0029604,00-0032950,Kirk Cousins,Carson Wentz,PHI00,Lincoln Financial Field
2017_08_MIA_BAL,2017,REG,8,2017-10-26,Thursday,20:25,MIA,0.0,BAL,40.0,Home,40.0,40.0,0.0,400951670,4,4,3.0,-103.0,-107.0,38.0,141.0,-156.0,0,outdoors,grass,00-0025708,00-0026158,Matt Moore,Joe Flacco,BAL00,M&T Bank Stadium
2017_08_ATL_NYJ,2017,REG,8,2017-10-29,Sunday,13:00,ATL,25.0,NYJ,20.0,Home,-5.0,45.0,0.0,400951721,7,7,-6.5,-113.0,102.0,43.5,-280.0,248.0,0,outdoors,fieldturf,00-0026143,00-0021206,Matt Ryan,Josh McCown,NYC01,MetLife Stadium
2017_08_CAR_TB,2017,REG,8,2017-10-29,Sunday,13:00,CAR,17.0,TB,3.0,Home,-14.0,20.0,0.0,400951725,7,7,1.5,-100.0,-110.0,46.0,111.0,-123.0,1,outdoors,grass,00-0027939,00-0031503,Cam Newton,Jameis Winston,TAM00,Raymond James Stadium
2017_08_CHI_NO,2017,REG,8,2017-10-29,Sunday,13:00,CHI,12.0,NO,20.0,Home,8.0,32.0,0.0,400951717,7,7,7.5,-104.0,-106.0,46.0,305.0,-350.0,0,dome,sportturf,00-0033869,00-0020531,Mitch Trubisky,Drew Brees,NOR00,Mercedes-Benz Superdome
2017_08_DAL_WAS,2017,REG,8,2017-10-29,Sunday,16:25,DAL,33.0,WAS,19.0,Home,-14.0,52.0,0.0,400951732,7,6,-3.0,-115.0,104.0,46.5,-167.0,151.0,1,outdoors,grass,00-0033077,00-0029604,Dak Prescott,Kirk Cousins,WAS00,FedExField
2017_08_HOU_SEA,2017,REG,8,2017-10-29,Sunday,16:05,HOU,38.0,SEA,41.0,Home,3.0,79.0,0.0,400951729,14,7,6.0,-108.0,-102.0,45.0,222.0,-250.0,0,outdoors,fieldturf,00-0033537,00-0029263,Deshaun Watson,Russell Wilson,SEA00,CenturyLink Field
2017_08_IND_CIN,2017,REG,8,2017-10-29,Sunday,13:00,IND,23.0,CIN,24.0,Home,1.0,47.0,0.0,400951711,7,7,11.0,-110.0,-100.0,44.0,423.0,-500.0,0,outdoors,fieldturf,00-0033119,00-0027973,Jacoby Brissett,Andy Dalton,CIN00,Paul Brown Stadium
2017_08_LAC_NE,2017,REG,8,2017-10-29,Sunday,13:00,LAC,13.0,NE,21.0,Home,8.0,34.0,0.0,400951715,7,7,6.5,-100.0,-110.0,49.5,241.0,-272.0,0,outdoors,fieldturf,00-0022942,00-0019596,Philip Rivers,Tom Brady,BOS00,Gillette Stadium
2017_08_MIN_CLE,2017,REG,8,2017-10-29,Sunday,21:30,MIN,33.0,CLE,16.0,Neutral,-17.0,49.0,0.0,400951683,7,7,-11.0,-108.0,-102.0,38.5,-480.0,408.0,0,outdoors,grass,00-0028986,00-0033899,Case Keenum,DeShone Kizer,LON01,Twickenham Stadium
2017_08_OAK_BUF,2017,REG,8,2017-10-29,Sunday,13:00,LV,14.0,BUF,34.0,Home,20.0,48.0,0.0,400951706,10,7,2.5,-104.0,-106.0,47.0,116.0,-128.0,0,outdoors,a_turf,00-0031280,00-0028118,Derek Carr,Tyrod Taylor,BUF00,New Era Field
2017_08_PIT_DET,2017,REG,8,2017-10-29,Sunday,20:30,PIT,20.0,DET,15.0,Home,-5.0,35.0,0.0,400951736,7,14,-3.0,-120.0,109.0,44.5,-170.0,153.0,0,dome,fieldturf,00-0022924,00-0026498,Ben Roethlisberger,Matthew Stafford,DET00,Ford Field
2017_08_SF_PHI,2017,REG,8,2017-10-29,Sunday,13:00,SF,10.0,PHI,33.0,Home,23.0,43.0,0.0,400951723,7,6,13.0,-100.0,-110.0,45.0,604.0,-750.0,0,outdoors,grass,00-0033936,00-0032950,C.J. Beathard,Carson Wentz,PHI00,Lincoln Financial Field
2017_08_DEN_KC,2017,REG,8,2017-10-30,Monday,20:30,DEN,19.0,KC,29.0,Home,10.0,48.0,0.0,400951737,8,11,7.0,-107.0,-103.0,42.0,273.0,-310.0,1,outdoors,grass,00-0032156,00-0023436,Trevor Siemian,Alex Smith,KAN00,Arrowhead Stadium
2017_09_BUF_NYJ,2017,REG,9,2017-11-02,Thursday,20:25,BUF,21.0,NYJ,34.0,Home,13.0,55.0,0.0,400951743,4,4,-3.0,-124.0,112.0,42.0,-175.0,158.0,1,outdoors,fieldturf,00-0028118,00-0021206,Tyrod Taylor,Josh McCown,NYC01,MetLife Stadium
2017_09_ARI_SF,2017,REG,9,2017-11-05,Sunday,16:05,ARI,20.0,SF,10.0,Home,-10.0,30.0,0.0,400951763,14,7,-2.5,-102.0,-108.0,39.0,-130.0,118.0,1,outdoors,grass,00-0025430,00-0033936,Drew Stanton,C.J. Beathard,SFO01,Levi's Stadium
2017_09_ATL_CAR,2017,REG,9,2017-11-05,Sunday,13:00,ATL,17.0,CAR,20.0,Home,3.0,37.0,0.0,400951749,7,7,-3.0,104.0,-115.0,42.0,-148.0,134.0,1,outdoors,grass,00-0026143,00-0027939,Matt Ryan,Cam Newton,CAR00,Bank of America Stadium
2017_09_BAL_TEN,2017,REG,9,2017-11-05,Sunday,13:00,BAL,20.0,TEN,23.0,Home,3.0,43.0,0.0,400951761,10,14,3.0,107.0,-118.0,41.0,155.0,-172.0,0,outdoors,grass,00-0026158,00-0032268,Joe Flacco,Marcus Mariota,NAS00,Nissan Stadium
2017_09_CIN_JAX,2017,REG,9,2017-11-05,Sunday,13:00,CIN,7.0,JAX,23.0,Home,16.0,30.0,0.0,400951753,7,14,6.0,-110.0,-100.0,38.0,205.0,-230.0,0,outdoors,grass,00-0027973,00-0031407,Andy Dalton,Blake Bortles,JAX00,EverBank Field
2017_09_DEN_PHI,2017,REG,9,2017-11-05,Sunday,13:00,DEN,23.0,PHI,51.0,Home,28.0,74.0,0.0,400951760,6,7,7.0,-114.0,103.0,41.0,264.0,-300.0,0,outdoors,grass,00-0029682,00-0032950,Brock Osweiler,Carson Wentz,PHI00,Lincoln Financial Field
2017_09_IND_HOU,2017,REG,9,2017-11-05,Sunday,13:00,IND,20.0,HOU,14.0,Home,-6.0,34.0,0.0,400951751,7,7,6.0,-100.0,-110.0,45.0,225.0,-253.0,1,closed,astroturf,00-0033119,00-0031064,Jacoby Brissett,Tom Savage,HOU00,NRG Stadium
2017_09_KC_DAL,2017,REG,9,2017-11-05,Sunday,16:25,KC,17.0,DAL,28.0,Home,11.0,45.0,0.0,400951786,6,7,2.0,-103.0,-107.0,53.0,116.0,-128.0,0,closed,matrixturf,00-0023436,00-0033077,Alex Smith,Dak Prescott,DAL00,AT&T Stadium
2017_09_LA_NYG,2017,REG,9,2017-11-05,Sunday,13:00,LA,51.0,NYG,17.0,Home,-34.0,68.0,0.0,400951758,14,14,-5.5,-113.0,102.0,42.5,-247.0,220.0,0,outdoors,fieldturf,00-0033106,00-0022803,Jared Goff,Eli Manning,NYC01,MetLife Stadium
2017_09_OAK_MIA,2017,REG,9,2017-11-05,Sunday,20:30,LV,27.0,MIA,24.0,Home,-3.0,51.0,0.0,400951787,7,10,-3.0,-110.0,100.0,44.5,-155.0,140.0,0,outdoors,grass,00-0031280,00-0024226,Derek Carr,Jay Cutler,MIA00,Hard Rock Stadium
2017_09_TB_NO,2017,REG,9,2017-11-05,Sunday,13:00,TB,10.0,NO,30.0,Home,20.0,40.0,0.0,400951755,7,7,7.0,-109.0,-101.0,54.0,264.0,-300.0,1,dome,sportturf,00-0031503,00-0020531,Jameis Winston,Drew Brees,NOR00,Mercedes-Benz Superdome
2017_09_WAS_SEA,2017,REG,9,2017-11-05,Sunday,16:05,WAS,17.0,SEA,14.0,Home,-3.0,31.0,0.0,400951765,7,7,8.0,-105.0,-105.0,44.5,338.0,-390.0,0,outdoors,fieldturf,00-0029604,00-0029263,Kirk Cousins,Russell Wilson,SEA00,CenturyLink Field
2017_09_DET_GB,2017,REG,9,2017-11-06,Monday,20:30,DET,30.0,GB,17.0,Home,-13.0,47.0,0.0,400951790,8,15,-2.5,-108.0,-102.0,42.5,-130.0,118.0,1,outdoors,grass,00-0026498,00-0031589,Matthew Stafford,Brett Hundley,GNB00,Lambeau Field
2017_10_SEA_ARI,2017,REG,10,2017-11-09,Thursday,20:25,SEA,22.0,ARI,16.0,Home,-6.0,38.0,0.0,400951553,4,4,-6.0,-101.0,-109.0,40.0,-245.0,218.0,1,open,grass,00-0029263,00-0025430,Russell Wilson,Drew Stanton,PHO00,University of Phoenix Stadium
2017_10_CIN_TEN,2017,REG,10,2017-11-12,Sunday,13:00,CIN,20.0,TEN,24.0,Home,4.0,44.0,0.0,400951656,7,7,4.5,-100.0,-110.0,40.5,197.0,-220.0,0,outdoors,grass,00-0027973,00-0032268,Andy Dalton,Marcus Mariota,NAS00,Nissan Stadium
2017_10_CLE_DET,2017,REG,10,2017-11-12,Sunday,13:00,CLE,24.0,DET,38.0,Home,14.0,62.0,0.0,400951563,14,6,10.5,-119.0,108.0,42.5,385.0,-450.0,0,dome,fieldturf,00-0033899,00-0026498,DeShone Kizer,Matthew Stafford,DET00,Ford Field
2017_10_DAL_ATL,2017,REG,10,2017-11-12,Sunday,16:25,DAL,7.0,ATL,27.0,Home,20.0,34.0,0.0,400951686,7,7,3.5,-105.0,-105.0,49.0,166.0,-185.0,0,closed,fieldturf,00-0033077,00-0026143,Dak Prescott,Matt Ryan,ATL97,Mercedes-Benz Stadium
2017_10_GB_CHI,2017,REG,10,2017-11-12,Sunday,13:00,GB,23.0,CHI,16.0,Home,-7.0,39.0,0.0,400951559,6,14,4.5,104.0,-115.0,37.5,201.0,-225.0,1,outdoors,grass,00-0031589,00-0033869,Brett Hundley,Mitch Trubisky,CHI98,Soldier Field
2017_10_HOU_LA,2017,REG,10,2017-11-12,Sunday,16:05,HOU,7.0,LA,33.0,Home,26.0,40.0,0.0,400951663,7,7,12.0,-101.0,-109.0,45.0,534.0,-650.0,0,outdoors,grass,00-0031064,00-0033106,Tom Savage,Jared Goff,LAX99,Los Angeles Memorial Coliseum
2017_10_LAC_JAX,2017,REG,10,2017-11-12,Sunday,13:00,LAC,17.0,JAX,20.0,Home,3.0,37.0,1.0,400951648,14,7,5.0,-102.0,-108.0,40.5,197.0,-220.0,0,outdoors,grass,00-0022942,00-0031407,Philip Rivers,Blake Bortles,JAX00,EverBank Field
2017_10_MIN_WAS,2017,REG,10,2017-11-12,Sunday,13:00,MIN,38.0,WAS,30.0,Home,-8.0,68.0,0.0,400951658,14,7,-1.0,103.0,-114.0,43.0,-104.0,-106.0,0,outdoors,grass,00-0028986,00-0029604,Case Keenum,Kirk Cousins,WAS00,FedExField
2017_10_NE_DEN,2017,REG,10,2017-11-12,Sunday,20:30,NE,41.0,DEN,16.0,Home,-25.0,57.0,0.0,400951690,14,7,-7.0,111.0,-123.0,45.0,-277.0,245.0,0,outdoors,grass,00-0019596,00-0029682,Tom Brady,Brock Osweiler,DEN00,Sports Authority Field at Mile High
2017_10_NO_BUF,2017,REG,10,2017-11-12,Sunday,13:00,NO,47.0,BUF,10.0,Home,-37.0,57.0,0.0,400951555,7,10,-2.0,-107.0,-103.0,48.5,-128.0,116.0,0,outdoors,a_turf,00-0020531,00-0028118,Drew Brees,Tyrod Taylor,BUF00,New Era Field
2017_10_NYG_SF,2017,REG,10,2017-11-12,Sunday,16:25,NYG,21.0,SF,31.0,Home,10.0,52.0,0.0,400951688,7,7,-3.0,-113.0,102.0,41.5,-162.0,146.0,0,outdoors,grass,00-0022803,00-0033936,Eli Manning,C.J. Beathard,SFO01,Levi's Stadium
2017_10_NYJ_TB,2017,REG,10,2017-11-12,Sunday,13:00,NYJ,10.0,TB,15.0,Home,5.0,25.0,0.0,400951653,10,7,1.0,106.0,-117.0,44.5,113.0,-125.0,0,outdoors,grass,00-0021206,00-0023682,Josh McCown,Ryan Fitzpatrick,TAM00,Raymond James Stadium
2017_10_PIT_IND,2017,REG,10,2017-11-12,Sunday,13:00,PIT,20.0,IND,17.0,Home,-3.0,37.0,0.0,400951565,14,7,-10.5,-110.0,-100.0,47.0,-470.0,400.0,0,closed,fieldturf,00-0022924,00-0033119,Ben Roethlisberger,Jacoby Brissett,IND00,Lucas Oil Stadium
2017_10_MIA_CAR,2017,REG,10,2017-11-13,Monday,20:30,MIA,21.0,CAR,45.0,Home,24.0,66.0,0.0,400951693,8,8,8.0,-110.0,-100.0,38.5,318.0,-365.0,0,outdoors,grass,00-0024226,00-0027939,Jay Cutler,Cam Newton,CAR00,Bank of America Stadium
2017_11_TEN_PIT,2017,REG,11,2017-11-16,Thursday,20:25,TEN,17.0,PIT,40.0,Home,23.0,57.0,0.0,400951698,4,4,7.0,-113.0,102.0,44.5,277.0,-315.0,0,outdoors,grass,00-0032268,00-0022924,Marcus Mariota,Ben Roethlisberger,PIT00,Heinz Field
2017_11_ARI_HOU,2017,REG,11,2017-11-19,Sunday,13:00,ARI,21.0,HOU,31.0,Home,10.0,52.0,0.0,400951771,10,7,2.5,-107.0,-103.0,38.0,118.0,-130.0,0,closed,astroturf,00-0027948,00-0031064,Blaine Gabbert,Tom Savage,HOU00,NRG Stadium
2017_11_BAL_GB,2017,REG,11,2017-11-19,Sunday,13:00,BAL,23.0,GB,0.0,Home,-23.0,23.0,0.0,400951703,14,7,-2.5,-108.0,-102.0,38.5,-134.0,121.0,0,outdoors,grass,00-0026158,00-0031589,Joe Flacco,Brett Hundley,GNB00,Lambeau Field
2017_11_BUF_LAC,2017,REG,11,2017-11-19,Sunday,16:05,BUF,24.0,LAC,54.0,Home,30.0,78.0,0.0,400951807,7,7,7.0,-109.0,-101.0,41.5,264.0,-300.0,0,outdoors,grass,00-0033958,00-0022942,Nathan Peterman,Philip Rivers,LAX97,StubHub Center
2017_11_CIN_DEN,2017,REG,11,2017-11-19,Sunday,16:25,CIN,20.0,DEN,17.0,Home,-3.0,37.0,0.0,400951810,7,7,2.5,116.0,-128.0,37.5,140.0,-155.0,0,outdoors,grass,00-0027973,00-0029682,Andy Dalton,Brock Osweiler,DEN00,Sports Authority Field at Mile High
2017_11_DET_CHI,2017,REG,11,2017-11-19,Sunday,13:00,DET,27.0,CHI,24.0,Home,-3.0,51.0,0.0,400951701,7,7,-3.0,-103.0,-107.0,41.0,-155.0,140.0,1,outdoors,grass,00-0026498,00-0033869,Matthew Stafford,Mitch Trubisky,CHI98,Soldier Field
2017_11_JAX_CLE,2017,REG,11,2017-11-19,Sunday,13:00,JAX,19.0,CLE,7.0,Home,-12.0,26.0,0.0,400951769,7,7,-7.5,102.0,-113.0,37.0,-310.0,273.0,0,outdoors,grass,00-0031407,00-0033899,Blake Bortles,DeShone Kizer,CLE00,FirstEnergy Stadium
2017_11_KC_NYG,2017,REG,11,2017-11-19,Sunday,13:00,KC,9.0,NYG,12.0,Home,3.0,21.0,1.0,400951783,14,7,-10.0,108.0,-119.0,44.5,-390.0,338.0,0,outdoors,fieldturf,00-0023436,00-0022803,Alex Smith,Eli Manning,NYC01,MetLife Stadium
2017_11_LA_MIN,2017,REG,11,2017-11-19,Sunday,13:00,LA,7.0,MIN,24.0,Home,17.0,31.0,0.0,400951775,7,7,1.0,-103.0,-107.0,46.0,106.0,-117.0,0,dome,sportturf,00-0033106,00-0028986,Jared Goff,Case Keenum,MIN01,U.S. Bank Stadium
2017_11_NE_OAK,2017,REG,11,2017-11-19,Sunday,16:25,NE,33.0,LV,8.0,Neutral,-25.0,41.0,0.0,400951815,7,14,-7.0,-101.0,-109.0,55.0,-290.0,256.0,0,outdoors,grass,00-0019596,00-0031280,Tom Brady,Derek Carr,MEX00,Azteca Stadium
2017_11_PHI_DAL,2017,REG,11,2017-11-19,Sunday,20:30,PHI,37.0,DAL,9.0,Home,-28.0,46.0,0.0,400951817,14,7,-6.0,-100.0,-110.0,48.0,-233.0,208.0,1,closed,matrixturf,00-0032950,00-0033077,Carson Wentz,Dak Prescott,DAL00,AT&T Stadium
2017_11_TB_MIA,2017,REG,11,2017-11-19,Sunday,13:00,TB,30.0,MIA,20.0,Home,-10.0,50.0,0.0,400981391,7,6,-1.0,-113.0,102.0,44.0,-119.0,108.0,0,outdoors,grass,00-0023682,00-0024226,Ryan Fitzpatrick,Jay Cutler,MIA00,Hard Rock Stadium
2017_11_WAS_NO,2017,REG,11,2017-11-19,Sunday,13:00,WAS,31.0,NO,34.0,Home,3.0,65.0,1.0,400951780,7,7,9.5,-113.0,102.0,52.5,314.0,-360.0,0,dome,sportturf,00-0029604,00-0020531,Kirk Cousins,Drew Brees,NOR00,Mercedes-Benz Superdome
2017_11_ATL_SEA,2017,REG,11,2017-11-20,Monday,20:30,ATL,34.0,SEA,31.0,Home,-3.0,65.0,0.0,400951818,8,11,1.0,-104.0,-106.0,46.0,103.0,-114.0,0,outdoors,fieldturf,00-0026143,00-0029263,Matt Ryan,Russell Wilson,SEA00,CenturyLink Field
2017_12_LAC_DAL,2017,REG,12,2017-11-23,Thursday,16:30,LAC,28.0,DAL,6.0,Home,-22.0,34.0,0.0,400951573,4,4,-1.0,-110.0,-100.0,46.5,-117.0,106.0,0,closed,matrixturf,00-0022942,00-0033077,Philip Rivers,Dak Prescott,DAL00,AT&T Stadium
2017_12_MIN_DET,2017,REG,12,2017-11-23,Thursday,12:30,MIN,30.0,DET,23.0,Home,-7.0,53.0,0.0,400951569,4,4,-2.5,-110.0,100.0,46.0,-135.0,122.0,1,dome,fieldturf,00-0028986,00-0026498,Case Keenum,Matthew Stafford,DET00,Ford Field
2017_12_NYG_WAS,2017,REG,12,2017-11-23,Thursday,20:30,NYG,10.0,WAS,20.0,Home,10.0,30.0,0.0,400951577,4,4,7.0,-102.0,-108.0,44.0,273.0,-310.0,1,outdoors,grass,00-0022803,00-0029604,Eli Manning,Kirk Cousins,WAS00,FedExField
2017_12_BUF_KC,2017,REG,12,2017-11-26,Sunday,13:00,BUF,16.0,KC,10.0,Home,-6.0,26.0,0.0,400951595,7,7,8.5,-115.0,104.0,47.5,305.0,-350.0,0,outdoors,grass,00-0028118,00-0023436,Tyrod Taylor,Alex Smith,KAN00,Arrowhead Stadium
2017_12_CAR_NYJ,2017,REG,12,2017-11-26,Sunday,13:00,CAR,35.0,NYJ,27.0,Home,-8.0,62.0,0.0,400951606,13,14,-5.5,-110.0,-100.0,39.5,-242.0,216.0,0,outdoors,fieldturf,00-0027939,00-0021206,Cam Newton,Josh McCown,NYC01,MetLife Stadium
2017_12_CHI_PHI,2017,REG,12,2017-11-26,Sunday,13:00,CHI,3.0,PHI,31.0,Home,28.0,34.0,0.0,400951610,7,7,14.0,-123.0,111.0,43.5,604.0,-750.0,0,outdoors,grass,00-0033869,00-0032950,Mitch Trubisky,Carson Wentz,PHI00,Lincoln Financial Field
2017_12_CLE_CIN,2017,REG,12,2017-11-26,Sunday,13:00,CLE,16.0,CIN,30.0,Home,14.0,46.0,0.0,400951588,7,7,7.5,-113.0,102.0,39.0,277.0,-315.0,1,outdoors,fieldturf,00-0033899,00-0027973,DeShone Kizer,Andy Dalton,CIN00,Paul Brown Stadium
2017_12_DEN_OAK,2017,REG,12,2017-11-26,Sunday,16:25,DEN,14.0,LV,21.0,Home,7.0,35.0,0.0,400951629,7,7,3.5,101.0,-111.0,41.0,186.0,-208.0,1,outdoors,grass,00-0033108,00-0031280,Paxton Lynch,Derek Carr,OAK00,Oakland-Alameda County Coliseum
2017_12_GB_PIT,2017,REG,12,2017-11-26,Sunday,20:30,GB,28.0,PIT,31.0,Home,3.0,59.0,0.0,400951633,7,10,14.0,-104.0,-106.0,43.0,704.0,-900.0,0,outdoors,grass,00-0031589,00-0022924,Brett Hundley,Ben Roethlisberger,PIT00,Heinz Field
2017_12_JAX_ARI,2017,REG,12,2017-11-26,Sunday,16:25,JAX,24.0,ARI,27.0,Home,3.0,51.0,0.0,400951622,7,7,-6.5,100.0,-110.0,37.5,-260.0,231.0,0,closed,grass,00-0031407,00-0027948,Blake Bortles,Blaine Gabbert,PHO00,University of Phoenix Stadium
2017_12_MIA_NE,2017,REG,12,2017-11-26,Sunday,13:00,MIA,17.0,NE,35.0,Home,18.0,52.0,0.0,400951600,7,7,17.0,-125.0,113.0,49.0,894.0,-1300.0,1,outdoors,fieldturf,00-0025708,00-0019596,Matt Moore,Tom Brady,BOS00,Gillette Stadium
2017_12_NO_LA,2017,REG,12,2017-11-26,Sunday,16:25,NO,20.0,LA,26.0,Home,6.0,46.0,0.0,400951614,7,7,2.5,107.0,-118.0,54.0,131.0,-145.0,0,outdoors,grass,00-0020531,00-0033106,Drew Brees,Jared Goff,LAX99,Los Angeles Memorial Coliseum
2017_12_SEA_SF,2017,REG,12,2017-11-26,Sunday,16:05,SEA,24.0,SF,13.0,Home,-11.0,37.0,0.0,400951618,6,14,-7.0,106.0,-117.0,45.0,-285.0,252.0,1,outdoors,grass,00-0029263,00-0033936,Russell Wilson,C.J. Beathard,SFO01,Levi's Stadium
2017_12_TB_ATL,2017,REG,12,2017-11-26,Sunday,13:00,TB,20.0,ATL,34.0,Home,14.0,54.0,0.0,400951586,7,6,10.5,-117.0,106.0,47.0,400.0,-470.0,1,closed,fieldturf,00-0023682,00-0026143,Ryan Fitzpatrick,Matt Ryan,ATL97,Mercedes-Benz Stadium
2017_12_TEN_IND,2017,REG,12,2017-11-26,Sunday,13:00,TEN,20.0,IND,16.0,Home,-4.0,36.0,0.0,400951591,10,14,-3.0,-123.0,111.0,46.5,-174.0,157.0,1,open,fieldturf,00-0032268,00-0033119,Marcus Mariota,Jacoby Brissett,IND00,Lucas Oil Stadium
2017_12_HOU_BAL,2017,REG,12,2017-11-27,Monday,20:30,HOU,16.0,BAL,23.0,Home,7.0,39.0,0.0,400951640,8,8,7.5,-103.0,-107.0,39.5,311.0,-357.0,0,outdoors,grass,00-0031064,00-0026158,Tom Savage,Joe Flacco,BAL00,M&T Bank Stadium
2017_13_WAS_DAL,2017,REG,13,2017-11-30,Thursday,20:25,WAS,14.0,DAL,38.0,Home,24.0,52.0,0.0,400951672,7,7,-1.5,-107.0,-103.0,47.0,-119.0,108.0,1,closed,matrixturf,00-0029604,00-0033077,Kirk Cousins,Dak Prescott,DAL00,AT&T Stadium
2017_13_CAR_NO,2017,REG,13,2017-12-03,Sunday,16:25,CAR,21.0,NO,31.0,Home,10.0,52.0,0.0,400951722,7,7,5.5,-102.0,-108.0,48.0,221.0,-248.0,1,dome,sportturf,00-0027939,00-0020531,Cam Newton,Drew Brees,NOR00,Mercedes-Benz Superdome
2017_13_CLE_LAC,2017,REG,13,2017-12-03,Sunday,16:05,CLE,10.0,LAC,19.0,Home,9.0,29.0,0.0,400951731,7,10,13.5,-117.0,106.0,45.0,607.0,-754.0,0,outdoors,grass,00-0033899,00-0022942,DeShone Kizer,Philip Rivers,LAX97,StubHub Center
2017_13_DEN_MIA,2017,REG,13,2017-12-03,Sunday,13:00,DEN,9.0,MIA,35.0,Home,26.0,44.0,0.0,400951718,7,7,-1.0,-110.0,100.0,41.0,-117.0,106.0,0,outdoors,grass,00-0032156,00-0024226,Trevor Siemian,Jay Cutler,MIA00,Hard Rock Stadium
2017_13_DET_BAL,2017,REG,13,2017-12-03,Sunday,13:00,DET,20.0,BAL,44.0,Home,24.0,64.0,0.0,400951680,10,6,2.5,-106.0,-104.0,43.0,117.0,-129.0,0,outdoors,grass,00-0026498,00-0026158,Matthew Stafford,Joe Flacco,BAL00,M&T Bank Stadium
2017_13_HOU_TEN,2017,REG,13,2017-12-03,Sunday,13:00,HOU,13.0,TEN,24.0,Home,11.0,37.0,0.0,400951728,6,7,7.0,-108.0,-102.0,42.5,252.0,-285.0,1,outdoors,grass,00-0031064,00-0032268,Tom Savage,Marcus Mariota,NAS00,Nissan Stadium
2017_13_IND_JAX,2017,REG,13,2017-12-03,Sunday,13:00,IND,10.0,JAX,30.0,Home,20.0,40.0,0.0,400951713,7,7,10.0,-114.0,103.0,41.0,377.0,-440.0,1,outdoors,grass,00-0033119,00-0031407,Jacoby Brissett,Blake Bortles,JAX00,EverBank Field
2017_13_KC_NYJ,2017,REG,13,2017-12-03,Sunday,13:00,KC,31.0,NYJ,38.0,Home,7.0,69.0,0.0,400951726,7,7,-3.5,-108.0,-102.0,44.0,-190.0,171.0,0,outdoors,fieldturf,00-0023436,00-0021206,Alex Smith,Josh McCown,NYC01,MetLife Stadium
2017_13_LA_ARI,2017,REG,13,2017-12-03,Sunday,16:25,LA,32.0,ARI,16.0,Home,-16.0,48.0,0.0,400951733,7,7,-7.5,106.0,-117.0,43.0,-310.0,273.0,1,closed,grass,00-0033106,00-0027948,Jared Goff,Blaine Gabbert,PHO00,University of Phoenix Stadium
2017_13_MIN_ATL,2017,REG,13,2017-12-03,Sunday,13:00,MIN,14.0,ATL,9.0,Home,-5.0,23.0,0.0,400951677,10,7,2.0,-110.0,100.0,48.5,110.0,-121.0,0,closed,fieldturf,00-0028986,00-0026143,Case Keenum,Matt Ryan,ATL97,Mercedes-Benz Stadium
2017_13_NE_BUF,2017,REG,13,2017-12-03,Sunday,13:00,NE,23.0,BUF,3.0,Home,-20.0,26.0,0.0,400951684,7,7,-7.5,104.0,-115.0,48.5,-325.0,285.0,1,outdoors,a_turf,00-0019596,00-0028118,Tom Brady,Tyrod Taylor,BUF00,New Era Field
2017_13_NYG_OAK,2017,REG,13,2017-12-03,Sunday,16:25,NYG,17.0,LV,24.0,Home,7.0,41.0,0.0,400951740,10,7,10.0,-107.0,-103.0,43.0,385.0,-450.0,0,outdoors,grass,00-0030565,00-0031280,Geno Smith,Derek Carr,OAK00,Oakland-Alameda County Coliseum
2017_13_PHI_SEA,2017,REG,13,2017-12-03,Sunday,20:30,PHI,10.0,SEA,24.0,Home,14.0,34.0,0.0,400951746,7,7,-3.5,-110.0,-100.0,46.5,-190.0,171.0,0,outdoors,fieldturf,00-0032950,00-0029263,Carson Wentz,Russell Wilson,SEA00,CenturyLink Field
2017_13_SF_CHI,2017,REG,13,2017-12-03,Sunday,13:00,SF,15.0,CHI,14.0,Home,-1.0,29.0,0.0,400951707,7,7,2.5,103.0,-114.0,42.0,125.0,-138.0,0,outdoors,grass,00-0031345,00-0033869,Jimmy Garoppolo,Mitch Trubisky,CHI98,Soldier Field
2017_13_TB_GB,2017,REG,13,2017-12-03,Sunday,13:00,TB,20.0,GB,26.0,Home,6.0,46.0,1.0,400951710,7,7,3.0,104.0,-115.0,45.0,146.0,-162.0,0,outdoors,grass,00-0031503,00-0031589,Jameis Winston,Brett Hundley,GNB00,Lambeau Field
2017_13_PIT_CIN,2017,REG,13,2017-12-04,Monday,20:30,PIT,23.0,CIN,20.0,Home,-3.0,43.0,0.0,400951754,8,8,-4.5,-102.0,-108.0,42.5,-213.0,191.0,1,outdoors,fieldturf,00-0022924,00-0027973,Ben Roethlisberger,Andy Dalton,CIN00,Paul Brown Stadium
2017_14_NO_ATL,2017,REG,14,2017-12-07,Thursday,20:25,NO,17.0,ATL,20.0,Home,3.0,37.0,0.0,400951557,4,4,2.5,-105.0,-105.0,51.5,121.0,-134.0,1,closed,fieldturf,00-0020531,00-0026143,Drew Brees,Matt Ryan,ATL97,Mercedes-Benz Stadium
2017_14_BAL_PIT,2017,REG,14,2017-12-10,Sunday,20:30,BAL,38.0,PIT,39.0,Home,1.0,77.0,0.0,400951694,7,6,6.0,-110.0,-100.0,43.0,217.0,-244.0,1,outdoors,grass,00-0026158,00-0022924,Joe Flacco,Ben Roethlisberger,PIT00,Heinz Field
2017_14_CHI_CIN,2017,REG,14,2017-12-10,Sunday,13:00,CHI,33.0,CIN,7.0,Home,-26.0,40.0,0.0,400951564,7,6,6.0,-101.0,-109.0,40.5,231.0,-260.0,0,outdoors,fieldturf,00-0033869,00-0027973,Mitch Trubisky,Andy Dalton,CIN00,Paul Brown Stadium
2017_14_DAL_NYG,2017,REG,14,2017-12-10,Sunday,13:00,DAL,30.0,NYG,10.0,Home,-20.0,40.0,0.0,400951692,10,7,-4.0,-101.0,-109.0,42.0,-195.0,175.0,1,outdoors,fieldturf,00-0033077,00-0022803,Dak Prescott,Eli Manning,NYC01,MetLife Stadium
2017_14_DET_TB,2017,REG,14,2017-12-10,Sunday,13:00,DET,24.0,TB,21.0,Home,-3.0,45.0,0.0,400951660,7,7,0.0,-102.0,-108.0,47.5,-123.0,111.0,0,outdoors,grass,00-0026498,00-0031503,Matthew Stafford,Jameis Winston,TAM00,Raymond James Stadium
2017_14_GB_CLE,2017,REG,14,2017-12-10,Sunday,13:00,GB,27.0,CLE,21.0,Home,-6.0,48.0,1.0,400951647,7,7,-2.5,-106.0,-104.0,38.5,-133.0,120.0,0,outdoors,grass,00-0031589,00-0033899,Brett Hundley,DeShone Kizer,CLE00,FirstEnergy Stadium
2017_14_IND_BUF,2017,REG,14,2017-12-10,Sunday,13:00,IND,7.0,BUF,13.0,Home,6.0,20.0,1.0,400951560,7,7,3.5,-115.0,104.0,36.5,162.0,-180.0,0,outdoors,a_turf,00-0033119,00-0033958,Jacoby Brissett,Nathan Peterman,BUF00,New Era Field
2017_14_MIN_CAR,2017,REG,14,2017-12-10,Sunday,13:00,MIN,24.0,CAR,31.0,Home,7.0,55.0,0.0,400951561,7,7,-2.5,-102.0,-108.0,40.5,-128.0,116.0,0,outdoors,grass,00-0028986,00-0027939,Case Keenum,Cam Newton,CAR00,Bank of America Stadium
2017_14_NYJ_DEN,2017,REG,14,2017-12-10,Sunday,16:05,NYJ,0.0,DEN,23.0,Home,23.0,23.0,0.0,400951665,7,7,-1.0,101.0,-111.0,40.5,-104.0,-106.0,0,outdoors,grass,00-0021206,00-0032156,Josh McCown,Trevor Siemian,DEN00,Sports Authority Field at Mile High
2017_14_OAK_KC,2017,REG,14,2017-12-10,Sunday,13:00,LV,15.0,KC,26.0,Home,11.0,41.0,0.0,400951654,7,7,4.5,-113.0,102.0,48.5,187.0,-209.0,1,outdoors,grass,00-0031280,00-0023436,Derek Carr,Alex Smith,KAN00,Arrowhead Stadium
2017_14_PHI_LA,2017,REG,14,2017-12-10,Sunday,16:25,PHI,43.0,LA,35.0,Home,-8.0,78.0,0.0,400951689,7,7,-1.0,-108.0,-102.0,47.5,-115.0,104.0,0,outdoors,grass,00-0032950,00-0033106,Carson Wentz,Jared Goff,LAX99,Los Angeles Memorial Coliseum
2017_14_SEA_JAX,2017,REG,14,2017-12-10,Sunday,16:25,SEA,24.0,JAX,30.0,Home,6.0,54.0,0.0,400951652,7,7,3.0,-125.0,113.0,41.0,129.0,-143.0,0,outdoors,grass,00-0029263,00-0031407,Russell Wilson,Blake Bortles,JAX00,EverBank Field
2017_14_SF_HOU,2017,REG,14,2017-12-10,Sunday,13:00,SF,26.0,HOU,16.0,Home,-10.0,42.0,0.0,400951649,7,7,1.0,104.0,-115.0,45.5,111.0,-123.0,0,closed,astroturf,00-0031345,00-0031064,Jimmy Garoppolo,Tom Savage,HOU00,NRG Stadium
2017_14_TEN_ARI,2017,REG,14,2017-12-10,Sunday,16:05,TEN,7.0,ARI,12.0,Home,5.0,19.0,0.0,400951662,7,7,-2.5,-115.0,104.0,42.0,-143.0,129.0,0,closed,grass,00-0032268,00-0027948,Marcus Mariota,Blaine Gabbert,PHO00,University of Phoenix Stadium
2017_14_WAS_LAC,2017,REG,14,2017-12-10,Sunday,16:05,WAS,13.0,LAC,30.0,Home,17.0,43.0,0.0,400951687,10,7,6.0,-102.0,-108.0,46.5,235.0,-265.0,0,outdoors,grass,00-0029604,00-0022942,Kirk Cousins,Philip Rivers,LAX97,StubHub Center
2017_14_NE_MIA,2017,REG,14,2017-12-11,Monday,20:30,NE,20.0,MIA,27.0,Home,7.0,47.0,0.0,400951696,8,8,-10.0,-104.0,-106.0,48.0,-485.0,412.0,1,outdoors,grass,00-0019596,00-0024226,Tom Brady,Jay Cutler,MIA00,Hard Rock Stadium
2017_15_DEN_IND,2017,REG,15,2017-12-14,Thursday,20:25,DEN,25.0,IND,13.0,Home,-12.0,38.0,0.0,400951705,4,4,-3.0,104.0,-115.0,40.5,-145.0,131.0,0,closed,fieldturf,00-0032156,00-0033119,Trevor Siemian,Jacoby Brissett,IND00,Lucas Oil Stadium
2017_15_CHI_DET,2017,REG,15,2017-12-16,Saturday,16:30,CHI,10.0,DET,20.0,Home,10.0,30.0,0.0,400951768,6,6,5.0,-101.0,-109.0,43.5,211.0,-236.0,1,dome,fieldturf,00-0033869,00-0026498,Mitch Trubisky,Matthew Stafford,DET00,Ford Field
2017_15_LAC_KC,2017,REG,15,2017-12-16,Saturday,20:25,LAC,13.0,KC,30.0,Home,17.0,43.0,0.0,400951772,6,6,1.0,-104.0,-106.0,47.0,102.0,-113.0,1,outdoors,grass,00-0022942,00-0023436,Philip Rivers,Alex Smith,KAN00,Arrowhead Stadium
2017_15_ARI_WAS,2017,REG,15,2017-12-17,Sunday,13:00,ARI,15.0,WAS,20.0,Home,5.0,35.0,0.0,400951809,7,7,4.0,-100.0,-110.0,40.0,181.0,-202.0,0,outdoors,grass,00-0027948,00-0029604,Blaine Gabbert,Kirk Cousins,WAS00,FedExField
2017_15_BAL_CLE,2017,REG,15,2017-12-17,Sunday,13:00,BAL,27.0,CLE,10.0,Home,-17.0,37.0,0.0,400951778,7,7,-6.5,-102.0,-108.0,42.0,-260.0,231.0,1,outdoors,grass,00-0026158,00-0033899,Joe Flacco,DeShone Kizer,CLE00,FirstEnergy Stadium
2017_15_CIN_MIN,2017,REG,15,2017-12-17,Sunday,13:00,CIN,7.0,MIN,34.0,Home,27.0,41.0,0.0,400951784,7,7,12.5,-100.0,-110.0,42.5,534.0,-650.0,0,dome,sportturf,00-0027973,00-0028986,Andy Dalton,Case Keenum,MIN01,U.S. Bank Stadium
2017_15_DAL_OAK,2017,REG,15,2017-12-17,Sunday,20:30,DAL,20.0,LV,17.0,Home,-3.0,37.0,0.0,400951814,7,7,-3.0,104.0,-115.0,46.0,-143.0,129.0,0,outdoors,grass,00-0033077,00-0031280,Dak Prescott,Derek Carr,OAK00,Oakland-Alameda County Coliseum
2017_15_GB_CAR,2017,REG,15,2017-12-17,Sunday,13:00,GB,24.0,CAR,31.0,Home,7.0,55.0,0.0,400951777,7,7,3.0,-110.0,-100.0,46.5,136.0,-150.0,0,outdoors,grass,00-0023459,00-0027939,Aaron Rodgers,Cam Newton,CAR00,Bank of America Stadium
2017_15_HOU_JAX,2017,REG,15,2017-12-17,Sunday,13:00,HOU,7.0,JAX,45.0,Home,38.0,52.0,0.0,400951781,7,7,10.5,-113.0,102.0,39.0,385.0,-450.0,1,outdoors,grass,00-0028090,00-0031407,T.J. Yates,Blake Bortles,JAX00,EverBank Field
2017_15_LA_SEA,2017,REG,15,2017-12-17,Sunday,16:05,LA,42.0,SEA,7.0,Home,-35.0,49.0,0.0,400951811,7,7,-1.0,-100.0,-110.0,47.5,-105.0,-105.0,1,outdoors,fieldturf,00-0033106,00-0029263,Jared Goff,Russell Wilson,SEA00,CenturyLink Field
2017_15_MIA_BUF,2017,REG,15,2017-12-17,Sunday,13:00,MIA,16.0,BUF,24.0,Home,8.0,40.0,0.0,400951774,6,7,3.5,-107.0,-103.0,39.5,166.0,-185.0,1,outdoors,a_turf,00-0024226,00-0028118,Jay Cutler,Tyrod Taylor,BUF00,New Era Field
2017_15_NE_PIT,2017,REG,15,2017-12-17,Sunday,16:25,NE,27.0,PIT,24.0,Home,-3.0,51.0,0.0,400951812,6,7,-2.5,-113.0,102.0,53.0,-139.0,126.0,0,outdoors,grass,00-0019596,00-0022924,Tom Brady,Ben Roethlisberger,PIT00,Heinz Field
2017_15_NYJ_NO,2017,REG,15,2017-12-17,Sunday,13:00,NYJ,19.0,NO,31.0,Home,12.0,50.0,0.0,400951806,7,10,16.5,-113.0,102.0,47.0,789.0,-1100.0,0,dome,sportturf,00-0031568,00-0020531,Bryce Petty,Drew Brees,NOR00,Mercedes-Benz Superdome
2017_15_PHI_NYG,2017,REG,15,2017-12-17,Sunday,13:00,PHI,34.0,NYG,29.0,Home,-5.0,63.0,0.0,400951808,7,7,-7.5,108.0,-119.0,40.5,-300.0,264.0,1,outdoors,fieldturf,00-0029567,00-0022803,Nick Foles,Eli Manning,NYC01,MetLife Stadium
2017_15_TEN_SF,2017,REG,15,2017-12-17,Sunday,16:25,TEN,23.0,SF,25.0,Home,2.0,48.0,0.0,400951813,7,7,2.5,-113.0,102.0,44.5,111.0,-123.0,0,outdoors,grass,00-0032268,00-0031345,Marcus Mariota,Jimmy Garoppolo,SFO01,Levi's Stadium
2017_15_ATL_TB,2017,REG,15,2017-12-18,Monday,20:30,ATL,24.0,TB,21.0,Home,-3.0,45.0,0.0,400951816,11,8,-7.0,-105.0,-105.0,49.5,-320.0,281.0,1,outdoors,grass,00-0026143,00-0031503,Matt Ryan,Jameis Winston,TAM00,Raymond James Stadium
2017_16_IND_BAL,2017,REG,16,2017-12-23,Saturday,16:30,IND,16.0,BAL,23.0,Home,7.0,39.0,0.0,400951596,9,6,13.5,-108.0,-102.0,41.0,638.0,-800.0,0,outdoors,grass,00-0033119,00-0026158,Jacoby Brissett,Joe Flacco,BAL00,M&T Bank Stadium
2017_16_MIN_GB,2017,REG,16,2017-12-23,Saturday,20:30,MIN,16.0,GB,0.0,Home,-16.0,16.0,0.0,400951602,6,6,-8.5,-100.0,-110.0,41.0,-400.0,346.0,1,outdoors,grass,00-0028986,00-0031589,Case Keenum,Brett Hundley,GNB00,Lambeau Field
2017_16_ATL_NO,2017,REG,16,2017-12-24,Sunday,13:00,ATL,13.0,NO,23.0,Home,10.0,36.0,0.0,400951637,6,7,5.5,-102.0,-108.0,52.0,216.0,-242.0,1,dome,sportturf,00-0026143,00-0020531,Matt Ryan,Drew Brees,NOR00,Mercedes-Benz Superdome
2017_16_BUF_NE,2017,REG,16,2017-12-24,Sunday,13:00,BUF,16.0,NE,37.0,Home,21.0,53.0,0.0,400951631,7,7,11.0,-103.0,-107.0,47.5,431.0,-510.0,1,outdoors,fieldturf,00-0028118,00-0019596,Tyrod Taylor,Tom Brady,BOS00,Gillette Stadium
2017_16_CLE_CHI,2017,REG,16,2017-12-24,Sunday,13:00,CLE,3.0,CHI,20.0,Home,17.0,23.0,0.0,400951617,7,8,5.5,-104.0,-106.0,37.0,205.0,-230.0,0,outdoors,grass,00-0033899,00-0033869,DeShone Kizer,Mitch Trubisky,CHI98,Soldier Field
2017_16_DEN_WAS,2017,REG,16,2017-12-24,Sunday,13:00,DEN,11.0,WAS,27.0,Home,16.0,38.0,0.0,400951671,10,7,3.0,100.0,-110.0,39.5,144.0,-160.0,0,outdoors,grass,00-0029682,00-0029604,Brock Osweiler,Kirk Cousins,WAS00,FedExField
2017_16_DET_CIN,2017,REG,16,2017-12-24,Sunday,13:00,DET,17.0,CIN,26.0,Home,9.0,43.0,0.0,400951621,8,7,-3.0,-104.0,-106.0,43.5,-154.0,139.0,0,outdoors,fieldturf,00-0026498,00-0027973,Matthew Stafford,Andy Dalton,CIN00,Paul Brown Stadium
2017_16_JAX_SF,2017,REG,16,2017-12-24,Sunday,16:05,JAX,33.0,SF,44.0,Home,11.0,77.0,0.0,400951675,7,7,-4.0,-102.0,-108.0,43.0,-208.0,186.0,0,outdoors,grass,00-0031407,00-0031345,Blake Bortles,Jimmy Garoppolo,SFO01,Levi's Stadium
2017_16_LAC_NYJ,2017,REG,16,2017-12-24,Sunday,13:00,LAC,14.0,NYJ,7.0,Home,-7.0,21.0,0.0,400951642,8,7,-7.5,106.0,-117.0,42.5,-300.0,264.0,0,outdoors,fieldturf,00-0022942,00-0031568,Philip Rivers,Bryce Petty,NYC01,MetLife Stadium
2017_16_LA_TEN,2017,REG,16,2017-12-24,Sunday,13:00,LA,27.0,TEN,23.0,Home,-4.0,50.0,0.0,400951667,7,7,-5.5,-105.0,-105.0,46.0,-230.0,205.0,0,outdoors,grass,00-0033106,00-0032268,Jared Goff,Marcus Mariota,NAS00,Nissan Stadium
2017_16_MIA_KC,2017,REG,16,2017-12-24,Sunday,13:00,MIA,13.0,KC,29.0,Home,16.0,42.0,0.0,400951625,7,8,11.0,-110.0,-100.0,43.5,431.0,-510.0,0,outdoors,grass,00-0024226,00-0023436,Jay Cutler,Alex Smith,KAN00,Arrowhead Stadium
2017_16_NYG_ARI,2017,REG,16,2017-12-24,Sunday,16:25,NYG,0.0,ARI,23.0,Home,23.0,23.0,0.0,400951682,7,7,3.0,105.0,-116.0,39.0,156.0,-173.0,0,closed,grass,00-0022803,00-0025430,Eli Manning,Drew Stanton,PHO00,University of Phoenix Stadium
2017_16_SEA_DAL,2017,REG,16,2017-12-24,Sunday,16:25,SEA,21.0,DAL,12.0,Home,-9.0,33.0,0.0,400951709,7,7,4.5,-105.0,-105.0,47.0,191.0,-213.0,0,closed,matrixturf,00-0029263,00-0033077,Russell Wilson,Dak Prescott,DAL00,AT&T Stadium
2017_16_TB_CAR,2017,REG,16,2017-12-24,Sunday,13:00,TB,19.0,CAR,22.0,Home,3.0,41.0,0.0,400951613,6,7,10.0,-108.0,-102.0,46.5,385.0,-450.0,1,outdoors,grass,00-0031503,00-0027939,Jameis Winston,Cam Newton,CAR00,Bank of America Stadium
2017_16_OAK_PHI,2017,REG,16,2017-12-25,Monday,20:30,LV,10.0,PHI,19.0,Home,9.0,29.0,0.0,400951719,8,8,10.0,-107.0,-103.0,46.0,361.0,-420.0,0,outdoors,grass,00-0031280,00-0029567,Derek Carr,Nick Foles,PHI00,Lincoln Financial Field
2017_16_PIT_HOU,2017,REG,16,2017-12-25,Monday,16:30,PIT,34.0,HOU,6.0,Home,-28.0,40.0,0.0,400951714,8,8,-8.0,-103.0,-107.0,45.5,-400.0,346.0,0,closed,astroturf,00-0022924,00-0028090,Ben Roethlisberger,T.J. Yates,HOU00,NRG Stadium
2017_17_ARI_SEA,2017,REG,17,2017-12-31,Sunday,16:25,ARI,26.0,SEA,24.0,Home,-2.0,50.0,0.0,400951793,7,7,8.0,-111.0,101.0,38.0,325.0,-374.0,1,outdoors,fieldturf,00-0025430,00-0029263,Drew Stanton,Russell Wilson,SEA00,CenturyLink Field
2017_17_BUF_MIA,2017,REG,17,2017-12-31,Sunday,16:25,BUF,22.0,MIA,16.0,Home,-6.0,38.0,0.0,400951748,7,7,-2.5,-102.0,-108.0,41.5,-130.0,118.0,1,outdoors,grass,00-0028118,00-0031076,Tyrod Taylor,Jay Cutler,MIA00,Hard Rock Stadium
2017_17_CAR_ATL,2017,REG,17,2017-12-31,Sunday,16:25,CAR,10.0,ATL,22.0,Home,12.0,32.0,0.0,400951734,7,7,5.0,-100.0,-110.0,44.5,211.0,-236.0,1,closed,fieldturf,00-0027939,00-0026143,Cam Newton,Matt Ryan,ATL97,Mercedes-Benz Stadium
2017_17_CHI_MIN,2017,REG,17,2017-12-31,Sunday,13:00,CHI,10.0,MIN,23.0,Home,13.0,33.0,0.0,400951750,7,8,13.5,-123.0,111.0,38.0,581.0,-750.0,1,dome,sportturf,00-0033869,00-0028986,Mitch Trubisky,Case Keenum,MIN01,U.S. Bank Stadium
2017_17_CIN_BAL,2017,REG,17,2017-12-31,Sunday,16:25,CIN,31.0,BAL,27.0,Home,-4.0,58.0,0.0,400951739,7,8,8.0,-113.0,102.0,40.0,322.0,-370.0,1,outdoors,grass,00-0027973,00-0026158,Andy Dalton,Joe Flacco,BAL00,M&T Bank Stadium
2017_17_CLE_PIT,2017,REG,17,2017-12-31,Sunday,13:00,CLE,24.0,PIT,28.0,Home,4.0,52.0,0.0,400951762,7,6,5.0,-113.0,102.0,38.5,184.0,-210.0,1,outdoors,grass,00-0033899,00-0030524,DeShone Kizer,Landry Jones,PIT00,Heinz Field
2017_17_DAL_PHI,2017,REG,17,2017-12-31,Sunday,13:00,DAL,6.0,PHI,0.0,Home,-6.0,6.0,0.0,400951759,7,6,-3.5,-113.0,102.0,41.0,-200.0,176.0,1,outdoors,grass,00-0033077,00-0032792,Dak Prescott,Nick Foles,PHI00,Lincoln Financial Field
2017_17_GB_DET,2017,REG,17,2017-12-31,Sunday,13:00,GB,11.0,DET,35.0,Home,24.0,46.0,0.0,400951741,8,7,7.5,-114.0,103.0,45.0,277.0,-315.0,1,dome,fieldturf,00-0031589,00-0026498,Brett Hundley,Matthew Stafford,DET00,Ford Field
2017_17_HOU_IND,2017,REG,17,2017-12-31,Sunday,13:00,HOU,13.0,IND,22.0,Home,9.0,35.0,0.0,400951745,6,8,5.5,-108.0,-102.0,42.0,201.0,-230.0,1,closed,fieldturf,00-0028090,00-0033119,T.J. Yates,Jacoby Brissett,IND00,Lucas Oil Stadium
2017_17_JAX_TEN,2017,REG,17,2017-12-31,Sunday,16:25,JAX,10.0,TEN,15.0,Home,5.0,25.0,0.0,400951788,7,7,2.5,102.0,-113.0,40.0,125.0,-138.0,1,outdoors,grass,00-0031407,00-0032268,Blake Bortles,Marcus Mariota,NAS00,Nissan Stadium
2017_17_KC_DEN,2017,REG,17,2017-12-31,Sunday,16:25,KC,27.0,DEN,24.0,Home,-3.0,51.0,0.0,400951789,7,7,3.0,102.0,-112.0,37.5,154.0,-174.0,1,outdoors,grass,00-0033873,00-0033108,Patrick Mahomes,Paxton Lynch,DEN00,Sports Authority Field at Mile High
2017_17_NO_TB,2017,REG,17,2017-12-31,Sunday,16:25,NO,24.0,TB,31.0,Home,7.0,55.0,0.0,400951764,7,7,-6.0,-102.0,-108.0,49.0,-250.0,222.0,1,outdoors,grass,00-0020531,00-0031503,Drew Brees,Jameis Winston,TAM00,Raymond James Stadium
2017_17_NYJ_NE,2017,REG,17,2017-12-31,Sunday,13:00,NYJ,6.0,NE,26.0,Home,20.0,32.0,0.0,400951756,7,7,17.0,-120.0,109.0,43.5,851.0,-1400.0,1,outdoors,fieldturf,00-0031568,00-0019596,Bryce Petty,Tom Brady,BOS00,Gillette Stadium
2017_17_OAK_LAC,2017,REG,17,2017-12-31,Sunday,16:25,LV,10.0,LAC,30.0,Home,20.0,40.0,0.0,400951791,6,7,7.0,-115.0,104.0,43.0,269.0,-305.0,1,outdoors,grass,00-0031280,00-0022942,Derek Carr,Philip Rivers,LAX97,StubHub Center
2017_17_SF_LA,2017,REG,17,2017-12-31,Sunday,16:25,SF,34.0,LA,13.0,Home,-21.0,47.0,0.0,400951792,7,7,-6.5,-113.0,102.0,44.5,-278.0,241.0,1,outdoors,grass,00-0031345,00-0032245,Jimmy Garoppolo,Sean Mannion,LAX99,Los Angeles Memorial Coliseum
2017_17_WAS_NYG,2017,REG,17,2017-12-31,Sunday,13:00,WAS,10.0,NYG,18.0,Home,8.0,28.0,0.0,400951757,7,7,-5.0,-113.0,102.0,41.0,-230.0,201.0,1,outdoors,fieldturf,00-0029604,00-0022803,Kirk Cousins,Eli Manning,NYC01,MetLife Stadium
2017_18_ATL_LA,2017,WC,18,2018-01-06,Saturday,20:15,ATL,26.0,LA,13.0,Home,-13.0,39.0,0.0,400999171,6,6,6.5,-113.0,102.0,48.0,222.0,-250.0,0,outdoors,grass,00-0026143,00-0033106,Matt Ryan,Jared Goff,LAX99,Los Angeles Memorial Coliseum
2017_18_TEN_KC,2017,WC,18,2018-01-06,Saturday,16:36,TEN,22.0,KC,21.0,Home,-1.0,43.0,0.0,400999175,6,6,8.5,-105.0,-105.0,44.0,369.0,-430.0,0,outdoors,grass,00-0032268,00-0023436,Marcus Mariota,Alex Smith,KAN00,Arrowhead Stadium
2017_18_BUF_JAX,2017,WC,18,2018-01-07,Sunday,13:05,BUF,3.0,JAX,10.0,Home,7.0,13.0,0.0,400999176,7,7,8.5,-100.0,-110.0,39.5,346.0,-400.0,0,outdoors,grass,00-0028118,00-0031407,Tyrod Taylor,Blake Bortles,JAX00,EverBank Field
2017_18_CAR_NO,2017,WC,18,2018-01-07,Sunday,16:40,CAR,26.0,NO,31.0,Home,5.0,57.0,0.0,400999177,7,7,6.5,-103.0,-107.0,47.5,235.0,-265.0,1,dome,sportturf,00-0027939,00-0020531,Cam Newton,Drew Brees,NOR00,Mercedes-Benz Superdome
2017_19_ATL_PHI,2017,DIV,19,2018-01-13,Saturday,16:35,ATL,10.0,PHI,15.0,Home,5.0,25.0,0.0,400999179,7,13,-2.5,-107.0,-103.0,40.0,-133.0,120.0,0,outdoors,grass,00-0026143,00-0029567,Matt Ryan,Nick Foles,PHI00,Lincoln Financial Field
2017_19_TEN_NE,2017,DIV,19,2018-01-13,Saturday,20:15,TEN,14.0,NE,35.0,Home,21.0,49.0,0.0,400999178,7,13,13.5,-100.0,-110.0,48.0,607.0,-790.0,0,outdoors,fieldturf,00-0032268,00-0019596,Marcus Mariota,Tom Brady,BOS00,Gillette Stadium
2017_19_JAX_PIT,2017,DIV,19,2018-01-14,Sunday,13:05,JAX,45.0,PIT,42.0,Home,-3.0,87.0,0.0,400999181,7,14,7.0,-117.0,106.0,40.5,248.0,-280.0,0,outdoors,grass,00-0031407,00-0022924,Blake Bortles,Ben Roethlisberger,PIT00,Heinz Field
2017_19_NO_MIN,2017,DIV,19,2018-01-14,Sunday,16:40,NO,24.0,MIN,29.0,Home,5.0,53.0,0.0,400999180,7,14,5.5,-102.0,-108.0,47.0,205.0,-230.0,0,dome,sportturf,00-0020531,00-0028986,Drew Brees,Case Keenum,MIN01,U.S. Bank Stadium
2017_20_JAX_NE,2017,CON,20,2018-01-21,Sunday,15:05,JAX,20.0,NE,24.0,Home,4.0,44.0,0.0,400999172,7,8,7.5,-107.0,-103.0,46.0,289.0,-330.0,0,outdoors,fieldturf,00-0031407,00-0019596,Blake Bortles,Tom Brady,BOS00,Gillette Stadium
2017_20_MIN_PHI,2017,CON,20,2018-01-21,Sunday,18:41,MIN,7.0,PHI,38.0,Home,31.0,45.0,0.0,400999174,7,8,-3.0,104.0,-115.0,39.0,-147.0,133.0,0,outdoors,grass,00-0028986,00-0029567,Case Keenum,Nick Foles,PHI00,Lincoln Financial Field
2017_21_PHI_NE,2017,SB,21,2018-02-04,Sunday,18:31,PHI,41.0,NE,33.0,Neutral,-8.0,74.0,0.0,400999173,14,14,4.5,-114.0,103.0,48.5,181.0,-202.0,0,dome,sportturf,00-0029567,00-0019596,Nick Foles,Tom Brady,MIN01,U.S. Bank Stadium
2018_01_ATL_PHI,2018,REG,1,2018-09-06,Thursday,20:20,ATL,12.0,PHI,18.0,Home,6.0,30.0,0.0,401030710,7,7,1.0,-111.0,101.0,44.5,-104.0,-106.0,0,outdoors,grass,00-0026143,00-0029567,Matt Ryan,Nick Foles,PHI00,Lincoln Financial Field
2018_01_BUF_BAL,2018,REG,1,2018-09-09,Sunday,13:00,BUF,3.0,BAL,47.0,Home,44.0,50.0,0.0,401030711,7,7,7.5,-106.0,-104.0,39.0,309.0,-355.0,0,outdoors,grass,00-0033958,00-0026158,Nathan Peterman,Joe Flacco,BAL00,M&T Bank Stadium
2018_01_CHI_GB,2018,REG,1,2018-09-09,Sunday,20:20,CHI,23.0,GB,24.0,Home,1.0,47.0,0.0,401030726,7,7,6.5,-110.0,-100.0,45.0,240.0,-271.0,1,outdoors,grass,00-0033869,00-0023459,Mitch Trubisky,Aaron Rodgers,GNB00,Lambeau Field
2018_01_CIN_IND,2018,REG,1,2018-09-09,Sunday,13:00,CIN,34.0,IND,23.0,Home,-11.0,57.0,0.0,401030717,7,7,-1.0,102.0,-113.0,47.5,-105.0,-105.0,0,closed,fieldturf,00-0027973,00-0029668,Andy Dalton,Andrew Luck,IND00,Lucas Oil Stadium
2018_01_DAL_CAR,2018,REG,1,2018-09-09,Sunday,16:25,DAL,8.0,CAR,16.0,Home,8.0,24.0,0.0,401030723,7,7,2.5,110.0,-121.0,42.5,134.0,-149.0,0,outdoors,grass,00-0033077,00-0027939,Dak Prescott,Cam Newton,CAR00,Bank of America Stadium
2018_01_HOU_NE,2018,REG,1,2018-09-09,Sunday,13:00,HOU,20.0,NE,27.0,Home,7.0,47.0,0.0,401030714,7,7,6.0,-105.0,-105.0,49.5,214.0,-240.0,0,outdoors,fieldturf,00-0033537,00-0019596,Deshaun Watson,Tom Brady,BOS00,Gillette Stadium
2018_01_JAX_NYG,2018,REG,1,2018-09-09,Sunday,13:00,JAX,20.0,NYG,15.0,Home,-5.0,35.0,0.0,401030712,7,7,-2.5,-117.0,106.0,43.0,-141.0,127.0,0,outdoors,fieldturf,00-0031407,00-0022803,Blake Bortles,Eli Manning,NYC01,MetLife Stadium
2018_01_KC_LAC,2018,REG,1,2018-09-09,Sunday,16:05,KC,38.0,LAC,28.0,Home,-10.0,66.0,0.0,401030720,7,7,3.5,-104.0,-106.0,48.0,166.0,-185.0,1,outdoors,grass,00-0033873,00-0022942,Patrick Mahomes,Philip Rivers,LAX97,StubHub Center
2018_01_PIT_CLE,2018,REG,1,2018-09-09,Sunday,13:00,PIT,21.0,CLE,21.0,Home,0.0,42.0,1.0,401030718,7,7,-3.5,105.0,-116.0,41.0,-173.0,156.0,1,outdoors,grass,00-0022924,00-0028118,Ben Roethlisberger,Tyrod Taylor,CLE00,FirstEnergy Stadium
2018_01_SEA_DEN,2018,REG,1,2018-09-09,Sunday,16:25,SEA,24.0,DEN,27.0,Home,3.0,51.0,0.0,401030721,7,7,3.0,109.0,-120.0,42.5,157.0,-175.0,0,outdoors,grass,00-0029263,00-0028986,Russell Wilson,Case Keenum,DEN00,Sports Authority Field at Mile High
2018_01_SF_MIN,2018,REG,1,2018-09-09,Sunday,13:00,SF,16.0,MIN,24.0,Home,8.0,40.0,0.0,401030715,7,7,6.0,-102.0,-108.0,46.5,238.0,-268.0,0,dome,sportturf,00-0031345,00-0029604,Jimmy Garoppolo,Kirk Cousins,MIN01,U.S. Bank Stadium
2018_01_TB_NO,2018,REG,1,2018-09-09,Sunday,13:00,TB,48.0,NO,40.0,Home,-8.0,88.0,0.0,401030713,7,7,10.0,-108.0,-102.0,50.0,385.0,-450.0,1,dome,sportturf,00-0023682,00-0020531,Ryan Fitzpatrick,Drew Brees,NOR00,Mercedes-Benz Superdome
2018_01_TEN_MIA,2018,REG,1,2018-09-09,Sunday,13:00,TEN,20.0,MIA,27.0,Home,7.0,47.0,0.0,401030716,7,7,-1.0,-107.0,-103.0,43.5,-115.0,104.0,0,outdoors,grass,00-0032268,00-0029701,Marcus Mariota,Ryan Tannehill,MIA00,Hard Rock Stadium
2018_01_WAS_ARI,2018,REG,1,2018-09-09,Sunday,16:25,WAS,24.0,ARI,6.0,Home,-18.0,30.0,0.0,401030725,7,7,2.0,-104.0,-106.0,43.5,117.0,-129.0,0,closed,grass,00-0023436,00-0027854,Alex Smith,Sam Bradford,PHO00,State Farm Stadium
2018_01_LA_OAK,2018,REG,1,2018-09-10,Monday,22:20,LA,33.0,LV,13.0,Home,-20.0,46.0,0.0,401030751,7,7,-6.0,-104.0,-106.0,47.5,-238.0,212.0,0,outdoors,grass,00-0033106,00-0031280,Jared Goff,Derek Carr,OAK00,Oakland-Alameda County Coliseum
2018_01_NYJ_DET,2018,REG,1,2018-09-10,Monday,19:10,NYJ,48.0,DET,17.0,Home,-31.0,65.0,0.0,401030728,7,7,7.0,103.0,-114.0,44.0,297.0,-339.0,0,dome,fieldturf,00-0034869,00-0026498,Sam Darnold,Matthew Stafford,DET00,Ford Field
2018_02_BAL_CIN,2018,REG,2,2018-09-13,Thursday,20:20,BAL,23.0,CIN,34.0,Home,11.0,57.0,0.0,401030690,4,4,1.0,-101.0,-109.0,43.0,104.0,-115.0,1,outdoors,fieldturf,00-0026158,00-0027973,Joe Flacco,Andy Dalton,CIN00,Paul Brown Stadium
2018_02_ARI_LA,2018,REG,2,2018-09-16,Sunday,16:05,ARI,0.0,LA,34.0,Home,34.0,34.0,0.0,401030732,7,6,13.5,-110.0,-100.0,43.5,621.0,-775.0,1,outdoors,grass,00-0027854,00-0033106,Sam Bradford,Jared Goff,LAX99,Los Angeles Memorial Coliseum
2018_02_CAR_ATL,2018,REG,2,2018-09-16,Sunday,13:00,CAR,24.0,ATL,31.0,Home,7.0,55.0,0.0,401030691,7,10,5.5,-102.0,-108.0,44.0,214.0,-240.0,1,closed,fieldturf,00-0027939,00-0026143,Cam Newton,Matt Ryan,ATL97,Mercedes-Benz Stadium
2018_02_CLE_NO,2018,REG,2,2018-09-16,Sunday,13:00,CLE,18.0,NO,21.0,Home,3.0,39.0,0.0,401030708,7,7,10.0,-108.0,-102.0,51.0,351.0,-407.0,0,dome,sportturf,00-0028118,00-0020531,Tyrod Taylor,Drew Brees,NOR00,Mercedes-Benz Superdome
2018_02_DET_SF,2018,REG,2,2018-09-16,Sunday,16:05,DET,27.0,SF,30.0,Home,3.0,57.0,0.0,401030730,6,7,6.0,-111.0,101.0,48.5,210.0,-235.0,0,outdoors,grass,00-0026498,00-0031345,Matthew Stafford,Jimmy Garoppolo,SFO01,Levi's Stadium
2018_02_HOU_TEN,2018,REG,2,2018-09-16,Sunday,13:00,HOU,17.0,TEN,20.0,Home,3.0,37.0,0.0,401030694,7,7,-3.5,103.0,-114.0,41.0,-176.0,159.0,1,outdoors,grass,00-0033537,00-0027948,Deshaun Watson,Blaine Gabbert,NAS00,Nissan Stadium
2018_02_IND_WAS,2018,REG,2,2018-09-16,Sunday,13:00,IND,21.0,WAS,9.0,Home,-12.0,30.0,0.0,401030693,7,7,6.0,-108.0,-102.0,48.0,213.0,-239.0,0,outdoors,grass,00-0029668,00-0023436,Andrew Luck,Alex Smith,WAS00,FedExField
2018_02_KC_PIT,2018,REG,2,2018-09-16,Sunday,13:00,KC,42.0,PIT,37.0,Home,-5.0,79.0,0.0,401030698,7,7,4.5,-108.0,-102.0,52.0,179.0,-199.0,0,outdoors,grass,00-0033873,00-0022924,Patrick Mahomes,Ben Roethlisberger,PIT00,Heinz Field
2018_02_LAC_BUF,2018,REG,2,2018-09-16,Sunday,13:00,LAC,31.0,BUF,20.0,Home,-11.0,51.0,0.0,401030704,7,7,-7.5,104.0,-115.0,41.5,-296.0,261.0,0,outdoors,a_turf,00-0022942,00-0034857,Philip Rivers,Josh Allen,BUF00,New Era Field
2018_02_MIA_NYJ,2018,REG,2,2018-09-16,Sunday,13:00,MIA,20.0,NYJ,12.0,Home,-8.0,32.0,0.0,401030700,7,6,3.0,103.0,-114.0,43.0,153.0,-170.0,1,outdoors,fieldturf,00-0029701,00-0034869,Ryan Tannehill,Sam Darnold,NYC01,MetLife Stadium
2018_02_MIN_GB,2018,REG,2,2018-09-16,Sunday,13:00,MIN,29.0,GB,29.0,Home,0.0,58.0,1.0,401030705,7,7,-2.0,100.0,-110.0,45.0,-121.0,110.0,1,outdoors,grass,00-0029604,00-0023459,Kirk Cousins,Aaron Rodgers,GNB00,Lambeau Field
2018_02_NE_JAX,2018,REG,2,2018-09-16,Sunday,16:25,NE,20.0,JAX,31.0,Home,11.0,51.0,0.0,401030733,7,7,-2.0,-110.0,-100.0,44.5,-133.0,120.0,0,outdoors,grass,00-0019596,00-0031407,Tom Brady,Blake Bortles,JAX00,TIAA Bank Stadium
2018_02_NYG_DAL,2018,REG,2,2018-09-16,Sunday,20:20,NYG,13.0,DAL,20.0,Home,7.0,33.0,0.0,401030738,7,7,3.0,-108.0,-102.0,42.0,138.0,-152.0,1,closed,matrixturf,00-0022803,00-0033077,Eli Manning,Dak Prescott,DAL00,AT&T Stadium
2018_02_OAK_DEN,2018,REG,2,2018-09-16,Sunday,16:25,LV,19.0,DEN,20.0,Home,1.0,39.0,0.0,401030736,6,7,5.5,-104.0,-106.0,44.5,207.0,-231.0,1,outdoors,grass,00-0031280,00-0028986,Derek Carr,Case Keenum,DEN00,Sports Authority Field at Mile High
2018_02_PHI_TB,2018,REG,2,2018-09-16,Sunday,13:00,PHI,21.0,TB,27.0,Home,6.0,48.0,0.0,401030696,10,7,-3.0,106.0,-117.0,46.5,-142.0,129.0,0,outdoors,grass,00-0029567,00-0023682,Nick Foles,Ryan Fitzpatrick,TAM00,Raymond James Stadium
2018_02_SEA_CHI,2018,REG,2,2018-09-17,Monday,20:15,SEA,17.0,CHI,24.0,Home,7.0,41.0,0.0,401030739,8,8,5.0,-102.0,-108.0,42.5,206.0,-231.0,0,outdoors,grass,00-0029263,00-0033869,Russell Wilson,Mitch Trubisky,CHI98,Soldier Field
2018_03_NYJ_CLE,2018,REG,3,2018-09-20,Thursday,20:20,NYJ,17.0,CLE,21.0,Home,4.0,38.0,0.0,401030775,4,4,3.0,103.0,-115.0,41.0,153.0,-170.0,0,outdoors,grass,00-0034869,00-0028118,Sam Darnold,Tyrod Taylor,CLE00,FirstEnergy Stadium
2018_03_BUF_MIN,2018,REG,3,2018-09-23,Sunday,13:00,BUF,27.0,MIN,6.0,Home,-21.0,33.0,0.0,401030784,7,7,16.5,-108.0,-103.0,41.0,803.0,-1200.0,0,dome,sportturf,00-0034857,00-0029604,Josh Allen,Kirk Cousins,MIN01,U.S. Bank Stadium
2018_03_CHI_ARI,2018,REG,3,2018-09-23,Sunday,16:25,CHI,16.0,ARI,14.0,Home,-2.0,30.0,0.0,401030801,6,7,-6.0,-100.0,-111.0,39.0,-252.0,224.0,0,closed,grass,00-0033869,00-0027854,Mitch Trubisky,Sam Bradford,PHO00,State Farm Stadium
2018_03_CIN_CAR,2018,REG,3,2018-09-23,Sunday,13:00,CIN,21.0,CAR,31.0,Home,10.0,52.0,0.0,401030790,10,7,2.5,106.0,-118.0,44.0,128.0,-142.0,0,outdoors,grass,00-0027973,00-0027939,Andy Dalton,Cam Newton,CAR00,Bank of America Stadium
2018_03_DAL_SEA,2018,REG,3,2018-09-23,Sunday,16:25,DAL,13.0,SEA,24.0,Home,11.0,37.0,0.0,401030799,7,6,1.0,-103.0,-108.0,40.0,106.0,-117.0,0,outdoors,fieldturf,00-0033077,00-0029263,Dak Prescott,Russell Wilson,SEA00,CenturyLink Field
2018_03_DEN_BAL,2018,REG,3,2018-09-23,Sunday,13:00,DEN,14.0,BAL,27.0,Home,13.0,41.0,0.0,401030788,7,10,5.5,-106.0,-104.0,46.0,201.0,-225.0,0,outdoors,grass,00-0028986,00-0026158,Case Keenum,Joe Flacco,BAL00,M&T Bank Stadium
2018_03_GB_WAS,2018,REG,3,2018-09-23,Sunday,13:00,GB,17.0,WAS,31.0,Home,14.0,48.0,0.0,401030781,7,7,-2.5,-110.0,-101.0,46.5,-135.0,122.0,0,outdoors,grass,00-0023459,00-0023436,Aaron Rodgers,Alex Smith,WAS00,FedExField
2018_03_IND_PHI,2018,REG,3,2018-09-23,Sunday,13:00,IND,16.0,PHI,20.0,Home,4.0,36.0,0.0,401030782,7,7,6.5,-103.0,-108.0,45.5,243.0,-274.0,0,outdoors,grass,00-0029668,00-0032950,Andrew Luck,Carson Wentz,PHI00,Lincoln Financial Field
2018_03_LAC_LA,2018,REG,3,2018-09-23,Sunday,16:05,LAC,23.0,LA,35.0,Home,12.0,58.0,0.0,401030798,7,7,7.5,-125.0,111.0,49.0,254.0,-288.0,0,outdoors,grass,00-0022942,00-0033106,Philip Rivers,Jared Goff,LAX99,Los Angeles Memorial Coliseum
2018_03_NE_DET,2018,REG,3,2018-09-23,Sunday,20:20,NE,10.0,DET,26.0,Home,16.0,36.0,0.0,401030802,7,7,-7.0,107.0,-120.0,55.5,-306.0,269.0,0,dome,fieldturf,00-0019596,00-0026498,Tom Brady,Matthew Stafford,DET00,Ford Field
2018_03_NO_ATL,2018,REG,3,2018-09-23,Sunday,13:00,NO,43.0,ATL,37.0,Home,-6.0,80.0,1.0,401030777,7,7,1.5,-101.0,-110.0,54.0,113.0,-125.0,1,closed,fieldturf,00-0020531,00-0026143,Drew Brees,Matt Ryan,ATL97,Mercedes-Benz Stadium
2018_03_NYG_HOU,2018,REG,3,2018-09-23,Sunday,13:00,NYG,27.0,HOU,22.0,Home,-5.0,49.0,0.0,401030791,7,7,6.5,-109.0,-102.0,44.0,230.0,-259.0,0,closed,astroturf,00-0022803,00-0033537,Eli Manning,Deshaun Watson,HOU00,NRG Stadium
2018_03_OAK_MIA,2018,REG,3,2018-09-23,Sunday,13:00,LV,20.0,MIA,28.0,Home,8.0,48.0,0.0,401030787,7,7,3.0,-125.0,111.0,46.0,125.0,-138.0,0,outdoors,grass,00-0031280,00-0029701,Derek Carr,Ryan Tannehill,MIA00,Hard Rock Stadium
2018_03_SF_KC,2018,REG,3,2018-09-23,Sunday,13:00,SF,27.0,KC,38.0,Home,11.0,65.0,0.0,401030795,7,7,6.0,-103.0,-108.0,53.0,222.0,-250.0,0,outdoors,grass,00-0031345,00-0033873,Jimmy Garoppolo,Patrick Mahomes,KAN00,Arrowhead Stadium
2018_03_TEN_JAX,2018,REG,3,2018-09-23,Sunday,13:00,TEN,9.0,JAX,6.0,Home,-3.0,15.0,0.0,401030794,7,7,10.0,-111.0,100.0,39.0,357.0,-415.0,1,outdoors,grass,00-0027948,00-0031407,Blaine Gabbert,Blake Bortles,JAX00,TIAA Bank Stadium
2018_03_PIT_TB,2018,REG,3,2018-09-24,Monday,20:15,PIT,30.0,TB,27.0,Home,-3.0,57.0,0.0,401030805,8,8,1.0,101.0,-112.0,55.0,106.0,-117.0,0,outdoors,grass,00-0022924,00-0023682,Ben Roethlisberger,Ryan Fitzpatrick,TAM00,Raymond James Stadium
2018_04_MIN_LA,2018,REG,4,2018-09-27,Thursday,20:20,MIN,31.0,LA,38.0,Home,7.0,69.0,0.0,401030839,4,4,7.5,-116.0,104.0,48.5,282.0,-321.0,0,outdoors,grass,00-0029604,00-0033106,Kirk Cousins,Jared Goff,LAX99,Los Angeles Memorial Coliseum
2018_04_BAL_PIT,2018,REG,4,2018-09-30,Sunday,20:20,BAL,26.0,PIT,14.0,Home,-12.0,40.0,0.0,401030933,7,6,3.0,103.0,-115.0,51.0,153.0,-170.0,1,outdoors,grass,00-0026158,00-0022924,Joe Flacco,Ben Roethlisberger,PIT00,Heinz Field
2018_04_BUF_GB,2018,REG,4,2018-09-30,Sunday,13:00,BUF,0.0,GB,22.0,Home,22.0,22.0,0.0,401030844,7,7,8.5,-103.0,-108.0,44.0,317.0,-365.0,0,outdoors,grass,00-0034857,00-0023459,Josh Allen,Aaron Rodgers,GNB00,Lambeau Field
2018_04_CIN_ATL,2018,REG,4,2018-09-30,Sunday,13:00,CIN,37.0,ATL,36.0,Home,-1.0,73.0,0.0,401030847,7,7,3.5,-114.0,102.0,52.0,161.0,-179.0,0,closed,fieldturf,00-0027973,00-0026143,Andy Dalton,Matt Ryan,ATL97,Mercedes-Benz Stadium
2018_04_CLE_OAK,2018,REG,4,2018-09-30,Sunday,16:05,CLE,42.0,LV,45.0,Home,3.0,87.0,1.0,401030930,10,7,2.5,100.0,-111.0,44.5,122.0,-135.0,0,outdoors,grass,00-0034855,00-0031280,Baker Mayfield,Derek Carr,OAK00,Oakland-Alameda County Coliseum
2018_04_DET_DAL,2018,REG,4,2018-09-30,Sunday,13:00,DET,24.0,DAL,26.0,Home,2.0,50.0,0.0,401030845,7,7,2.5,102.0,-113.0,44.0,127.0,-140.0,0,closed,matrixturf,00-0026498,00-0033077,Matthew Stafford,Dak Prescott,DAL00,AT&T Stadium
2018_04_HOU_IND,2018,REG,4,2018-09-30,Sunday,13:00,HOU,37.0,IND,34.0,Home,-3.0,71.0,1.0,401030843,7,7,-1.0,-107.0,-103.0,48.0,-115.0,104.0,1,closed,fieldturf,00-0033537,00-0029668,Deshaun Watson,Andrew Luck,IND00,Lucas Oil Stadium
2018_04_MIA_NE,2018,REG,4,2018-09-30,Sunday,13:00,MIA,7.0,NE,38.0,Home,31.0,45.0,0.0,401030841,7,7,6.5,-103.0,-108.0,50.5,247.0,-279.0,1,outdoors,fieldturf,00-0029701,00-0019596,Ryan Tannehill,Tom Brady,BOS00,Gillette Stadium
2018_04_NO_NYG,2018,REG,4,2018-09-30,Sunday,16:25,NO,33.0,NYG,18.0,Home,-15.0,51.0,0.0,401030931,7,7,-3.5,109.0,-122.0,51.5,-170.0,153.0,0,outdoors,fieldturf,00-0020531,00-0022803,Drew Brees,Eli Manning,NYC01,MetLife Stadium
2018_04_NYJ_JAX,2018,REG,4,2018-09-30,Sunday,13:00,NYJ,12.0,JAX,31.0,Home,19.0,43.0,0.0,401030840,10,7,7.5,-121.0,108.0,40.5,293.0,-335.0,0,outdoors,grass,00-0034869,00-0031407,Sam Darnold,Blake Bortles,JAX00,TIAA Bank Stadium
2018_04_PHI_TEN,2018,REG,4,2018-09-30,Sunday,13:00,PHI,23.0,TEN,26.0,Home,3.0,49.0,1.0,401030842,7,7,-3.0,103.0,-115.0,41.5,-146.0,132.0,0,outdoors,grass,00-0032950,00-0032268,Carson Wentz,Marcus Mariota,NAS00,Nissan Stadium
2018_04_SEA_ARI,2018,REG,4,2018-09-30,Sunday,16:05,SEA,20.0,ARI,17.0,Home,-3.0,37.0,0.0,401030848,7,7,-3.5,-111.0,100.0,40.0,-192.0,173.0,1,closed,grass,00-0029263,00-0034343,Russell Wilson,Josh Rosen,PHO00,State Farm Stadium
2018_04_SF_LAC,2018,REG,4,2018-09-30,Sunday,16:25,SF,27.0,LAC,29.0,Home,2.0,56.0,0.0,401030932,7,7,10.0,-118.0,106.0,46.0,368.0,-428.0,0,outdoors,grass,00-0033936,00-0022942,C.J. Beathard,Philip Rivers,LAX97,StubHub Center
2018_04_TB_CHI,2018,REG,4,2018-09-30,Sunday,13:00,TB,10.0,CHI,48.0,Home,38.0,58.0,0.0,401030846,6,7,3.0,-127.0,113.0,46.0,126.0,-140.0,0,outdoors,grass,00-0023682,00-0033869,Ryan Fitzpatrick,Mitch Trubisky,CHI98,Soldier Field
2018_04_KC_DEN,2018,REG,4,2018-10-01,Monday,20:15,KC,27.0,DEN,23.0,Home,-4.0,50.0,0.0,401030934,8,8,-3.5,102.0,-113.0,53.5,-176.0,159.0,1,outdoors,grass,00-0033873,00-0028986,Patrick Mahomes,Case Keenum,DEN00,Sports Authority Field at Mile High
2018_05_IND_NE,2018,REG,5,2018-10-04,Thursday,20:20,IND,24.0,NE,38.0,Home,14.0,62.0,0.0,401030697,4,4,10.5,-110.0,-101.0,49.5,452.0,-537.0,0,outdoors,fieldturf,00-0029668,00-0019596,Andrew Luck,Tom Brady,BOS00,Gillette Stadium
2018_05_ARI_SF,2018,REG,5,2018-10-07,Sunday,16:25,ARI,28.0,SF,18.0,Home,-10.0,46.0,0.0,401030797,7,7,3.0,-103.0,-108.0,40.5,146.0,-161.0,1,outdoors,grass,00-0034343,00-0033936,Josh Rosen,C.J. Beathard,SFO01,Levi's Stadium
2018_05_ATL_PIT,2018,REG,5,2018-10-07,Sunday,13:00,ATL,17.0,PIT,41.0,Home,24.0,58.0,0.0,401030709,7,7,3.5,-108.0,-103.0,57.0,162.0,-180.0,0,outdoors,grass,00-0026143,00-0022924,Matt Ryan,Ben Roethlisberger,PIT00,Heinz Field
2018_05_BAL_CLE,2018,REG,5,2018-10-07,Sunday,13:00,BAL,9.0,CLE,12.0,Home,3.0,21.0,1.0,401030770,7,7,-3.0,-119.0,106.0,44.5,-171.0,154.0,1,outdoors,grass,00-0026158,00-0034855,Joe Flacco,Baker Mayfield,CLE00,FirstEnergy Stadium
2018_05_DAL_HOU,2018,REG,5,2018-10-07,Sunday,20:20,DAL,16.0,HOU,19.0,Home,3.0,35.0,1.0,401030831,7,7,3.5,-114.0,102.0,45.0,156.0,-173.0,0,closed,astroturf,00-0033077,00-0033537,Dak Prescott,Deshaun Watson,HOU00,NRG Stadium
2018_05_DEN_NYJ,2018,REG,5,2018-10-07,Sunday,13:00,DEN,16.0,NYJ,34.0,Home,18.0,50.0,0.0,401030734,6,7,-1.0,-101.0,-110.0,42.0,-106.0,-104.0,0,outdoors,fieldturf,00-0028986,00-0034869,Case Keenum,Sam Darnold,NYC01,MetLife Stadium
2018_05_GB_DET,2018,REG,5,2018-10-07,Sunday,13:00,GB,23.0,DET,31.0,Home,8.0,54.0,0.0,401030745,7,7,1.0,105.0,-117.0,50.0,114.0,-125.0,1,dome,fieldturf,00-0023459,00-0026498,Aaron Rodgers,Matthew Stafford,DET00,Ford Field
2018_05_JAX_KC,2018,REG,5,2018-10-07,Sunday,13:00,JAX,14.0,KC,30.0,Home,16.0,44.0,0.0,401030741,7,6,3.0,-115.0,103.0,48.0,131.0,-144.0,0,outdoors,grass,00-0031407,00-0033873,Blake Bortles,Patrick Mahomes,KAN00,Arrowhead Stadium
2018_05_LA_SEA,2018,REG,5,2018-10-07,Sunday,16:25,LA,33.0,SEA,31.0,Home,-2.0,64.0,0.0,401030808,10,7,-7.5,102.0,-113.0,50.5,-315.0,277.0,1,outdoors,fieldturf,00-0033106,00-0029263,Jared Goff,Russell Wilson,SEA00,CenturyLink Field
2018_05_MIA_CIN,2018,REG,5,2018-10-07,Sunday,13:00,MIA,17.0,CIN,27.0,Home,10.0,44.0,0.0,401030785,7,7,6.0,-107.0,-103.0,47.5,227.0,-255.0,0,outdoors,fieldturf,00-0029701,00-0027973,Ryan Tannehill,Andy Dalton,CIN00,Paul Brown Stadium
2018_05_MIN_PHI,2018,REG,5,2018-10-07,Sunday,16:25,MIN,23.0,PHI,21.0,Home,-2.0,44.0,0.0,401030803,10,7,3.5,-106.0,-104.0,48.0,162.0,-180.0,0,outdoors,grass,00-0029604,00-0032950,Kirk Cousins,Carson Wentz,PHI00,Lincoln Financial Field
2018_05_NYG_CAR,2018,REG,5,2018-10-07,Sunday,13:00,NYG,31.0,CAR,33.0,Home,2.0,64.0,0.0,401030778,7,14,7.0,-125.0,111.0,43.5,234.0,-264.0,0,outdoors,grass,00-0022803,00-0027939,Eli Manning,Cam Newton,CAR00,Bank of America Stadium
2018_05_OAK_LAC,2018,REG,5,2018-10-07,Sunday,16:05,LV,10.0,LAC,26.0,Home,16.0,36.0,0.0,401030793,7,7,5.5,-105.0,-105.0,52.0,205.0,-230.0,1,outdoors,grass,00-0031280,00-0022942,Derek Carr,Philip Rivers,LAX97,StubHub Center
2018_05_TEN_BUF,2018,REG,5,2018-10-07,Sunday,13:00,TEN,12.0,BUF,13.0,Home,1.0,25.0,0.0,401030702,7,7,-6.0,-112.0,101.0,38.0,-269.0,238.0,0,outdoors,a_turf,00-0032268,00-0034857,Marcus Mariota,Josh Allen,BUF00,New Era Field
2018_05_WAS_NO,2018,REG,5,2018-10-08,Monday,20:15,WAS,19.0,NO,43.0,Home,24.0,62.0,0.0,401030834,15,8,5.5,-103.0,-108.0,51.5,222.0,-250.0,0,dome,sportturf,00-0023436,00-0020531,Alex Smith,Drew Brees,NOR00,Mercedes-Benz Superdome
2018_06_PHI_NYG,2018,REG,6,2018-10-11,Thursday,20:20,PHI,34.0,NYG,13.0,Home,-21.0,47.0,0.0,401030692,4,4,-1.5,-111.0,-100.0,45.5,-126.0,114.0,1,outdoors,fieldturf,00-0032950,00-0022803,Carson Wentz,Eli Manning,NYC01,MetLife Stadium
2018_06_ARI_MIN,2018,REG,6,2018-10-14,Sunday,13:00,ARI,17.0,MIN,27.0,Home,10.0,44.0,0.0,401030742,7,7,10.0,-126.0,112.0,43.5,350.0,-405.0,0,dome,sportturf,00-0034343,00-0029604,Josh Rosen,Kirk Cousins,MIN01,U.S. Bank Stadium
2018_06_BAL_TEN,2018,REG,6,2018-10-14,Sunday,16:25,BAL,21.0,TEN,0.0,Home,-21.0,21.0,0.0,401030774,7,7,-2.5,-108.0,-103.0,43.5,-137.0,124.0,0,outdoors,grass,00-0026158,00-0032268,Joe Flacco,Marcus Mariota,NAS00,Nissan Stadium
2018_06_BUF_HOU,2018,REG,6,2018-10-14,Sunday,13:00,BUF,13.0,HOU,20.0,Home,7.0,33.0,0.0,401030748,7,7,10.5,-119.0,106.0,40.5,376.0,-439.0,0,closed,astroturf,00-0034857,00-0033537,Josh Allen,Deshaun Watson,HOU00,NRG Stadium
2018_06_CAR_WAS,2018,REG,6,2018-10-14,Sunday,13:00,CAR,17.0,WAS,23.0,Home,6.0,40.0,0.0,401030701,7,6,-1.0,-109.0,-102.0,44.5,-115.0,104.0,0,outdoors,grass,00-0027939,00-0023436,Cam Newton,Alex Smith,WAS00,FedExField
2018_06_CHI_MIA,2018,REG,6,2018-10-14,Sunday,13:00,CHI,28.0,MIA,31.0,Home,3.0,59.0,1.0,401030771,14,7,-7.5,110.0,-123.0,40.5,-287.0,254.0,0,outdoors,grass,00-0033869,00-0029682,Mitch Trubisky,Brock Osweiler,MIA00,Hard Rock Stadium
2018_06_IND_NYJ,2018,REG,6,2018-10-14,Sunday,13:00,IND,34.0,NYJ,42.0,Home,8.0,76.0,0.0,401030737,10,7,2.5,106.0,-119.0,47.5,131.0,-145.0,0,outdoors,fieldturf,00-0029668,00-0034869,Andrew Luck,Sam Darnold,NYC01,MetLife Stadium
2018_06_JAX_DAL,2018,REG,6,2018-10-14,Sunday,16:25,JAX,7.0,DAL,40.0,Home,33.0,47.0,0.0,401030776,7,7,-3.0,-119.0,106.0,39.5,-173.0,156.0,0,closed,matrixturf,00-0031407,00-0033077,Blake Bortles,Dak Prescott,DAL00,AT&T Stadium
2018_06_KC_NE,2018,REG,6,2018-10-14,Sunday,20:20,KC,40.0,NE,43.0,Home,3.0,83.0,0.0,401030779,7,10,4.0,-103.0,-107.0,59.5,171.0,-190.0,0,outdoors,fieldturf,00-0033873,00-0019596,Patrick Mahomes,Tom Brady,BOS00,Gillette Stadium
2018_06_LAC_CLE,2018,REG,6,2018-10-14,Sunday,13:00,LAC,38.0,CLE,14.0,Home,-24.0,52.0,0.0,401030746,7,7,1.0,-112.0,101.0,47.0,-105.0,-105.0,0,outdoors,grass,00-0022942,00-0034855,Philip Rivers,Baker Mayfield,CLE00,FirstEnergy Stadium
2018_06_LA_DEN,2018,REG,6,2018-10-14,Sunday,16:05,LA,23.0,DEN,20.0,Home,-3.0,43.0,0.0,401030773,7,7,-7.0,-103.0,-108.0,50.0,-300.0,264.0,0,outdoors,grass,00-0033106,00-0028986,Jared Goff,Case Keenum,DEN00,Sports Authority Field at Mile High
2018_06_PIT_CIN,2018,REG,6,2018-10-14,Sunday,13:00,PIT,28.0,CIN,21.0,Home,-7.0,49.0,0.0,401030743,7,7,1.0,-103.0,-108.0,49.5,103.0,-113.0,1,outdoors,fieldturf,00-0022924,00-0027973,Ben Roethlisberger,Andy Dalton,CIN00,Paul Brown Stadium
2018_06_SEA_OAK,2018,REG,6,2018-10-14,Sunday,13:00,SEA,27.0,LV,3.0,Neutral,-24.0,30.0,0.0,401030706,7,7,-3.0,-101.0,-110.0,47.5,-152.0,137.0,0,outdoors,grass,00-0029263,00-0031280,Russell Wilson,Derek Carr,LON00,Wembley Stadium
2018_06_TB_ATL,2018,REG,6,2018-10-14,Sunday,13:00,TB,29.0,ATL,34.0,Home,5.0,63.0,0.0,401030695,14,7,3.0,-103.0,-107.0,57.5,144.0,-159.0,1,open,fieldturf,00-0031503,00-0026143,Jameis Winston,Matt Ryan,ATL97,Mercedes-Benz Stadium
2018_06_SF_GB,2018,REG,6,2018-10-15,Monday,20:15,SF,30.0,GB,33.0,Home,3.0,63.0,0.0,401030783,8,8,9.0,-108.0,-103.0,46.5,361.0,-420.0,0,outdoors,grass,00-0033936,00-0023459,C.J. Beathard,Aaron Rodgers,GNB00,Lambeau Field
2018_07_DEN_ARI,2018,REG,7,2018-10-18,Thursday,20:20,DEN,45.0,ARI,10.0,Home,-35.0,55.0,0.0,401030800,4,4,-1.0,-101.0,-110.0,42.5,-110.0,-101.0,0,closed,grass,00-0028986,00-0034343,Case Keenum,Josh Rosen,PHO00,State Farm Stadium
2018_07_BUF_IND,2018,REG,7,2018-10-21,Sunday,13:00,BUF,5.0,IND,37.0,Home,32.0,42.0,0.0,401030833,7,7,7.0,-112.0,101.0,43.5,258.0,-293.0,0,closed,fieldturf,00-0023645,00-0029668,Derek Anderson,Andrew Luck,IND00,Lucas Oil Stadium
2018_07_CAR_PHI,2018,REG,7,2018-10-21,Sunday,13:00,CAR,21.0,PHI,17.0,Home,-4.0,38.0,0.0,401030807,7,10,5.0,-102.0,-109.0,45.0,202.0,-226.0,0,outdoors,grass,00-0027939,00-0032950,Cam Newton,Carson Wentz,PHI00,Lincoln Financial Field
2018_07_CIN_KC,2018,REG,7,2018-10-21,Sunday,20:20,CIN,10.0,KC,45.0,Home,35.0,55.0,0.0,401030804,7,7,6.5,-104.0,-106.0,56.0,240.0,-271.0,0,outdoors,grass,00-0027973,00-0033873,Andy Dalton,Patrick Mahomes,KAN00,Arrowhead Stadium
2018_07_CLE_TB,2018,REG,7,2018-10-21,Sunday,13:00,CLE,23.0,TB,26.0,Home,3.0,49.0,1.0,401030806,7,7,3.5,-105.0,-105.0,52.5,163.0,-181.0,0,outdoors,grass,00-0034855,00-0031503,Baker Mayfield,Jameis Winston,TAM00,Raymond James Stadium
2018_07_DAL_WAS,2018,REG,7,2018-10-21,Sunday,16:25,DAL,17.0,WAS,20.0,Home,3.0,37.0,0.0,401030837,7,7,-1.5,-112.0,101.0,40.5,-126.0,114.0,1,outdoors,grass,00-0033077,00-0023436,Dak Prescott,Alex Smith,WAS00,FedExField
2018_07_DET_MIA,2018,REG,7,2018-10-21,Sunday,13:00,DET,32.0,MIA,21.0,Home,-11.0,53.0,0.0,401030830,14,7,-3.0,-124.0,110.0,47.0,-177.0,159.0,0,outdoors,grass,00-0026498,00-0029682,Matthew Stafford,Brock Osweiler,MIA00,Hard Rock Stadium
2018_07_HOU_JAX,2018,REG,7,2018-10-21,Sunday,13:00,HOU,20.0,JAX,7.0,Home,-13.0,27.0,0.0,401030835,7,7,4.0,-101.0,-110.0,43.0,188.0,-210.0,1,outdoors,grass,00-0033537,00-0031407,Deshaun Watson,Blake Bortles,JAX00,TIAA Bank Stadium
2018_07_LA_SF,2018,REG,7,2018-10-21,Sunday,16:25,LA,39.0,SF,10.0,Home,-29.0,49.0,0.0,401030838,7,6,-8.0,-110.0,-101.0,52.0,-390.0,338.0,1,outdoors,grass,00-0033106,00-0033936,Jared Goff,C.J. Beathard,SFO01,Levi's Stadium
2018_07_MIN_NYJ,2018,REG,7,2018-10-21,Sunday,13:00,MIN,37.0,NYJ,17.0,Home,-20.0,54.0,0.0,401030809,7,7,-3.5,106.0,-119.0,45.0,-175.0,157.0,0,outdoors,fieldturf,00-0029604,00-0034869,Kirk Cousins,Sam Darnold,NYC01,MetLife Stadium
2018_07_NE_CHI,2018,REG,7,2018-10-21,Sunday,13:00,NE,38.0,CHI,31.0,Home,-7.0,69.0,0.0,401030832,7,7,-1.0,-120.0,107.0,49.0,-128.0,116.0,0,outdoors,grass,00-0019596,00-0033869,Tom Brady,Mitch Trubisky,CHI98,Soldier Field
2018_07_NO_BAL,2018,REG,7,2018-10-21,Sunday,16:05,NO,24.0,BAL,23.0,Home,-1.0,47.0,0.0,401030836,13,7,2.5,102.0,-114.0,49.0,129.0,-143.0,0,outdoors,grass,00-0020531,00-0026158,Drew Brees,Joe Flacco,BAL00,M&T Bank Stadium
2018_07_TEN_LAC,2018,REG,7,2018-10-21,Sunday,21:30,TEN,19.0,LAC,20.0,Neutral,1.0,39.0,0.0,401030792,7,7,6.5,-103.0,-108.0,46.0,245.0,-277.0,0,outdoors,grass,00-0032268,00-0022942,Marcus Mariota,Philip Rivers,LON00,Wembley Stadium
2018_07_NYG_ATL,2018,REG,7,2018-10-22,Monday,20:15,NYG,20.0,ATL,23.0,Home,3.0,43.0,0.0,401030796,11,8,4.5,-110.0,-101.0,52.0,187.0,-209.0,0,open,fieldturf,00-0022803,00-0026143,Eli Manning,Matt Ryan,ATL97,Mercedes-Benz Stadium
2018_08_MIA_HOU,2018,REG,8,2018-10-25,Thursday,20:20,MIA,23.0,HOU,42.0,Home,19.0,65.0,0.0,401030703,4,4,7.5,-112.0,101.0,45.0,295.0,-337.0,0,closed,astroturf,00-0029682,00-0033537,Brock Osweiler,Deshaun Watson,HOU00,NRG Stadium
2018_08_BAL_CAR,2018,REG,8,2018-10-28,Sunday,13:00,BAL,21.0,CAR,36.0,Home,15.0,57.0,0.0,401030849,7,7,-2.5,-114.0,102.0,44.0,-143.0,129.0,0,outdoors,grass,00-0026158,00-0027939,Joe Flacco,Cam Newton,CAR00,Bank of America Stadium
2018_08_CLE_PIT,2018,REG,8,2018-10-28,Sunday,13:00,CLE,18.0,PIT,33.0,Home,15.0,51.0,0.0,401030731,7,14,8.5,-108.0,-103.0,47.5,328.0,-378.0,1,outdoors,grass,00-0034855,00-0022924,Baker Mayfield,Ben Roethlisberger,PIT00,Heinz Field
2018_08_DEN_KC,2018,REG,8,2018-10-28,Sunday,13:00,DEN,23.0,KC,30.0,Home,7.0,53.0,0.0,401030707,10,7,8.5,-102.0,-109.0,53.0,337.0,-389.0,1,outdoors,grass,00-0028986,00-0033873,Case Keenum,Patrick Mahomes,KAN00,Arrowhead Stadium
2018_08_GB_LA,2018,REG,8,2018-10-28,Sunday,16:25,GB,27.0,LA,29.0,Home,2.0,56.0,0.0,401030780,13,7,7.5,-105.0,-105.0,57.0,297.0,-340.0,0,outdoors,grass,00-0023459,00-0033106,Aaron Rodgers,Jared Goff,LAX99,Los Angeles Memorial Coliseum
2018_08_IND_OAK,2018,REG,8,2018-10-28,Sunday,16:05,IND,42.0,LV,28.0,Home,-14.0,70.0,0.0,401030749,7,14,-3.5,-102.0,-109.0,51.0,-183.0,165.0,0,outdoors,grass,00-0029668,00-0031280,Andrew Luck,Derek Carr,OAK00,Oakland-Alameda County Coliseum
2018_08_NO_MIN,2018,REG,8,2018-10-28,Sunday,20:20,NO,30.0,MIN,20.0,Home,-10.0,50.0,0.0,401030786,7,7,-2.5,-108.0,-103.0,53.5,-130.0,118.0,0,dome,sportturf,00-0020531,00-0029604,Drew Brees,Kirk Cousins,MIN01,U.S. Bank Stadium
2018_08_NYJ_CHI,2018,REG,8,2018-10-28,Sunday,13:00,NYJ,10.0,CHI,24.0,Home,14.0,34.0,0.0,401030747,7,7,8.5,-119.0,106.0,42.5,305.0,-350.0,0,outdoors,grass,00-0034869,00-0033869,Sam Darnold,Mitch Trubisky,CHI98,Soldier Field
2018_08_PHI_JAX,2018,REG,8,2018-10-28,Sunday,21:30,PHI,24.0,JAX,18.0,Neutral,-6.0,42.0,0.0,401030699,7,7,-4.0,-103.0,-108.0,44.5,-208.0,186.0,0,outdoors,grass,00-0032950,00-0031407,Carson Wentz,Blake Bortles,LON00,Wembley Stadium
2018_08_SEA_DET,2018,REG,8,2018-10-28,Sunday,13:00,SEA,28.0,DET,14.0,Home,-14.0,42.0,0.0,401030740,14,7,3.0,-101.0,-110.0,47.5,146.0,-162.0,0,dome,fieldturf,00-0029263,00-0026498,Russell Wilson,Matthew Stafford,DET00,Ford Field
2018_08_SF_ARI,2018,REG,8,2018-10-28,Sunday,16:25,SF,15.0,ARI,18.0,Home,3.0,33.0,0.0,401030772,7,10,-2.5,-116.0,104.0,40.0,-138.0,125.0,1,closed,grass,00-0033936,00-0034343,C.J. Beathard,Josh Rosen,PHO00,State Farm Stadium
2018_08_TB_CIN,2018,REG,8,2018-10-28,Sunday,13:00,TB,34.0,CIN,37.0,Home,3.0,71.0,0.0,401030744,7,7,3.5,-103.0,-108.0,55.0,173.0,-192.0,0,outdoors,fieldturf,00-0031503,00-0027973,Jameis Winston,Andy Dalton,CIN00,Paul Brown Stadium
2018_08_WAS_NYG,2018,REG,8,2018-10-28,Sunday,13:00,WAS,20.0,NYG,13.0,Home,-7.0,33.0,0.0,401030735,7,6,-1.0,-101.0,-110.0,43.0,-108.0,-102.0,1,outdoors,fieldturf,00-0023436,00-0022803,Alex Smith,Eli Manning,NYC01,MetLife Stadium
2018_08_NE_BUF,2018,REG,8,2018-10-29,Monday,20:15,NE,25.0,BUF,6.0,Home,-19.0,31.0,0.0,401030789,8,8,-13.5,-107.0,-103.0,44.0,-1018.0,744.0,1,outdoors,a_turf,00-0019596,00-0023645,Tom Brady,Derek Anderson,BUF00,New Era Field
2018_09_OAK_SF,2018,REG,9,2018-11-01,Thursday,20:20,LV,3.0,SF,34.0,Home,31.0,37.0,0.0,401030767,4,4,-1.5,-103.0,-108.0,44.0,-117.0,106.0,0,outdoors,grass,00-0031280,00-0033319,Derek Carr,Nick Mullens,SFO01,Levi's Stadium
2018_09_ATL_WAS,2018,REG,9,2018-11-04,Sunday,13:00,ATL,38.0,WAS,14.0,Home,-24.0,52.0,0.0,401030826,13,7,1.5,102.0,-114.0,46.5,116.0,-128.0,0,outdoors,grass,00-0026143,00-0023436,Matt Ryan,Alex Smith,WAS00,FedExField
2018_09_CHI_BUF,2018,REG,9,2018-11-04,Sunday,13:00,CHI,41.0,BUF,9.0,Home,-32.0,50.0,0.0,401030769,7,6,-10.5,111.0,-125.0,38.0,-400.0,346.0,0,outdoors,a_turf,00-0033869,00-0033958,Mitch Trubisky,Nathan Peterman,BUF00,New Era Field
2018_09_DET_MIN,2018,REG,9,2018-11-04,Sunday,13:00,DET,9.0,MIN,24.0,Home,15.0,33.0,0.0,401030822,7,7,4.5,-101.0,-110.0,47.0,195.0,-218.0,1,dome,sportturf,00-0026498,00-0029604,Matthew Stafford,Kirk Cousins,MIN01,U.S. Bank Stadium
2018_09_GB_NE,2018,REG,9,2018-11-04,Sunday,20:20,GB,17.0,NE,31.0,Home,14.0,48.0,0.0,401030858,7,6,5.0,-103.0,-108.0,56.0,198.0,-221.0,0,outdoors,fieldturf,00-0023459,00-0019596,Aaron Rodgers,Tom Brady,BOS00,Gillette Stadium
2018_09_HOU_DEN,2018,REG,9,2018-11-04,Sunday,16:05,HOU,19.0,DEN,17.0,Home,-2.0,36.0,0.0,401030829,10,7,1.0,103.0,-115.0,46.5,108.0,-119.0,0,outdoors,grass,00-0033537,00-0028986,Deshaun Watson,Case Keenum,DEN00,Sports Authority Field at Mile High
2018_09_KC_CLE,2018,REG,9,2018-11-04,Sunday,13:00,KC,37.0,CLE,21.0,Home,-16.0,58.0,0.0,401030814,7,7,-7.5,-110.0,-101.0,51.0,-380.0,330.0,0,outdoors,grass,00-0033873,00-0034855,Patrick Mahomes,Baker Mayfield,CLE00,FirstEnergy Stadium
2018_09_LAC_SEA,2018,REG,9,2018-11-04,Sunday,16:05,LAC,25.0,SEA,17.0,Home,-8.0,42.0,0.0,401030852,14,7,1.0,-114.0,102.0,48.5,-106.0,-104.0,0,outdoors,fieldturf,00-0022942,00-0029263,Philip Rivers,Russell Wilson,SEA00,CenturyLink Field
2018_09_LA_NO,2018,REG,9,2018-11-04,Sunday,16:25,LA,35.0,NO,45.0,Home,10.0,80.0,0.0,401030855,7,7,-2.5,-103.0,-108.0,57.5,-133.0,120.0,0,dome,sportturf,00-0033106,00-0020531,Jared Goff,Drew Brees,NOR00,Mercedes-Benz Superdome
2018_09_NYJ_MIA,2018,REG,9,2018-11-04,Sunday,13:00,NYJ,6.0,MIA,13.0,Home,7.0,19.0,0.0,401030816,7,10,3.0,-108.0,-103.0,43.5,140.0,-155.0,1,outdoors,grass,00-0034869,00-0029682,Sam Darnold,Brock Osweiler,MIA00,Hard Rock Stadium
2018_09_PIT_BAL,2018,REG,9,2018-11-04,Sunday,13:00,PIT,23.0,BAL,16.0,Home,-7.0,39.0,0.0,401030819,7,7,1.5,102.0,-114.0,47.0,117.0,-129.0,1,outdoors,grass,00-0022924,00-0026158,Ben Roethlisberger,Joe Flacco,BAL00,M&T Bank Stadium
2018_09_TB_CAR,2018,REG,9,2018-11-04,Sunday,13:00,TB,28.0,CAR,42.0,Home,14.0,70.0,0.0,401030811,7,7,6.0,100.0,-111.0,55.5,253.0,-286.0,1,outdoors,grass,00-0023682,00-0027939,Ryan Fitzpatrick,Cam Newton,CAR00,Bank of America Stadium
2018_09_TEN_DAL,2018,REG,9,2018-11-05,Monday,20:15,TEN,28.0,DAL,14.0,Home,-14.0,42.0,0.0,401030862,15,15,4.5,101.0,-112.0,40.0,203.0,-228.0,0,closed,matrixturf,00-0032268,00-0033077,Marcus Mariota,Dak Prescott,DAL00,AT&T Stadium
2018_10_CAR_PIT,2018,REG,10,2018-11-08,Thursday,20:20,CAR,21.0,PIT,52.0,Home,31.0,73.0,0.0,401030729,4,4,3.5,-106.0,-104.0,51.0,170.0,-189.0,0,outdoors,grass,00-0027939,00-0022924,Cam Newton,Ben Roethlisberger,PIT00,Heinz Field
2018_10_ARI_KC,2018,REG,10,2018-11-11,Sunday,13:00,ARI,14.0,KC,26.0,Home,12.0,40.0,0.0,401030815,14,7,16.5,-106.0,-104.0,49.5,835.0,-1267.0,0,outdoors,grass,00-0034343,00-0033873,Josh Rosen,Patrick Mahomes,KAN00,Arrowhead Stadium
2018_10_ATL_CLE,2018,REG,10,2018-11-11,Sunday,13:00,ATL,16.0,CLE,28.0,Home,12.0,44.0,0.0,401030754,7,7,-5.5,-103.0,-108.0,49.5,-238.0,212.0,0,outdoors,grass,00-0026143,00-0034855,Matt Ryan,Baker Mayfield,CLE00,FirstEnergy Stadium
2018_10_BUF_NYJ,2018,REG,10,2018-11-11,Sunday,13:00,BUF,41.0,NYJ,10.0,Home,-31.0,51.0,0.0,401030853,7,7,6.5,-108.0,-103.0,38.0,235.0,-265.0,1,outdoors,fieldturf,00-0030533,00-0021206,Matt Barkley,Josh McCown,NYC01,MetLife Stadium
2018_10_DAL_PHI,2018,REG,10,2018-11-11,Sunday,20:20,DAL,27.0,PHI,20.0,Home,-7.0,47.0,0.0,401030869,6,14,7.5,-108.0,-103.0,45.5,310.0,-355.0,1,outdoors,grass,00-0033077,00-0032950,Dak Prescott,Carson Wentz,PHI00,Lincoln Financial Field
2018_10_DET_CHI,2018,REG,10,2018-11-11,Sunday,13:00,DET,22.0,CHI,34.0,Home,12.0,56.0,0.0,401030810,7,7,7.5,-114.0,102.0,44.5,281.0,-320.0,1,outdoors,grass,00-0026498,00-0033869,Matthew Stafford,Mitch Trubisky,CHI98,Soldier Field
2018_10_JAX_IND,2018,REG,10,2018-11-11,Sunday,13:00,JAX,26.0,IND,29.0,Home,3.0,55.0,0.0,401030766,14,14,3.0,-105.0,-105.0,48.0,141.0,-156.0,1,closed,fieldturf,00-0031407,00-0029668,Blake Bortles,Andrew Luck,IND00,Lucas Oil Stadium
2018_10_LAC_OAK,2018,REG,10,2018-11-11,Sunday,16:05,LAC,20.0,LV,6.0,Home,-14.0,26.0,0.0,401030859,7,10,-10.5,104.0,-116.0,50.0,-458.0,391.0,1,outdoors,grass,00-0022942,00-0031280,Philip Rivers,Derek Carr,OAK00,Oakland-Alameda County Coliseum
2018_10_MIA_GB,2018,REG,10,2018-11-11,Sunday,16:25,MIA,12.0,GB,31.0,Home,19.0,43.0,0.0,401030756,7,7,13.0,-114.0,102.0,48.5,487.0,-585.0,0,outdoors,grass,00-0029682,00-0023459,Brock Osweiler,Aaron Rodgers,GNB00,Lambeau Field
2018_10_NE_TEN,2018,REG,10,2018-11-11,Sunday,13:00,NE,10.0,TEN,34.0,Home,24.0,44.0,0.0,401030821,7,6,-6.0,101.0,-112.0,47.0,-244.0,217.0,0,outdoors,grass,00-0019596,00-0032268,Tom Brady,Marcus Mariota,NAS00,Nissan Stadium
2018_10_NO_CIN,2018,REG,10,2018-11-11,Sunday,13:00,NO,51.0,CIN,14.0,Home,-37.0,65.0,0.0,401030752,7,14,-5.5,-108.0,-103.0,53.0,-253.0,225.0,0,outdoors,fieldturf,00-0020531,00-0027973,Drew Brees,Andy Dalton,CIN00,Paul Brown Stadium
2018_10_SEA_LA,2018,REG,10,2018-11-11,Sunday,16:25,SEA,31.0,LA,36.0,Home,5.0,67.0,0.0,401030865,7,7,10.0,-114.0,102.0,51.0,361.0,-420.0,1,outdoors,grass,00-0029263,00-0033106,Russell Wilson,Jared Goff,LAX99,Los Angeles Memorial Coliseum
2018_10_WAS_TB,2018,REG,10,2018-11-11,Sunday,13:00,WAS,16.0,TB,3.0,Home,-13.0,19.0,0.0,401030828,7,7,3.5,-108.0,-103.0,51.0,165.0,-183.0,0,outdoors,grass,00-0023436,00-0023682,Alex Smith,Ryan Fitzpatrick,TAM00,Raymond James Stadium
2018_10_NYG_SF,2018,REG,10,2018-11-12,Monday,20:15,NYG,27.0,SF,23.0,Home,-4.0,50.0,0.0,401030873,15,11,3.0,110.0,-123.0,45.0,161.0,-179.0,0,outdoors,grass,00-0022803,00-0033319,Eli Manning,Nick Mullens,SFO01,Levi's Stadium
2018_11_GB_SEA,2018,REG,11,2018-11-15,Thursday,20:20,GB,24.0,SEA,27.0,Home,3.0,51.0,0.0,401030878,4,4,3.0,-102.0,-109.0,49.0,146.0,-162.0,0,outdoors,fieldturf,00-0023459,00-0029263,Aaron Rodgers,Russell Wilson,SEA00,CenturyLink Field
2018_11_CAR_DET,2018,REG,11,2018-11-18,Sunday,13:00,CAR,19.0,DET,20.0,Home,1.0,39.0,0.0,401030910,10,7,-4.0,103.0,-115.0,48.0,-192.0,173.0,0,dome,fieldturf,00-0027939,00-0026498,Cam Newton,Matthew Stafford,DET00,Ford Field
2018_11_CIN_BAL,2018,REG,11,2018-11-18,Sunday,13:00,CIN,21.0,BAL,24.0,Home,3.0,45.0,0.0,401030894,7,14,6.5,-110.0,-101.0,44.0,231.0,-260.0,1,outdoors,grass,00-0027973,00-0034796,Andy Dalton,Lamar Jackson,BAL00,M&T Bank Stadium
2018_11_DAL_ATL,2018,REG,11,2018-11-18,Sunday,13:00,DAL,22.0,ATL,19.0,Home,-3.0,41.0,0.0,401030929,7,7,3.5,-108.0,-103.0,50.0,168.0,-186.0,0,open,fieldturf,00-0033077,00-0026143,Dak Prescott,Matt Ryan,ATL97,Mercedes-Benz Stadium
2018_11_DEN_LAC,2018,REG,11,2018-11-18,Sunday,16:05,DEN,23.0,LAC,22.0,Home,-1.0,45.0,0.0,401030969,14,7,7.5,-116.0,104.0,47.0,288.0,-329.0,1,outdoors,grass,00-0028986,00-0022942,Case Keenum,Philip Rivers,LAX97,StubHub Center
2018_11_HOU_WAS,2018,REG,11,2018-11-18,Sunday,13:00,HOU,23.0,WAS,21.0,Home,-2.0,44.0,0.0,401030966,14,7,-3.0,-114.0,102.0,40.5,-160.0,144.0,0,outdoors,grass,00-0033537,00-0023436,Deshaun Watson,Alex Smith,WAS00,FedExField
2018_11_MIN_CHI,2018,REG,11,2018-11-18,Sunday,20:20,MIN,20.0,CHI,25.0,Home,5.0,45.0,0.0,401030903,14,7,2.5,-101.0,-110.0,44.0,124.0,-137.0,1,outdoors,grass,00-0029604,00-0033869,Kirk Cousins,Mitch Trubisky,CHI98,Soldier Field
2018_11_OAK_ARI,2018,REG,11,2018-11-18,Sunday,16:05,LV,23.0,ARI,21.0,Home,-2.0,44.0,0.0,401030970,7,7,4.5,-108.0,-103.0,41.0,189.0,-211.0,0,closed,grass,00-0031280,00-0034343,Derek Carr,Josh Rosen,PHO00,State Farm Stadium
2018_11_PHI_NO,2018,REG,11,2018-11-18,Sunday,16:25,PHI,7.0,NO,48.0,Home,41.0,55.0,0.0,401030963,7,7,7.0,-105.0,-105.0,56.5,290.0,-331.0,0,dome,sportturf,00-0032950,00-0020531,Carson Wentz,Drew Brees,NOR00,Mercedes-Benz Superdome
2018_11_PIT_JAX,2018,REG,11,2018-11-18,Sunday,13:00,PIT,20.0,JAX,16.0,Home,-4.0,36.0,0.0,401030971,10,7,-4.0,-109.0,-102.0,47.0,-202.0,181.0,0,outdoors,grass,00-0022924,00-0031407,Ben Roethlisberger,Blake Bortles,JAX00,TIAA Bank Stadium
2018_11_TB_NYG,2018,REG,11,2018-11-18,Sunday,13:00,TB,35.0,NYG,38.0,Home,3.0,73.0,0.0,401030952,7,6,3.0,102.0,-114.0,54.5,146.0,-162.0,0,outdoors,fieldturf,00-0023682,00-0022803,Ryan Fitzpatrick,Eli Manning,NYC01,MetLife Stadium
2018_11_TEN_IND,2018,REG,11,2018-11-18,Sunday,13:00,TEN,10.0,IND,38.0,Home,28.0,48.0,0.0,401030922,7,7,2.0,-103.0,-108.0,50.0,117.0,-129.0,1,closed,fieldturf,00-0032268,00-0029668,Marcus Mariota,Andrew Luck,IND00,Lucas Oil Stadium
2018_11_KC_LA,2018,REG,11,2018-11-19,Monday,20:15,KC,51.0,LA,54.0,Home,3.0,105.0,0.0,401030972,8,8,3.0,106.0,-119.0,63.5,153.0,-170.0,0,outdoors,grass,00-0033873,00-0033106,Patrick Mahomes,Jared Goff,LAX99,Los Angeles Memorial Coliseum
2018_12_ATL_NO,2018,REG,12,2018-11-22,Thursday,20:20,ATL,17.0,NO,31.0,Home,14.0,48.0,0.0,401030923,4,4,11.5,-101.0,-110.0,61.0,433.0,-550.0,1,dome,sportturf,00-0026143,00-0020531,Matt Ryan,Drew Brees,NOR00,Mercedes-Benz Superdome
2018_12_CHI_DET,2018,REG,12,2018-11-22,Thursday,12:30,CHI,23.0,DET,16.0,Home,-7.0,39.0,0.0,401030905,4,4,-3.0,-114.0,102.0,43.0,-161.0,146.0,1,dome,fieldturf,00-0026544,00-0026498,Chase Daniel,Matthew Stafford,DET00,Ford Field
2018_12_WAS_DAL,2018,REG,12,2018-11-22,Thursday,16:30,WAS,23.0,DAL,31.0,Home,8.0,54.0,0.0,401030925,4,4,7.0,-108.0,-103.0,40.0,279.0,-317.0,1,closed,matrixturf,00-0027688,00-0033077,Colt McCoy,Dak Prescott,DAL00,AT&T Stadium
2018_12_ARI_LAC,2018,REG,12,2018-11-25,Sunday,16:05,ARI,10.0,LAC,45.0,Home,35.0,55.0,0.0,401030912,7,7,14.0,-103.0,-108.0,43.5,612.0,-837.0,0,outdoors,grass,00-0034343,00-0022942,Josh Rosen,Philip Rivers,LAX97,StubHub Center
2018_12_CLE_CIN,2018,REG,12,2018-11-25,Sunday,13:00,CLE,35.0,CIN,20.0,Home,-15.0,55.0,0.0,401030921,14,7,-1.0,-105.0,-105.0,46.5,-113.0,102.0,1,outdoors,fieldturf,00-0034855,00-0027973,Baker Mayfield,Andy Dalton,CIN00,Paul Brown Stadium
2018_12_GB_MIN,2018,REG,12,2018-11-25,Sunday,20:20,GB,17.0,MIN,24.0,Home,7.0,41.0,0.0,401030908,10,7,4.0,-108.0,-103.0,48.5,184.0,-205.0,1,dome,sportturf,00-0023459,00-0029604,Aaron Rodgers,Kirk Cousins,MIN01,U.S. Bank Stadium
2018_12_JAX_BUF,2018,REG,12,2018-11-25,Sunday,13:00,JAX,21.0,BUF,24.0,Home,3.0,45.0,0.0,401030919,7,14,-3.0,-104.0,-106.0,36.5,-155.0,140.0,0,outdoors,a_turf,00-0031407,00-0034857,Blake Bortles,Josh Allen,BUF00,New Era Field
2018_12_MIA_IND,2018,REG,12,2018-11-25,Sunday,16:25,MIA,24.0,IND,27.0,Home,3.0,51.0,0.0,401030906,14,7,9.0,-103.0,-108.0,52.5,341.0,-394.0,0,closed,fieldturf,00-0029701,00-0029668,Ryan Tannehill,Andrew Luck,IND00,Lucas Oil Stadium
2018_12_NE_NYJ,2018,REG,12,2018-11-25,Sunday,13:00,NE,27.0,NYJ,13.0,Home,-14.0,40.0,0.0,401030904,14,14,-13.0,108.0,-121.0,46.5,-585.0,487.0,1,outdoors,fieldturf,00-0019596,00-0021206,Tom Brady,Josh McCown,NYC01,MetLife Stadium
2018_12_NYG_PHI,2018,REG,12,2018-11-25,Sunday,13:00,NYG,22.0,PHI,25.0,Home,3.0,47.0,0.0,401030914,7,7,4.5,-103.0,-108.0,49.0,192.0,-215.0,1,outdoors,grass,00-0022803,00-0032950,Eli Manning,Carson Wentz,PHI00,Lincoln Financial Field
2018_12_OAK_BAL,2018,REG,12,2018-11-25,Sunday,13:00,LV,17.0,BAL,34.0,Home,17.0,51.0,0.0,401030916,7,7,13.0,-115.0,103.0,42.0,524.0,-691.0,0,outdoors,grass,00-0031280,00-0034796,Derek Carr,Lamar Jackson,BAL00,M&T Bank Stadium
2018_12_PIT_DEN,2018,REG,12,2018-11-25,Sunday,16:25,PIT,17.0,DEN,24.0,Home,7.0,41.0,0.0,401030911,7,7,-3.0,-110.0,-101.0,47.5,-164.0,148.0,0,outdoors,grass,00-0022924,00-0028986,Ben Roethlisberger,Case Keenum,DEN00,Sports Authority Field at Mile High
2018_12_SEA_CAR,2018,REG,12,2018-11-25,Sunday,13:00,SEA,30.0,CAR,27.0,Home,-3.0,57.0,0.0,401030920,10,7,3.0,101.0,-112.0,46.5,146.0,-162.0,0,outdoors,grass,00-0029263,00-0027939,Russell Wilson,Cam Newton,CAR00,Bank of America Stadium
2018_12_SF_TB,2018,REG,12,2018-11-25,Sunday,13:00,SF,9.0,TB,27.0,Home,18.0,36.0,0.0,401030902,13,7,1.5,-101.0,-110.0,54.5,115.0,-127.0,0,outdoors,grass,00-0033319,00-0031503,Nick Mullens,Jameis Winston,TAM00,Raymond James Stadium
2018_12_TEN_HOU,2018,REG,12,2018-11-26,Monday,20:15,TEN,17.0,HOU,34.0,Home,17.0,51.0,0.0,401030762,8,8,3.5,-114.0,102.0,42.5,171.0,-190.0,1,closed,astroturf,00-0032268,00-0033537,Marcus Mariota,Deshaun Watson,HOU00,NRG Stadium
2018_13_NO_DAL,2018,REG,13,2018-11-29,Thursday,20:20,NO,10.0,DAL,13.0,Home,3.0,23.0,0.0,401030899,7,7,-7.0,-108.0,-103.0,51.5,-313.0,275.0,0,closed,matrixturf,00-0020531,00-0033077,Drew Brees,Dak Prescott,DAL00,AT&T Stadium
2018_13_ARI_GB,2018,REG,13,2018-12-02,Sunday,13:00,ARI,20.0,GB,17.0,Home,-3.0,37.0,0.0,401030965,7,7,13.5,-107.0,-103.0,41.0,548.0,-729.0,0,outdoors,grass,00-0034343,00-0023459,Josh Rosen,Aaron Rodgers,GNB00,Lambeau Field
2018_13_BAL_ATL,2018,REG,13,2018-12-02,Sunday,13:00,BAL,26.0,ATL,16.0,Home,-10.0,42.0,0.0,401030928,7,10,2.5,102.0,-114.0,46.5,133.0,-147.0,0,open,fieldturf,00-0034796,00-0026143,Lamar Jackson,Matt Ryan,ATL97,Mercedes-Benz Stadium
2018_13_BUF_MIA,2018,REG,13,2018-12-02,Sunday,13:00,BUF,17.0,MIA,21.0,Home,4.0,38.0,0.0,401030954,7,7,3.5,-108.0,-103.0,40.0,162.0,-180.0,1,outdoors,grass,00-0034857,00-0029701,Josh Allen,Ryan Tannehill,MIA00,Hard Rock Stadium
2018_13_CAR_TB,2018,REG,13,2018-12-02,Sunday,13:00,CAR,17.0,TB,24.0,Home,7.0,41.0,0.0,401030968,7,7,-3.5,-101.0,-110.0,52.0,-185.0,166.0,1,outdoors,grass,00-0027939,00-0031503,Cam Newton,Jameis Winston,TAM00,Raymond James Stadium
2018_13_CHI_NYG,2018,REG,13,2018-12-02,Sunday,13:00,CHI,27.0,NYG,30.0,Home,3.0,57.0,1.0,401030953,10,7,-3.5,-102.0,-109.0,44.0,-185.0,166.0,0,outdoors,fieldturf,00-0026544,00-0022803,Chase Daniel,Eli Manning,NYC01,MetLife Stadium
2018_13_CLE_HOU,2018,REG,13,2018-12-02,Sunday,13:00,CLE,13.0,HOU,29.0,Home,16.0,42.0,0.0,401030964,7,6,5.0,101.0,-112.0,47.5,219.0,-246.0,0,closed,astroturf,00-0034855,00-0033537,Baker Mayfield,Deshaun Watson,HOU00,NRG Stadium
2018_13_DEN_CIN,2018,REG,13,2018-12-02,Sunday,13:00,DEN,24.0,CIN,10.0,Home,-14.0,34.0,0.0,401030955,7,7,-3.5,102.0,-113.0,45.0,-178.0,160.0,0,outdoors,fieldturf,00-0028986,00-0032436,Case Keenum,Jeff Driskel,CIN00,Paul Brown Stadium
2018_13_IND_JAX,2018,REG,13,2018-12-02,Sunday,13:00,IND,0.0,JAX,6.0,Home,6.0,6.0,0.0,401030962,7,7,-4.0,-108.0,-103.0,45.5,-199.0,179.0,1,outdoors,grass,00-0029668,00-0033104,Andrew Luck,Cody Kessler,JAX00,TIAA Bank Stadium
2018_13_KC_OAK,2018,REG,13,2018-12-02,Sunday,16:05,KC,40.0,LV,33.0,Home,-7.0,73.0,0.0,401030935,13,7,-14.0,101.0,-112.0,53.5,-769.0,593.0,1,outdoors,grass,00-0033873,00-0031280,Patrick Mahomes,Derek Carr,OAK00,Oakland-Alameda County Coliseum
2018_13_LAC_PIT,2018,REG,13,2018-12-02,Sunday,20:20,LAC,33.0,PIT,30.0,Home,-3.0,63.0,0.0,401030951,7,7,3.5,-112.0,101.0,53.5,166.0,-185.0,0,outdoors,grass,00-0022942,00-0022924,Philip Rivers,Ben Roethlisberger,PIT00,Heinz Field
2018_13_LA_DET,2018,REG,13,2018-12-02,Sunday,13:00,LA,30.0,DET,16.0,Home,-14.0,46.0,0.0,401030957,13,10,-10.5,102.0,-114.0,54.0,-450.0,385.0,0,dome,fieldturf,00-0033106,00-0026498,Jared Goff,Matthew Stafford,DET00,Ford Field
2018_13_MIN_NE,2018,REG,13,2018-12-02,Sunday,16:25,MIN,10.0,NE,24.0,Home,14.0,34.0,0.0,401030959,7,7,6.0,-114.0,102.0,50.0,217.0,-244.0,0,outdoors,fieldturf,00-0029604,00-0019596,Kirk Cousins,Tom Brady,BOS00,Gillette Stadium
2018_13_NYJ_TEN,2018,REG,13,2018-12-02,Sunday,16:05,NYJ,22.0,TEN,26.0,Home,4.0,48.0,0.0,401030960,7,6,10.5,-127.0,113.0,40.5,370.0,-431.0,0,outdoors,grass,00-0021206,00-0032268,Josh McCown,Marcus Mariota,NAS00,Nissan Stadium
2018_13_SF_SEA,2018,REG,13,2018-12-02,Sunday,16:25,SF,16.0,SEA,43.0,Home,27.0,59.0,0.0,401030958,7,7,10.0,-114.0,102.0,45.5,411.0,-500.0,1,outdoors,fieldturf,00-0033319,00-0029263,Nick Mullens,Russell Wilson,SEA00,CenturyLink Field
2018_13_WAS_PHI,2018,REG,13,2018-12-03,Monday,20:15,WAS,13.0,PHI,28.0,Home,15.0,41.0,0.0,401030871,11,8,5.5,-105.0,-105.0,45.0,213.0,-239.0,1,outdoors,grass,00-0027688,00-0032950,Colt McCoy,Carson Wentz,PHI00,Lincoln Financial Field
2018_14_JAX_TEN,2018,REG,14,2018-12-06,Thursday,20:20,JAX,9.0,TEN,30.0,Home,21.0,39.0,0.0,401030724,4,4,5.5,-103.0,-107.0,36.5,221.0,-248.0,1,outdoors,grass,00-0033104,00-0032268,Cody Kessler,Marcus Mariota,NAS00,Nissan Stadium
2018_14_ATL_GB,2018,REG,14,2018-12-09,Sunday,13:00,ATL,20.0,GB,34.0,Home,14.0,54.0,0.0,401030825,7,7,4.0,-116.0,104.0,51.0,166.0,-185.0,0,outdoors,grass,00-0026143,00-0023459,Matt Ryan,Aaron Rodgers,GNB00,Lambeau Field
2018_14_BAL_KC,2018,REG,14,2018-12-09,Sunday,13:00,BAL,24.0,KC,27.0,Home,3.0,51.0,1.0,401030764,7,7,6.5,-105.0,-105.0,49.0,239.0,-269.0,0,outdoors,grass,00-0034796,00-0033873,Lamar Jackson,Patrick Mahomes,KAN00,Arrowhead Stadium
2018_14_CAR_CLE,2018,REG,14,2018-12-09,Sunday,13:00,CAR,20.0,CLE,26.0,Home,6.0,46.0,0.0,401030823,7,7,-1.0,-108.0,-103.0,48.0,-117.0,106.0,0,outdoors,grass,00-0027939,00-0034855,Cam Newton,Baker Mayfield,CLE00,FirstEnergy Stadium
2018_14_CIN_LAC,2018,REG,14,2018-12-09,Sunday,16:05,CIN,21.0,LAC,26.0,Home,5.0,47.0,0.0,401030851,7,7,17.0,-109.0,-102.0,48.5,847.0,-1292.0,0,outdoors,grass,00-0032436,00-0022942,Jeff Driskel,Philip Rivers,LAX97,StubHub Center
2018_14_DEN_SF,2018,REG,14,2018-12-09,Sunday,16:05,DEN,14.0,SF,20.0,Home,6.0,34.0,0.0,401030827,7,7,-3.0,-112.0,101.0,45.5,-164.0,148.0,0,outdoors,grass,00-0028986,00-0033319,Case Keenum,Nick Mullens,SFO01,Levi's Stadium
2018_14_DET_ARI,2018,REG,14,2018-12-09,Sunday,16:25,DET,17.0,ARI,3.0,Home,-14.0,20.0,0.0,401030860,7,7,-2.5,-110.0,-101.0,40.0,-139.0,126.0,0,closed,grass,00-0026498,00-0034343,Matthew Stafford,Josh Rosen,PHO00,State Farm Stadium
2018_14_IND_HOU,2018,REG,14,2018-12-09,Sunday,13:00,IND,24.0,HOU,21.0,Home,-3.0,45.0,0.0,401030813,7,7,4.0,-108.0,-103.0,49.5,176.0,-196.0,1,closed,astroturf,00-0029668,00-0033537,Andrew Luck,Deshaun Watson,HOU00,NRG Stadium
2018_14_LA_CHI,2018,REG,14,2018-12-09,Sunday,20:20,LA,6.0,CHI,15.0,Home,9.0,21.0,0.0,401030817,7,7,-3.0,107.0,-120.0,50.5,-139.0,126.0,0,outdoors,grass,00-0033106,00-0033869,Jared Goff,Mitch Trubisky,CHI98,Soldier Field
2018_14_NE_MIA,2018,REG,14,2018-12-09,Sunday,13:00,NE,33.0,MIA,34.0,Home,1.0,67.0,0.0,401030761,7,7,-8.5,-103.0,-108.0,49.5,-367.0,319.0,1,outdoors,grass,00-0019596,00-0029701,Tom Brady,Ryan Tannehill,MIA00,Hard Rock Stadium
2018_14_NO_TB,2018,REG,14,2018-12-09,Sunday,13:00,NO,28.0,TB,14.0,Home,-14.0,42.0,0.0,401030758,10,7,-8.5,-103.0,-108.0,55.0,-380.0,330.0,1,outdoors,grass,00-0020531,00-0031503,Drew Brees,Jameis Winston,TAM00,Raymond James Stadium
2018_14_NYG_WAS,2018,REG,14,2018-12-09,Sunday,13:00,NYG,40.0,WAS,16.0,Home,-24.0,56.0,0.0,401030753,7,6,-3.0,-119.0,106.0,40.5,-167.0,151.0,1,outdoors,grass,00-0022803,00-0026898,Eli Manning,Mark Sanchez,WAS00,FedExField
2018_14_NYJ_BUF,2018,REG,14,2018-12-09,Sunday,13:00,NYJ,27.0,BUF,23.0,Home,-4.0,50.0,0.0,401030750,7,7,4.5,-105.0,-105.0,37.0,189.0,-211.0,1,outdoors,a_turf,00-0034869,00-0034857,Sam Darnold,Josh Allen,BUF00,New Era Field
2018_14_PHI_DAL,2018,REG,14,2018-12-09,Sunday,16:25,PHI,23.0,DAL,29.0,Home,6.0,52.0,1.0,401030854,6,10,3.5,-110.0,-101.0,46.0,166.0,-185.0,1,closed,matrixturf,00-0032950,00-0033077,Carson Wentz,Dak Prescott,DAL00,AT&T Stadium
2018_14_PIT_OAK,2018,REG,14,2018-12-09,Sunday,16:25,PIT,21.0,LV,24.0,Home,3.0,45.0,0.0,401030863,7,7,-10.5,117.0,-133.0,51.0,-449.0,384.0,0,outdoors,grass,00-0022924,00-0031280,Ben Roethlisberger,Derek Carr,OAK00,Oakland-Alameda County Coliseum
2018_14_MIN_SEA,2018,REG,14,2018-12-10,Monday,20:15,MIN,7.0,SEA,21.0,Home,14.0,28.0,0.0,401030867,8,8,3.0,105.0,-117.0,45.5,151.0,-171.0,0,outdoors,fieldturf,00-0029604,00-0029263,Kirk Cousins,Russell Wilson,SEA00,CenturyLink Field
2018_15_LAC_KC,2018,REG,15,2018-12-13,Thursday,20:20,LAC,29.0,KC,28.0,Home,-1.0,57.0,0.0,401030874,4,4,3.5,-100.0,-111.0,54.0,174.0,-194.0,1,outdoors,grass,00-0022942,00-0033873,Philip Rivers,Patrick Mahomes,KAN00,Arrowhead Stadium
2018_15_CLE_DEN,2018,REG,15,2018-12-15,Saturday,20:20,CLE,17.0,DEN,16.0,Home,-1.0,33.0,0.0,401030876,6,6,1.0,106.0,-119.0,47.0,116.0,-128.0,0,outdoors,grass,00-0034855,00-0028986,Baker Mayfield,Case Keenum,DEN00,Sports Authority Field at Mile High
2018_15_HOU_NYJ,2018,REG,15,2018-12-15,Saturday,16:30,HOU,29.0,NYJ,22.0,Home,-7.0,51.0,0.0,401030891,6,6,-7.0,106.0,-119.0,44.0,-286.0,253.0,0,outdoors,fieldturf,00-0033537,00-0034869,Deshaun Watson,Sam Darnold,NYC01,MetLife Stadium
2018_15_ARI_ATL,2018,REG,15,2018-12-16,Sunday,13:00,ARI,14.0,ATL,40.0,Home,26.0,54.0,0.0,401030900,7,7,10.0,-129.0,114.0,43.5,332.0,-382.0,0,closed,fieldturf,00-0034343,00-0026143,Josh Rosen,Matt Ryan,ATL97,Mercedes-Benz Stadium
2018_15_DAL_IND,2018,REG,15,2018-12-16,Sunday,13:00,DAL,0.0,IND,23.0,Home,23.0,23.0,0.0,401030927,7,7,3.0,106.0,-119.0,47.0,155.0,-172.0,0,closed,fieldturf,00-0033077,00-0029668,Dak Prescott,Andrew Luck,IND00,Lucas Oil Stadium
2018_15_DET_BUF,2018,REG,15,2018-12-16,Sunday,13:00,DET,13.0,BUF,14.0,Home,1.0,27.0,0.0,401030896,7,7,2.5,106.0,-119.0,40.0,132.0,-146.0,0,outdoors,a_turf,00-0026498,00-0034857,Matthew Stafford,Josh Allen,BUF00,New Era Field
2018_15_GB_CHI,2018,REG,15,2018-12-16,Sunday,13:00,GB,17.0,CHI,24.0,Home,7.0,41.0,0.0,401030893,7,7,6.0,102.0,-114.0,46.5,221.0,-248.0,1,outdoors,grass,00-0023459,00-0033869,Aaron Rodgers,Mitch Trubisky,CHI98,Soldier Field
2018_15_MIA_MIN,2018,REG,15,2018-12-16,Sunday,13:00,MIA,17.0,MIN,41.0,Home,24.0,58.0,0.0,401030918,7,6,7.5,-107.0,-103.0,45.0,311.0,-356.0,0,dome,sportturf,00-0029701,00-0029604,Ryan Tannehill,Kirk Cousins,MIN01,U.S. Bank Stadium
2018_15_NE_PIT,2018,REG,15,2018-12-16,Sunday,16:25,NE,10.0,PIT,17.0,Home,7.0,27.0,0.0,401030956,7,7,-2.5,-105.0,-105.0,55.0,-129.0,117.0,0,outdoors,grass,00-0019596,00-0022924,Tom Brady,Ben Roethlisberger,PIT00,Heinz Field
2018_15_OAK_CIN,2018,REG,15,2018-12-16,Sunday,13:00,LV,16.0,CIN,30.0,Home,14.0,46.0,0.0,401030909,7,7,3.0,-110.0,-101.0,46.0,140.0,-155.0,0,outdoors,fieldturf,00-0031280,00-0032436,Derek Carr,Jeff Driskel,CIN00,Paul Brown Stadium
2018_15_PHI_LA,2018,REG,15,2018-12-16,Sunday,20:20,PHI,30.0,LA,23.0,Home,-7.0,53.0,0.0,401030961,7,7,13.5,-103.0,-107.0,52.5,590.0,-800.0,0,outdoors,grass,00-0029567,00-0033106,Nick Foles,Jared Goff,LAX99,Los Angeles Memorial Coliseum
2018_15_SEA_SF,2018,REG,15,2018-12-16,Sunday,16:05,SEA,23.0,SF,26.0,Home,3.0,49.0,1.0,401030950,6,7,-3.5,-112.0,101.0,44.0,-207.0,186.0,1,outdoors,grass,00-0029263,00-0033319,Russell Wilson,Nick Mullens,SFO01,Levi's Stadium
2018_15_TB_BAL,2018,REG,15,2018-12-16,Sunday,13:00,TB,12.0,BAL,20.0,Home,8.0,32.0,0.0,401030898,7,7,8.5,-103.0,-107.0,44.5,328.0,-378.0,0,outdoors,grass,00-0031503,00-0034796,Jameis Winston,Lamar Jackson,BAL00,M&T Bank Stadium
2018_15_TEN_NYG,2018,REG,15,2018-12-16,Sunday,13:00,TEN,17.0,NYG,0.0,Home,-17.0,17.0,0.0,401030915,10,7,-2.5,-101.0,-110.0,42.0,-123.0,112.0,0,outdoors,fieldturf,00-0032268,00-0022803,Marcus Mariota,Eli Manning,NYC01,MetLife Stadium
2018_15_WAS_JAX,2018,REG,15,2018-12-16,Sunday,13:00,WAS,16.0,JAX,13.0,Home,-3.0,29.0,0.0,401030924,7,10,7.5,-114.0,102.0,36.0,296.0,-338.0,0,outdoors,grass,00-0026300,00-0033104,Josh Johnson,Cody Kessler,JAX00,TIAA Bank Stadium
2018_15_NO_CAR,2018,REG,15,2018-12-17,Monday,20:15,NO,12.0,CAR,9.0,Home,-3.0,21.0,0.0,401030967,8,8,-6.0,-104.0,-106.0,50.5,-248.0,221.0,1,outdoors,grass,00-0020531,00-0027939,Drew Brees,Cam Newton,CAR00,Bank of America Stadium
2018_16_BAL_LAC,2018,REG,16,2018-12-22,Saturday,20:20,BAL,22.0,LAC,10.0,Home,-12.0,32.0,0.0,401030897,6,9,4.0,-110.0,-101.0,42.5,178.0,-198.0,0,outdoors,grass,00-0034796,00-0022942,Lamar Jackson,Philip Rivers,LAX97,StubHub Center
2018_16_WAS_TEN,2018,REG,16,2018-12-22,Saturday,16:30,WAS,16.0,TEN,25.0,Home,9.0,41.0,0.0,401030868,6,6,12.5,-110.0,-101.0,38.0,481.0,-599.0,0,outdoors,grass,00-0026300,00-0032268,Josh Johnson,Marcus Mariota,NAS00,Nissan Stadium
2018_16_ATL_CAR,2018,REG,16,2018-12-23,Sunday,13:00,ATL,24.0,CAR,10.0,Home,-14.0,34.0,0.0,401030895,7,6,-2.5,-119.0,106.0,46.5,-147.0,133.0,1,outdoors,grass,00-0026143,00-0031800,Matt Ryan,Taylor Heinicke,CAR00,Bank of America Stadium
2018_16_BUF_NE,2018,REG,16,2018-12-23,Sunday,13:00,BUF,12.0,NE,24.0,Home,12.0,36.0,0.0,401030892,7,7,14.0,-114.0,102.0,46.0,560.0,-750.0,1,outdoors,fieldturf,00-0034857,00-0019596,Josh Allen,Tom Brady,BOS00,Gillette Stadium
2018_16_CHI_SF,2018,REG,16,2018-12-23,Sunday,16:05,CHI,14.0,SF,9.0,Home,-5.0,23.0,0.0,401030901,7,7,-3.5,-103.0,-108.0,44.0,-190.0,171.0,0,outdoors,grass,00-0033869,00-0033319,Mitch Trubisky,Nick Mullens,SFO01,Levi's Stadium
2018_16_CIN_CLE,2018,REG,16,2018-12-23,Sunday,13:00,CIN,18.0,CLE,26.0,Home,8.0,44.0,0.0,401030872,7,8,10.0,-113.0,102.0,44.0,334.0,-385.0,1,outdoors,grass,00-0032436,00-0034855,Jeff Driskel,Baker Mayfield,CLE00,FirstEnergy Stadium
2018_16_GB_NYJ,2018,REG,16,2018-12-23,Sunday,13:00,GB,44.0,NYJ,38.0,Home,-6.0,82.0,1.0,401030870,7,8,-3.0,106.0,-119.0,47.5,-141.0,128.0,0,outdoors,fieldturf,00-0023459,00-0034869,Aaron Rodgers,Sam Darnold,NYC01,MetLife Stadium
2018_16_HOU_PHI,2018,REG,16,2018-12-23,Sunday,13:00,HOU,30.0,PHI,32.0,Home,2.0,62.0,0.0,401030864,8,7,1.0,102.0,-114.0,47.0,111.0,-123.0,0,outdoors,grass,00-0033537,00-0029567,Deshaun Watson,Nick Foles,PHI00,Lincoln Financial Field
2018_16_JAX_MIA,2018,REG,16,2018-12-23,Sunday,13:00,JAX,17.0,MIA,7.0,Home,-10.0,24.0,0.0,401030866,7,7,3.0,-105.0,-105.0,39.5,139.0,-153.0,0,outdoors,grass,00-0033104,00-0029701,Cody Kessler,Ryan Tannehill,MIA00,Hard Rock Stadium
2018_16_KC_SEA,2018,REG,16,2018-12-23,Sunday,20:20,KC,31.0,SEA,38.0,Home,7.0,69.0,0.0,401030917,10,7,-1.0,-110.0,-101.0,54.0,-117.0,105.0,0,outdoors,fieldturf,00-0033873,00-0029263,Patrick Mahomes,Russell Wilson,SEA00,CenturyLink Field
2018_16_LA_ARI,2018,REG,16,2018-12-23,Sunday,16:05,LA,31.0,ARI,9.0,Home,-22.0,40.0,0.0,401030907,7,7,-14.5,115.0,-130.0,43.0,-679.0,516.0,1,closed,grass,00-0033106,00-0034343,Jared Goff,Josh Rosen,PHO00,State Farm Stadium
2018_16_MIN_DET,2018,REG,16,2018-12-23,Sunday,13:00,MIN,27.0,DET,9.0,Home,-18.0,36.0,0.0,401030877,7,7,-6.5,102.0,-114.0,41.5,-266.0,236.0,1,dome,fieldturf,00-0029604,00-0026498,Kirk Cousins,Matthew Stafford,DET00,Ford Field
2018_16_NYG_IND,2018,REG,16,2018-12-23,Sunday,13:00,NYG,27.0,IND,28.0,Home,1.0,55.0,0.0,401030861,7,7,10.0,-115.0,103.0,48.5,346.0,-400.0,0,closed,fieldturf,00-0022803,00-0029668,Eli Manning,Andrew Luck,IND00,Lucas Oil Stadium
2018_16_PIT_NO,2018,REG,16,2018-12-23,Sunday,16:25,PIT,28.0,NO,31.0,Home,3.0,59.0,0.0,401030913,7,6,6.5,-103.0,-108.0,53.0,238.0,-269.0,0,dome,sportturf,00-0022924,00-0020531,Ben Roethlisberger,Drew Brees,NOR00,Mercedes-Benz Superdome
2018_16_TB_DAL,2018,REG,16,2018-12-23,Sunday,13:00,TB,20.0,DAL,27.0,Home,7.0,47.0,0.0,401030875,7,7,7.0,-110.0,-101.0,48.0,277.0,-315.0,0,closed,matrixturf,00-0031503,00-0033077,Jameis Winston,Dak Prescott,DAL00,AT&T Stadium
2018_16_DEN_OAK,2018,REG,16,2018-12-24,Monday,20:15,DEN,14.0,LV,27.0,Home,13.0,41.0,0.0,401030926,9,8,-2.5,-105.0,-105.0,42.5,-130.0,118.0,1,outdoors,grass,00-0028986,00-0031280,Case Keenum,Derek Carr,OAK00,Oakland-Alameda County Coliseum
2018_17_ARI_SEA,2018,REG,17,2018-12-30,Sunday,16:25,ARI,24.0,SEA,27.0,Home,3.0,51.0,0.0,401030856,7,7,15.5,101.0,-112.0,39.5,603.0,-822.0,1,outdoors,fieldturf,00-0034343,00-0029263,Josh Rosen,Russell Wilson,SEA00,CenturyLink Field
2018_17_ATL_TB,2018,REG,17,2018-12-30,Sunday,13:00,ATL,34.0,TB,32.0,Home,-2.0,66.0,0.0,401030820,7,7,-2.5,-108.0,-103.0,52.0,-142.0,129.0,1,outdoors,grass,00-0026143,00-0031503,Matt Ryan,Jameis Winston,TAM00,Raymond James Stadium
2018_17_CAR_NO,2018,REG,17,2018-12-30,Sunday,13:00,CAR,33.0,NO,14.0,Home,-19.0,47.0,0.0,401030768,7,7,8.0,-115.0,103.0,42.0,276.0,-314.0,1,dome,sportturf,00-0034577,00-0031237,Kyle Allen,Teddy Bridgewater,NOR00,Mercedes-Benz Superdome
2018_17_CHI_MIN,2018,REG,17,2018-12-30,Sunday,16:25,CHI,24.0,MIN,10.0,Home,-14.0,34.0,0.0,401030763,7,7,6.0,-119.0,106.0,39.5,205.0,-230.0,1,dome,sportturf,00-0033869,00-0029604,Mitch Trubisky,Kirk Cousins,MIN01,U.S. Bank Stadium
2018_17_CIN_PIT,2018,REG,17,2018-12-30,Sunday,16:25,CIN,13.0,PIT,16.0,Home,3.0,29.0,0.0,401030818,7,7,14.0,-114.0,102.0,45.5,512.0,-672.0,1,outdoors,grass,00-0032436,00-0022924,Jeff Driskel,Ben Roethlisberger,PIT00,Heinz Field
2018_17_CLE_BAL,2018,REG,17,2018-12-30,Sunday,16:25,CLE,24.0,BAL,26.0,Home,2.0,50.0,0.0,401030719,7,8,7.0,-103.0,-108.0,41.0,285.0,-325.0,1,outdoors,grass,00-0034855,00-0034796,Baker Mayfield,Lamar Jackson,BAL00,M&T Bank Stadium
2018_17_DAL_NYG,2018,REG,17,2018-12-30,Sunday,13:00,DAL,36.0,NYG,35.0,Home,-1.0,71.0,0.0,401030812,7,7,7.5,102.0,-114.0,38.5,295.0,-338.0,1,outdoors,fieldturf,00-0033077,00-0022803,Dak Prescott,Eli Manning,NYC01,MetLife Stadium
2018_17_DET_GB,2018,REG,17,2018-12-30,Sunday,13:00,DET,31.0,GB,0.0,Home,-31.0,31.0,0.0,401030757,7,7,7.5,-103.0,-108.0,44.5,284.0,-324.0,1,outdoors,grass,00-0026498,00-0033899,Matthew Stafford,DeShone Kizer,GNB00,Lambeau Field
2018_17_IND_TEN,2018,REG,17,2018-12-30,Sunday,20:20,IND,33.0,TEN,17.0,Home,-16.0,50.0,0.0,401030755,7,8,-5.0,102.0,-114.0,42.5,-212.0,190.0,1,outdoors,grass,00-0029668,00-0027948,Andrew Luck,Blaine Gabbert,NAS00,Nissan Stadium
2018_17_JAX_HOU,2018,REG,17,2018-12-30,Sunday,13:00,JAX,3.0,HOU,20.0,Home,17.0,23.0,0.0,401030759,7,7,7.0,-107.0,-103.0,39.5,274.0,-311.0,1,closed,astroturf,00-0031407,00-0033537,Blake Bortles,Deshaun Watson,HOU00,NRG Stadium
2018_17_LAC_DEN,2018,REG,17,2018-12-30,Sunday,16:25,LAC,23.0,DEN,9.0,Home,-14.0,32.0,0.0,401030824,8,6,-7.0,106.0,-119.0,43.5,-270.0,239.0,1,outdoors,grass,00-0022942,00-0028986,Philip Rivers,Case Keenum,DEN00,Sports Authority Field at Mile High
2018_17_MIA_BUF,2018,REG,17,2018-12-30,Sunday,13:00,MIA,17.0,BUF,42.0,Home,25.0,59.0,0.0,401030722,7,7,5.5,-102.0,-109.0,39.5,222.0,-250.0,1,outdoors,a_turf,00-0029701,00-0034857,Ryan Tannehill,Josh Allen,BUF00,New Era Field
2018_17_NYJ_NE,2018,REG,17,2018-12-30,Sunday,13:00,NYJ,3.0,NE,38.0,Home,35.0,41.0,0.0,401030765,7,7,14.0,-101.0,-110.0,47.0,618.0,-848.0,1,outdoors,fieldturf,00-0034869,00-0019596,Sam Darnold,Tom Brady,BOS00,Gillette Stadium
2018_17_OAK_KC,2018,REG,17,2018-12-30,Sunday,16:25,LV,3.0,KC,35.0,Home,32.0,38.0,0.0,401030760,6,7,14.5,-115.0,103.0,54.0,586.0,-794.0,1,outdoors,grass,00-0031280,00-0033873,Derek Carr,Patrick Mahomes,KAN00,Arrowhead Stadium
2018_17_PHI_WAS,2018,REG,17,2018-12-30,Sunday,16:25,PHI,24.0,WAS,0.0,Home,-24.0,24.0,0.0,401030727,7,8,-6.0,-101.0,-110.0,43.0,-245.0,218.0,1,outdoors,grass,00-0029567,00-0026300,Nick Foles,Josh Johnson,WAS00,FedExField
2018_17_SF_LA,2018,REG,17,2018-12-30,Sunday,16:25,SF,32.0,LA,48.0,Home,16.0,80.0,0.0,401030850,7,7,10.5,-101.0,-110.0,50.5,385.0,-450.0,1,outdoors,grass,00-0033319,00-0033106,Nick Mullens,Jared Goff,LAX99,Los Angeles Memorial Coliseum
2018_18_IND_HOU,2018,WC,18,2019-01-05,Saturday,16:35,IND,21.0,HOU,7.0,Home,-14.0,28.0,0.0,401038952,6,6,2.0,-113.0,102.0,48.5,112.0,-124.0,1,closed,astroturf,00-0029668,00-0033537,Andrew Luck,Deshaun Watson,HOU00,NRG Stadium
2018_18_SEA_DAL,2018,WC,18,2019-01-05,Saturday,20:15,SEA,22.0,DAL,24.0,Home,2.0,46.0,0.0,401038953,6,6,2.5,104.0,-116.0,43.0,135.0,-149.0,0,closed,matrixturf,00-0029263,00-0033077,Russell Wilson,Dak Prescott,DAL00,AT&T Stadium
2018_18_LAC_BAL,2018,WC,18,2019-01-06,Sunday,13:05,LAC,23.0,BAL,17.0,Home,-6.0,40.0,0.0,401038955,7,7,3.0,-109.0,-102.0,43.0,140.0,-155.0,0,outdoors,grass,00-0022942,00-0034796,Philip Rivers,Lamar Jackson,BAL00,M&T Bank Stadium
2018_18_PHI_CHI,2018,WC,18,2019-01-06,Sunday,16:40,PHI,16.0,CHI,15.0,Home,-1.0,31.0,0.0,401038954,7,7,6.5,-103.0,-108.0,42.5,235.0,-265.0,0,outdoors,grass,00-0029567,00-0033869,Nick Foles,Mitch Trubisky,CHI98,Soldier Field
2018_19_DAL_LA,2018,DIV,19,2019-01-12,Saturday,20:15,DAL,22.0,LA,30.0,Home,8.0,52.0,0.0,401038956,7,13,7.5,-109.0,-102.0,48.0,296.0,-338.0,0,outdoors,grass,00-0033077,00-0033106,Dak Prescott,Jared Goff,LAX99,Los Angeles Memorial Coliseum
2018_19_IND_KC,2018,DIV,19,2019-01-12,Saturday,16:35,IND,13.0,KC,31.0,Home,18.0,44.0,0.0,401038957,7,13,4.0,-101.0,-110.0,54.5,182.0,-203.0,0,outdoors,grass,00-0029668,00-0033873,Andrew Luck,Patrick Mahomes,KAN00,Arrowhead Stadium
2018_19_LAC_NE,2018,DIV,19,2019-01-13,Sunday,13:05,LAC,28.0,NE,41.0,Home,13.0,69.0,0.0,401038959,7,14,4.0,-114.0,102.0,47.5,170.0,-189.0,0,outdoors,fieldturf,00-0022942,00-0019596,Philip Rivers,Tom Brady,BOS00,Gillette Stadium
2018_19_PHI_NO,2018,DIV,19,2019-01-13,Sunday,16:40,PHI,14.0,NO,20.0,Home,6.0,34.0,0.0,401038958,7,14,8.5,-101.0,-110.0,52.0,324.0,-373.0,0,dome,sportturf,00-0029567,00-0020531,Nick Foles,Drew Brees,NOR00,Mercedes-Benz Superdome
2018_20_LA_NO,2018,CON,20,2019-01-20,Sunday,15:05,LA,26.0,NO,23.0,Home,-3.0,49.0,1.0,401038118,8,7,3.0,-108.0,-103.0,55.0,142.0,-157.0,0,dome,sportturf,00-0033106,00-0020531,Jared Goff,Drew Brees,NOR00,Mercedes-Benz Superdome
2018_20_NE_KC,2018,CON,20,2019-01-20,Sunday,18:40,NE,37.0,KC,31.0,Home,-6.0,68.0,1.0,401038850,7,8,3.0,111.0,-125.0,56.5,156.0,-173.0,0,outdoors,grass,00-0019596,00-0033873,Tom Brady,Patrick Mahomes,KAN00,Arrowhead Stadium
2018_21_NE_LA,2018,SB,21,2019-02-03,Sunday,18:30,NE,13.0,LA,3.0,Neutral,-10.0,16.0,0.0,401038115,14,14,-2.0,-103.0,-108.0,55.5,-123.0,111.0,0,closed,fieldturf,00-0019596,00-0033106,Tom Brady,Jared Goff,ATL97,Mercedes-Benz Stadium
2019_01_GB_CHI,2019,REG,1,2019-09-05,Thursday,20:20,GB,10.0,CHI,3.0,Home,-7.0,13.0,0.0,401127913,7,7,3.5,-113.0,103.0,47.0,160.0,-178.0,1,outdoors,grass,00-0023459,00-0033869,Aaron Rodgers,Mitch Trubisky,CHI98,Soldier Field
2019_01_ATL_MIN,2019,REG,1,2019-09-08,Sunday,13:00,ATL,12.0,MIN,28.0,Home,16.0,40.0,0.0,401127961,7,7,3.5,-115.0,104.0,47.0,159.0,-176.0,0,dome,sportturf,00-0026143,00-0029604,Matt Ryan,Kirk Cousins,MIN01,U.S. Bank Stadium
2019_01_BAL_MIA,2019,REG,1,2019-09-08,Sunday,13:00,BAL,59.0,MIA,10.0,Home,-49.0,69.0,0.0,401127954,7,7,-7.0,102.0,-112.0,41.0,-298.0,263.0,0,outdoors,grass,00-0034796,00-0023682,Lamar Jackson,Ryan Fitzpatrick,MIA00,Hard Rock Stadium
2019_01_BUF_NYJ,2019,REG,1,2019-09-08,Sunday,13:00,BUF,17.0,NYJ,16.0,Home,-1.0,33.0,0.0,401127963,7,7,2.5,-101.0,-110.0,41.0,135.0,-149.0,1,outdoors,fieldturf,00-0034857,00-0034869,Josh Allen,Sam Darnold,NYC01,MetLife Stadium
2019_01_CIN_SEA,2019,REG,1,2019-09-08,Sunday,16:05,CIN,20.0,SEA,21.0,Home,1.0,41.0,0.0,401127995,7,7,9.5,-115.0,104.0,44.0,344.0,-398.0,0,outdoors,fieldturf,00-0027973,00-0029263,Andy Dalton,Russell Wilson,SEA00,CenturyLink Field
2019_01_DET_ARI,2019,REG,1,2019-09-08,Sunday,16:25,DET,27.0,ARI,27.0,Home,0.0,54.0,1.0,401127999,7,7,-2.5,-121.0,108.0,45.5,-147.0,133.0,0,closed,grass,00-0026498,00-0035228,Matthew Stafford,Kyler Murray,PHO00,State Farm Stadium
2019_01_IND_LAC,2019,REG,1,2019-09-08,Sunday,16:05,IND,24.0,LAC,30.0,Home,6.0,54.0,1.0,401127972,7,7,6.0,-107.0,-103.0,44.5,235.0,-265.0,0,outdoors,grass,00-0033119,00-0022942,Jacoby Brissett,Philip Rivers,LAX97,StubHub Center
2019_01_KC_JAX,2019,REG,1,2019-09-08,Sunday,13:00,KC,40.0,JAX,26.0,Home,-14.0,66.0,0.0,401127931,7,7,-3.5,-101.0,-110.0,49.0,-181.0,163.0,0,outdoors,grass,00-0033873,00-0029567,Patrick Mahomes,Nick Foles,JAX00,TIAA Bank Stadium
2019_01_LA_CAR,2019,REG,1,2019-09-08,Sunday,13:00,LA,30.0,CAR,27.0,Home,-3.0,57.0,0.0,401127923,7,7,-1.5,-106.0,-104.0,49.5,-122.0,111.0,0,outdoors,grass,00-0033106,00-0027939,Jared Goff,Cam Newton,CAR00,Bank of America Stadium
2019_01_NYG_DAL,2019,REG,1,2019-09-08,Sunday,16:25,NYG,17.0,DAL,35.0,Home,18.0,52.0,0.0,401128007,7,7,7.0,-111.0,100.0,44.0,271.0,-308.0,1,closed,fieldturf,00-0022803,00-0033077,Eli Manning,Dak Prescott,DAL00,AT&T Stadium
2019_01_PIT_NE,2019,REG,1,2019-09-08,Sunday,20:20,PIT,3.0,NE,33.0,Home,30.0,36.0,0.0,401127860,7,7,5.5,-111.0,101.0,49.0,203.0,-228.0,0,outdoors,grass,00-0022924,00-0019596,Ben Roethlisberger,Tom Brady,BOS00,Gillette Stadium
2019_01_SF_TB,2019,REG,1,2019-09-08,Sunday,16:25,SF,31.0,TB,17.0,Home,-14.0,48.0,0.0,401128010,7,7,1.0,-106.0,-104.0,51.0,-102.0,-108.0,0,outdoors,grass,00-0031345,00-0031503,Jimmy Garoppolo,Jameis Winston,TAM00,Raymond James Stadium
2019_01_TEN_CLE,2019,REG,1,2019-09-08,Sunday,13:00,TEN,43.0,CLE,13.0,Home,-30.0,56.0,0.0,401127928,7,7,5.5,-113.0,103.0,44.0,206.0,-230.0,0,outdoors,grass,00-0032268,00-0034855,Marcus Mariota,Baker Mayfield,CLE00,FirstEnergy Stadium
2019_01_WAS_PHI,2019,REG,1,2019-09-08,Sunday,13:00,WAS,27.0,PHI,32.0,Home,5.0,59.0,0.0,401127968,7,7,10.5,-114.0,103.0,44.0,395.0,-463.0,1,outdoors,grass,00-0028986,00-0032950,Case Keenum,Carson Wentz,PHI00,Lincoln Financial Field
2019_01_DEN_OAK,2019,REG,1,2019-09-09,Monday,22:20,DEN,16.0,LV,24.0,Home,8.0,40.0,0.0,401128025,7,7,-3.0,108.0,-121.0,42.5,-149.0,135.0,1,outdoors,grass,00-0026158,00-0031280,Joe Flacco,Derek Carr,OAK00,Ring Central Coliseum
2019_01_HOU_NO,2019,REG,1,2019-09-09,Monday,19:10,HOU,28.0,NO,30.0,Home,2.0,58.0,0.0,401128021,7,7,6.5,103.0,-113.0,52.0,273.0,-310.0,0,dome,astroturf,00-0033537,00-0020531,Deshaun Watson,Drew Brees,NOR00,Mercedes-Benz Superdome
2019_02_TB_CAR,2019,REG,2,2019-09-12,Thursday,20:20,TB,20.0,CAR,14.0,Home,-6.0,34.0,0.0,401128054,4,4,6.5,-110.0,-100.0,48.0,240.0,-277.0,1,outdoors,grass,00-0031503,00-0027939,Jameis Winston,Cam Newton,CAR00,Bank of America Stadium
2019_02_ARI_BAL,2019,REG,2,2019-09-15,Sunday,13:00,ARI,17.0,BAL,23.0,Home,6.0,40.0,0.0,401128061,7,7,13.0,-110.0,-100.0,46.0,513.0,-665.0,0,outdoors,grass,00-0035228,00-0034796,Kyler Murray,Lamar Jackson,BAL00,M&T Bank Stadium
2019_02_BUF_NYG,2019,REG,2,2019-09-15,Sunday,13:00,BUF,28.0,NYG,14.0,Home,-14.0,42.0,0.0,401128106,7,7,-1.0,-108.0,-103.0,44.5,-113.0,102.0,0,outdoors,fieldturf,00-0034857,00-0022803,Josh Allen,Eli Manning,NYC01,MetLife Stadium
2019_02_CHI_DEN,2019,REG,2,2019-09-15,Sunday,16:25,CHI,16.0,DEN,14.0,Home,-2.0,30.0,0.0,401128120,10,6,-3.0,103.0,-114.0,41.0,-147.0,132.0,0,outdoors,grass,00-0033869,00-0026158,Mitch Trubisky,Joe Flacco,DEN00,Empower Field at Mile High
2019_02_DAL_WAS,2019,REG,2,2019-09-15,Sunday,13:00,DAL,31.0,WAS,21.0,Home,-10.0,52.0,0.0,401128115,7,7,-6.0,-115.0,104.0,46.5,-268.0,233.0,1,outdoors,grass,00-0033077,00-0028986,Dak Prescott,Case Keenum,WAS00,FedExField
2019_02_IND_TEN,2019,REG,2,2019-09-15,Sunday,13:00,IND,19.0,TEN,17.0,Home,-2.0,36.0,0.0,401128114,7,7,3.0,108.0,-120.0,43.5,160.0,-178.0,1,outdoors,grass,00-0033119,00-0032268,Jacoby Brissett,Marcus Mariota,NAS00,Nissan Stadium
2019_02_JAX_HOU,2019,REG,2,2019-09-15,Sunday,13:00,JAX,12.0,HOU,13.0,Home,1.0,25.0,0.0,401128101,7,6,7.5,-122.0,111.0,43.0,286.0,-336.0,1,closed,grass,00-0035289,00-0033537,Gardner Minshew,Deshaun Watson,HOU00,NRG Stadium
2019_02_KC_OAK,2019,REG,2,2019-09-15,Sunday,16:05,KC,28.0,LV,10.0,Home,-18.0,38.0,0.0,401128118,7,6,-7.0,108.0,-119.0,53.5,-293.0,252.0,1,outdoors,grass,00-0033873,00-0031280,Patrick Mahomes,Derek Carr,OAK00,Ring Central Coliseum
2019_02_LAC_DET,2019,REG,2,2019-09-15,Sunday,13:00,LAC,10.0,DET,13.0,Home,3.0,23.0,0.0,401128072,7,7,-1.0,102.0,-113.0,47.0,-107.0,-103.0,0,dome,fieldturf,00-0022942,00-0026498,Philip Rivers,Matthew Stafford,DET00,Ford Field
2019_02_MIN_GB,2019,REG,2,2019-09-15,Sunday,13:00,MIN,16.0,GB,21.0,Home,5.0,37.0,0.0,401128098,7,10,3.0,-102.0,-108.0,43.0,148.0,-165.0,1,outdoors,grass,00-0029604,00-0023459,Kirk Cousins,Aaron Rodgers,GNB00,Lambeau Field
2019_02_NE_MIA,2019,REG,2,2019-09-15,Sunday,13:00,NE,43.0,MIA,0.0,Home,-43.0,43.0,0.0,401127862,7,7,-18.0,-101.0,-109.0,48.5,-1300.0,880.0,1,outdoors,grass,00-0019596,00-0023682,Tom Brady,Ryan Fitzpatrick,MIA00,Hard Rock Stadium
2019_02_NO_LA,2019,REG,2,2019-09-15,Sunday,16:25,NO,9.0,LA,27.0,Home,18.0,36.0,0.0,401128122,6,7,2.0,-114.0,103.0,52.5,107.0,-118.0,0,outdoors,grass,00-0020531,00-0033106,Drew Brees,Jared Goff,LAX99,Los Angeles Memorial Coliseum
2019_02_PHI_ATL,2019,REG,2,2019-09-15,Sunday,20:20,PHI,20.0,ATL,24.0,Home,4.0,44.0,0.0,401128124,7,7,-1.0,102.0,-112.0,53.0,-105.0,-105.0,0,open,fieldturf,00-0032950,00-0026143,Carson Wentz,Matt Ryan,ATL97,Mercedes-Benz Stadium
2019_02_SEA_PIT,2019,REG,2,2019-09-15,Sunday,13:00,SEA,28.0,PIT,26.0,Home,-2.0,54.0,0.0,401128110,7,7,4.0,-109.0,-101.0,47.0,175.0,-197.0,0,outdoors,grass,00-0029263,00-0022924,Russell Wilson,Ben Roethlisberger,PIT00,Heinz Field
2019_02_SF_CIN,2019,REG,2,2019-09-15,Sunday,13:00,SF,41.0,CIN,17.0,Home,-24.0,58.0,0.0,401128066,7,7,1.0,-111.0,100.0,46.0,-103.0,-107.0,0,outdoors,grass,00-0031345,00-0027973,Jimmy Garoppolo,Andy Dalton,CIN00,Paul Brown Stadium
2019_02_CLE_NYJ,2019,REG,2,2019-09-16,Monday,20:15,CLE,23.0,NYJ,3.0,Home,-20.0,26.0,0.0,401128127,8,8,-6.5,-105.0,-105.0,45.5,-278.0,241.0,0,outdoors,fieldturf,00-0034855,00-0032156,Baker Mayfield,Trevor Siemian,NYC01,MetLife Stadium
2019_03_TEN_JAX,2019,REG,3,2019-09-19,Thursday,20:20,TEN,7.0,JAX,20.0,Home,13.0,27.0,0.0,401127859,4,4,-1.5,-109.0,-101.0,38.0,-125.0,113.0,1,outdoors,grass,00-0032268,00-0035289,Marcus Mariota,Gardner Minshew,JAX00,TIAA Bank Stadium
2019_03_ATL_IND,2019,REG,3,2019-09-22,Sunday,13:00,ATL,24.0,IND,27.0,Home,3.0,51.0,0.0,401127929,7,7,1.0,100.0,-111.0,48.0,105.0,-116.0,0,closed,fieldturf,00-0026143,00-0033119,Matt Ryan,Jacoby Brissett,IND00,Lucas Oil Stadium
2019_03_BAL_KC,2019,REG,3,2019-09-22,Sunday,13:00,BAL,28.0,KC,33.0,Home,5.0,61.0,0.0,401127953,7,7,4.5,-108.0,-102.0,52.0,191.0,-216.0,0,outdoors,astroturf,00-0034796,00-0033873,Lamar Jackson,Patrick Mahomes,KAN00,Arrowhead Stadium
2019_03_CAR_ARI,2019,REG,3,2019-09-22,Sunday,16:05,CAR,38.0,ARI,20.0,Home,-18.0,58.0,0.0,401127962,10,7,2.5,-114.0,103.0,46.0,118.0,-131.0,0,closed,grass,00-0034577,00-0035228,Kyle Allen,Kyler Murray,PHO00,State Farm Stadium
2019_03_CIN_BUF,2019,REG,3,2019-09-22,Sunday,13:00,CIN,17.0,BUF,21.0,Home,4.0,38.0,0.0,401127915,7,7,5.5,-104.0,-106.0,43.5,220.0,-252.0,0,outdoors,astroturf,00-0027973,00-0034857,Andy Dalton,Josh Allen,BUF00,New Era Field
2019_03_DEN_GB,2019,REG,3,2019-09-22,Sunday,13:00,DEN,16.0,GB,27.0,Home,11.0,43.0,0.0,401127925,7,7,7.0,-108.0,-102.0,42.0,278.0,-327.0,0,outdoors,grass,00-0026158,00-0023459,Joe Flacco,Aaron Rodgers,GNB00,Lambeau Field
2019_03_DET_PHI,2019,REG,3,2019-09-22,Sunday,13:00,DET,27.0,PHI,24.0,Home,-3.0,51.0,0.0,401127959,7,7,4.0,-104.0,-106.0,45.0,188.0,-212.0,0,outdoors,grass,00-0026498,00-0032950,Matthew Stafford,Carson Wentz,PHI00,Lincoln Financial Field
2019_03_HOU_LAC,2019,REG,3,2019-09-22,Sunday,16:25,HOU,27.0,LAC,20.0,Home,-7.0,47.0,0.0,401127970,7,7,3.0,104.0,-115.0,49.0,151.0,-168.0,0,outdoors,grass,00-0033537,00-0022942,Deshaun Watson,Philip Rivers,LAX97,StubHub Center
2019_03_LA_CLE,2019,REG,3,2019-09-22,Sunday,20:20,LA,20.0,CLE,13.0,Home,-7.0,33.0,0.0,401128125,7,6,-4.0,-111.0,101.0,48.0,-215.0,190.0,0,outdoors,grass,00-0033106,00-0034855,Jared Goff,Baker Mayfield,CLE00,FirstEnergy Stadium
2019_03_MIA_DAL,2019,REG,3,2019-09-22,Sunday,13:00,MIA,6.0,DAL,31.0,Home,25.0,37.0,0.0,401127921,7,7,22.0,102.0,-112.0,46.5,1454.0,-2540.0,0,closed,fieldturf,00-0034343,00-0033077,Josh Rosen,Dak Prescott,DAL00,AT&T Stadium
2019_03_NO_SEA,2019,REG,3,2019-09-22,Sunday,16:25,NO,33.0,SEA,27.0,Home,-6.0,60.0,0.0,401127993,7,7,5.0,-106.0,-105.0,44.0,199.0,-225.0,0,outdoors,fieldturf,00-0031237,00-0029263,Teddy Bridgewater,Russell Wilson,SEA00,CenturyLink Field
2019_03_NYG_TB,2019,REG,3,2019-09-22,Sunday,16:05,NYG,32.0,TB,31.0,Home,-1.0,63.0,0.0,401127966,7,10,5.0,-103.0,-107.0,48.0,202.0,-230.0,0,outdoors,grass,00-0035710,00-0031503,Daniel Jones,Jameis Winston,TAM00,Raymond James Stadium
2019_03_NYJ_NE,2019,REG,3,2019-09-22,Sunday,13:00,NYJ,14.0,NE,30.0,Home,16.0,44.0,0.0,401127861,6,7,20.5,-109.0,-101.0,43.0,1203.0,-1962.0,1,outdoors,grass,00-0034412,00-0019596,Luke Falk,Tom Brady,BOS00,Gillette Stadium
2019_03_OAK_MIN,2019,REG,3,2019-09-22,Sunday,13:00,LV,14.0,MIN,34.0,Home,20.0,48.0,0.0,401127956,7,7,8.5,-105.0,-105.0,43.0,337.0,-405.0,0,dome,sportturf,00-0031280,00-0029604,Derek Carr,Kirk Cousins,MIN01,U.S. Bank Stadium
2019_03_PIT_SF,2019,REG,3,2019-09-22,Sunday,16:25,PIT,20.0,SF,24.0,Home,4.0,44.0,0.0,401127998,7,7,6.0,-104.0,-107.0,44.5,239.0,-276.0,0,outdoors,grass,00-0034771,00-0031345,Mason Rudolph,Jimmy Garoppolo,SFO01,Levi's Stadium
2019_03_CHI_WAS,2019,REG,3,2019-09-23,Monday,20:15,CHI,31.0,WAS,15.0,Home,-16.0,46.0,0.0,401128003,8,8,-5.0,-103.0,-107.0,41.0,-232.0,204.0,0,outdoors,grass,00-0033869,00-0028986,Mitch Trubisky,Case Keenum,WAS00,FedExField
2019_04_PHI_GB,2019,REG,4,2019-09-26,Thursday,20:20,PHI,34.0,GB,27.0,Home,-7.0,61.0,0.0,401127863,4,4,3.5,-110.0,-100.0,46.0,169.0,-190.0,0,outdoors,grass,00-0032950,00-0023459,Carson Wentz,Aaron Rodgers,GNB00,Lambeau Field
2019_04_CAR_HOU,2019,REG,4,2019-09-29,Sunday,13:00,CAR,16.0,HOU,10.0,Home,-6.0,26.0,0.0,401128026,7,7,5.5,-100.0,-110.0,47.5,224.0,-257.0,0,closed,grass,00-0034577,00-0033537,Kyle Allen,Deshaun Watson,HOU00,NRG Stadium
2019_04_CLE_BAL,2019,REG,4,2019-09-29,Sunday,13:00,CLE,40.0,BAL,25.0,Home,-15.0,65.0,0.0,401128018,7,7,7.5,-117.0,106.0,47.0,279.0,-327.0,1,outdoors,grass,00-0034855,00-0034796,Baker Mayfield,Lamar Jackson,BAL00,M&T Bank Stadium
2019_04_DAL_NO,2019,REG,4,2019-09-29,Sunday,20:20,DAL,10.0,NO,12.0,Home,2.0,22.0,0.0,401128102,7,7,-2.5,-105.0,-105.0,47.0,-140.0,127.0,0,dome,astroturf,00-0033077,00-0031237,Dak Prescott,Teddy Bridgewater,NOR00,Mercedes-Benz Superdome
2019_04_JAX_DEN,2019,REG,4,2019-09-29,Sunday,16:25,JAX,26.0,DEN,24.0,Home,-2.0,50.0,0.0,401128097,10,7,2.5,-102.0,-109.0,37.0,124.0,-137.0,0,outdoors,grass,00-0035289,00-0026158,Gardner Minshew,Joe Flacco,DEN00,Empower Field at Mile High
2019_04_KC_DET,2019,REG,4,2019-09-29,Sunday,13:00,KC,34.0,DET,30.0,Home,-4.0,64.0,0.0,401128023,7,7,-7.5,105.0,-116.0,54.5,-364.0,307.0,0,dome,fieldturf,00-0033873,00-0026498,Patrick Mahomes,Matthew Stafford,DET00,Ford Field
2019_04_LAC_MIA,2019,REG,4,2019-09-29,Sunday,13:00,LAC,30.0,MIA,10.0,Home,-20.0,40.0,0.0,401128055,7,7,-15.0,-103.0,-107.0,43.5,-806.0,602.0,0,outdoors,grass,00-0022942,00-0034343,Philip Rivers,Josh Rosen,MIA00,Hard Rock Stadium
2019_04_MIN_CHI,2019,REG,4,2019-09-29,Sunday,16:25,MIN,6.0,CHI,16.0,Home,10.0,22.0,0.0,401128093,7,6,-1.0,-101.0,-109.0,38.0,-108.0,-102.0,1,outdoors,grass,00-0029604,00-0033869,Kirk Cousins,Mitch Trubisky,CHI98,Soldier Field
2019_04_NE_BUF,2019,REG,4,2019-09-29,Sunday,13:00,NE,16.0,BUF,10.0,Home,-6.0,26.0,0.0,401127866,7,7,-7.0,-102.0,-108.0,41.5,-321.0,274.0,1,outdoors,astroturf,00-0019596,00-0034857,Tom Brady,Josh Allen,BUF00,New Era Field
2019_04_OAK_IND,2019,REG,4,2019-09-29,Sunday,13:00,LV,31.0,IND,24.0,Home,-7.0,55.0,0.0,401128030,7,7,5.5,-106.0,-104.0,46.0,212.0,-242.0,0,closed,fieldturf,00-0031280,00-0033119,Derek Carr,Jacoby Brissett,IND00,Lucas Oil Stadium
2019_04_SEA_ARI,2019,REG,4,2019-09-29,Sunday,16:05,SEA,27.0,ARI,10.0,Home,-17.0,37.0,0.0,401128064,7,7,-5.5,-107.0,-103.0,49.0,-238.0,209.0,1,closed,grass,00-0029263,00-0035228,Russell Wilson,Kyler Murray,PHO00,State Farm Stadium
2019_04_TB_LA,2019,REG,4,2019-09-29,Sunday,16:05,TB,55.0,LA,40.0,Home,-15.0,95.0,0.0,401128069,7,7,9.0,-104.0,-106.0,48.5,385.0,-473.0,0,outdoors,grass,00-0031503,00-0033106,Jameis Winston,Jared Goff,LAX99,Los Angeles Memorial Coliseum
2019_04_TEN_ATL,2019,REG,4,2019-09-29,Sunday,13:00,TEN,24.0,ATL,10.0,Home,-14.0,34.0,0.0,401128016,10,7,3.5,-113.0,102.0,46.0,156.0,-174.0,0,closed,fieldturf,00-0032268,00-0026143,Marcus Mariota,Matt Ryan,ATL97,Mercedes-Benz Stadium
2019_04_WAS_NYG,2019,REG,4,2019-09-29,Sunday,13:00,WAS,3.0,NYG,24.0,Home,21.0,27.0,0.0,401128059,6,7,3.0,-101.0,-109.0,48.0,146.0,-163.0,1,outdoors,fieldturf,00-0028986,00-0035710,Case Keenum,Daniel Jones,NYC01,MetLife Stadium
2019_04_CIN_PIT,2019,REG,4,2019-09-30,Monday,20:15,CIN,3.0,PIT,27.0,Home,24.0,30.0,0.0,401128109,8,8,3.5,-112.0,101.0,45.5,160.0,-179.0,1,outdoors,grass,00-0027973,00-0034771,Andy Dalton,Mason Rudolph,PIT00,Heinz Field
2019_05_LA_SEA,2019,REG,5,2019-10-03,Thursday,20:20,LA,29.0,SEA,30.0,Home,1.0,59.0,0.0,401127927,4,4,1.5,-104.0,-106.0,49.0,111.0,-122.0,1,outdoors,fieldturf,00-0033106,00-0029263,Jared Goff,Russell Wilson,SEA00,CenturyLink Field
2019_05_ARI_CIN,2019,REG,5,2019-10-06,Sunday,13:00,ARI,26.0,CIN,23.0,Home,-3.0,49.0,0.0,401127958,7,6,3.0,-106.0,-104.0,45.0,139.0,-154.0,0,outdoors,grass,00-0035228,00-0027973,Kyler Murray,Andy Dalton,CIN00,Paul Brown Stadium
2019_05_ATL_HOU,2019,REG,5,2019-10-06,Sunday,13:00,ATL,32.0,HOU,53.0,Home,21.0,85.0,0.0,401127960,7,7,4.0,-101.0,-109.0,49.0,184.0,-207.0,0,closed,grass,00-0026143,00-0033537,Matt Ryan,Deshaun Watson,HOU00,NRG Stadium
2019_05_BAL_PIT,2019,REG,5,2019-10-06,Sunday,13:00,BAL,26.0,PIT,23.0,Home,-3.0,49.0,1.0,401128011,7,6,-3.5,102.0,-113.0,44.0,-179.0,160.0,1,outdoors,grass,00-0034796,00-0034771,Lamar Jackson,Mason Rudolph,PIT00,Heinz Field
2019_05_BUF_TEN,2019,REG,5,2019-10-06,Sunday,13:00,BUF,14.0,TEN,7.0,Home,-7.0,21.0,0.0,401128014,7,7,3.5,-110.0,-101.0,39.5,162.0,-182.0,0,outdoors,grass,00-0034857,00-0032268,Josh Allen,Marcus Mariota,NAS00,Nissan Stadium
2019_05_CHI_OAK,2019,REG,5,2019-10-06,Sunday,13:00,CHI,21.0,LV,24.0,Neutral,3.0,45.0,0.0,401128001,7,7,-6.5,-101.0,-110.0,39.5,-266.0,232.0,0,outdoors,grass,00-0026544,00-0031280,Chase Daniel,Derek Carr,LON02,Tottenham Stadium
2019_05_DEN_LAC,2019,REG,5,2019-10-06,Sunday,16:05,DEN,20.0,LAC,13.0,Home,-7.0,33.0,0.0,401128019,7,7,4.0,102.0,-113.0,46.0,199.0,-226.0,1,outdoors,grass,00-0026158,00-0022942,Joe Flacco,Philip Rivers,LAX97,StubHub Center
2019_05_GB_DAL,2019,REG,5,2019-10-06,Sunday,16:25,GB,34.0,DAL,24.0,Home,-10.0,58.0,0.0,401128029,10,7,3.5,-113.0,102.0,46.5,162.0,-181.0,0,closed,fieldturf,00-0023459,00-0033077,Aaron Rodgers,Dak Prescott,DAL00,AT&T Stadium
2019_05_IND_KC,2019,REG,5,2019-10-06,Sunday,20:20,IND,19.0,KC,13.0,Home,-6.0,32.0,0.0,401128053,7,7,10.5,-111.0,101.0,55.5,407.0,-504.0,0,outdoors,astroturf,00-0033119,00-0033873,Jacoby Brissett,Patrick Mahomes,KAN00,Arrowhead Stadium
2019_05_JAX_CAR,2019,REG,5,2019-10-06,Sunday,13:00,JAX,27.0,CAR,34.0,Home,7.0,61.0,0.0,401127932,7,7,3.0,119.0,-131.0,41.0,169.0,-189.0,0,outdoors,grass,00-0035289,00-0034577,Gardner Minshew,Kyle Allen,CAR00,Bank of America Stadium
2019_05_MIN_NYG,2019,REG,5,2019-10-06,Sunday,13:00,MIN,28.0,NYG,10.0,Home,-18.0,38.0,0.0,401127971,7,7,-5.5,-116.0,105.0,44.0,-243.0,213.0,0,outdoors,fieldturf,00-0029604,00-0035710,Kirk Cousins,Daniel Jones,NYC01,MetLife Stadium
2019_05_NE_WAS,2019,REG,5,2019-10-06,Sunday,13:00,NE,33.0,WAS,7.0,Home,-26.0,40.0,0.0,401127864,7,7,-15.5,-112.0,101.0,42.0,-963.0,695.0,0,outdoors,grass,00-0019596,00-0027688,Tom Brady,Colt McCoy,WAS00,FedExField
2019_05_NYJ_PHI,2019,REG,5,2019-10-06,Sunday,13:00,NYJ,6.0,PHI,31.0,Home,25.0,37.0,0.0,401128006,14,10,14.0,-109.0,-101.0,43.0,587.0,-782.0,0,outdoors,grass,00-0034412,00-0032950,Luke Falk,Carson Wentz,PHI00,Lincoln Financial Field
2019_05_TB_NO,2019,REG,5,2019-10-06,Sunday,13:00,TB,24.0,NO,31.0,Home,7.0,55.0,0.0,401127965,7,7,3.0,-118.0,107.0,46.0,133.0,-148.0,1,dome,astroturf,00-0031503,00-0031237,Jameis Winston,Teddy Bridgewater,NOR00,Mercedes-Benz Superdome
2019_05_CLE_SF,2019,REG,5,2019-10-07,Monday,20:15,CLE,3.0,SF,31.0,Home,28.0,34.0,0.0,401128062,8,15,5.0,101.0,-111.0,47.5,199.0,-226.0,0,outdoors,grass,00-0034855,00-0031345,Baker Mayfield,Jimmy Garoppolo,SFO01,Levi's Stadium
2019_06_NYG_NE,2019,REG,6,2019-10-10,Thursday,20:20,NYG,14.0,NE,35.0,Home,21.0,49.0,0.0,401127917,4,4,16.5,-106.0,-104.0,43.0,756.0,-1071.0,0,outdoors,grass,00-0035710,00-0019596,Daniel Jones,Tom Brady,BOS00,Gillette Stadium
2019_06_ATL_ARI,2019,REG,6,2019-10-13,Sunday,16:05,ATL,33.0,ARI,34.0,Home,1.0,67.0,0.0,401128126,7,7,-3.0,-108.0,-102.0,52.5,-161.0,145.0,0,closed,grass,00-0026143,00-0035228,Matt Ryan,Kyler Murray,PHO00,State Farm Stadium
2019_06_CAR_TB,2019,REG,6,2019-10-13,Sunday,09:30,CAR,37.0,TB,26.0,Neutral,-11.0,63.0,0.0,401128096,7,7,-2.0,-100.0,-110.0,48.5,-125.0,113.0,1,outdoors,grass,00-0034577,00-0031503,Kyle Allen,Jameis Winston,LON02,Tottenham Stadium
2019_06_CIN_BAL,2019,REG,6,2019-10-13,Sunday,13:00,CIN,17.0,BAL,23.0,Home,6.0,40.0,0.0,401128105,7,7,10.5,-106.0,-104.0,47.0,425.0,-531.0,1,outdoors,grass,00-0027973,00-0034796,Andy Dalton,Lamar Jackson,BAL00,M&T Bank Stadium
2019_06_DAL_NYJ,2019,REG,6,2019-10-13,Sunday,16:25,DAL,22.0,NYJ,24.0,Home,2.0,46.0,0.0,401128130,7,7,-7.0,-100.0,-110.0,43.5,-316.0,270.0,0,outdoors,fieldturf,00-0033077,00-0034869,Dak Prescott,Sam Darnold,NYC01,MetLife Stadium
2019_06_HOU_KC,2019,REG,6,2019-10-13,Sunday,13:00,HOU,31.0,KC,24.0,Home,-7.0,55.0,0.0,401128119,7,7,3.5,-108.0,-103.0,54.5,166.0,-186.0,0,outdoors,astroturf,00-0033537,00-0033873,Deshaun Watson,Patrick Mahomes,KAN00,Arrowhead Stadium
2019_06_NO_JAX,2019,REG,6,2019-10-13,Sunday,13:00,NO,13.0,JAX,6.0,Home,-7.0,19.0,0.0,401128116,7,7,2.5,100.0,-110.0,42.5,126.0,-139.0,0,outdoors,grass,00-0031237,00-0035289,Teddy Bridgewater,Gardner Minshew,JAX00,TIAA Bank Stadium
2019_06_PHI_MIN,2019,REG,6,2019-10-13,Sunday,13:00,PHI,20.0,MIN,38.0,Home,18.0,58.0,0.0,401128123,7,7,3.5,-115.0,105.0,44.0,157.0,-176.0,0,dome,sportturf,00-0032950,00-0029604,Carson Wentz,Kirk Cousins,MIN01,U.S. Bank Stadium
2019_06_PIT_LAC,2019,REG,6,2019-10-13,Sunday,20:20,PIT,24.0,LAC,17.0,Home,-7.0,41.0,0.0,401128131,7,7,6.0,-115.0,104.0,42.5,220.0,-252.0,0,outdoors,grass,00-0035577,00-0022942,Devlin Hodges,Philip Rivers,LAX97,StubHub Center
2019_06_SEA_CLE,2019,REG,6,2019-10-13,Sunday,13:00,SEA,32.0,CLE,28.0,Home,-4.0,60.0,0.0,401128111,10,6,1.0,-104.0,-106.0,45.5,102.0,-113.0,0,outdoors,grass,00-0029263,00-0034855,Russell Wilson,Baker Mayfield,CLE00,FirstEnergy Stadium
2019_06_SF_LA,2019,REG,6,2019-10-13,Sunday,16:05,SF,20.0,LA,7.0,Home,-13.0,27.0,0.0,401128128,6,10,3.0,-110.0,-100.0,49.5,133.0,-148.0,1,outdoors,grass,00-0031345,00-0033106,Jimmy Garoppolo,Jared Goff,LAX99,Los Angeles Memorial Coliseum
2019_06_TEN_DEN,2019,REG,6,2019-10-13,Sunday,16:25,TEN,0.0,DEN,16.0,Home,16.0,16.0,0.0,401128129,7,7,1.0,103.0,-113.0,41.0,109.0,-121.0,0,outdoors,grass,00-0032268,00-0026158,Marcus Mariota,Joe Flacco,DEN00,Empower Field at Mile High
2019_06_WAS_MIA,2019,REG,6,2019-10-13,Sunday,13:00,WAS,17.0,MIA,16.0,Home,-1.0,33.0,0.0,401128121,7,14,-6.0,-101.0,-109.0,42.0,-240.0,210.0,0,outdoors,grass,00-0028986,00-0034343,Case Keenum,Josh Rosen,MIA00,Hard Rock Stadium
2019_06_DET_GB,2019,REG,6,2019-10-14,Monday,20:15,DET,22.0,GB,23.0,Home,1.0,45.0,0.0,401128132,15,8,3.5,-102.0,-108.0,47.0,176.0,-198.0,1,outdoors,grass,00-0026498,00-0023459,Matthew Stafford,Aaron Rodgers,GNB00,Lambeau Field
2019_07_KC_DEN,2019,REG,7,2019-10-17,Thursday,20:20,KC,30.0,DEN,6.0,Home,-24.0,36.0,0.0,401127902,4,4,-3.0,104.0,-115.0,49.5,-149.0,134.0,1,outdoors,grass,00-0033873,00-0026158,Patrick Mahomes,Joe Flacco,DEN00,Empower Field at Mile High
2019_07_ARI_NYG,2019,REG,7,2019-10-20,Sunday,13:00,ARI,27.0,NYG,21.0,Home,-6.0,48.0,0.0,401127974,7,10,3.5,-106.0,-104.0,49.5,168.0,-188.0,0,outdoors,fieldturf,00-0035228,00-0035710,Kyler Murray,Daniel Jones,NYC01,MetLife Stadium
2019_07_BAL_SEA,2019,REG,7,2019-10-20,Sunday,16:25,BAL,30.0,SEA,16.0,Home,-14.0,46.0,0.0,401127985,7,7,3.0,-104.0,-106.0,49.0,141.0,-157.0,0,outdoors,fieldturf,00-0034796,00-0029263,Lamar Jackson,Russell Wilson,SEA00,CenturyLink Field
2019_07_HOU_IND,2019,REG,7,2019-10-20,Sunday,13:00,HOU,23.0,IND,30.0,Home,7.0,53.0,0.0,401127951,7,14,1.5,-104.0,-106.0,46.5,109.0,-120.0,1,open,fieldturf,00-0033537,00-0033119,Deshaun Watson,Jacoby Brissett,IND00,Lucas Oil Stadium
2019_07_JAX_CIN,2019,REG,7,2019-10-20,Sunday,13:00,JAX,27.0,CIN,17.0,Home,-10.0,44.0,0.0,401127945,7,7,-4.0,-116.0,105.0,44.5,-214.0,189.0,0,outdoors,grass,00-0035289,00-0027973,Gardner Minshew,Andy Dalton,CIN00,Paul Brown Stadium
2019_07_LAC_TEN,2019,REG,7,2019-10-20,Sunday,16:05,LAC,20.0,TEN,23.0,Home,3.0,43.0,0.0,401127979,7,7,3.0,-107.0,-103.0,42.5,141.0,-157.0,0,outdoors,grass,00-0022942,00-0029701,Philip Rivers,Ryan Tannehill,NAS00,Nissan Stadium
2019_07_LA_ATL,2019,REG,7,2019-10-20,Sunday,13:00,LA,37.0,ATL,10.0,Home,-27.0,47.0,0.0,401127940,7,7,-3.0,-105.0,-105.0,54.5,-154.0,139.0,0,open,fieldturf,00-0033106,00-0026143,Jared Goff,Matt Ryan,ATL97,Mercedes-Benz Stadium
2019_07_MIA_BUF,2019,REG,7,2019-10-20,Sunday,13:00,MIA,21.0,BUF,31.0,Home,10.0,52.0,0.0,401127942,7,14,17.0,-103.0,-108.0,42.5,793.0,-1137.0,1,outdoors,astroturf,00-0023682,00-0034857,Ryan Fitzpatrick,Josh Allen,BUF00,New Era Field
2019_07_MIN_DET,2019,REG,7,2019-10-20,Sunday,13:00,MIN,42.0,DET,30.0,Home,-12.0,72.0,0.0,401127947,7,6,-2.5,-110.0,-100.0,43.5,-137.0,124.0,1,dome,fieldturf,00-0029604,00-0026498,Kirk Cousins,Matthew Stafford,DET00,Ford Field
2019_07_NO_CHI,2019,REG,7,2019-10-20,Sunday,16:25,NO,36.0,CHI,25.0,Home,-11.0,61.0,0.0,401127982,7,14,4.0,100.0,-110.0,37.0,188.0,-213.0,0,outdoors,grass,00-0031237,00-0033869,Teddy Bridgewater,Mitch Trubisky,CHI98,Soldier Field
2019_07_OAK_GB,2019,REG,7,2019-10-20,Sunday,13:00,LV,24.0,GB,42.0,Home,18.0,66.0,0.0,401127949,14,6,5.5,-103.0,-107.0,48.0,211.0,-241.0,0,outdoors,grass,00-0031280,00-0023459,Derek Carr,Aaron Rodgers,GNB00,Lambeau Field
2019_07_PHI_DAL,2019,REG,7,2019-10-20,Sunday,20:20,PHI,10.0,DAL,37.0,Home,27.0,47.0,0.0,401127987,7,7,3.0,101.0,-111.0,50.0,148.0,-165.0,1,closed,fieldturf,00-0032950,00-0033077,Carson Wentz,Dak Prescott,DAL00,AT&T Stadium
2019_07_SF_WAS,2019,REG,7,2019-10-20,Sunday,13:00,SF,9.0,WAS,0.0,Home,-9.0,9.0,0.0,401127977,7,7,-10.0,-104.0,-106.0,39.0,-424.0,350.0,0,outdoors,grass,00-0031345,00-0028986,Jimmy Garoppolo,Case Keenum,WAS00,FedExField
2019_07_NE_NYJ,2019,REG,7,2019-10-21,Monday,20:15,NE,33.0,NYJ,0.0,Home,-33.0,33.0,0.0,401127894,11,8,-9.5,-106.0,-104.0,43.0,-371.0,311.0,1,outdoors,fieldturf,00-0019596,00-0034869,Tom Brady,Sam Darnold,NYC01,MetLife Stadium
2019_08_WAS_MIN,2019,REG,8,2019-10-24,Thursday,20:20,WAS,9.0,MIN,19.0,Home,10.0,28.0,0.0,401127905,4,4,16.5,-104.0,-106.0,42.0,729.0,-1023.0,0,dome,sportturf,00-0028986,00-0029604,Case Keenum,Kirk Cousins,MIN01,U.S. Bank Stadium
2019_08_ARI_NO,2019,REG,8,2019-10-27,Sunday,13:00,ARI,9.0,NO,31.0,Home,22.0,40.0,0.0,401128046,7,7,12.5,-108.0,-102.0,47.5,467.0,-625.0,0,dome,astroturf,00-0035228,00-0020531,Kyler Murray,Drew Brees,NOR00,Mercedes-Benz Superdome
2019_08_CAR_SF,2019,REG,8,2019-10-27,Sunday,16:05,CAR,13.0,SF,51.0,Home,38.0,64.0,0.0,401128050,14,7,4.5,-112.0,102.0,41.0,184.0,-208.0,0,outdoors,grass,00-0034577,00-0031345,Cam Newton,Jimmy Garoppolo,SFO01,Levi's Stadium
2019_08_CIN_LA,2019,REG,8,2019-10-27,Sunday,13:00,CIN,10.0,LA,24.0,Neutral,14.0,34.0,0.0,401127912,7,7,12.0,-112.0,102.0,48.5,467.0,-594.0,0,outdoors,grass,00-0027973,00-0033106,Andy Dalton,Jared Goff,LON00,Wembley Stadium
2019_08_CLE_NE,2019,REG,8,2019-10-27,Sunday,16:25,CLE,13.0,NE,27.0,Home,14.0,40.0,0.0,401127895,14,6,9.5,-107.0,-103.0,43.0,309.0,-367.0,0,outdoors,grass,00-0034855,00-0019596,Baker Mayfield,Tom Brady,BOS00,Gillette Stadium
2019_08_DEN_IND,2019,REG,8,2019-10-27,Sunday,13:00,DEN,13.0,IND,15.0,Home,2.0,28.0,0.0,401128051,10,7,6.0,-117.0,106.0,41.0,209.0,-238.0,0,open,fieldturf,00-0026158,00-0033119,Joe Flacco,Jacoby Brissett,IND00,Lucas Oil Stadium
2019_08_GB_KC,2019,REG,8,2019-10-27,Sunday,20:20,GB,31.0,KC,24.0,Home,-7.0,55.0,0.0,401128073,7,10,-5.0,-108.0,-102.0,48.0,-230.0,202.0,0,outdoors,astroturf,00-0023459,00-0025708,Aaron Rodgers,Matt Moore,KAN00,Arrowhead Stadium
2019_08_LAC_CHI,2019,REG,8,2019-10-27,Sunday,13:00,LAC,17.0,CHI,16.0,Home,-1.0,33.0,0.0,401128039,7,7,3.5,-107.0,-103.0,41.0,163.0,-182.0,0,outdoors,grass,00-0022942,00-0033869,Philip Rivers,Mitch Trubisky,CHI98,Soldier Field
2019_08_NYG_DET,2019,REG,8,2019-10-27,Sunday,13:00,NYG,26.0,DET,31.0,Home,5.0,57.0,0.0,401128042,7,7,6.5,-113.0,102.0,49.0,232.0,-267.0,0,dome,fieldturf,00-0035710,00-0026498,Daniel Jones,Matthew Stafford,DET00,Ford Field
2019_08_NYJ_JAX,2019,REG,8,2019-10-27,Sunday,13:00,NYJ,15.0,JAX,29.0,Home,14.0,44.0,0.0,401128045,6,7,7.0,-115.0,105.0,39.5,254.0,-295.0,0,outdoors,grass,00-0034869,00-0035289,Sam Darnold,Gardner Minshew,JAX00,TIAA Bank Stadium
2019_08_OAK_HOU,2019,REG,8,2019-10-27,Sunday,16:25,LV,24.0,HOU,27.0,Home,3.0,51.0,0.0,401128043,7,7,5.0,-107.0,-103.0,52.0,207.0,-236.0,0,closed,grass,00-0031280,00-0033537,Derek Carr,Deshaun Watson,HOU00,NRG Stadium
2019_08_PHI_BUF,2019,REG,8,2019-10-27,Sunday,13:00,PHI,31.0,BUF,13.0,Home,-18.0,44.0,0.0,401128037,7,7,1.0,102.0,-113.0,39.5,111.0,-122.0,0,outdoors,astroturf,00-0032950,00-0034857,Carson Wentz,Josh Allen,BUF00,New Era Field
2019_08_SEA_ATL,2019,REG,8,2019-10-27,Sunday,13:00,SEA,27.0,ATL,20.0,Home,-7.0,47.0,0.0,401128035,7,7,-7.5,106.0,-117.0,48.5,-323.0,275.0,0,open,fieldturf,00-0029263,00-0022787,Russell Wilson,Matt Schaub,ATL97,Mercedes-Benz Stadium
2019_08_TB_TEN,2019,REG,8,2019-10-27,Sunday,13:00,TB,23.0,TEN,27.0,Home,4.0,50.0,0.0,401128048,14,7,2.0,-110.0,-100.0,45.5,110.0,-122.0,0,outdoors,grass,00-0031503,00-0029701,Jameis Winston,Ryan Tannehill,NAS00,Nissan Stadium
2019_08_MIA_PIT,2019,REG,8,2019-10-28,Monday,20:15,MIA,14.0,PIT,27.0,Home,13.0,41.0,0.0,401128074,8,15,14.0,-107.0,-103.0,44.0,491.0,-630.0,0,outdoors,grass,00-0023682,00-0034771,Ryan Fitzpatrick,Mason Rudolph,PIT00,Heinz Field
2019_09_SF_ARI,2019,REG,9,2019-10-31,Thursday,20:20,SF,28.0,ARI,25.0,Home,-3.0,53.0,0.0,401127908,4,4,-10.5,100.0,-111.0,43.5,-445.0,365.0,1,closed,grass,00-0031345,00-0035228,Jimmy Garoppolo,Kyler Murray,PHO00,State Farm Stadium
2019_09_CHI_PHI,2019,REG,9,2019-11-03,Sunday,13:00,CHI,14.0,PHI,22.0,Home,8.0,36.0,0.0,401128082,7,7,5.0,-106.0,-104.0,41.0,199.0,-226.0,0,outdoors,grass,00-0033869,00-0032950,Mitch Trubisky,Carson Wentz,PHI00,Lincoln Financial Field
2019_09_CLE_DEN,2019,REG,9,2019-11-03,Sunday,16:25,CLE,19.0,DEN,24.0,Home,5.0,43.0,0.0,401128088,7,7,-4.0,-102.0,-108.0,39.0,-194.0,173.0,0,outdoors,grass,00-0034855,00-0032434,Baker Mayfield,Brandon Allen,DEN00,Empower Field at Mile High
2019_09_DET_OAK,2019,REG,9,2019-11-03,Sunday,16:05,DET,24.0,LV,31.0,Home,7.0,55.0,0.0,401128085,7,7,2.5,104.0,-115.0,51.5,129.0,-143.0,0,outdoors,grass,00-0026498,00-0031280,Matthew Stafford,Derek Carr,OAK00,Ring Central Coliseum
2019_09_GB_LAC,2019,REG,9,2019-11-03,Sunday,16:25,GB,11.0,LAC,26.0,Home,15.0,37.0,0.0,401128090,7,7,-4.0,-111.0,100.0,50.0,-208.0,184.0,0,outdoors,grass,00-0023459,00-0022942,Aaron Rodgers,Philip Rivers,LAX97,StubHub Center
2019_09_HOU_JAX,2019,REG,9,2019-11-03,Sunday,09:30,HOU,26.0,JAX,3.0,Neutral,-23.0,29.0,0.0,401127936,7,7,1.0,-104.0,-106.0,46.0,103.0,-113.0,1,outdoors,grass,00-0033537,00-0035289,Deshaun Watson,Gardner Minshew,LON00,Wembley Stadium
2019_09_IND_PIT,2019,REG,9,2019-11-03,Sunday,13:00,IND,24.0,PIT,26.0,Home,2.0,50.0,0.0,401128083,7,6,1.0,101.0,-111.0,39.5,107.0,-117.0,0,outdoors,grass,00-0033119,00-0034771,Jacoby Brissett,Mason Rudolph,PIT00,Heinz Field
2019_09_MIN_KC,2019,REG,9,2019-11-03,Sunday,13:00,MIN,23.0,KC,26.0,Home,3.0,49.0,0.0,401128079,10,7,-5.5,-101.0,-109.0,46.0,-225.0,198.0,0,outdoors,astroturf,00-0029604,00-0025708,Kirk Cousins,Matt Moore,KAN00,Arrowhead Stadium
2019_09_NE_BAL,2019,REG,9,2019-11-03,Sunday,20:20,NE,20.0,BAL,37.0,Home,17.0,57.0,0.0,401127899,7,14,-3.0,100.0,-110.0,44.5,-150.0,135.0,0,outdoors,grass,00-0019596,00-0034796,Tom Brady,Lamar Jackson,BAL00,M&T Bank Stadium
2019_09_NYJ_MIA,2019,REG,9,2019-11-03,Sunday,13:00,NYJ,18.0,MIA,26.0,Home,8.0,44.0,0.0,401128080,7,6,-3.5,-103.0,-107.0,42.5,-187.0,167.0,1,outdoors,grass,00-0034869,00-0023682,Sam Darnold,Ryan Fitzpatrick,MIA00,Hard Rock Stadium
2019_09_TB_SEA,2019,REG,9,2019-11-03,Sunday,16:05,TB,34.0,SEA,40.0,Home,6.0,74.0,1.0,401128087,7,7,4.0,-105.0,-105.0,51.0,185.0,-209.0,0,outdoors,fieldturf,00-0031503,00-0029263,Jameis Winston,Russell Wilson,SEA00,CenturyLink Field
2019_09_TEN_CAR,2019,REG,9,2019-11-03,Sunday,13:00,TEN,20.0,CAR,30.0,Home,10.0,50.0,0.0,401128078,7,7,3.5,-109.0,-101.0,43.0,160.0,-179.0,0,outdoors,grass,00-0029701,00-0034577,Ryan Tannehill,Cam Newton,CAR00,Bank of America Stadium
2019_09_WAS_BUF,2019,REG,9,2019-11-03,Sunday,13:00,WAS,9.0,BUF,24.0,Home,15.0,33.0,0.0,401128076,10,7,10.5,-112.0,102.0,37.0,368.0,-449.0,0,outdoors,astroturf,00-0035232,00-0034857,Dwayne Haskins,Josh Allen,BUF00,New Era Field
2019_09_DAL_NYG,2019,REG,9,2019-11-04,Monday,20:15,DAL,37.0,NYG,18.0,Home,-19.0,55.0,0.0,401128091,15,8,-6.5,-101.0,-109.0,48.5,-297.0,255.0,1,outdoors,fieldturf,00-0033077,00-0035710,Dak Prescott,Daniel Jones,NYC01,MetLife Stadium
2019_10_LAC_OAK,2019,REG,10,2019-11-07,Thursday,20:20,LAC,24.0,LV,26.0,Home,2.0,50.0,0.0,401127907,4,4,-1.0,-110.0,-100.0,49.0,-117.0,106.0,1,outdoors,grass,00-0022942,00-0031280,Philip Rivers,Derek Carr,OAK00,Ring Central Coliseum
2019_10_ARI_TB,2019,REG,10,2019-11-10,Sunday,13:00,ARI,27.0,TB,30.0,Home,3.0,57.0,0.0,401127976,10,7,5.5,100.0,-110.0,51.0,207.0,-235.0,0,outdoors,grass,00-0035228,00-0031503,Kyler Murray,Jameis Winston,TAM00,Raymond James Stadium
2019_10_ATL_NO,2019,REG,10,2019-11-10,Sunday,13:00,ATL,26.0,NO,9.0,Home,-17.0,35.0,0.0,401127948,14,14,14.0,-114.0,103.0,51.5,503.0,-649.0,1,dome,astroturf,00-0026143,00-0020531,Matt Ryan,Drew Brees,NOR00,Mercedes-Benz Superdome
2019_10_BAL_CIN,2019,REG,10,2019-11-10,Sunday,13:00,BAL,49.0,CIN,13.0,Home,-36.0,62.0,0.0,401127934,7,14,-10.5,104.0,-114.0,44.0,-435.0,358.0,1,outdoors,grass,00-0034796,00-0035652,Lamar Jackson,Ryan Finley,CIN00,Paul Brown Stadium
2019_10_BUF_CLE,2019,REG,10,2019-11-10,Sunday,13:00,BUF,16.0,CLE,19.0,Home,3.0,35.0,0.0,401127939,7,7,3.0,-108.0,-102.0,42.0,136.0,-151.0,0,outdoors,grass,00-0034857,00-0034855,Josh Allen,Baker Mayfield,CLE00,FirstEnergy Stadium
2019_10_CAR_GB,2019,REG,10,2019-11-10,Sunday,16:25,CAR,16.0,GB,24.0,Home,8.0,40.0,0.0,401127944,7,7,5.0,-100.0,-110.0,49.0,200.0,-227.0,0,outdoors,grass,00-0034577,00-0023459,Kyle Allen,Aaron Rodgers,GNB00,Lambeau Field
2019_10_DET_CHI,2019,REG,10,2019-11-10,Sunday,13:00,DET,13.0,CHI,20.0,Home,7.0,33.0,0.0,401127911,7,7,6.0,101.0,-111.0,38.0,235.0,-270.0,1,outdoors,grass,00-0032436,00-0033869,Jeff Driskel,Mitch Trubisky,CHI98,Soldier Field
2019_10_KC_TEN,2019,REG,10,2019-11-10,Sunday,13:00,KC,32.0,TEN,35.0,Home,3.0,67.0,0.0,401127981,7,7,-5.0,-108.0,-102.0,49.0,-233.0,205.0,0,outdoors,grass,00-0033873,00-0029701,Patrick Mahomes,Ryan Tannehill,NAS00,Nissan Stadium
2019_10_LA_PIT,2019,REG,10,2019-11-10,Sunday,16:25,LA,12.0,PIT,17.0,Home,5.0,29.0,0.0,401127989,14,7,-4.0,-113.0,103.0,43.0,-214.0,189.0,0,outdoors,grass,00-0033106,00-0034771,Jared Goff,Mason Rudolph,PIT00,Heinz Field
2019_10_MIA_IND,2019,REG,10,2019-11-10,Sunday,16:05,MIA,16.0,IND,12.0,Home,-4.0,28.0,0.0,401127986,7,7,11.0,-109.0,-101.0,44.5,390.0,-481.0,0,closed,fieldturf,00-0023682,00-0026625,Ryan Fitzpatrick,Brian Hoyer,IND00,Lucas Oil Stadium
2019_10_MIN_DAL,2019,REG,10,2019-11-10,Sunday,20:20,MIN,28.0,DAL,24.0,Home,-4.0,52.0,0.0,401128041,7,6,3.5,-113.0,103.0,48.5,160.0,-179.0,0,closed,fieldturf,00-0029604,00-0033077,Kirk Cousins,Dak Prescott,DAL00,AT&T Stadium
2019_10_NYG_NYJ,2019,REG,10,2019-11-10,Sunday,13:00,NYG,27.0,NYJ,34.0,Home,7.0,61.0,0.0,401127952,6,7,-3.0,104.0,-115.0,43.0,-147.0,133.0,0,outdoors,fieldturf,00-0035710,00-0034869,Daniel Jones,Sam Darnold,NYC01,MetLife Stadium
2019_10_SEA_SF,2019,REG,10,2019-11-11,Monday,20:15,SEA,27.0,SF,24.0,Home,-3.0,51.0,1.0,401127992,8,11,6.5,-104.0,-106.0,47.0,233.0,-268.0,1,outdoors,grass,00-0029263,00-0031345,Russell Wilson,Jimmy Garoppolo,SFO01,Levi's Stadium
2019_11_PIT_CLE,2019,REG,11,2019-11-14,Thursday,20:20,PIT,7.0,CLE,21.0,Home,14.0,28.0,0.0,401128044,4,4,3.0,101.0,-112.0,41.5,146.0,-163.0,1,outdoors,grass,00-0034771,00-0034855,Mason Rudolph,Baker Mayfield,CLE00,FirstEnergy Stadium
2019_11_ARI_SF,2019,REG,11,2019-11-17,Sunday,16:05,ARI,26.0,SF,36.0,Home,10.0,62.0,0.0,401128089,7,6,10.0,-113.0,103.0,44.0,353.0,-429.0,1,outdoors,grass,00-0035228,00-0031345,Kyler Murray,Jimmy Garoppolo,SFO01,Levi's Stadium
2019_11_ATL_CAR,2019,REG,11,2019-11-17,Sunday,13:00,ATL,29.0,CAR,3.0,Home,-26.0,32.0,0.0,401128049,7,7,3.5,-100.0,-110.0,49.0,177.0,-199.0,1,outdoors,grass,00-0026143,00-0034577,Matt Ryan,Kyle Allen,CAR00,Bank of America Stadium
2019_11_BUF_MIA,2019,REG,11,2019-11-17,Sunday,13:00,BUF,37.0,MIA,20.0,Home,-17.0,57.0,0.0,401128077,7,7,-7.0,-109.0,-101.0,41.5,-307.0,263.0,1,outdoors,grass,00-0034857,00-0023682,Josh Allen,Ryan Fitzpatrick,MIA00,Hard Rock Stadium
2019_11_CHI_LA,2019,REG,11,2019-11-17,Sunday,20:20,CHI,7.0,LA,17.0,Home,10.0,24.0,0.0,401128133,7,7,5.0,-107.0,-103.0,40.0,204.0,-233.0,0,outdoors,grass,00-0033869,00-0033106,Mitch Trubisky,Jared Goff,LAX99,Los Angeles Memorial Coliseum
2019_11_CIN_OAK,2019,REG,11,2019-11-17,Sunday,16:25,CIN,10.0,LV,17.0,Home,7.0,27.0,0.0,401128092,7,10,13.0,-108.0,-102.0,48.0,474.0,-605.0,0,outdoors,grass,00-0035652,00-0031280,Ryan Finley,Derek Carr,OAK00,Ring Central Coliseum
2019_11_DAL_DET,2019,REG,11,2019-11-17,Sunday,13:00,DAL,35.0,DET,27.0,Home,-8.0,62.0,0.0,401128052,7,7,-7.5,102.0,-113.0,46.5,-369.0,310.0,0,dome,fieldturf,00-0033077,00-0032436,Dak Prescott,Jeff Driskel,DET00,Ford Field
2019_11_DEN_MIN,2019,REG,11,2019-11-17,Sunday,13:00,DEN,23.0,MIN,27.0,Home,4.0,50.0,0.0,401128081,14,7,10.0,-119.0,107.0,40.5,341.0,-412.0,0,dome,sportturf,00-0032434,00-0029604,Brandon Allen,Kirk Cousins,MIN01,U.S. Bank Stadium
2019_11_HOU_BAL,2019,REG,11,2019-11-17,Sunday,13:00,HOU,7.0,BAL,41.0,Home,34.0,48.0,0.0,401128047,14,7,4.0,-102.0,-108.0,51.0,192.0,-217.0,0,outdoors,grass,00-0033537,00-0034796,Deshaun Watson,Lamar Jackson,BAL00,M&T Bank Stadium
2019_11_JAX_IND,2019,REG,11,2019-11-17,Sunday,13:00,JAX,13.0,IND,33.0,Home,20.0,46.0,0.0,401128075,14,7,2.5,-103.0,-108.0,41.5,121.0,-134.0,1,closed,fieldturf,00-0029567,00-0033119,Nick Foles,Jacoby Brissett,IND00,Lucas Oil Stadium
2019_11_NE_PHI,2019,REG,11,2019-11-17,Sunday,16:25,NE,17.0,PHI,10.0,Home,-7.0,27.0,0.0,401127897,14,14,-4.5,101.0,-112.0,45.0,-210.0,186.0,0,outdoors,grass,00-0019596,00-0032950,Tom Brady,Carson Wentz,PHI00,Lincoln Financial Field
2019_11_NO_TB,2019,REG,11,2019-11-17,Sunday,13:00,NO,34.0,TB,17.0,Home,-17.0,51.0,0.0,401128084,7,7,-5.0,-108.0,-102.0,50.5,-230.0,202.0,1,outdoors,grass,00-0020531,00-0031503,Drew Brees,Jameis Winston,TAM00,Raymond James Stadium
2019_11_NYJ_WAS,2019,REG,11,2019-11-17,Sunday,13:00,NYJ,34.0,WAS,17.0,Home,-17.0,51.0,0.0,401128086,7,14,1.0,104.0,-114.0,37.5,111.0,-122.0,0,outdoors,grass,00-0034869,00-0035232,Sam Darnold,Dwayne Haskins,WAS00,FedExField
2019_11_KC_LAC,2019,REG,11,2019-11-18,Monday,20:15,KC,24.0,LAC,17.0,Neutral,-7.0,41.0,0.0,401128134,8,11,-5.5,-106.0,-104.0,52.5,-243.0,213.0,1,outdoors,grass,00-0033873,00-0022942,Patrick Mahomes,Philip Rivers,MEX00,Azteca Stadium
2019_12_IND_HOU,2019,REG,12,2019-11-21,Thursday,20:20,IND,17.0,HOU,20.0,Home,3.0,37.0,0.0,401127865,4,4,3.5,-105.0,-105.0,46.0,164.0,-183.0,1,closed,grass,00-0033119,00-0033537,Jacoby Brissett,Deshaun Watson,HOU00,NRG Stadium
2019_12_CAR_NO,2019,REG,12,2019-11-24,Sunday,13:00,CAR,31.0,NO,34.0,Home,3.0,65.0,0.0,401127922,7,7,10.0,-108.0,-102.0,46.0,374.0,-457.0,1,dome,astroturf,00-0034577,00-0020531,Kyle Allen,Drew Brees,NOR00,Mercedes-Benz Superdome
2019_12_DAL_NE,2019,REG,12,2019-11-24,Sunday,16:25,DAL,9.0,NE,13.0,Home,4.0,22.0,0.0,401127957,7,7,5.5,-108.0,-102.0,44.5,203.0,-231.0,0,outdoors,grass,00-0033077,00-0019596,Dak Prescott,Tom Brady,BOS00,Gillette Stadium
2019_12_DEN_BUF,2019,REG,12,2019-11-24,Sunday,13:00,DEN,3.0,BUF,20.0,Home,17.0,23.0,0.0,401127872,7,7,3.5,-106.0,-104.0,37.0,170.0,-190.0,0,outdoors,astroturf,00-0032434,00-0034857,Brandon Allen,Josh Allen,BUF00,New Era Field
2019_12_DET_WAS,2019,REG,12,2019-11-24,Sunday,13:00,DET,16.0,WAS,19.0,Home,3.0,35.0,0.0,401127996,7,7,-4.0,-102.0,-109.0,39.0,-190.0,169.0,0,outdoors,grass,00-0032436,00-0035232,Jeff Driskel,Dwayne Haskins,WAS00,FedExField
2019_12_GB_SF,2019,REG,12,2019-11-24,Sunday,20:20,GB,8.0,SF,37.0,Home,29.0,45.0,0.0,401128004,14,7,3.0,111.0,-122.0,48.0,156.0,-175.0,0,outdoors,grass,00-0023459,00-0031345,Aaron Rodgers,Jimmy Garoppolo,SFO01,Levi's Stadium
2019_12_JAX_TEN,2019,REG,12,2019-11-24,Sunday,16:05,JAX,20.0,TEN,42.0,Home,22.0,62.0,0.0,401128000,7,14,4.5,103.0,-114.0,42.0,198.0,-225.0,1,outdoors,grass,00-0029567,00-0029701,Nick Foles,Ryan Tannehill,NAS00,Nissan Stadium
2019_12_MIA_CLE,2019,REG,12,2019-11-24,Sunday,13:00,MIA,24.0,CLE,41.0,Home,17.0,65.0,0.0,401127919,7,10,11.0,-113.0,103.0,45.5,365.0,-446.0,0,outdoors,grass,00-0023682,00-0034855,Ryan Fitzpatrick,Baker Mayfield,CLE00,FirstEnergy Stadium
2019_12_NYG_CHI,2019,REG,12,2019-11-24,Sunday,13:00,NYG,14.0,CHI,19.0,Home,5.0,33.0,0.0,401127914,14,7,6.0,-110.0,-100.0,41.0,220.0,-252.0,0,outdoors,grass,00-0035710,00-0033869,Daniel Jones,Mitch Trubisky,CHI98,Soldier Field
2019_12_OAK_NYJ,2019,REG,12,2019-11-24,Sunday,13:00,LV,3.0,NYJ,34.0,Home,31.0,37.0,0.0,401127924,7,7,-3.5,102.0,-112.0,45.0,-177.0,158.0,0,outdoors,fieldturf,00-0031280,00-0034869,Derek Carr,Sam Darnold,NYC01,MetLife Stadium
2019_12_PIT_CIN,2019,REG,12,2019-11-24,Sunday,13:00,PIT,16.0,CIN,10.0,Home,-6.0,26.0,0.0,401127918,10,7,-5.5,-106.0,-104.0,37.5,-225.0,199.0,1,outdoors,grass,00-0034771,00-0035652,Mason Rudolph,Ryan Finley,CIN00,Paul Brown Stadium
2019_12_SEA_PHI,2019,REG,12,2019-11-24,Sunday,13:00,SEA,17.0,PHI,9.0,Home,-8.0,26.0,0.0,401128008,13,7,-1.0,102.0,-112.0,45.5,-105.0,-105.0,0,outdoors,grass,00-0029263,00-0032950,Russell Wilson,Carson Wentz,PHI00,Lincoln Financial Field
2019_12_TB_ATL,2019,REG,12,2019-11-24,Sunday,13:00,TB,35.0,ATL,22.0,Home,-13.0,57.0,0.0,401127870,7,7,3.5,-110.0,-100.0,51.5,163.0,-183.0,1,closed,fieldturf,00-0031503,00-0026143,Jameis Winston,Matt Ryan,ATL97,Mercedes-Benz Stadium
2019_12_BAL_LA,2019,REG,12,2019-11-25,Monday,20:15,BAL,45.0,LA,6.0,Home,-39.0,51.0,0.0,401128012,8,8,-3.5,112.0,-124.0,47.0,-162.0,145.0,0,outdoors,grass,00-0034796,00-0033106,Lamar Jackson,Jared Goff,LAX99,Los Angeles Memorial Coliseum
2019_13_BUF_DAL,2019,REG,13,2019-11-28,Thursday,16:30,BUF,26.0,DAL,15.0,Home,-11.0,41.0,0.0,401128017,4,4,6.5,104.0,-115.0,46.5,256.0,-298.0,0,closed,fieldturf,00-0034857,00-0033077,Josh Allen,Dak Prescott,DAL00,AT&T Stadium
2019_13_CHI_DET,2019,REG,13,2019-11-28,Thursday,12:30,CHI,24.0,DET,20.0,Home,-4.0,44.0,0.0,401128015,4,4,-5.5,-104.0,-106.0,37.5,-230.0,203.0,1,dome,fieldturf,00-0033869,00-0035040,Mitch Trubisky,David Blough,DET00,Ford Field
2019_13_NO_ATL,2019,REG,13,2019-11-28,Thursday,20:20,NO,26.0,ATL,18.0,Home,-8.0,44.0,0.0,401128022,4,4,-7.0,-106.0,-104.0,48.0,-319.0,272.0,1,closed,fieldturf,00-0020531,00-0026143,Drew Brees,Matt Ryan,ATL97,Mercedes-Benz Stadium
2019_13_CLE_PIT,2019,REG,13,2019-12-01,Sunday,13:00,CLE,13.0,PIT,20.0,Home,7.0,33.0,0.0,401128107,7,7,-1.0,-107.0,-103.0,40.0,-113.0,103.0,1,outdoors,grass,00-0034855,00-0035577,Baker Mayfield,Devlin Hodges,PIT00,Heinz Field
2019_13_GB_NYG,2019,REG,13,2019-12-01,Sunday,13:00,GB,31.0,NYG,13.0,Home,-18.0,44.0,0.0,401128095,7,7,-6.5,103.0,-113.0,43.5,-256.0,223.0,0,outdoors,fieldturf,00-0023459,00-0035710,Aaron Rodgers,Daniel Jones,NYC01,MetLife Stadium
2019_13_LAC_DEN,2019,REG,13,2019-12-01,Sunday,16:25,LAC,20.0,DEN,23.0,Home,3.0,43.0,0.0,401128104,13,7,-4.5,-103.0,-107.0,39.0,-207.0,183.0,1,outdoors,grass,00-0022942,00-0035704,Philip Rivers,Drew Lock,DEN00,Empower Field at Mile High
2019_13_LA_ARI,2019,REG,13,2019-12-01,Sunday,16:05,LA,34.0,ARI,7.0,Home,-27.0,41.0,0.0,401128100,6,14,-2.5,-110.0,-100.0,47.0,-139.0,125.0,1,closed,grass,00-0033106,00-0035228,Jared Goff,Kyler Murray,PHO00,State Farm Stadium
2019_13_NE_HOU,2019,REG,13,2019-12-01,Sunday,20:20,NE,22.0,HOU,28.0,Home,6.0,50.0,0.0,401127967,7,10,-3.5,106.0,-117.0,47.0,-172.0,154.0,0,closed,grass,00-0019596,00-0033537,Tom Brady,Deshaun Watson,HOU00,NRG Stadium
2019_13_NYJ_CIN,2019,REG,13,2019-12-01,Sunday,13:00,NYJ,6.0,CIN,22.0,Home,16.0,28.0,0.0,401128057,7,7,-2.5,102.0,-112.0,43.0,-123.0,111.0,0,outdoors,grass,00-0034869,00-0027973,Sam Darnold,Andy Dalton,CIN00,Paul Brown Stadium
2019_13_OAK_KC,2019,REG,13,2019-12-01,Sunday,16:25,LV,9.0,KC,40.0,Home,31.0,49.0,0.0,401128067,7,13,11.5,-116.0,106.0,49.5,369.0,-451.0,1,outdoors,astroturf,00-0031280,00-0033873,Derek Carr,Patrick Mahomes,KAN00,Arrowhead Stadium
2019_13_PHI_MIA,2019,REG,13,2019-12-01,Sunday,13:00,PHI,31.0,MIA,37.0,Home,6.0,68.0,0.0,401128070,7,7,-10.5,-100.0,-110.0,45.0,-469.0,382.0,0,outdoors,grass,00-0032950,00-0023682,Carson Wentz,Ryan Fitzpatrick,MIA00,Hard Rock Stadium
2019_13_SF_BAL,2019,REG,13,2019-12-01,Sunday,13:00,SF,17.0,BAL,20.0,Home,3.0,37.0,0.0,401128027,7,6,5.5,-100.0,-110.0,45.0,212.0,-242.0,0,outdoors,grass,00-0031345,00-0034796,Jimmy Garoppolo,Lamar Jackson,BAL00,M&T Bank Stadium
2019_13_TB_JAX,2019,REG,13,2019-12-01,Sunday,13:00,TB,28.0,JAX,11.0,Home,-17.0,39.0,0.0,401128063,7,7,-3.0,-105.0,-105.0,46.5,-155.0,140.0,0,outdoors,grass,00-0031503,00-0029567,Jameis Winston,Nick Foles,JAX00,TIAA Bank Stadium
2019_13_TEN_IND,2019,REG,13,2019-12-01,Sunday,13:00,TEN,31.0,IND,17.0,Home,-14.0,48.0,0.0,401128058,7,10,-1.0,-102.0,-108.0,41.5,-109.0,-101.0,1,closed,fieldturf,00-0029701,00-0033119,Ryan Tannehill,Jacoby Brissett,IND00,Lucas Oil Stadium
2019_13_WAS_CAR,2019,REG,13,2019-12-01,Sunday,13:00,WAS,29.0,CAR,21.0,Home,-8.0,50.0,0.0,401128032,7,7,10.5,-110.0,-100.0,38.5,391.0,-482.0,0,outdoors,grass,00-0035232,00-0034577,Dwayne Haskins,Kyle Allen,CAR00,Bank of America Stadium
2019_13_MIN_SEA,2019,REG,13,2019-12-02,Monday,20:15,MIN,30.0,SEA,37.0,Home,7.0,67.0,0.0,401128112,15,8,2.5,112.0,-124.0,48.0,138.0,-154.0,0,outdoors,fieldturf,00-0029604,00-0029263,Kirk Cousins,Russell Wilson,SEA00,CenturyLink Field
2019_14_DAL_CHI,2019,REG,14,2019-12-05,Thursday,20:20,DAL,24.0,CHI,31.0,Home,7.0,55.0,0.0,401127871,7,7,-3.0,-109.0,-101.0,43.0,-167.0,150.0,0,outdoors,grass,00-0033077,00-0033869,Dak Prescott,Mitch Trubisky,CHI98,Soldier Field
2019_14_BAL_BUF,2019,REG,14,2019-12-08,Sunday,13:00,BAL,24.0,BUF,17.0,Home,-7.0,41.0,0.0,401127868,7,10,-6.5,100.0,-110.0,44.0,-264.0,230.0,0,outdoors,astroturf,00-0034796,00-0034857,Lamar Jackson,Josh Allen,BUF00,New Era Field
2019_14_CAR_ATL,2019,REG,14,2019-12-08,Sunday,13:00,CAR,20.0,ATL,40.0,Home,20.0,60.0,0.0,401127869,7,10,3.5,-110.0,100.0,48.0,161.0,-180.0,1,closed,fieldturf,00-0034577,00-0026143,Kyle Allen,Matt Ryan,ATL97,Mercedes-Benz Stadium
2019_14_CIN_CLE,2019,REG,14,2019-12-08,Sunday,13:00,CIN,19.0,CLE,27.0,Home,8.0,46.0,0.0,401127867,7,7,6.5,-112.0,101.0,43.0,234.0,-269.0,1,outdoors,grass,00-0027973,00-0034855,Andy Dalton,Baker Mayfield,CLE00,FirstEnergy Stadium
2019_14_DEN_HOU,2019,REG,14,2019-12-08,Sunday,13:00,DEN,38.0,HOU,24.0,Home,-14.0,62.0,0.0,401127920,7,7,8.0,-103.0,-107.0,42.5,325.0,-389.0,0,closed,grass,00-0035704,00-0033537,Drew Lock,Deshaun Watson,HOU00,NRG Stadium
2019_14_DET_MIN,2019,REG,14,2019-12-08,Sunday,13:00,DET,7.0,MIN,20.0,Home,13.0,27.0,0.0,401127926,10,6,12.0,-117.0,106.0,43.5,463.0,-587.0,1,dome,sportturf,00-0035040,00-0029604,David Blough,Kirk Cousins,MIN01,U.S. Bank Stadium
2019_14_IND_TB,2019,REG,14,2019-12-08,Sunday,13:00,IND,35.0,TB,38.0,Home,3.0,73.0,0.0,401127994,7,7,3.0,101.0,-111.0,46.5,149.0,-166.0,0,outdoors,grass,00-0033119,00-0031503,Jacoby Brissett,Jameis Winston,TAM00,Raymond James Stadium
2019_14_KC_NE,2019,REG,14,2019-12-08,Sunday,16:25,KC,23.0,NE,16.0,Home,-7.0,39.0,0.0,401127930,7,7,3.0,-107.0,-103.0,49.5,135.0,-150.0,0,outdoors,grass,00-0033873,00-0019596,Patrick Mahomes,Tom Brady,BOS00,Gillette Stadium
2019_14_LAC_JAX,2019,REG,14,2019-12-08,Sunday,16:05,LAC,45.0,JAX,10.0,Home,-35.0,55.0,0.0,401127997,7,7,-3.5,-101.0,-110.0,42.0,-179.0,160.0,0,outdoors,grass,00-0022942,00-0035289,Philip Rivers,Gardner Minshew,JAX00,TIAA Bank Stadium
2019_14_MIA_NYJ,2019,REG,14,2019-12-08,Sunday,13:00,MIA,21.0,NYJ,22.0,Home,1.0,43.0,0.0,401127969,7,7,5.0,-110.0,100.0,47.0,189.0,-213.0,1,outdoors,fieldturf,00-0023682,00-0034869,Ryan Fitzpatrick,Sam Darnold,NYC01,MetLife Stadium
2019_14_PIT_ARI,2019,REG,14,2019-12-08,Sunday,16:25,PIT,23.0,ARI,17.0,Home,-6.0,40.0,0.0,401128002,7,7,-2.5,-100.0,-110.0,43.5,-130.0,117.0,0,closed,grass,00-0035577,00-0035228,Devlin Hodges,Kyler Murray,PHO00,State Farm Stadium
2019_14_SEA_LA,2019,REG,14,2019-12-08,Sunday,20:20,SEA,12.0,LA,28.0,Home,16.0,40.0,0.0,401128009,6,7,1.0,102.0,-112.0,47.5,109.0,-120.0,1,outdoors,grass,00-0029263,00-0033106,Russell Wilson,Jared Goff,LAX99,Los Angeles Memorial Coliseum
2019_14_SF_NO,2019,REG,14,2019-12-08,Sunday,13:00,SF,48.0,NO,46.0,Home,-2.0,94.0,0.0,401127964,7,10,1.0,-101.0,-109.0,45.0,105.0,-116.0,0,dome,astroturf,00-0031345,00-0020531,Jimmy Garoppolo,Drew Brees,NOR00,Mercedes-Benz Superdome
2019_14_TEN_OAK,2019,REG,14,2019-12-08,Sunday,16:25,TEN,42.0,LV,21.0,Home,-21.0,63.0,0.0,401128005,7,7,-3.0,100.0,-111.0,47.0,-152.0,137.0,0,outdoors,grass,00-0029701,00-0031280,Ryan Tannehill,Derek Carr,OAK00,Ring Central Coliseum
2019_14_WAS_GB,2019,REG,14,2019-12-08,Sunday,13:00,WAS,15.0,GB,20.0,Home,5.0,35.0,0.0,401127916,7,7,13.0,-106.0,-104.0,42.5,568.0,-752.0,0,outdoors,grass,00-0035232,00-0023459,Dwayne Haskins,Aaron Rodgers,GNB00,Lambeau Field
2019_14_NYG_PHI,2019,REG,14,2019-12-09,Monday,20:15,NYG,17.0,PHI,23.0,Home,6.0,40.0,1.0,401128013,8,8,9.5,-106.0,-104.0,45.5,341.0,-411.0,1,outdoors,grass,00-0022803,00-0032950,Eli Manning,Carson Wentz,PHI00,Lincoln Financial Field
2019_15_NYJ_BAL,2019,REG,15,2019-12-12,Thursday,20:20,NYJ,21.0,BAL,42.0,Home,21.0,63.0,0.0,401128020,4,4,17.0,-105.0,-105.0,44.0,775.0,-1105.0,0,outdoors,grass,00-0034869,00-0034796,Sam Darnold,Lamar Jackson,BAL00,M&T Bank Stadium
2019_15_ATL_SF,2019,REG,15,2019-12-15,Sunday,16:25,ATL,29.0,SF,22.0,Home,-7.0,51.0,0.0,401128108,7,7,10.5,-117.0,106.0,50.0,376.0,-460.0,0,outdoors,grass,00-0026143,00-0031345,Matt Ryan,Jimmy Garoppolo,SFO01,Levi's Stadium
2019_15_BUF_PIT,2019,REG,15,2019-12-15,Sunday,20:20,BUF,17.0,PIT,10.0,Home,-7.0,27.0,0.0,401128065,7,7,1.0,-105.0,-105.0,37.0,101.0,-112.0,0,outdoors,grass,00-0034857,00-0035577,Josh Allen,Devlin Hodges,PIT00,Heinz Field
2019_15_CHI_GB,2019,REG,15,2019-12-15,Sunday,13:00,CHI,13.0,GB,21.0,Home,8.0,34.0,0.0,401128031,10,7,4.0,107.0,-118.0,40.0,192.0,-218.0,1,outdoors,grass,00-0033869,00-0023459,Mitch Trubisky,Aaron Rodgers,GNB00,Lambeau Field
2019_15_CLE_ARI,2019,REG,15,2019-12-15,Sunday,16:05,CLE,24.0,ARI,38.0,Home,14.0,62.0,0.0,401128094,7,7,-3.0,-107.0,-103.0,49.0,-156.0,140.0,0,closed,grass,00-0034855,00-0035228,Baker Mayfield,Kyler Murray,PHO00,State Farm Stadium
2019_15_DEN_KC,2019,REG,15,2019-12-15,Sunday,13:00,DEN,3.0,KC,23.0,Home,20.0,26.0,0.0,401128056,7,7,10.0,-125.0,113.0,43.0,352.0,-426.0,1,outdoors,astroturf,00-0035704,00-0033873,Drew Lock,Patrick Mahomes,KAN00,Arrowhead Stadium
2019_15_HOU_TEN,2019,REG,15,2019-12-15,Sunday,13:00,HOU,24.0,TEN,21.0,Home,-3.0,45.0,0.0,401128068,7,7,3.0,103.0,-113.0,50.0,148.0,-165.0,1,outdoors,grass,00-0033537,00-0029701,Deshaun Watson,Ryan Tannehill,NAS00,Nissan Stadium
2019_15_JAX_OAK,2019,REG,15,2019-12-15,Sunday,16:05,JAX,20.0,LV,16.0,Home,-4.0,36.0,0.0,401128099,7,7,7.0,-114.0,103.0,47.0,255.0,-297.0,0,outdoors,grass,00-0035289,00-0031280,Gardner Minshew,Derek Carr,OAK00,Ring Central Coliseum
2019_15_LA_DAL,2019,REG,15,2019-12-15,Sunday,16:25,LA,21.0,DAL,44.0,Home,23.0,65.0,0.0,401128103,7,10,-1.0,-108.0,-102.0,48.5,-115.0,104.0,0,closed,fieldturf,00-0033106,00-0033077,Jared Goff,Dak Prescott,DAL00,AT&T Stadium
2019_15_MIA_NYG,2019,REG,15,2019-12-15,Sunday,13:00,MIA,20.0,NYG,36.0,Home,16.0,56.0,0.0,401128060,7,6,3.5,-108.0,-102.0,47.0,165.0,-185.0,0,outdoors,fieldturf,00-0023682,00-0022803,Ryan Fitzpatrick,Eli Manning,NYC01,MetLife Stadium
2019_15_MIN_LAC,2019,REG,15,2019-12-15,Sunday,16:05,MIN,39.0,LAC,10.0,Home,-29.0,49.0,0.0,401128113,7,7,-1.0,-111.0,101.0,45.0,-118.0,107.0,0,outdoors,grass,00-0029604,00-0022942,Kirk Cousins,Philip Rivers,LAX97,StubHub Center
2019_15_NE_CIN,2019,REG,15,2019-12-15,Sunday,13:00,NE,34.0,CIN,13.0,Home,-21.0,47.0,0.0,401127955,7,7,-10.5,-101.0,-110.0,42.0,-468.0,381.0,0,outdoors,grass,00-0019596,00-0027973,Tom Brady,Andy Dalton,CIN00,Paul Brown Stadium
2019_15_PHI_WAS,2019,REG,15,2019-12-15,Sunday,13:00,PHI,37.0,WAS,27.0,Home,-10.0,64.0,0.0,401128071,6,7,-7.0,105.0,-116.0,38.0,-286.0,247.0,1,outdoors,grass,00-0032950,00-0035232,Carson Wentz,Dwayne Haskins,WAS00,FedExField
2019_15_SEA_CAR,2019,REG,15,2019-12-15,Sunday,13:00,SEA,30.0,CAR,24.0,Home,-6.0,54.0,0.0,401128024,7,7,-6.0,-104.0,-106.0,48.5,-250.0,218.0,0,outdoors,grass,00-0029263,00-0034577,Russell Wilson,Kyle Allen,CAR00,Bank of America Stadium
2019_15_TB_DET,2019,REG,15,2019-12-15,Sunday,13:00,TB,38.0,DET,17.0,Home,-21.0,55.0,0.0,401128028,7,7,-5.5,-111.0,101.0,46.0,-239.0,210.0,0,dome,fieldturf,00-0031503,00-0035040,Jameis Winston,David Blough,DET00,Ford Field
2019_15_IND_NO,2019,REG,15,2019-12-16,Monday,20:15,IND,7.0,NO,34.0,Home,27.0,41.0,0.0,401128117,8,8,8.0,-106.0,-104.0,48.5,315.0,-376.0,0,dome,astroturf,00-0033119,00-0020531,Jacoby Brissett,Drew Brees,NOR00,Mercedes-Benz Superdome
2019_16_BUF_NE,2019,REG,16,2019-12-21,Saturday,16:30,BUF,17.0,NE,24.0,Home,7.0,41.0,0.0,401127898,7,7,7.0,-111.0,101.0,39.5,250.0,-289.0,1,outdoors,grass,00-0034857,00-0019596,Josh Allen,Tom Brady,BOS00,Gillette Stadium
2019_16_HOU_TB,2019,REG,16,2019-12-21,Saturday,13:00,HOU,23.0,TB,20.0,Home,-3.0,43.0,0.0,401127901,7,7,-3.0,102.0,-112.0,50.0,-150.0,135.0,0,outdoors,grass,00-0033537,00-0031503,Deshaun Watson,Jameis Winston,TAM00,Raymond James Stadium
2019_16_LA_SF,2019,REG,16,2019-12-21,Saturday,20:15,LA,31.0,SF,34.0,Home,3.0,65.0,0.0,401127900,7,7,7.0,100.0,-110.0,45.5,274.0,-320.0,1,outdoors,grass,00-0033106,00-0031345,Jared Goff,Jimmy Garoppolo,SFO01,Levi's Stadium
2019_16_ARI_SEA,2019,REG,16,2019-12-22,Sunday,16:25,ARI,27.0,SEA,13.0,Home,-14.0,40.0,0.0,401127941,7,7,8.0,-111.0,101.0,51.0,322.0,-385.0,1,outdoors,fieldturf,00-0035228,00-0029263,Kyler Murray,Russell Wilson,SEA00,CenturyLink Field
2019_16_BAL_CLE,2019,REG,16,2019-12-22,Sunday,13:00,BAL,31.0,CLE,15.0,Home,-16.0,46.0,0.0,401127904,10,7,-9.5,-104.0,-106.0,48.5,-370.0,311.0,1,outdoors,grass,00-0034796,00-0034855,Lamar Jackson,Baker Mayfield,CLE00,FirstEnergy Stadium
2019_16_CAR_IND,2019,REG,16,2019-12-22,Sunday,13:00,CAR,6.0,IND,38.0,Home,32.0,44.0,0.0,401127906,7,6,7.5,-122.0,110.0,46.0,264.0,-308.0,0,closed,fieldturf,00-0035251,00-0033119,Will Grier,Jacoby Brissett,IND00,Lucas Oil Stadium
2019_16_CIN_MIA,2019,REG,16,2019-12-22,Sunday,13:00,CIN,35.0,MIA,38.0,Home,3.0,73.0,1.0,401127910,7,7,-1.5,-106.0,-104.0,46.0,-118.0,107.0,0,outdoors,grass,00-0027973,00-0023682,Andy Dalton,Ryan Fitzpatrick,MIA00,Hard Rock Stadium
2019_16_DAL_PHI,2019,REG,16,2019-12-22,Sunday,16:25,DAL,9.0,PHI,17.0,Home,8.0,26.0,0.0,401127938,7,7,-2.0,101.0,-112.0,47.0,-120.0,109.0,1,outdoors,grass,00-0033077,00-0032950,Dak Prescott,Carson Wentz,PHI00,Lincoln Financial Field
2019_16_DET_DEN,2019,REG,16,2019-12-22,Sunday,16:05,DET,17.0,DEN,27.0,Home,10.0,44.0,0.0,401127893,7,7,9.5,102.0,-112.0,40.0,333.0,-400.0,0,outdoors,grass,00-0035040,00-0035704,David Blough,Drew Lock,DEN00,Empower Field at Mile High
2019_16_JAX_ATL,2019,REG,16,2019-12-22,Sunday,13:00,JAX,12.0,ATL,24.0,Home,12.0,36.0,0.0,401127903,7,7,7.5,-114.0,103.0,48.0,268.0,-313.0,0,closed,fieldturf,00-0035289,00-0026143,Gardner Minshew,Matt Ryan,ATL97,Mercedes-Benz Stadium
2019_16_KC_CHI,2019,REG,16,2019-12-22,Sunday,20:20,KC,26.0,CHI,3.0,Home,-23.0,29.0,0.0,401127943,7,7,-6.5,-109.0,-101.0,45.5,-295.0,254.0,0,outdoors,grass,00-0033873,00-0033869,Patrick Mahomes,Mitch Trubisky,CHI98,Soldier Field
2019_16_NO_TEN,2019,REG,16,2019-12-22,Sunday,13:00,NO,38.0,TEN,28.0,Home,-10.0,66.0,0.0,401127935,6,7,-3.5,103.0,-113.0,49.0,-178.0,159.0,0,outdoors,grass,00-0020531,00-0029701,Drew Brees,Ryan Tannehill,NAS00,Nissan Stadium
2019_16_NYG_WAS,2019,REG,16,2019-12-22,Sunday,13:00,NYG,41.0,WAS,35.0,Home,-6.0,76.0,1.0,401127937,7,7,-1.0,-106.0,-104.0,42.0,-112.0,102.0,1,outdoors,grass,00-0035710,00-0035232,Daniel Jones,Dwayne Haskins,WAS00,FedExField
2019_16_OAK_LAC,2019,REG,16,2019-12-22,Sunday,16:05,LV,24.0,LAC,17.0,Home,-7.0,41.0,0.0,401127896,7,7,7.5,-113.0,103.0,45.0,274.0,-321.0,1,outdoors,grass,00-0031280,00-0022942,Derek Carr,Philip Rivers,LAX97,StubHub Center
2019_16_PIT_NYJ,2019,REG,16,2019-12-22,Sunday,13:00,PIT,10.0,NYJ,16.0,Home,6.0,26.0,0.0,401127933,7,10,-3.0,-116.0,105.0,36.5,-171.0,153.0,0,outdoors,fieldturf,00-0035577,00-0034869,Devlin Hodges,Sam Darnold,NYC01,MetLife Stadium
2019_16_GB_MIN,2019,REG,16,2019-12-23,Monday,20:15,GB,23.0,MIN,10.0,Home,-13.0,33.0,0.0,401127946,8,8,4.0,-102.0,-108.0,47.0,179.0,-202.0,1,dome,sportturf,00-0023459,00-0029604,Aaron Rodgers,Kirk Cousins,MIN01,U.S. Bank Stadium
2019_17_ARI_LA,2019,REG,17,2019-12-29,Sunday,16:25,ARI,24.0,LA,31.0,Home,7.0,55.0,0.0,401128038,7,7,7.0,-118.0,107.0,46.0,235.0,-271.0,1,outdoors,grass,00-0035228,00-0033106,Kyler Murray,Jared Goff,LAX99,Los Angeles Memorial Coliseum
2019_17_ATL_TB,2019,REG,17,2019-12-29,Sunday,13:00,ATL,28.0,TB,22.0,Home,-6.0,50.0,1.0,401128034,7,7,1.0,101.0,-111.0,48.0,109.0,-120.0,1,outdoors,grass,00-0026143,00-0031503,Matt Ryan,Jameis Winston,TAM00,Raymond James Stadium
2019_17_CHI_MIN,2019,REG,17,2019-12-29,Sunday,13:00,CHI,21.0,MIN,19.0,Home,-2.0,40.0,0.0,401127991,7,6,-5.5,-110.0,-100.0,36.5,-230.0,203.0,1,dome,sportturf,00-0033869,00-0032245,Mitch Trubisky,Sean Mannion,MIN01,U.S. Bank Stadium
2019_17_CLE_CIN,2019,REG,17,2019-12-29,Sunday,13:00,CLE,23.0,CIN,33.0,Home,10.0,56.0,0.0,401127978,7,7,-2.5,-107.0,-103.0,44.0,-137.0,124.0,1,outdoors,grass,00-0034855,00-0027973,Baker Mayfield,Andy Dalton,CIN00,Paul Brown Stadium
2019_17_GB_DET,2019,REG,17,2019-12-29,Sunday,13:00,GB,23.0,DET,20.0,Home,-3.0,43.0,0.0,401127983,6,7,-13.5,103.0,-114.0,44.0,-656.0,508.0,1,dome,fieldturf,00-0023459,00-0035040,Aaron Rodgers,David Blough,DET00,Ford Field
2019_17_IND_JAX,2019,REG,17,2019-12-29,Sunday,16:25,IND,20.0,JAX,38.0,Home,18.0,58.0,0.0,401127988,7,7,-5.0,-109.0,-101.0,41.5,-232.0,204.0,1,outdoors,grass,00-0033119,00-0035289,Jacoby Brissett,Gardner Minshew,JAX00,TIAA Bank Stadium
2019_17_LAC_KC,2019,REG,17,2019-12-29,Sunday,13:00,LAC,21.0,KC,31.0,Home,10.0,52.0,0.0,401127990,7,7,10.0,-110.0,-100.0,46.0,325.0,-389.0,1,outdoors,astroturf,00-0022942,00-0033873,Philip Rivers,Patrick Mahomes,KAN00,Arrowhead Stadium
2019_17_MIA_NE,2019,REG,17,2019-12-29,Sunday,13:00,MIA,27.0,NE,24.0,Home,-3.0,51.0,0.0,401127909,7,7,17.5,-109.0,-102.0,46.0,781.0,-1117.0,1,outdoors,grass,00-0023682,00-0019596,Ryan Fitzpatrick,Tom Brady,BOS00,Gillette Stadium
2019_17_NO_CAR,2019,REG,17,2019-12-29,Sunday,13:00,NO,42.0,CAR,10.0,Home,-32.0,52.0,0.0,401127975,7,7,-13.5,-106.0,-104.0,45.0,-660.0,510.0,1,outdoors,grass,00-0020531,00-0035251,Drew Brees,Will Grier,CAR00,Bank of America Stadium
2019_17_NYJ_BUF,2019,REG,17,2019-12-29,Sunday,13:00,NYJ,13.0,BUF,6.0,Home,-7.0,19.0,0.0,401127973,7,7,-1.5,-110.0,-100.0,37.0,-124.0,112.0,1,outdoors,astroturf,00-0034869,00-0030533,Sam Darnold,Matt Barkley,BUF00,New Era Field
2019_17_OAK_DEN,2019,REG,17,2019-12-29,Sunday,16:25,LV,15.0,DEN,16.0,Home,1.0,31.0,0.0,401128036,7,7,5.5,-110.0,-101.0,41.5,195.0,-221.0,1,outdoors,grass,00-0031280,00-0035704,Derek Carr,Drew Lock,DEN00,Empower Field at Mile High
2019_17_PHI_NYG,2019,REG,17,2019-12-29,Sunday,16:25,PHI,34.0,NYG,17.0,Home,-17.0,51.0,0.0,401128033,7,7,-4.0,-102.0,-108.0,44.0,-198.0,176.0,1,outdoors,fieldturf,00-0032950,00-0035710,Carson Wentz,Daniel Jones,NYC01,MetLife Stadium
2019_17_PIT_BAL,2019,REG,17,2019-12-29,Sunday,16:25,PIT,10.0,BAL,28.0,Home,18.0,38.0,0.0,401127950,7,7,-2.0,-113.0,102.0,35.0,-135.0,122.0,1,outdoors,grass,00-0035577,00-0029665,Devlin Hodges,Robert Griffin,BAL00,M&T Bank Stadium
2019_17_SF_SEA,2019,REG,17,2019-12-29,Sunday,20:20,SF,26.0,SEA,21.0,Home,-5.0,47.0,0.0,401128040,7,7,-3.5,101.0,-112.0,47.0,-177.0,159.0,1,outdoors,fieldturf,00-0031345,00-0029263,Jimmy Garoppolo,Russell Wilson,SEA00,CenturyLink Field
2019_17_TEN_HOU,2019,REG,17,2019-12-29,Sunday,16:25,TEN,35.0,HOU,14.0,Home,-21.0,49.0,0.0,401127984,7,7,-10.0,106.0,-117.0,43.0,-366.0,308.0,1,closed,grass,00-0029701,00-0031288,Ryan Tannehill,A.J. McCarron,HOU00,NRG Stadium
2019_17_WAS_DAL,2019,REG,17,2019-12-29,Sunday,16:25,WAS,16.0,DAL,47.0,Home,31.0,63.0,0.0,401127980,7,7,13.0,-105.0,-105.0,47.5,485.0,-621.0,1,closed,fieldturf,00-0028986,00-0033077,Case Keenum,Dak Prescott,DAL00,AT&T Stadium
2019_18_BUF_HOU,2019,WC,18,2020-01-04,Saturday,16:35,BUF,19.0,HOU,22.0,Home,3.0,41.0,1.0,401131037,6,6,2.5,103.0,-114.0,43.0,130.0,-144.0,0,closed,grass,00-0034857,00-0033537,Josh Allen,Deshaun Watson,HOU00,NRG Stadium
2019_18_TEN_NE,2019,WC,18,2020-01-04,Saturday,20:15,TEN,20.0,NE,13.0,Home,-7.0,33.0,0.0,401131036,6,6,4.5,-101.0,-109.0,45.0,190.0,-214.0,0,outdoors,grass,00-0029701,00-0019596,Ryan Tannehill,Tom Brady,BOS00,Gillette Stadium
2019_18_MIN_NO,2019,WC,18,2020-01-05,Sunday,13:05,MIN,26.0,NO,20.0,Home,-6.0,46.0,1.0,401131038,7,7,7.5,-115.0,104.0,50.0,300.0,-355.0,0,dome,astroturf,00-0029604,00-0020531,Kirk Cousins,Drew Brees,NOR00,Mercedes-Benz Superdome
2019_18_SEA_PHI,2019,WC,18,2020-01-05,Sunday,16:40,SEA,17.0,PHI,9.0,Home,-8.0,26.0,0.0,401131039,7,7,1.0,-100.0,-110.0,44.0,108.0,-119.0,0,outdoors,grass,00-0029263,00-0032950,Russell Wilson,Carson Wentz,PHI00,Lincoln Financial Field
2019_19_MIN_SF,2019,DIV,19,2020-01-11,Saturday,16:35,MIN,10.0,SF,27.0,Home,17.0,37.0,0.0,401131040,6,13,7.0,-100.0,-110.0,44.5,276.0,-323.0,0,outdoors,grass,00-0029604,00-0031345,Kirk Cousins,Jimmy Garoppolo,SFO01,Levi's Stadium
2019_19_TEN_BAL,2019,DIV,19,2020-01-11,Saturday,20:15,TEN,28.0,BAL,12.0,Home,-16.0,40.0,0.0,401131041,7,13,10.0,-107.0,-103.0,47.5,361.0,-439.0,0,outdoors,grass,00-0029701,00-0034796,Ryan Tannehill,Lamar Jackson,BAL00,M&T Bank Stadium
2019_19_HOU_KC,2019,DIV,19,2020-01-12,Sunday,15:05,HOU,31.0,KC,51.0,Home,20.0,82.0,0.0,401131043,8,14,10.0,-105.0,-105.0,50.5,376.0,-461.0,0,outdoors,astroturf,00-0033537,00-0033873,Deshaun Watson,Patrick Mahomes,KAN00,Arrowhead Stadium
2019_19_SEA_GB,2019,DIV,19,2020-01-12,Sunday,18:40,SEA,23.0,GB,28.0,Home,5.0,51.0,0.0,401131042,7,14,4.5,-102.0,-108.0,46.0,197.0,-224.0,0,outdoors,grass,00-0029263,00-0023459,Russell Wilson,Aaron Rodgers,GNB00,Lambeau Field
2019_20_GB_SF,2019,CON,20,2020-01-19,Sunday,18:40,GB,20.0,SF,37.0,Home,17.0,57.0,0.0,401131045,7,8,8.0,-107.0,-103.0,46.5,315.0,-375.0,0,outdoors,grass,00-0023459,00-0031345,Aaron Rodgers,Jimmy Garoppolo,SFO01,Levi's Stadium
2019_20_TEN_KC,2019,CON,20,2020-01-19,Sunday,15:05,TEN,24.0,KC,35.0,Home,11.0,59.0,0.0,401131044,8,7,7.5,-117.0,106.0,51.0,286.0,-337.0,0,outdoors,astroturf,00-0029701,00-0033873,Ryan Tannehill,Patrick Mahomes,KAN00,Arrowhead Stadium
2019_21_SF_KC,2019,SB,21,2020-02-02,Sunday,18:30,SF,20.0,KC,31.0,Neutral,11.0,51.0,0.0,401131047,14,14,1.5,-101.0,-109.0,52.5,113.0,-125.0,0,outdoors,grass,00-0031345,00-0033873,Jimmy Garoppolo,Patrick Mahomes,MIA00,Hard Rock Stadium
2020_01_HOU_KC,2020,REG,1,2020-09-10,Thursday,20:20,HOU,20.0,KC,34.0,Home,14.0,54.0,0.0,401220225,7,7,9.5,-105.0,-105.0,53.5,349.0,-423.0,0,outdoors,grass,00-0033537,00-0033873,Deshaun Watson,Patrick Mahomes,KAN00,Arrowhead Stadium
2020_01_ARI_SF,2020,REG,1,2020-09-13,Sunday,16:25,ARI,24.0,SF,20.0,Home,-4.0,44.0,0.0,401220352,7,7,7.0,-123.0,111.0,48.5,242.0,-280.0,1,outdoors,grass,00-0035228,00-0031345,Kyler Murray,Jimmy Garoppolo,SFO01,Levi's Stadium
2020_01_CHI_DET,2020,REG,1,2020-09-13,Sunday,13:00,CHI,27.0,DET,23.0,Home,-4.0,50.0,0.0,401220282,7,7,2.5,-108.0,-102.0,42.5,116.0,-128.0,1,dome,fieldturf,00-0033869,00-0026498,Mitch Trubisky,Matthew Stafford,DET00,Ford Field
2020_01_CLE_BAL,2020,REG,1,2020-09-13,Sunday,13:00,CLE,6.0,BAL,38.0,Home,32.0,44.0,0.0,401220147,7,7,7.0,-107.0,-103.0,47.0,260.0,-302.0,1,outdoors,grass,00-0034855,00-0034796,Baker Mayfield,Lamar Jackson,BAL00,M&T Bank Stadium
2020_01_DAL_LA,2020,REG,1,2020-09-13,Sunday,20:20,DAL,17.0,LA,20.0,Home,3.0,37.0,0.0,401220347,7,7,1.0,-103.0,-107.0,52.0,103.0,-114.0,0,dome,matrixturf,00-0033077,00-0033106,Dak Prescott,Jared Goff,LAX01,SoFi Stadium
2020_01_GB_MIN,2020,REG,1,2020-09-13,Sunday,13:00,GB,43.0,MIN,34.0,Home,-9.0,77.0,0.0,401220300,7,7,1.0,-103.0,-107.0,45.0,103.0,-114.0,1,dome,sportturf,00-0023459,00-0029604,Aaron Rodgers,Kirk Cousins,MIN01,U.S. Bank Stadium
2020_01_IND_JAX,2020,REG,1,2020-09-13,Sunday,13:00,IND,20.0,JAX,27.0,Home,7.0,47.0,0.0,401220195,7,7,-7.0,-108.0,-102.0,44.0,-309.0,265.0,1,outdoors,grass,00-0022942,00-0035289,Philip Rivers,Gardner Minshew,JAX00,TIAA Bank Stadium
2020_01_LAC_CIN,2020,REG,1,2020-09-13,Sunday,16:05,LAC,16.0,CIN,13.0,Home,-3.0,29.0,0.0,401220161,7,7,-2.5,-100.0,-110.0,41.5,-129.0,117.0,0,outdoors,grass,00-0028118,00-0036442,Tyrod Taylor,Joe Burrow,CIN00,Paul Brown Stadium
2020_01_LV_CAR,2020,REG,1,2020-09-13,Sunday,13:00,LV,34.0,CAR,30.0,Home,-4.0,64.0,0.0,401220370,7,7,-3.0,-112.0,-113.0,48.0,-124.0,134.0,0,outdoors,grass,00-0031280,00-0031237,Derek Carr,Teddy Bridgewater,CAR00,Bank of America Stadium
2020_01_MIA_NE,2020,REG,1,2020-09-13,Sunday,13:00,MIA,11.0,NE,21.0,Home,10.0,32.0,0.0,401220131,7,7,7.5,-112.0,102.0,41.5,278.0,-327.0,1,outdoors,grass,00-0023682,00-0027939,Ryan Fitzpatrick,Cam Newton,BOS00,Gillette Stadium
2020_01_NYJ_BUF,2020,REG,1,2020-09-13,Sunday,13:00,NYJ,17.0,BUF,27.0,Home,10.0,44.0,0.0,401220116,7,7,6.5,-110.0,100.0,39.5,242.0,-279.0,1,outdoors,astroturf,00-0034869,00-0034857,Sam Darnold,Josh Allen,BUF00,New Era Field
2020_01_PHI_WAS,2020,REG,1,2020-09-13,Sunday,13:00,PHI,17.0,WAS,27.0,Home,10.0,44.0,0.0,401220268,7,7,-5.5,-106.0,-104.0,41.5,-227.0,200.0,1,outdoors,grass,00-0032950,00-0035232,Carson Wentz,Dwayne Haskins,WAS00,FedExField
2020_01_SEA_ATL,2020,REG,1,2020-09-13,Sunday,13:00,SEA,38.0,ATL,25.0,Home,-13.0,63.0,0.0,401220313,7,7,1.0,-105.0,-105.0,49.5,102.0,-112.0,0,closed,fieldturf,00-0029263,00-0026143,Russell Wilson,Matt Ryan,ATL97,Mercedes-Benz Stadium
2020_01_TB_NO,2020,REG,1,2020-09-13,Sunday,16:25,TB,23.0,NO,34.0,Home,11.0,57.0,0.0,401220369,7,7,4.0,102.0,-113.0,48.5,174.0,-196.0,1,dome,astroturf,00-0019596,00-0020531,Tom Brady,Drew Brees,NOR00,Mercedes-Benz Superdome
2020_01_PIT_NYG,2020,REG,1,2020-09-14,Monday,19:15,PIT,26.0,NYG,16.0,Home,-10.0,42.0,0.0,401220256,7,7,-6.0,-105.0,-105.0,44.0,-253.0,221.0,0,outdoors,fieldturf,00-0022924,00-0035710,Ben Roethlisberger,Daniel Jones,NYC01,MetLife Stadium
2020_01_TEN_DEN,2020,REG,1,2020-09-14,Monday,22:10,TEN,16.0,DEN,14.0,Home,-2.0,30.0,0.0,401220217,7,7,-3.0,-121.0,109.0,41.0,-175.0,157.0,0,outdoors,grass,00-0029701,00-0035704,Ryan Tannehill,Drew Lock,DEN00,Empower Field at Mile High
2020_02_CIN_CLE,2020,REG,2,2020-09-17,Thursday,20:20,CIN,30.0,CLE,35.0,Home,5.0,65.0,0.0,401220163,4,4,6.0,-111.0,100.0,44.5,213.0,-243.0,1,outdoors,grass,00-0036442,00-0034855,Joe Burrow,Baker Mayfield,CLE00,FirstEnergy Stadium
2020_02_ATL_DAL,2020,REG,2,2020-09-20,Sunday,13:00,ATL,39.0,DAL,40.0,Home,1.0,79.0,0.0,401220249,7,7,3.0,-119.0,108.0,53.0,131.0,-145.0,0,closed,fieldturf,00-0026143,00-0033077,Matt Ryan,Dak Prescott,DAL00,AT&T Stadium
2020_02_BAL_HOU,2020,REG,2,2020-09-20,Sunday,16:25,BAL,33.0,HOU,16.0,Home,-17.0,49.0,0.0,401220181,7,10,-7.5,-102.0,-108.0,49.5,-344.0,292.0,0,closed,grass,00-0034796,00-0033537,Lamar Jackson,Deshaun Watson,HOU00,NRG Stadium
2020_02_BUF_MIA,2020,REG,2,2020-09-20,Sunday,13:00,BUF,31.0,MIA,28.0,Home,-3.0,59.0,0.0,401220122,7,7,-5.5,-109.0,-101.0,42.5,-244.0,214.0,1,outdoors,grass,00-0034857,00-0023682,Josh Allen,Ryan Fitzpatrick,MIA00,Hard Rock Stadium
2020_02_CAR_TB,2020,REG,2,2020-09-20,Sunday,13:00,CAR,17.0,TB,31.0,Home,14.0,48.0,0.0,401220329,7,7,7.5,-106.0,-104.0,47.0,290.0,-342.0,1,outdoors,grass,00-0031237,00-0019596,Teddy Bridgewater,Tom Brady,TAM00,Raymond James Stadium
2020_02_DEN_PIT,2020,REG,2,2020-09-20,Sunday,13:00,DEN,21.0,PIT,26.0,Home,5.0,47.0,0.0,401220177,6,6,6.0,-100.0,-110.0,41.0,232.0,-267.0,0,outdoors,grass,00-0035704,00-0022924,Drew Lock,Ben Roethlisberger,PIT00,Heinz Field
2020_02_DET_GB,2020,REG,2,2020-09-20,Sunday,13:00,DET,21.0,GB,42.0,Home,21.0,63.0,0.0,401220291,7,7,7.0,-113.0,102.0,51.0,245.0,-284.0,1,outdoors,grass,00-0026498,00-0023459,Matthew Stafford,Aaron Rodgers,GNB00,Lambeau Field
2020_02_JAX_TEN,2020,REG,2,2020-09-20,Sunday,13:00,JAX,30.0,TEN,33.0,Home,3.0,63.0,0.0,401220204,7,6,7.0,-116.0,105.0,44.5,254.0,-295.0,1,outdoors,grass,00-0035289,00-0029701,Gardner Minshew,Ryan Tannehill,NAS00,Nissan Stadium
2020_02_KC_LAC,2020,REG,2,2020-09-20,Sunday,16:25,KC,23.0,LAC,20.0,Home,-3.0,43.0,1.0,401220235,10,7,-8.5,-104.0,-106.0,47.0,-370.0,311.0,1,dome,matrixturf,00-0033873,00-0036355,Patrick Mahomes,Justin Herbert,LAX01,SoFi Stadium
2020_02_LA_PHI,2020,REG,2,2020-09-20,Sunday,13:00,LA,37.0,PHI,19.0,Home,-18.0,56.0,0.0,401220261,7,7,2.0,-107.0,-103.0,46.0,111.0,-123.0,0,outdoors,grass,00-0033106,00-0032950,Jared Goff,Carson Wentz,PHI00,Lincoln Financial Field
2020_02_MIN_IND,2020,REG,2,2020-09-20,Sunday,13:00,MIN,11.0,IND,28.0,Home,17.0,39.0,0.0,401220192,7,7,3.5,-111.0,101.0,49.0,158.0,-176.0,0,closed,fieldturf,00-0029604,00-0022942,Kirk Cousins,Philip Rivers,IND00,Lucas Oil Stadium
2020_02_NE_SEA,2020,REG,2,2020-09-20,Sunday,20:20,NE,30.0,SEA,35.0,Home,5.0,65.0,0.0,401220365,7,7,4.0,-102.0,-108.0,45.0,177.0,-199.0,0,outdoors,fieldturf,00-0027939,00-0029263,Cam Newton,Russell Wilson,SEA00,CenturyLink Field
2020_02_NYG_CHI,2020,REG,2,2020-09-20,Sunday,13:00,NYG,13.0,CHI,17.0,Home,4.0,30.0,0.0,401220281,6,7,4.5,-105.0,-105.0,42.5,196.0,-222.0,0,outdoors,grass,00-0035710,00-0033869,Daniel Jones,Mitch Trubisky,CHI98,Soldier Field
2020_02_SF_NYJ,2020,REG,2,2020-09-20,Sunday,13:00,SF,31.0,NYJ,13.0,Home,-18.0,44.0,0.0,401220144,7,7,-7.0,101.0,-111.0,41.5,-301.0,259.0,0,outdoors,fieldturf,00-0031345,00-0034869,Jimmy Garoppolo,Sam Darnold,NYC01,MetLife Stadium
2020_02_WAS_ARI,2020,REG,2,2020-09-20,Sunday,16:05,WAS,15.0,ARI,30.0,Home,15.0,45.0,0.0,401220340,7,7,7.5,-120.0,109.0,46.5,268.0,-313.0,0,closed,grass,00-0035232,00-0035228,Dwayne Haskins,Kyler Murray,PHO00,State Farm Stadium
2020_02_NO_LV,2020,REG,2,2020-09-21,Monday,20:15,NO,24.0,LV,34.0,Home,10.0,58.0,0.0,401220231,8,8,-4.0,-102.0,-107.0,47.5,-201.0,180.0,0,dome,grass,00-0020531,00-0031280,Drew Brees,Derek Carr,VEG00,Allegiant Stadium
2020_03_MIA_JAX,2020,REG,3,2020-09-24,Thursday,20:20,MIA,31.0,JAX,13.0,Home,-18.0,44.0,0.0,401220201,4,4,3.0,-126.0,114.0,49.0,124.0,-138.0,0,outdoors,grass,00-0023682,00-0035289,Ryan Fitzpatrick,Gardner Minshew,JAX00,TIAA Bank Stadium
2020_03_CAR_LAC,2020,REG,3,2020-09-27,Sunday,16:05,CAR,21.0,LAC,16.0,Home,-5.0,37.0,0.0,401220240,7,7,6.0,-107.0,-103.0,43.5,230.0,-265.0,0,dome,matrixturf,00-0031237,00-0036355,Teddy Bridgewater,Justin Herbert,LAX01,SoFi Stadium
2020_03_CHI_ATL,2020,REG,3,2020-09-27,Sunday,13:00,CHI,30.0,ATL,26.0,Home,-4.0,56.0,0.0,401220309,7,7,2.5,101.0,-111.0,46.0,122.0,-135.0,0,closed,fieldturf,00-0033869,00-0026143,Mitch Trubisky,Matt Ryan,ATL97,Mercedes-Benz Stadium
2020_03_CIN_PHI,2020,REG,3,2020-09-27,Sunday,13:00,CIN,23.0,PHI,23.0,Home,0.0,46.0,1.0,401220264,10,7,5.5,-105.0,-105.0,46.5,205.0,-233.0,0,outdoors,grass,00-0036442,00-0032950,Joe Burrow,Carson Wentz,PHI00,Lincoln Financial Field
2020_03_DAL_SEA,2020,REG,3,2020-09-27,Sunday,16:25,DAL,31.0,SEA,38.0,Home,7.0,69.0,0.0,401220363,7,7,5.5,-104.0,-106.0,58.0,208.0,-237.0,0,outdoors,fieldturf,00-0033077,00-0029263,Dak Prescott,Russell Wilson,SEA00,CenturyLink Field
2020_03_DET_ARI,2020,REG,3,2020-09-27,Sunday,16:25,DET,26.0,ARI,23.0,Home,-3.0,49.0,0.0,401220343,7,7,4.5,-105.0,-105.0,55.5,193.0,-218.0,0,closed,grass,00-0026498,00-0035228,Matthew Stafford,Kyler Murray,PHO00,State Farm Stadium
2020_03_GB_NO,2020,REG,3,2020-09-27,Sunday,20:20,GB,37.0,NO,30.0,Home,-7.0,67.0,0.0,401220323,7,6,3.5,-112.0,102.0,52.0,154.0,-172.0,0,dome,astroturf,00-0023459,00-0020531,Aaron Rodgers,Drew Brees,NOR00,Mercedes-Benz Superdome
2020_03_HOU_PIT,2020,REG,3,2020-09-27,Sunday,13:00,HOU,21.0,PIT,28.0,Home,7.0,49.0,0.0,401220173,7,7,4.0,-110.0,-100.0,46.5,174.0,-196.0,0,outdoors,grass,00-0033537,00-0022924,Deshaun Watson,Ben Roethlisberger,PIT00,Heinz Field
2020_03_LA_BUF,2020,REG,3,2020-09-27,Sunday,13:00,LA,32.0,BUF,35.0,Home,3.0,67.0,0.0,401220119,7,7,1.5,-100.0,-110.0,46.5,114.0,-126.0,0,outdoors,astroturf,00-0033106,00-0034857,Jared Goff,Josh Allen,BUF00,New Era Field
2020_03_LV_NE,2020,REG,3,2020-09-27,Sunday,13:00,LV,20.0,NE,36.0,Home,16.0,56.0,0.0,401220134,6,7,7.0,-105.0,-105.0,47.0,266.0,-311.0,0,outdoors,grass,00-0031280,00-0027939,Derek Carr,Cam Newton,BOS00,Gillette Stadium
2020_03_NYJ_IND,2020,REG,3,2020-09-27,Sunday,16:05,NYJ,7.0,IND,36.0,Home,29.0,43.0,0.0,401220193,7,7,12.5,-109.0,-101.0,44.0,491.0,-630.0,0,closed,fieldturf,00-0034869,00-0022942,Sam Darnold,Philip Rivers,IND00,Lucas Oil Stadium
2020_03_SF_NYG,2020,REG,3,2020-09-27,Sunday,13:00,SF,36.0,NYG,9.0,Home,-27.0,45.0,0.0,401220254,7,7,-3.0,-101.0,-109.0,44.0,-149.0,134.0,0,outdoors,fieldturf,00-0033319,00-0035710,Nick Mullens,Daniel Jones,NYC01,MetLife Stadium
2020_03_TB_DEN,2020,REG,3,2020-09-27,Sunday,16:25,TB,28.0,DEN,10.0,Home,-18.0,38.0,0.0,401220216,7,7,-6.0,-105.0,-105.0,42.5,-264.0,230.0,0,outdoors,grass,00-0019596,00-0032436,Tom Brady,Jeff Driskel,DEN00,Empower Field at Mile High
2020_03_TEN_MIN,2020,REG,3,2020-09-27,Sunday,13:00,TEN,31.0,MIN,30.0,Home,-1.0,61.0,0.0,401220304,7,7,-3.0,-101.0,-109.0,49.5,-155.0,139.0,0,dome,sportturf,00-0029701,00-0029604,Ryan Tannehill,Kirk Cousins,MIN01,U.S. Bank Stadium
2020_03_WAS_CLE,2020,REG,3,2020-09-27,Sunday,13:00,WAS,20.0,CLE,34.0,Home,14.0,54.0,0.0,401220168,7,10,7.5,-115.0,104.0,45.0,282.0,-331.0,0,outdoors,grass,00-0035232,00-0034855,Dwayne Haskins,Baker Mayfield,CLE00,FirstEnergy Stadium
2020_03_KC_BAL,2020,REG,3,2020-09-28,Monday,20:15,KC,34.0,BAL,20.0,Home,-14.0,54.0,0.0,401220153,8,8,3.5,-112.0,102.0,55.0,156.0,-174.0,0,outdoors,grass,00-0033873,00-0034796,Patrick Mahomes,Lamar Jackson,BAL00,M&T Bank Stadium
2020_04_DEN_NYJ,2020,REG,4,2020-10-01,Thursday,20:20,DEN,37.0,NYJ,28.0,Home,-9.0,65.0,0.0,401220141,4,4,1.0,-102.0,-108.0,41.0,104.0,-114.0,0,outdoors,fieldturf,00-0034955,00-0034869,Brett Rypien,Sam Darnold,NYC01,MetLife Stadium
2020_04_ARI_CAR,2020,REG,4,2020-10-04,Sunday,13:00,ARI,21.0,CAR,31.0,Home,10.0,52.0,0.0,401220320,7,7,-3.0,-105.0,-105.0,52.5,-157.0,141.0,0,outdoors,grass,00-0035228,00-0031237,Kyler Murray,Teddy Bridgewater,CAR00,Bank of America Stadium
2020_04_BAL_WAS,2020,REG,4,2020-10-04,Sunday,13:00,BAL,31.0,WAS,17.0,Home,-14.0,48.0,0.0,401220271,6,7,-14.5,104.0,-115.0,45.0,-958.0,692.0,0,outdoors,grass,00-0034796,00-0035232,Lamar Jackson,Dwayne Haskins,WAS00,FedExField
2020_04_BUF_LV,2020,REG,4,2020-10-04,Sunday,16:25,BUF,30.0,LV,23.0,Home,-7.0,53.0,0.0,401220229,7,7,-3.0,-115.0,104.0,53.0,-172.0,154.0,0,dome,grass,00-0034857,00-0031280,Josh Allen,Derek Carr,VEG00,Allegiant Stadium
2020_04_CLE_DAL,2020,REG,4,2020-10-04,Sunday,13:00,CLE,49.0,DAL,38.0,Home,-11.0,87.0,0.0,401220247,7,7,3.5,-111.0,101.0,56.5,157.0,-175.0,0,closed,fieldturf,00-0034855,00-0033077,Baker Mayfield,Dak Prescott,DAL00,AT&T Stadium
2020_04_IND_CHI,2020,REG,4,2020-10-04,Sunday,16:25,IND,19.0,CHI,11.0,Home,-8.0,30.0,0.0,401220280,7,7,-3.5,102.0,-112.0,43.5,-174.0,156.0,0,outdoors,grass,00-0022942,00-0029567,Philip Rivers,Nick Foles,CHI98,Soldier Field
2020_04_JAX_CIN,2020,REG,4,2020-10-04,Sunday,13:00,JAX,25.0,CIN,33.0,Home,8.0,58.0,0.0,401220157,10,7,1.0,-106.0,-104.0,50.0,101.0,-112.0,0,outdoors,grass,00-0035289,00-0036442,Gardner Minshew II,Joe Burrow,CIN00,Paul Brown Stadium
2020_04_LAC_TB,2020,REG,4,2020-10-04,Sunday,13:00,LAC,31.0,TB,38.0,Home,7.0,69.0,0.0,401220334,7,7,7.5,-114.0,103.0,42.5,282.0,-331.0,0,outdoors,grass,00-0036355,00-0019596,Justin Herbert,Tom Brady,TAM00,Raymond James Stadium
2020_04_MIN_HOU,2020,REG,4,2020-10-04,Sunday,13:00,MIN,31.0,HOU,23.0,Home,-8.0,54.0,0.0,401220184,7,7,3.5,-114.0,104.0,52.5,154.0,-172.0,0,closed,grass,00-0029604,00-0033537,Kirk Cousins,Deshaun Watson,HOU00,NRG Stadium
2020_04_NO_DET,2020,REG,4,2020-10-04,Sunday,13:00,NO,35.0,DET,29.0,Home,-6.0,64.0,0.0,401220285,7,7,-3.0,-103.0,-107.0,51.5,-155.0,139.0,0,dome,fieldturf,00-0020531,00-0026498,Drew Brees,Matthew Stafford,DET00,Ford Field
2020_04_NYG_LA,2020,REG,4,2020-10-04,Sunday,16:05,NYG,9.0,LA,17.0,Home,8.0,26.0,0.0,401220348,7,7,13.5,-103.0,-107.0,49.5,652.0,-890.0,0,dome,matrixturf,00-0035710,00-0033106,Daniel Jones,Jared Goff,LAX01,SoFi Stadium
2020_04_PHI_SF,2020,REG,4,2020-10-04,Sunday,20:20,PHI,25.0,SF,20.0,Home,-5.0,45.0,0.0,401220355,7,7,8.5,-116.0,105.0,45.5,273.0,-320.0,0,outdoors,grass,00-0032950,00-0033319,Carson Wentz,Nick Mullens,SFO01,Levi's Stadium
2020_04_SEA_MIA,2020,REG,4,2020-10-04,Sunday,13:00,SEA,31.0,MIA,23.0,Home,-8.0,54.0,0.0,401220128,7,10,-4.5,-106.0,-104.0,55.0,-223.0,196.0,0,outdoors,grass,00-0029263,00-0023682,Russell Wilson,Ryan Fitzpatrick,MIA00,Hard Rock Stadium
2020_04_ATL_GB,2020,REG,4,2020-10-05,Monday,21:00,ATL,16.0,GB,30.0,Home,14.0,46.0,0.0,401220293,8,8,5.0,-110.0,-100.0,56.5,195.0,-221.0,0,outdoors,grass,00-0026143,00-0023459,Matt Ryan,Aaron Rodgers,GNB00,Lambeau Field
2020_04_NE_KC,2020,REG,4,2020-10-05,Monday,19:05,NE,10.0,KC,26.0,Home,16.0,36.0,0.0,401220221,8,7,7.0,-114.0,103.0,52.5,257.0,-299.0,0,outdoors,astroturf,00-0026625,00-0033873,Brian Hoyer,Patrick Mahomes,KAN00,Arrowhead Stadium
2020_05_TB_CHI,2020,REG,5,2020-10-08,Thursday,20:20,TB,19.0,CHI,20.0,Home,1.0,39.0,0.0,401220278,4,4,-3.5,-102.0,-108.0,44.0,-184.0,164.0,0,outdoors,grass,00-0019596,00-0029567,Tom Brady,Nick Foles,CHI98,Soldier Field
2020_05_ARI_NYJ,2020,REG,5,2020-10-11,Sunday,13:00,ARI,30.0,NYJ,10.0,Home,-20.0,40.0,0.0,401220143,7,10,-7.0,106.0,-117.0,48.5,-295.0,254.0,0,outdoors,fieldturf,00-0035228,00-0026158,Kyler Murray,Joe Flacco,NYC01,MetLife Stadium
2020_05_CAR_ATL,2020,REG,5,2020-10-11,Sunday,13:00,CAR,23.0,ATL,16.0,Home,-7.0,39.0,0.0,401220306,7,6,2.5,-101.0,-109.0,53.5,125.0,-139.0,1,closed,fieldturf,00-0031237,00-0026143,Teddy Bridgewater,Matt Ryan,ATL97,Mercedes-Benz Stadium
2020_05_CIN_BAL,2020,REG,5,2020-10-11,Sunday,13:00,CIN,3.0,BAL,27.0,Home,24.0,30.0,0.0,401220146,7,7,12.5,-105.0,-105.0,49.0,547.0,-718.0,1,outdoors,grass,00-0036442,00-0034796,Joe Burrow,Lamar Jackson,BAL00,M&T Bank Stadium
2020_05_IND_CLE,2020,REG,5,2020-10-11,Sunday,16:25,IND,23.0,CLE,32.0,Home,9.0,55.0,0.0,401220166,7,7,1.0,-107.0,-103.0,48.5,-101.0,-110.0,0,outdoors,grass,00-0022942,00-0034855,Philip Rivers,Baker Mayfield,CLE00,FirstEnergy Stadium
2020_05_JAX_HOU,2020,REG,5,2020-10-11,Sunday,13:00,JAX,14.0,HOU,30.0,Home,16.0,44.0,0.0,401220179,7,7,6.5,100.0,-110.0,55.0,243.0,-281.0,1,closed,grass,00-0035289,00-0033537,Gardner Minshew II,Deshaun Watson,HOU00,NRG Stadium
2020_05_LA_WAS,2020,REG,5,2020-10-11,Sunday,13:00,LA,30.0,WAS,10.0,Home,-20.0,40.0,0.0,401220269,7,7,-7.0,-101.0,-109.0,45.0,-305.0,262.0,0,outdoors,grass,00-0033106,00-0034577,Jared Goff,Kyle Allen,WAS00,FedExField
2020_05_LV_KC,2020,REG,5,2020-10-11,Sunday,13:00,LV,40.0,KC,32.0,Home,-8.0,72.0,0.0,401220219,7,6,11.0,-114.0,104.0,54.5,387.0,-476.0,1,outdoors,astroturf,00-0031280,00-0033873,Derek Carr,Patrick Mahomes,KAN00,Arrowhead Stadium
2020_05_MIA_SF,2020,REG,5,2020-10-11,Sunday,16:05,MIA,43.0,SF,17.0,Home,-26.0,60.0,0.0,401220358,7,7,8.5,-119.0,108.0,50.5,301.0,-357.0,0,outdoors,grass,00-0023682,00-0031345,Ryan Fitzpatrick,Jimmy Garoppolo,SFO01,Levi's Stadium
2020_05_MIN_SEA,2020,REG,5,2020-10-11,Sunday,20:20,MIN,26.0,SEA,27.0,Home,1.0,53.0,0.0,401220367,7,7,6.5,-105.0,-105.0,54.0,245.0,-284.0,0,outdoors,fieldturf,00-0029604,00-0029263,Kirk Cousins,Russell Wilson,SEA00,CenturyLink Field
2020_05_NYG_DAL,2020,REG,5,2020-10-11,Sunday,16:25,NYG,34.0,DAL,37.0,Home,3.0,71.0,0.0,401220242,7,7,7.5,-114.0,103.0,52.0,293.0,-347.0,1,closed,fieldturf,00-0035710,00-0033077,Daniel Jones,Dak Prescott,DAL00,AT&T Stadium
2020_05_PHI_PIT,2020,REG,5,2020-10-11,Sunday,13:00,PHI,29.0,PIT,38.0,Home,9.0,67.0,0.0,401220175,7,14,7.5,-103.0,-107.0,44.0,312.0,-372.0,0,outdoors,grass,00-0032950,00-0022924,Carson Wentz,Ben Roethlisberger,PIT00,Heinz Field
2020_05_LAC_NO,2020,REG,5,2020-10-12,Monday,20:15,LAC,27.0,NO,30.0,Home,3.0,57.0,1.0,401220326,8,8,7.0,-106.0,-104.0,49.5,288.0,-339.0,0,dome,astroturf,00-0036355,00-0020531,Justin Herbert,Drew Brees,NOR00,Mercedes-Benz Superdome
2020_05_BUF_TEN,2020,REG,5,2020-10-13,Tuesday,19:00,BUF,16.0,TEN,42.0,Home,26.0,58.0,0.0,401220209,9,16,-3.0,-108.0,-102.0,52.0,-168.0,150.0,0,outdoors,grass,00-0034857,00-0029701,Josh Allen,Ryan Tannehill,NAS00,Nissan Stadium
2020_06_ATL_MIN,2020,REG,6,2020-10-18,Sunday,13:00,ATL,40.0,MIN,23.0,Home,-17.0,63.0,0.0,401220301,7,7,3.5,-102.0,-108.0,53.0,167.0,-188.0,0,dome,sportturf,00-0026143,00-0029604,Matt Ryan,Kirk Cousins,MIN01,U.S. Bank Stadium
2020_06_BAL_PHI,2020,REG,6,2020-10-18,Sunday,13:00,BAL,30.0,PHI,28.0,Home,-2.0,58.0,0.0,401220263,7,7,-10.5,108.0,-119.0,46.5,-422.0,348.0,0,outdoors,grass,00-0034796,00-0032950,Lamar Jackson,Carson Wentz,PHI00,Lincoln Financial Field
2020_06_CHI_CAR,2020,REG,6,2020-10-18,Sunday,13:00,CHI,23.0,CAR,16.0,Home,-7.0,39.0,0.0,401220317,10,7,2.0,-107.0,-103.0,45.0,112.0,-124.0,0,outdoors,grass,00-0029567,00-0031237,Nick Foles,Teddy Bridgewater,CAR00,Bank of America Stadium
2020_06_CIN_IND,2020,REG,6,2020-10-18,Sunday,13:00,CIN,27.0,IND,31.0,Home,4.0,58.0,0.0,401220190,7,7,7.5,-108.0,-102.0,46.0,288.0,-340.0,0,closed,fieldturf,00-0036442,00-0022942,Joe Burrow,Philip Rivers,IND00,Lucas Oil Stadium
2020_06_CLE_PIT,2020,REG,6,2020-10-18,Sunday,13:00,CLE,7.0,PIT,38.0,Home,31.0,45.0,0.0,401220172,7,7,3.0,-102.0,-108.0,50.0,143.0,-159.0,1,outdoors,grass,00-0034855,00-0022924,Baker Mayfield,Ben Roethlisberger,PIT00,Heinz Field
2020_06_DEN_NE,2020,REG,6,2020-10-18,Sunday,13:00,DEN,18.0,NE,12.0,Home,-6.0,30.0,0.0,401220133,17,13,7.0,-103.0,-107.0,43.5,280.0,-328.0,0,outdoors,grass,00-0035704,00-0027939,Drew Lock,Cam Newton,BOS00,Gillette Stadium
2020_06_DET_JAX,2020,REG,6,2020-10-18,Sunday,13:00,DET,34.0,JAX,16.0,Home,-18.0,50.0,0.0,401220200,14,7,-3.0,-105.0,-105.0,52.5,-154.0,139.0,0,outdoors,grass,00-0026498,00-0035289,Matthew Stafford,Gardner Minshew II,JAX00,TIAA Bank Stadium
2020_06_GB_TB,2020,REG,6,2020-10-18,Sunday,16:25,GB,10.0,TB,38.0,Home,28.0,48.0,0.0,401220331,13,10,-3.0,109.0,-121.0,55.0,-145.0,131.0,0,outdoors,grass,00-0023459,00-0019596,Aaron Rodgers,Tom Brady,TAM00,Raymond James Stadium
2020_06_HOU_TEN,2020,REG,6,2020-10-18,Sunday,13:00,HOU,36.0,TEN,42.0,Home,6.0,78.0,1.0,401220202,7,5,4.0,-110.0,100.0,52.0,169.0,-190.0,1,outdoors,grass,00-0033537,00-0029701,Deshaun Watson,Ryan Tannehill,NAS00,Nissan Stadium
2020_06_LA_SF,2020,REG,6,2020-10-18,Sunday,20:20,LA,16.0,SF,24.0,Home,8.0,40.0,0.0,401220353,7,7,-2.0,-103.0,-107.0,51.0,-124.0,112.0,1,outdoors,grass,00-0033106,00-0031345,Jared Goff,Jimmy Garoppolo,SFO01,Levi's Stadium
2020_06_NYJ_MIA,2020,REG,6,2020-10-18,Sunday,16:05,NYJ,0.0,MIA,24.0,Home,24.0,24.0,0.0,401220124,7,7,9.5,103.0,-113.0,46.0,340.0,-410.0,1,outdoors,grass,00-0026158,00-0023682,Joe Flacco,Ryan Fitzpatrick,MIA00,Hard Rock Stadium
2020_06_WAS_NYG,2020,REG,6,2020-10-18,Sunday,13:00,WAS,19.0,NYG,20.0,Home,1.0,39.0,0.0,401220252,7,7,2.0,-103.0,-107.0,42.5,116.0,-128.0,1,outdoors,fieldturf,00-0034577,00-0035710,Kyle Allen,Daniel Jones,NYC01,MetLife Stadium
2020_06_ARI_DAL,2020,REG,6,2020-10-19,Monday,20:15,ARI,38.0,DAL,10.0,Home,-28.0,48.0,0.0,401220245,8,8,1.0,-104.0,-106.0,55.5,103.0,-114.0,0,closed,fieldturf,00-0035228,00-0027973,Kyler Murray,Andy Dalton,DAL00,AT&T Stadium
2020_06_KC_BUF,2020,REG,6,2020-10-19,Monday,17:00,KC,26.0,BUF,17.0,Home,-9.0,43.0,0.0,401220117,8,6,-5.5,-104.0,-106.0,55.0,-230.0,203.0,0,outdoors,astroturf,00-0033873,00-0034857,Patrick Mahomes,Josh Allen,BUF00,New Era Field
2020_07_NYG_PHI,2020,REG,7,2020-10-22,Thursday,20:20,NYG,21.0,PHI,22.0,Home,1.0,43.0,0.0,401220259,4,4,5.0,-109.0,-101.0,44.5,197.0,-223.0,1,outdoors,grass,00-0035710,00-0032950,Daniel Jones,Carson Wentz,PHI00,Lincoln Financial Field
2020_07_BUF_NYJ,2020,REG,7,2020-10-25,Sunday,13:00,BUF,18.0,NYJ,10.0,Home,-8.0,28.0,0.0,401220138,6,7,-9.5,101.0,-111.0,47.0,-391.0,327.0,1,outdoors,fieldturf,00-0034857,00-0034869,Josh Allen,Sam Darnold,NYC01,MetLife Stadium
2020_07_CAR_NO,2020,REG,7,2020-10-25,Sunday,13:00,CAR,24.0,NO,27.0,Home,3.0,51.0,0.0,401220322,7,13,7.0,-107.0,-103.0,49.5,271.0,-317.0,1,dome,astroturf,00-0031237,00-0020531,Teddy Bridgewater,Drew Brees,NOR00,Mercedes-Benz Superdome
2020_07_CLE_CIN,2020,REG,7,2020-10-25,Sunday,13:00,CLE,37.0,CIN,34.0,Home,-3.0,71.0,0.0,401220155,7,7,-4.5,103.0,-114.0,50.0,-201.0,179.0,1,outdoors,grass,00-0034855,00-0036442,Baker Mayfield,Joe Burrow,CIN00,Paul Brown Stadium
2020_07_DAL_WAS,2020,REG,7,2020-10-25,Sunday,13:00,DAL,3.0,WAS,25.0,Home,22.0,28.0,0.0,401220266,6,7,-1.0,-103.0,-107.0,44.5,-110.0,100.0,1,outdoors,grass,00-0027973,00-0034577,Andy Dalton,Kyle Allen,WAS00,FedExField
2020_07_DET_ATL,2020,REG,7,2020-10-25,Sunday,13:00,DET,23.0,ATL,22.0,Home,-1.0,45.0,0.0,401220310,7,7,1.0,-106.0,-104.0,54.0,102.0,-113.0,0,closed,fieldturf,00-0026498,00-0026143,Matthew Stafford,Matt Ryan,ATL97,Mercedes-Benz Stadium
2020_07_GB_HOU,2020,REG,7,2020-10-25,Sunday,13:00,GB,35.0,HOU,20.0,Home,-15.0,55.0,0.0,401220183,7,7,-2.5,-113.0,102.0,55.5,-140.0,127.0,0,closed,grass,00-0023459,00-0033537,Aaron Rodgers,Deshaun Watson,HOU00,NRG Stadium
2020_07_JAX_LAC,2020,REG,7,2020-10-25,Sunday,16:25,JAX,29.0,LAC,39.0,Home,10.0,68.0,0.0,401220241,7,13,8.0,-108.0,-102.0,48.0,325.0,-389.0,0,dome,matrixturf,00-0035289,00-0036355,Gardner Minshew II,Justin Herbert,LAX01,SoFi Stadium
2020_07_KC_DEN,2020,REG,7,2020-10-25,Sunday,16:25,KC,43.0,DEN,16.0,Home,-27.0,59.0,0.0,401220210,6,7,-7.0,103.0,-113.0,46.0,-302.0,260.0,1,outdoors,grass,00-0033873,00-0035704,Patrick Mahomes,Drew Lock,DEN00,Empower Field at Mile High
2020_07_PIT_TEN,2020,REG,7,2020-10-25,Sunday,13:00,PIT,27.0,TEN,24.0,Home,-3.0,51.0,0.0,401249063,7,7,1.0,-102.0,-108.0,51.0,103.0,-114.0,0,outdoors,grass,00-0022924,00-0029701,Ben Roethlisberger,Ryan Tannehill,NAS00,Nissan Stadium
2020_07_SEA_ARI,2020,REG,7,2020-10-25,Sunday,20:20,SEA,34.0,ARI,37.0,Home,3.0,71.0,1.0,401220338,14,6,-3.5,-102.0,-108.0,55.5,-186.0,166.0,1,closed,grass,00-0029263,00-0035228,Russell Wilson,Kyler Murray,PHO00,State Farm Stadium
2020_07_SF_NE,2020,REG,7,2020-10-25,Sunday,16:25,SF,33.0,NE,6.0,Home,-27.0,39.0,0.0,401220136,7,7,3.0,102.0,-113.0,44.0,150.0,-167.0,0,outdoors,grass,00-0031345,00-0027939,Jimmy Garoppolo,Cam Newton,BOS00,Gillette Stadium
2020_07_TB_LV,2020,REG,7,2020-10-25,Sunday,16:05,TB,45.0,LV,20.0,Home,-25.0,65.0,0.0,401220232,7,14,-3.5,-108.0,-102.0,51.5,-192.0,171.0,0,dome,grass,00-0019596,00-0031280,Tom Brady,Derek Carr,VEG00,Allegiant Stadium
2020_07_CHI_LA,2020,REG,7,2020-10-26,Monday,20:15,CHI,10.0,LA,24.0,Home,14.0,34.0,0.0,401220351,8,8,6.5,101.0,-112.0,44.0,251.0,-291.0,0,dome,matrixturf,00-0029567,00-0033106,Nick Foles,Jared Goff,LAX01,SoFi Stadium
2020_08_ATL_CAR,2020,REG,8,2020-10-29,Thursday,20:20,ATL,25.0,CAR,17.0,Home,-8.0,42.0,0.0,401220314,4,4,1.5,-109.0,-102.0,52.0,104.0,-115.0,1,outdoors,grass,00-0026143,00-0031237,Matt Ryan,Teddy Bridgewater,CAR00,Bank of America Stadium
2020_08_DAL_PHI,2020,REG,8,2020-11-01,Sunday,20:20,DAL,9.0,PHI,23.0,Home,14.0,32.0,0.0,401220258,7,10,10.0,-100.0,-110.0,43.0,335.0,-403.0,1,outdoors,grass,00-0036384,00-0032950,Ben DiNucci,Carson Wentz,PHI00,Lincoln Financial Field
2020_08_IND_DET,2020,REG,8,2020-11-01,Sunday,13:00,IND,41.0,DET,21.0,Home,-20.0,62.0,0.0,401220288,14,7,-3.5,-103.0,-107.0,49.0,-185.0,165.0,0,dome,fieldturf,00-0022942,00-0026498,Philip Rivers,Matthew Stafford,DET00,Ford Field
2020_08_LAC_DEN,2020,REG,8,2020-11-01,Sunday,16:05,LAC,30.0,DEN,31.0,Home,1.0,61.0,0.0,401220212,7,7,-3.0,103.0,-114.0,44.5,-146.0,132.0,1,outdoors,grass,00-0036355,00-0035704,Justin Herbert,Drew Lock,DEN00,Empower Field at Mile High
2020_08_LA_MIA,2020,REG,8,2020-11-01,Sunday,13:00,LA,17.0,MIA,28.0,Home,11.0,45.0,0.0,401220127,6,14,-3.5,101.0,-111.0,46.5,-176.0,157.0,0,outdoors,grass,00-0033106,00-0036212,Jared Goff,Tua Tagovailoa,MIA00,Hard Rock Stadium
2020_08_LV_CLE,2020,REG,8,2020-11-01,Sunday,13:00,LV,16.0,CLE,6.0,Home,-10.0,22.0,0.0,401220169,7,7,1.0,111.0,-123.0,48.0,117.0,-130.0,0,outdoors,grass,00-0031280,00-0034855,Derek Carr,Baker Mayfield,CLE00,FirstEnergy Stadium
2020_08_MIN_GB,2020,REG,8,2020-11-01,Sunday,13:00,MIN,28.0,GB,22.0,Home,-6.0,50.0,0.0,401220292,14,7,5.5,-101.0,-109.0,47.0,218.0,-249.0,1,outdoors,grass,00-0029604,00-0023459,Kirk Cousins,Aaron Rodgers,GNB00,Lambeau Field
2020_08_NE_BUF,2020,REG,8,2020-11-01,Sunday,13:00,NE,21.0,BUF,24.0,Home,3.0,45.0,0.0,401220115,7,7,4.0,-105.0,-105.0,41.0,175.0,-197.0,1,outdoors,astroturf,00-0027939,00-0034857,Cam Newton,Josh Allen,BUF00,New Era Field
2020_08_NO_CHI,2020,REG,8,2020-11-01,Sunday,16:25,NO,26.0,CHI,23.0,Home,-3.0,49.0,1.0,401220277,7,6,-5.5,100.0,-110.0,41.0,-229.0,202.0,0,outdoors,grass,00-0020531,00-0029567,Drew Brees,Nick Foles,CHI98,Soldier Field
2020_08_NYJ_KC,2020,REG,8,2020-11-01,Sunday,13:00,NYJ,9.0,KC,35.0,Home,26.0,44.0,0.0,401220222,7,7,20.0,-102.0,-108.0,49.0,1204.0,-1965.0,0,outdoors,astroturf,00-0034869,00-0033873,Sam Darnold,Patrick Mahomes,KAN00,Arrowhead Stadium
2020_08_PIT_BAL,2020,REG,8,2020-11-01,Sunday,13:00,PIT,28.0,BAL,24.0,Home,-4.0,52.0,0.0,401220148,7,14,4.0,-109.0,-102.0,44.0,178.0,-200.0,1,outdoors,grass,00-0022924,00-0034796,Ben Roethlisberger,Lamar Jackson,BAL00,M&T Bank Stadium
2020_08_SF_SEA,2020,REG,8,2020-11-01,Sunday,16:25,SF,27.0,SEA,37.0,Home,10.0,64.0,0.0,401220361,7,7,1.0,-108.0,-102.0,54.5,-100.0,-110.0,1,outdoors,fieldturf,00-0031345,00-0029263,Jimmy Garoppolo,Russell Wilson,SEA00,CenturyLink Field
2020_08_TEN_CIN,2020,REG,8,2020-11-01,Sunday,13:00,TEN,20.0,CIN,31.0,Home,11.0,51.0,0.0,401220158,7,7,-7.5,107.0,-118.0,49.5,-321.0,274.0,0,outdoors,grass,00-0029701,00-0036442,Ryan Tannehill,Joe Burrow,CIN00,Paul Brown Stadium
2020_08_TB_NYG,2020,REG,8,2020-11-02,Monday,20:15,TB,25.0,NYG,23.0,Home,-2.0,48.0,0.0,401220257,8,11,-13.0,105.0,-115.0,47.0,-598.0,470.0,0,outdoors,fieldturf,00-0019596,00-0035710,Tom Brady,Daniel Jones,NYC01,MetLife Stadium
2020_09_GB_SF,2020,REG,9,2020-11-05,Thursday,20:20,GB,34.0,SF,17.0,Home,-17.0,51.0,0.0,401220359,4,4,-6.0,100.0,-110.0,48.5,-246.0,215.0,0,outdoors,grass,00-0023459,00-0033319,Aaron Rodgers,Nick Mullens,SFO01,Levi's Stadium
2020_09_BAL_IND,2020,REG,9,2020-11-08,Sunday,13:00,BAL,24.0,IND,10.0,Home,-14.0,34.0,0.0,401220189,7,7,1.0,-113.0,102.0,48.0,-106.0,-104.0,0,closed,fieldturf,00-0034796,00-0022942,Lamar Jackson,Philip Rivers,IND00,Lucas Oil Stadium
2020_09_CAR_KC,2020,REG,9,2020-11-08,Sunday,13:00,CAR,31.0,KC,33.0,Home,2.0,64.0,0.0,401220224,10,7,10.0,-106.0,-104.0,51.5,365.0,-445.0,0,outdoors,astroturf,00-0031237,00-0033873,Teddy Bridgewater,Patrick Mahomes,KAN00,Arrowhead Stadium
2020_09_CHI_TEN,2020,REG,9,2020-11-08,Sunday,13:00,CHI,17.0,TEN,24.0,Home,7.0,41.0,0.0,401220207,7,7,6.5,-107.0,-103.0,46.5,243.0,-280.0,0,outdoors,grass,00-0029567,00-0029701,Nick Foles,Ryan Tannehill,NAS00,Nissan Stadium
2020_09_DEN_ATL,2020,REG,9,2020-11-08,Sunday,13:00,DEN,27.0,ATL,34.0,Home,7.0,61.0,0.0,401220311,7,10,4.5,-108.0,-102.0,50.0,193.0,-218.0,0,closed,fieldturf,00-0035704,00-0026143,Drew Lock,Matt Ryan,ATL97,Mercedes-Benz Stadium
2020_09_DET_MIN,2020,REG,9,2020-11-08,Sunday,13:00,DET,20.0,MIN,34.0,Home,14.0,54.0,0.0,401220299,7,7,3.0,106.0,-117.0,51.5,155.0,-173.0,1,dome,sportturf,00-0026498,00-0029604,Matthew Stafford,Kirk Cousins,MIN01,U.S. Bank Stadium
2020_09_HOU_JAX,2020,REG,9,2020-11-08,Sunday,13:00,HOU,27.0,JAX,25.0,Home,-2.0,52.0,0.0,401220194,14,14,-7.0,106.0,-117.0,49.0,-289.0,249.0,1,outdoors,grass,00-0033537,00-0036312,Deshaun Watson,Jake Luton,JAX00,TIAA Bank Stadium
2020_09_LV_LAC,2020,REG,9,2020-11-08,Sunday,16:05,LV,31.0,LAC,26.0,Home,-5.0,57.0,0.0,401220236,7,7,-1.0,-105.0,-105.0,52.5,-112.0,102.0,1,dome,matrixturf,00-0031280,00-0036355,Derek Carr,Justin Herbert,LAX01,SoFi Stadium
2020_09_MIA_ARI,2020,REG,9,2020-11-08,Sunday,16:25,MIA,34.0,ARI,31.0,Home,-3.0,65.0,0.0,401220342,7,14,6.0,-112.0,102.0,49.0,211.0,-241.0,0,closed,grass,00-0036212,00-0035228,Tua Tagovailoa,Kyler Murray,PHO00,State Farm Stadium
2020_09_NO_TB,2020,REG,9,2020-11-08,Sunday,20:20,NO,38.0,TB,3.0,Home,-35.0,41.0,0.0,401220330,7,6,3.0,107.0,-118.0,51.0,160.0,-179.0,1,outdoors,grass,00-0020531,00-0019596,Drew Brees,Tom Brady,TAM00,Raymond James Stadium
2020_09_NYG_WAS,2020,REG,9,2020-11-08,Sunday,13:00,NYG,23.0,WAS,20.0,Home,-3.0,43.0,0.0,401220267,6,14,3.0,-105.0,-105.0,43.0,145.0,-162.0,1,outdoors,grass,00-0035710,00-0034577,Daniel Jones,Kyle Allen,WAS00,FedExField
2020_09_PIT_DAL,2020,REG,9,2020-11-08,Sunday,16:25,PIT,24.0,DAL,19.0,Home,-5.0,43.0,0.0,401220248,7,7,-14.0,-100.0,-110.0,44.0,-789.0,591.0,0,closed,fieldturf,00-0022924,00-0031395,Ben Roethlisberger,Garrett Gilbert,DAL00,AT&T Stadium
2020_09_SEA_BUF,2020,REG,9,2020-11-08,Sunday,13:00,SEA,34.0,BUF,44.0,Home,10.0,78.0,0.0,401220120,7,7,-3.0,-109.0,-101.0,55.0,-164.0,147.0,0,outdoors,astroturf,00-0029263,00-0034857,Russell Wilson,Josh Allen,BUF00,New Era Field
2020_09_NE_NYJ,2020,REG,9,2020-11-09,Monday,20:15,NE,30.0,NYJ,27.0,Home,-3.0,57.0,0.0,401220140,8,8,-9.5,102.0,-113.0,41.5,-372.0,312.0,1,outdoors,fieldturf,00-0027939,00-0026158,Cam Newton,Joe Flacco,NYC01,MetLife Stadium
2020_10_IND_TEN,2020,REG,10,2020-11-12,Thursday,20:20,IND,34.0,TEN,17.0,Home,-17.0,51.0,0.0,401220203,4,4,-1.0,-107.0,-103.0,49.0,-115.0,105.0,1,outdoors,grass,00-0022942,00-0029701,Philip Rivers,Ryan Tannehill,NAS00,Nissan Stadium
2020_10_BAL_NE,2020,REG,10,2020-11-15,Sunday,20:20,BAL,17.0,NE,23.0,Home,6.0,40.0,0.0,401220137,7,6,-7.0,100.0,-110.0,44.0,-318.0,272.0,0,outdoors,grass,00-0034796,00-0027939,Lamar Jackson,Cam Newton,BOS00,Gillette Stadium
2020_10_BUF_ARI,2020,REG,10,2020-11-15,Sunday,16:05,BUF,30.0,ARI,32.0,Home,2.0,62.0,0.0,401220341,7,7,3.0,-108.0,-102.0,55.5,138.0,-153.0,0,closed,grass,00-0034857,00-0035228,Josh Allen,Kyler Murray,PHO00,State Farm Stadium
2020_10_CIN_PIT,2020,REG,10,2020-11-15,Sunday,16:25,CIN,10.0,PIT,36.0,Home,26.0,46.0,0.0,401220171,14,7,6.5,-101.0,-109.0,45.5,255.0,-297.0,1,outdoors,grass,00-0036442,00-0022924,Joe Burrow,Ben Roethlisberger,PIT00,Heinz Field
2020_10_DEN_LV,2020,REG,10,2020-11-15,Sunday,16:05,DEN,12.0,LV,37.0,Home,25.0,49.0,0.0,401220226,7,7,3.5,-106.0,-104.0,50.5,168.0,-188.0,1,dome,grass,00-0035704,00-0031280,Drew Lock,Derek Carr,VEG00,Allegiant Stadium
2020_10_HOU_CLE,2020,REG,10,2020-11-15,Sunday,13:00,HOU,7.0,CLE,10.0,Home,3.0,17.0,0.0,401220165,7,14,4.5,-106.0,-104.0,46.0,192.0,-217.0,0,outdoors,grass,00-0033537,00-0034855,Deshaun Watson,Baker Mayfield,CLE00,FirstEnergy Stadium
2020_10_JAX_GB,2020,REG,10,2020-11-15,Sunday,13:00,JAX,20.0,GB,24.0,Home,4.0,44.0,0.0,401220295,7,10,13.5,-105.0,-105.0,47.0,653.0,-893.0,0,outdoors,grass,00-0036312,00-0023459,Jake Luton,Aaron Rodgers,GNB00,Lambeau Field
2020_10_LAC_MIA,2020,REG,10,2020-11-15,Sunday,16:05,LAC,21.0,MIA,29.0,Home,8.0,50.0,0.0,401220126,7,7,1.0,-100.0,-110.0,48.5,104.0,-115.0,0,outdoors,grass,00-0036355,00-0036212,Justin Herbert,Tua Tagovailoa,MIA00,Hard Rock Stadium
2020_10_PHI_NYG,2020,REG,10,2020-11-15,Sunday,13:00,PHI,17.0,NYG,27.0,Home,10.0,44.0,0.0,401220251,14,7,-4.5,-106.0,-104.0,45.0,-219.0,194.0,1,outdoors,fieldturf,00-0032950,00-0035710,Carson Wentz,Daniel Jones,NYC01,MetLife Stadium
2020_10_SEA_LA,2020,REG,10,2020-11-15,Sunday,16:25,SEA,16.0,LA,23.0,Home,7.0,39.0,0.0,401220346,7,14,3.0,-115.0,104.0,55.0,132.0,-146.0,1,dome,matrixturf,00-0029263,00-0033106,Russell Wilson,Jared Goff,LAX01,SoFi Stadium
2020_10_SF_NO,2020,REG,10,2020-11-15,Sunday,16:25,SF,13.0,NO,27.0,Home,14.0,40.0,0.0,401220327,10,7,9.5,-110.0,-101.0,49.5,323.0,-387.0,0,dome,astroturf,00-0033319,00-0020531,Nick Mullens,Drew Brees,NOR00,Mercedes-Benz Superdome
2020_10_TB_CAR,2020,REG,10,2020-11-15,Sunday,13:00,TB,46.0,CAR,23.0,Home,-23.0,69.0,0.0,401220368,7,7,-6.0,-108.0,-102.0,49.5,-259.0,226.0,1,outdoors,grass,00-0019596,00-0031237,Tom Brady,Teddy Bridgewater,CAR00,Bank of America Stadium
2020_10_WAS_DET,2020,REG,10,2020-11-15,Sunday,13:00,WAS,27.0,DET,30.0,Home,3.0,57.0,0.0,401220289,7,7,2.5,100.0,-110.0,46.0,123.0,-136.0,0,dome,fieldturf,00-0023436,00-0026498,Alex Smith,Matthew Stafford,DET00,Ford Field
2020_10_MIN_CHI,2020,REG,10,2020-11-16,Monday,20:15,MIN,19.0,CHI,13.0,Home,-6.0,32.0,0.0,401220276,8,8,-3.5,108.0,-119.0,44.0,-170.0,152.0,1,outdoors,grass,00-0029604,00-0029567,Kirk Cousins,Nick Foles,CHI98,Soldier Field
2020_11_ARI_SEA,2020,REG,11,2020-11-19,Thursday,20:20,ARI,21.0,SEA,28.0,Home,7.0,49.0,0.0,401220360,4,4,3.0,-105.0,-105.0,56.5,147.0,-164.0,1,outdoors,fieldturf,00-0035228,00-0029263,Kyler Murray,Russell Wilson,SEA00,Lumen Field
2020_11_ATL_NO,2020,REG,11,2020-11-22,Sunday,13:00,ATL,9.0,NO,24.0,Home,15.0,33.0,0.0,401220321,14,7,3.5,-109.0,-101.0,49.5,162.0,-181.0,1,dome,astroturf,00-0026143,00-0033357,Matt Ryan,Taysom Hill,NOR00,Mercedes-Benz Superdome
2020_11_CIN_WAS,2020,REG,11,2020-11-22,Sunday,13:00,CIN,9.0,WAS,20.0,Home,11.0,29.0,0.0,401220272,7,7,2.0,-109.0,-101.0,48.0,110.0,-121.0,0,outdoors,grass,00-0036442,00-0023436,Joe Burrow,Alex Smith,WAS00,FedExField
2020_11_DAL_MIN,2020,REG,11,2020-11-22,Sunday,16:25,DAL,31.0,MIN,28.0,Home,-3.0,59.0,0.0,401220305,14,6,7.0,-110.0,-100.0,50.0,261.0,-304.0,0,dome,sportturf,00-0027973,00-0029604,Andy Dalton,Kirk Cousins,MIN01,U.S. Bank Stadium
2020_11_DET_CAR,2020,REG,11,2020-11-22,Sunday,13:00,DET,0.0,CAR,20.0,Home,20.0,20.0,0.0,401220318,7,7,-3.0,-119.0,108.0,47.0,-169.0,152.0,0,outdoors,grass,00-0026498,00-0033275,Matthew Stafford,Phillip Walker,CAR00,Bank of America Stadium
2020_11_GB_IND,2020,REG,11,2020-11-22,Sunday,16:25,GB,31.0,IND,34.0,Home,3.0,65.0,1.0,401220191,7,10,1.5,-104.0,-106.0,52.0,109.0,-120.0,0,closed,fieldturf,00-0023459,00-0022942,Aaron Rodgers,Philip Rivers,IND00,Lucas Oil Stadium
2020_11_KC_LV,2020,REG,11,2020-11-22,Sunday,20:20,KC,35.0,LV,31.0,Home,-4.0,66.0,0.0,401220227,14,7,-7.5,-108.0,-102.0,56.5,-351.0,296.0,1,dome,grass,00-0033873,00-0031280,Patrick Mahomes,Derek Carr,VEG00,Allegiant Stadium
2020_11_MIA_DEN,2020,REG,11,2020-11-22,Sunday,16:05,MIA,13.0,DEN,20.0,Home,7.0,33.0,0.0,401220214,7,7,-4.0,-105.0,-105.0,46.0,-196.0,174.0,0,outdoors,grass,00-0036212,00-0035704,Tua Tagovailoa,Drew Lock,DEN00,Empower Field at Mile High
2020_11_NE_HOU,2020,REG,11,2020-11-22,Sunday,13:00,NE,20.0,HOU,27.0,Home,7.0,47.0,0.0,401220185,7,7,-2.5,-117.0,106.0,49.5,-147.0,132.0,0,closed,grass,00-0027939,00-0033537,Cam Newton,Deshaun Watson,HOU00,NRG Stadium
2020_11_NYJ_LAC,2020,REG,11,2020-11-22,Sunday,16:05,NYJ,28.0,LAC,34.0,Home,6.0,62.0,0.0,401220238,13,7,10.0,-110.0,-101.0,47.0,351.0,-425.0,0,dome,matrixturf,00-0026158,00-0036355,Joe Flacco,Justin Herbert,LAX01,SoFi Stadium
2020_11_PHI_CLE,2020,REG,11,2020-11-22,Sunday,13:00,PHI,17.0,CLE,22.0,Home,5.0,39.0,0.0,401220167,7,7,2.5,-104.0,-106.0,45.5,122.0,-135.0,0,outdoors,grass,00-0032950,00-0034855,Carson Wentz,Baker Mayfield,CLE00,FirstEnergy Stadium
2020_11_PIT_JAX,2020,REG,11,2020-11-22,Sunday,13:00,PIT,27.0,JAX,3.0,Home,-24.0,30.0,0.0,401220198,7,7,-11.0,-103.0,-107.0,47.0,-475.0,386.0,0,outdoors,grass,00-0022924,00-0036312,Ben Roethlisberger,Jake Luton,JAX00,TIAA Bank Stadium
2020_11_TEN_BAL,2020,REG,11,2020-11-22,Sunday,13:00,TEN,30.0,BAL,24.0,Home,-6.0,54.0,1.0,401220150,10,7,6.0,-103.0,-107.0,50.5,221.0,-253.0,0,outdoors,grass,00-0029701,00-0034796,Ryan Tannehill,Lamar Jackson,BAL00,M&T Bank Stadium
2020_11_LA_TB,2020,REG,11,2020-11-23,Monday,20:15,LA,27.0,TB,24.0,Home,-3.0,51.0,0.0,401220335,8,8,4.0,-109.0,-102.0,47.5,173.0,-195.0,0,outdoors,grass,00-0033106,00-0019596,Jared Goff,Tom Brady,TAM00,Raymond James Stadium
2020_12_HOU_DET,2020,REG,12,2020-11-26,Thursday,12:30,HOU,41.0,DET,25.0,Home,-16.0,66.0,0.0,401220287,4,4,-3.0,-104.0,-106.0,52.5,-155.0,139.0,0,dome,fieldturf,00-0033537,00-0026498,Deshaun Watson,Matthew Stafford,DET00,Ford Field
2020_12_WAS_DAL,2020,REG,12,2020-11-26,Thursday,16:30,WAS,41.0,DAL,16.0,Home,-25.0,57.0,0.0,401220244,4,4,2.5,-104.0,-106.0,46.0,122.0,-135.0,1,closed,fieldturf,00-0023436,00-0027973,Alex Smith,Andy Dalton,DAL00,AT&T Stadium
2020_12_ARI_NE,2020,REG,12,2020-11-29,Sunday,13:00,ARI,17.0,NE,20.0,Home,3.0,37.0,0.0,401220135,10,7,-1.0,-107.0,-103.0,51.0,-115.0,104.0,0,outdoors,grass,00-0035228,00-0027939,Kyler Murray,Cam Newton,BOS00,Gillette Stadium
2020_12_CAR_MIN,2020,REG,12,2020-11-29,Sunday,13:00,CAR,27.0,MIN,28.0,Home,1.0,55.0,0.0,401220302,7,7,3.0,-115.0,104.0,50.0,131.0,-145.0,0,dome,sportturf,00-0031237,00-0029604,Teddy Bridgewater,Kirk Cousins,MIN01,U.S. Bank Stadium
2020_12_CHI_GB,2020,REG,12,2020-11-29,Sunday,20:20,CHI,25.0,GB,41.0,Home,16.0,66.0,0.0,401220290,13,7,7.5,-116.0,105.0,44.0,293.0,-346.0,1,outdoors,grass,00-0033869,00-0023459,Mitch Trubisky,Aaron Rodgers,GNB00,Lambeau Field
2020_12_CLE_JAX,2020,REG,12,2020-11-29,Sunday,13:00,CLE,27.0,JAX,25.0,Home,-2.0,52.0,0.0,401220197,7,7,-7.5,102.0,-112.0,48.5,-334.0,284.0,0,outdoors,grass,00-0034855,00-0030520,Baker Mayfield,Mike Glennon,JAX00,TIAA Bank Stadium
2020_12_KC_TB,2020,REG,12,2020-11-29,Sunday,16:25,KC,27.0,TB,24.0,Home,-3.0,51.0,0.0,401220333,7,6,-3.5,112.0,-124.0,56.0,-166.0,149.0,0,outdoors,grass,00-0033873,00-0019596,Patrick Mahomes,Tom Brady,TAM00,Raymond James Stadium
2020_12_LAC_BUF,2020,REG,12,2020-11-29,Sunday,13:00,LAC,17.0,BUF,27.0,Home,10.0,44.0,0.0,401220118,7,14,4.5,-107.0,-103.0,51.0,189.0,-214.0,0,outdoors,astroturf,00-0036355,00-0034857,Justin Herbert,Josh Allen,BUF00,New Era Field
2020_12_LV_ATL,2020,REG,12,2020-11-29,Sunday,13:00,LV,6.0,ATL,43.0,Home,37.0,49.0,0.0,401220312,7,7,-3.5,-105.0,-105.0,53.0,-184.0,164.0,0,closed,fieldturf,00-0031280,00-0026143,Derek Carr,Matt Ryan,ATL97,Mercedes-Benz Stadium
2020_12_MIA_NYJ,2020,REG,12,2020-11-29,Sunday,13:00,MIA,20.0,NYJ,3.0,Home,-17.0,23.0,0.0,401220139,7,7,-7.5,-106.0,-104.0,46.0,-350.0,296.0,1,outdoors,fieldturf,00-0023682,00-0034869,Ryan Fitzpatrick,Sam Darnold,NYC01,MetLife Stadium
2020_12_NO_DEN,2020,REG,12,2020-11-29,Sunday,16:05,NO,31.0,DEN,3.0,Home,-28.0,34.0,0.0,401220215,7,7,-17.0,-103.0,-107.0,36.5,-1350.0,906.0,0,outdoors,grass,00-0033357,00-0035864,Taysom Hill,Kendall Hinton,DEN00,Empower Field at Mile High
2020_12_NYG_CIN,2020,REG,12,2020-11-29,Sunday,13:00,NYG,19.0,CIN,17.0,Home,-2.0,36.0,0.0,401220160,14,7,-6.5,-103.0,-107.0,45.0,-260.0,227.0,0,outdoors,grass,00-0035710,00-0032434,Daniel Jones,Brandon Allen,CIN00,Paul Brown Stadium
2020_12_SF_LA,2020,REG,12,2020-11-29,Sunday,16:05,SF,23.0,LA,20.0,Home,-3.0,43.0,0.0,401220345,14,6,5.0,-112.0,101.0,44.5,190.0,-215.0,1,dome,matrixturf,00-0033319,00-0033106,Nick Mullens,Jared Goff,LAX01,SoFi Stadium
2020_12_TEN_IND,2020,REG,12,2020-11-29,Sunday,13:00,TEN,45.0,IND,26.0,Home,-19.0,71.0,0.0,401220188,7,7,3.0,-114.0,103.0,51.5,133.0,-147.0,1,closed,fieldturf,00-0029701,00-0022942,Ryan Tannehill,Philip Rivers,IND00,Lucas Oil Stadium
2020_12_SEA_PHI,2020,REG,12,2020-11-30,Monday,20:15,SEA,23.0,PHI,17.0,Home,-6.0,40.0,0.0,401220262,11,8,-6.5,-106.0,-104.0,50.0,-274.0,237.0,0,outdoors,grass,00-0029263,00-0032950,Russell Wilson,Carson Wentz,PHI00,Lincoln Financial Field
2020_12_BAL_PIT,2020,REG,12,2020-12-02,Wednesday,15:40,BAL,14.0,PIT,19.0,Home,5.0,33.0,0.0,401220170,10,10,10.5,-109.0,-101.0,41.5,416.0,-518.0,1,outdoors,grass,00-0029665,00-0022924,Robert Griffin,Ben Roethlisberger,PIT00,Heinz Field
2020_13_CIN_MIA,2020,REG,13,2020-12-06,Sunday,13:00,CIN,7.0,MIA,19.0,Home,12.0,26.0,0.0,401220129,7,7,10.5,-115.0,105.0,43.0,397.0,-491.0,0,outdoors,grass,00-0032434,00-0036212,Brandon Allen,Tua Tagovailoa,MIA00,Hard Rock Stadium
2020_13_CLE_TEN,2020,REG,13,2020-12-06,Sunday,13:00,CLE,41.0,TEN,35.0,Home,-6.0,76.0,0.0,401220205,7,7,4.0,-111.0,101.0,54.0,178.0,-200.0,0,outdoors,grass,00-0034855,00-0029701,Baker Mayfield,Ryan Tannehill,NAS00,Nissan Stadium
2020_13_DEN_KC,2020,REG,13,2020-12-06,Sunday,20:20,DEN,16.0,KC,22.0,Home,6.0,38.0,0.0,401220218,7,7,13.0,-120.0,108.0,51.0,510.0,-660.0,1,outdoors,astroturf,00-0035704,00-0033873,Drew Lock,Patrick Mahomes,KAN00,Arrowhead Stadium
2020_13_DET_CHI,2020,REG,13,2020-12-06,Sunday,13:00,DET,34.0,CHI,30.0,Home,-4.0,64.0,0.0,401220274,10,7,3.0,-100.0,-110.0,44.0,145.0,-161.0,1,outdoors,grass,00-0026498,00-0033869,Matthew Stafford,Mitch Trubisky,CHI98,Soldier Field
2020_13_IND_HOU,2020,REG,13,2020-12-06,Sunday,13:00,IND,26.0,HOU,20.0,Home,-6.0,46.0,0.0,401220178,7,10,-3.5,101.0,-112.0,50.0,-176.0,157.0,1,closed,grass,00-0022942,00-0033537,Philip Rivers,Deshaun Watson,HOU00,NRG Stadium
2020_13_JAX_MIN,2020,REG,13,2020-12-06,Sunday,13:00,JAX,24.0,MIN,27.0,Home,3.0,51.0,1.0,401220303,7,7,10.5,-118.0,107.0,51.0,365.0,-445.0,0,dome,sportturf,00-0030520,00-0029604,Mike Glennon,Kirk Cousins,MIN01,U.S. Bank Stadium
2020_13_LA_ARI,2020,REG,13,2020-12-06,Sunday,16:05,LA,38.0,ARI,28.0,Home,-10.0,66.0,0.0,401220336,7,7,-2.5,-114.0,103.0,49.0,-144.0,130.0,1,closed,grass,00-0033106,00-0035228,Jared Goff,Kyler Murray,PHO00,State Farm Stadium
2020_13_LV_NYJ,2020,REG,13,2020-12-06,Sunday,13:00,LV,31.0,NYJ,28.0,Home,-3.0,59.0,0.0,401220142,7,7,-7.5,103.0,-113.0,48.0,-349.0,295.0,0,outdoors,fieldturf,00-0031280,00-0034869,Derek Carr,Sam Darnold,NYC01,MetLife Stadium
2020_13_NE_LAC,2020,REG,13,2020-12-06,Sunday,16:25,NE,45.0,LAC,0.0,Home,-45.0,45.0,0.0,401220237,7,7,2.5,-109.0,-102.0,47.0,117.0,-129.0,0,dome,matrixturf,00-0027939,00-0036355,Cam Newton,Justin Herbert,LAX01,SoFi Stadium
2020_13_NO_ATL,2020,REG,13,2020-12-06,Sunday,13:00,NO,21.0,ATL,16.0,Home,-5.0,37.0,0.0,401220307,7,7,-2.5,-113.0,102.0,46.0,-141.0,127.0,1,closed,fieldturf,00-0033357,00-0026143,Taysom Hill,Matt Ryan,ATL97,Mercedes-Benz Stadium
2020_13_NYG_SEA,2020,REG,13,2020-12-06,Sunday,16:05,NYG,17.0,SEA,12.0,Home,-5.0,29.0,0.0,401220364,7,6,11.0,-114.0,104.0,48.5,413.0,-514.0,0,outdoors,fieldturf,00-0027688,00-0029263,Colt McCoy,Russell Wilson,SEA00,Lumen Field
2020_13_PHI_GB,2020,REG,13,2020-12-06,Sunday,16:25,PHI,16.0,GB,30.0,Home,14.0,46.0,0.0,401220297,6,7,8.0,-102.0,-108.0,50.0,328.0,-393.0,0,outdoors,grass,00-0032950,00-0023459,Carson Wentz,Aaron Rodgers,GNB00,Lambeau Field
2020_13_BUF_SF,2020,REG,13,2020-12-07,Monday,20:15,BUF,34.0,SF,24.0,Neutral,-10.0,58.0,0.0,401220357,8,8,1.5,-103.0,-107.0,48.0,110.0,-122.0,0,closed,grass,00-0034857,00-0033319,Josh Allen,Nick Mullens,PHO00,State Farm Stadium
2020_13_WAS_PIT,2020,REG,13,2020-12-07,Monday,17:00,WAS,23.0,PIT,17.0,Home,-6.0,40.0,0.0,401220176,11,5,5.5,-100.0,-110.0,43.5,231.0,-265.0,0,outdoors,grass,00-0023436,00-0022924,Alex Smith,Ben Roethlisberger,PIT00,Heinz Field
2020_13_DAL_BAL,2020,REG,13,2020-12-08,Tuesday,20:05,DAL,17.0,BAL,34.0,Home,17.0,51.0,0.0,401220151,12,6,8.5,-103.0,-108.0,46.0,326.0,-390.0,0,outdoors,grass,00-0027973,00-0034796,Andy Dalton,Lamar Jackson,BAL00,M&T Bank Stadium
2020_14_NE_LA,2020,REG,14,2020-12-10,Thursday,20:20,NE,3.0,LA,24.0,Home,21.0,27.0,0.0,401220349,4,4,5.0,-103.0,-107.0,43.5,201.0,-228.0,0,dome,matrixturf,00-0027939,00-0033106,Cam Newton,Jared Goff,LAX01,SoFi Stadium
2020_14_ARI_NYG,2020,REG,14,2020-12-13,Sunday,13:00,ARI,26.0,NYG,7.0,Home,-19.0,33.0,0.0,401220253,7,7,-3.0,-106.0,-104.0,47.0,-154.0,139.0,0,outdoors,fieldturf,00-0035228,00-0035710,Kyler Murray,Daniel Jones,NYC01,MetLife Stadium
2020_14_ATL_LAC,2020,REG,14,2020-12-13,Sunday,16:25,ATL,17.0,LAC,20.0,Home,3.0,37.0,0.0,401220239,7,7,1.0,100.0,-110.0,49.0,107.0,-118.0,0,dome,matrixturf,00-0026143,00-0036355,Matt Ryan,Justin Herbert,LAX01,SoFi Stadium
2020_14_DAL_CIN,2020,REG,14,2020-12-13,Sunday,13:00,DAL,30.0,CIN,7.0,Home,-23.0,37.0,0.0,401220159,5,7,-3.0,-114.0,103.0,44.0,-164.0,148.0,0,outdoors,grass,00-0027973,00-0032434,Andy Dalton,Brandon Allen,CIN00,Paul Brown Stadium
2020_14_DEN_CAR,2020,REG,14,2020-12-13,Sunday,13:00,DEN,32.0,CAR,27.0,Home,-5.0,59.0,0.0,401220319,7,14,4.0,-101.0,-109.0,46.0,177.0,-199.0,0,outdoors,grass,00-0035704,00-0031237,Drew Lock,Teddy Bridgewater,CAR00,Bank of America Stadium
2020_14_GB_DET,2020,REG,14,2020-12-13,Sunday,16:25,GB,31.0,DET,24.0,Home,-7.0,55.0,0.0,401220283,7,7,-9.5,106.0,-117.0,55.5,-345.0,292.0,1,dome,fieldturf,00-0023459,00-0026498,Aaron Rodgers,Matthew Stafford,DET00,Ford Field
2020_14_HOU_CHI,2020,REG,14,2020-12-13,Sunday,13:00,HOU,7.0,CHI,36.0,Home,29.0,43.0,0.0,401220279,7,7,-1.0,-107.0,-103.0,46.0,-114.0,104.0,0,outdoors,grass,00-0033537,00-0033869,Deshaun Watson,Mitch Trubisky,CHI98,Soldier Field
2020_14_IND_LV,2020,REG,14,2020-12-13,Sunday,16:05,IND,44.0,LV,27.0,Home,-17.0,71.0,0.0,401220233,7,7,-2.5,-104.0,-106.0,51.5,-130.0,118.0,0,dome,grass,00-0022942,00-0031280,Philip Rivers,Derek Carr,VEG00,Allegiant Stadium
2020_14_KC_MIA,2020,REG,14,2020-12-13,Sunday,13:00,KC,33.0,MIA,27.0,Home,-6.0,60.0,0.0,401220125,7,7,-7.5,109.0,-121.0,51.5,-330.0,281.0,0,outdoors,grass,00-0033873,00-0036212,Patrick Mahomes,Tua Tagovailoa,MIA00,Hard Rock Stadium
2020_14_MIN_TB,2020,REG,14,2020-12-13,Sunday,13:00,MIN,14.0,TB,26.0,Home,12.0,40.0,0.0,401220332,7,14,7.0,-106.0,-104.0,52.5,271.0,-317.0,0,outdoors,grass,00-0029604,00-0019596,Kirk Cousins,Tom Brady,TAM00,Raymond James Stadium
2020_14_NO_PHI,2020,REG,14,2020-12-13,Sunday,16:25,NO,21.0,PHI,24.0,Home,3.0,45.0,0.0,401220265,7,7,-7.5,-104.0,-106.0,43.0,-335.0,284.0,0,outdoors,grass,00-0033357,00-0036389,Taysom Hill,Jalen Hurts,PHI00,Lincoln Financial Field
2020_14_NYJ_SEA,2020,REG,14,2020-12-13,Sunday,16:05,NYJ,3.0,SEA,40.0,Home,37.0,43.0,0.0,401220366,7,7,16.5,-110.0,-100.0,49.5,734.0,-1032.0,0,outdoors,fieldturf,00-0034869,00-0029263,Sam Darnold,Russell Wilson,SEA00,Lumen Field
2020_14_PIT_BUF,2020,REG,14,2020-12-13,Sunday,20:20,PIT,15.0,BUF,26.0,Home,11.0,41.0,0.0,401220121,6,6,2.0,-109.0,-102.0,48.5,112.0,-124.0,0,outdoors,astroturf,00-0022924,00-0034857,Ben Roethlisberger,Josh Allen,BUF00,New Era Field
2020_14_TEN_JAX,2020,REG,14,2020-12-13,Sunday,13:00,TEN,31.0,JAX,10.0,Home,-21.0,41.0,0.0,401220196,7,7,-7.5,-106.0,-104.0,53.0,-364.0,307.0,1,outdoors,grass,00-0029701,00-0030520,Ryan Tannehill,Mike Glennon,JAX00,TIAA Bank Stadium
2020_14_WAS_SF,2020,REG,14,2020-12-13,Sunday,16:25,WAS,23.0,SF,15.0,Neutral,-8.0,38.0,0.0,401220356,6,6,3.0,-111.0,101.0,43.5,134.0,-149.0,0,closed,grass,00-0023436,00-0033319,Alex Smith,Nick Mullens,PHO00,State Farm Stadium
2020_14_BAL_CLE,2020,REG,14,2020-12-14,Monday,20:15,BAL,47.0,CLE,42.0,Home,-5.0,89.0,0.0,401220162,6,8,-3.0,-116.0,105.0,45.5,-174.0,156.0,1,outdoors,grass,00-0034796,00-0034855,Lamar Jackson,Baker Mayfield,CLE00,FirstEnergy Stadium
2020_15_LAC_LV,2020,REG,15,2020-12-17,Thursday,20:20,LAC,30.0,LV,27.0,Home,-3.0,57.0,1.0,401220228,4,4,3.5,-123.0,111.0,52.0,156.0,-174.0,1,dome,grass,00-0036355,00-0031280,Justin Herbert,Derek Carr,VEG00,Allegiant Stadium
2020_15_BUF_DEN,2020,REG,15,2020-12-19,Saturday,16:30,BUF,48.0,DEN,19.0,Home,-29.0,67.0,0.0,401220213,6,6,-5.5,-105.0,-105.0,49.0,-242.0,212.0,0,outdoors,grass,00-0034857,00-0035704,Josh Allen,Drew Lock,DEN00,Empower Field at Mile High
2020_15_CAR_GB,2020,REG,15,2020-12-19,Saturday,20:15,CAR,16.0,GB,24.0,Home,8.0,40.0,0.0,401220294,6,6,9.5,-103.0,-107.0,53.0,346.0,-419.0,0,outdoors,grass,00-0031237,00-0023459,Teddy Bridgewater,Aaron Rodgers,GNB00,Lambeau Field
2020_15_CHI_MIN,2020,REG,15,2020-12-20,Sunday,13:00,CHI,33.0,MIN,27.0,Home,-6.0,60.0,0.0,401220298,7,7,2.5,111.0,-123.0,47.5,137.0,-152.0,1,dome,sportturf,00-0033869,00-0029604,Mitch Trubisky,Kirk Cousins,MIN01,U.S. Bank Stadium
2020_15_CLE_NYG,2020,REG,15,2020-12-20,Sunday,20:20,CLE,20.0,NYG,6.0,Home,-14.0,26.0,0.0,401220255,6,7,-6.0,-108.0,-102.0,44.5,-271.0,235.0,0,outdoors,fieldturf,00-0034855,00-0027688,Baker Mayfield,Colt McCoy,NYC01,MetLife Stadium
2020_15_DET_TEN,2020,REG,15,2020-12-20,Sunday,13:00,DET,25.0,TEN,46.0,Home,21.0,71.0,0.0,401220208,7,7,9.5,-113.0,102.0,54.5,325.0,-389.0,0,outdoors,grass,00-0026498,00-0029701,Matthew Stafford,Ryan Tannehill,NAS00,Nissan Stadium
2020_15_HOU_IND,2020,REG,15,2020-12-20,Sunday,13:00,HOU,20.0,IND,27.0,Home,7.0,47.0,0.0,401220186,7,7,7.5,-108.0,-102.0,52.5,311.0,-370.0,1,closed,fieldturf,00-0033537,00-0022942,Deshaun Watson,Philip Rivers,IND00,Lucas Oil Stadium
2020_15_JAX_BAL,2020,REG,15,2020-12-20,Sunday,13:00,JAX,14.0,BAL,40.0,Home,26.0,54.0,0.0,401220149,7,6,13.0,-118.0,107.0,49.5,564.0,-746.0,0,outdoors,grass,00-0035289,00-0034796,Gardner Minshew II,Lamar Jackson,BAL00,M&T Bank Stadium
2020_15_KC_NO,2020,REG,15,2020-12-20,Sunday,16:25,KC,32.0,NO,29.0,Home,-3.0,61.0,0.0,401220325,7,7,-2.5,-113.0,102.0,53.5,-137.0,124.0,0,dome,astroturf,00-0033873,00-0020531,Patrick Mahomes,Drew Brees,NOR00,Mercedes-Benz Superdome
2020_15_NE_MIA,2020,REG,15,2020-12-20,Sunday,13:00,NE,12.0,MIA,22.0,Home,10.0,34.0,0.0,401220123,10,7,-1.5,-106.0,-104.0,40.0,-120.0,109.0,1,outdoors,grass,00-0027939,00-0036212,Cam Newton,Tua Tagovailoa,MIA00,Hard Rock Stadium
2020_15_NYJ_LA,2020,REG,15,2020-12-20,Sunday,16:05,NYJ,23.0,LA,20.0,Home,-3.0,43.0,0.0,401220350,7,10,17.5,-115.0,104.0,44.5,957.0,-1601.0,0,dome,matrixturf,00-0034869,00-0033106,Sam Darnold,Jared Goff,LAX01,SoFi Stadium
2020_15_PHI_ARI,2020,REG,15,2020-12-20,Sunday,16:05,PHI,26.0,ARI,33.0,Home,7.0,59.0,0.0,401220339,7,7,6.5,-114.0,103.0,49.5,226.0,-259.0,0,closed,grass,00-0036389,00-0035228,Jalen Hurts,Kyler Murray,PHO00,State Farm Stadium
2020_15_SEA_WAS,2020,REG,15,2020-12-20,Sunday,13:00,SEA,20.0,WAS,15.0,Home,-5.0,35.0,0.0,401220270,7,7,-6.0,-103.0,-107.0,44.5,-251.0,219.0,0,outdoors,grass,00-0029263,00-0035232,Russell Wilson,Dwayne Haskins,WAS00,FedExField
2020_15_SF_DAL,2020,REG,15,2020-12-20,Sunday,13:00,SF,33.0,DAL,41.0,Home,8.0,74.0,0.0,401220246,7,7,-4.0,-106.0,-104.0,46.0,-202.0,180.0,0,closed,fieldturf,00-0033319,00-0027973,Nick Mullens,Andy Dalton,DAL00,AT&T Stadium
2020_15_TB_ATL,2020,REG,15,2020-12-20,Sunday,13:00,TB,31.0,ATL,27.0,Home,-4.0,58.0,0.0,401220308,7,7,-6.0,-104.0,-106.0,49.5,-258.0,225.0,1,closed,fieldturf,00-0019596,00-0026143,Tom Brady,Matt Ryan,ATL97,Mercedes-Benz Stadium
2020_15_PIT_CIN,2020,REG,15,2020-12-21,Monday,20:15,PIT,17.0,CIN,27.0,Home,10.0,44.0,0.0,401220156,8,8,-14.5,-101.0,-109.0,40.5,-942.0,682.0,1,outdoors,grass,00-0022924,00-0035652,Ben Roethlisberger,Ryan Finley,CIN00,Paul Brown Stadium
2020_16_MIN_NO,2020,REG,16,2020-12-25,Friday,16:30,MIN,33.0,NO,52.0,Home,19.0,85.0,0.0,401220324,5,5,6.5,-109.0,-102.0,49.0,260.0,-302.0,0,dome,astroturf,00-0029604,00-0020531,Kirk Cousins,Drew Brees,NOR00,Mercedes-Benz Superdome
2020_16_MIA_LV,2020,REG,16,2020-12-26,Saturday,20:15,MIA,26.0,LV,25.0,Home,-1.0,51.0,0.0,401220230,6,9,-2.0,-104.0,-106.0,50.0,-125.0,113.0,0,dome,grass,00-0036212,00-0031280,Tua Tagovailoa,Derek Carr,VEG00,Allegiant Stadium
2020_16_SF_ARI,2020,REG,16,2020-12-26,Saturday,16:30,SF,20.0,ARI,12.0,Home,-8.0,32.0,0.0,401220337,6,6,6.0,-108.0,-102.0,49.0,242.0,-280.0,1,closed,grass,00-0033936,00-0035228,C.J. Beathard,Kyler Murray,PHO00,State Farm Stadium
2020_16_TB_DET,2020,REG,16,2020-12-26,Saturday,13:00,TB,47.0,DET,7.0,Home,-40.0,54.0,0.0,401220286,6,6,-12.0,101.0,-111.0,55.0,-591.0,455.0,0,dome,fieldturf,00-0019596,00-0026498,Tom Brady,Matthew Stafford,DET00,Ford Field
2020_16_ATL_KC,2020,REG,16,2020-12-27,Sunday,13:00,ATL,14.0,KC,17.0,Home,3.0,31.0,0.0,401220223,7,7,11.0,-110.0,-100.0,54.0,409.0,-508.0,0,outdoors,astroturf,00-0026143,00-0033873,Matt Ryan,Patrick Mahomes,KAN00,Arrowhead Stadium
2020_16_CAR_WAS,2020,REG,16,2020-12-27,Sunday,16:05,CAR,20.0,WAS,13.0,Home,-7.0,33.0,0.0,401220273,8,7,-1.0,-105.0,-105.0,41.0,-112.0,102.0,0,outdoors,grass,00-0031237,00-0035232,Teddy Bridgewater,Dwayne Haskins,WAS00,FedExField
2020_16_CHI_JAX,2020,REG,16,2020-12-27,Sunday,13:00,CHI,41.0,JAX,17.0,Home,-24.0,58.0,0.0,401220199,7,7,-9.5,-108.0,-103.0,47.0,-452.0,370.0,0,outdoors,grass,00-0033869,00-0030520,Mitch Trubisky,Mike Glennon,JAX00,TIAA Bank Stadium
2020_16_CIN_HOU,2020,REG,16,2020-12-27,Sunday,13:00,CIN,37.0,HOU,31.0,Home,-6.0,68.0,0.0,401220182,6,7,7.5,-113.0,102.0,46.0,276.0,-324.0,0,closed,grass,00-0032434,00-0033537,Brandon Allen,Deshaun Watson,HOU00,NRG Stadium
2020_16_CLE_NYJ,2020,REG,16,2020-12-27,Sunday,13:00,CLE,16.0,NYJ,23.0,Home,7.0,39.0,0.0,401220145,7,7,-6.5,-114.0,103.0,45.0,-303.0,260.0,0,outdoors,fieldturf,00-0034855,00-0034869,Baker Mayfield,Sam Darnold,NYC01,MetLife Stadium
2020_16_DEN_LAC,2020,REG,16,2020-12-27,Sunday,16:05,DEN,16.0,LAC,19.0,Home,3.0,35.0,0.0,401220234,8,10,2.5,-111.0,100.0,47.5,113.0,-125.0,1,dome,matrixturf,00-0035704,00-0036355,Drew Lock,Justin Herbert,LAX01,SoFi Stadium
2020_16_IND_PIT,2020,REG,16,2020-12-27,Sunday,13:00,IND,24.0,PIT,28.0,Home,4.0,52.0,0.0,401220174,7,6,-1.0,100.0,-111.0,43.0,-106.0,-104.0,0,outdoors,grass,00-0022942,00-0022924,Philip Rivers,Ben Roethlisberger,PIT00,Heinz Field
2020_16_LA_SEA,2020,REG,16,2020-12-27,Sunday,16:25,LA,9.0,SEA,20.0,Home,11.0,29.0,0.0,401220362,7,7,1.5,103.0,-114.0,48.0,115.0,-127.0,1,outdoors,fieldturf,00-0033106,00-0029263,Jared Goff,Russell Wilson,SEA00,Lumen Field
2020_16_NYG_BAL,2020,REG,16,2020-12-27,Sunday,13:00,NYG,13.0,BAL,27.0,Home,14.0,40.0,0.0,401220152,7,7,10.0,-116.0,105.0,43.5,348.0,-420.0,0,outdoors,grass,00-0035710,00-0034796,Daniel Jones,Lamar Jackson,BAL00,M&T Bank Stadium
2020_16_PHI_DAL,2020,REG,16,2020-12-27,Sunday,16:25,PHI,17.0,DAL,37.0,Home,20.0,54.0,0.0,401220243,7,7,-3.0,-115.0,104.0,50.0,-166.0,149.0,1,closed,fieldturf,00-0036389,00-0027973,Jalen Hurts,Andy Dalton,DAL00,AT&T Stadium
2020_16_TEN_GB,2020,REG,16,2020-12-27,Sunday,20:20,TEN,14.0,GB,40.0,Home,26.0,54.0,0.0,401220296,7,8,3.0,107.0,-118.0,52.5,159.0,-177.0,0,outdoors,grass,00-0029701,00-0023459,Ryan Tannehill,Aaron Rodgers,GNB00,Lambeau Field
2020_16_BUF_NE,2020,REG,16,2020-12-28,Monday,20:15,BUF,38.0,NE,9.0,Home,-29.0,47.0,0.0,401220130,9,8,-7.0,-102.0,-108.0,47.0,-313.0,268.0,1,outdoors,grass,00-0034857,00-0027939,Josh Allen,Cam Newton,BOS00,Gillette Stadium
2020_17_ARI_LA,2020,REG,17,2021-01-03,Sunday,16:25,ARI,7.0,LA,18.0,Home,11.0,25.0,0.0,401220344,8,7,1.0,105.0,-116.0,42.0,113.0,-125.0,1,dome,matrixturf,00-0035752,00-0034899,Kyler Murray,John Wolford,LAX01,SoFi Stadium
2020_17_ATL_TB,2020,REG,17,2021-01-03,Sunday,13:00,ATL,27.0,TB,44.0,Home,17.0,71.0,0.0,401220328,7,8,7.5,-123.0,111.0,51.0,276.0,-323.0,1,outdoors,grass,00-0026143,00-0019596,Matt Ryan,Tom Brady,TAM00,Raymond James Stadium
2020_17_BAL_CIN,2020,REG,17,2021-01-03,Sunday,13:00,BAL,38.0,CIN,3.0,Home,-35.0,41.0,0.0,401220154,7,7,-13.5,106.0,-117.0,46.0,-799.0,597.0,1,outdoors,grass,00-0034796,00-0032434,Lamar Jackson,Brandon Allen,CIN00,Paul Brown Stadium
2020_17_DAL_NYG,2020,REG,17,2021-01-03,Sunday,13:00,DAL,19.0,NYG,23.0,Home,4.0,42.0,0.0,401220250,7,7,-1.5,-106.0,-104.0,44.5,-121.0,109.0,1,outdoors,fieldturf,00-0027973,00-0035710,Andy Dalton,Daniel Jones,NYC01,MetLife Stadium
2020_17_GB_CHI,2020,REG,17,2021-01-03,Sunday,16:25,GB,35.0,CHI,16.0,Home,-19.0,51.0,0.0,401220275,7,7,-4.5,-103.0,-107.0,48.5,-207.0,184.0,1,outdoors,grass,00-0023459,00-0033869,Aaron Rodgers,Mitch Trubisky,CHI98,Soldier Field
2020_17_JAX_IND,2020,REG,17,2021-01-03,Sunday,16:25,JAX,14.0,IND,28.0,Home,14.0,42.0,0.0,401220187,7,7,15.5,104.0,-115.0,48.0,906.0,-1350.0,1,closed,fieldturf,00-0030520,00-0022942,Mike Glennon,Philip Rivers,IND00,Lucas Oil Stadium
2020_17_LAC_KC,2020,REG,17,2021-01-03,Sunday,16:25,LAC,38.0,KC,21.0,Home,-17.0,59.0,0.0,401220220,7,7,-7.0,106.0,-117.0,43.0,-282.0,244.0,1,outdoors,astroturf,00-0036355,00-0026197,Justin Herbert,Chad Henne,KAN00,Arrowhead Stadium
2020_17_LV_DEN,2020,REG,17,2021-01-03,Sunday,16:25,LV,32.0,DEN,31.0,Home,-1.0,63.0,0.0,401220211,8,7,-2.5,-115.0,104.0,50.5,-144.0,130.0,1,outdoors,grass,00-0031280,00-0035704,Derek Carr,Drew Lock,DEN00,Empower Field at Mile High
2020_17_MIA_BUF,2020,REG,17,2021-01-03,Sunday,13:00,MIA,26.0,BUF,56.0,Home,30.0,82.0,0.0,401220114,8,6,-3.5,113.0,-125.0,42.5,-153.0,138.0,1,outdoors,astroturf,00-0036212,00-0034857,Tua Tagovailoa,Josh Allen,BUF00,New Era Field
2020_17_MIN_DET,2020,REG,17,2021-01-03,Sunday,13:00,MIN,37.0,DET,35.0,Home,-2.0,72.0,0.0,401220284,9,8,-3.0,-110.0,-100.0,54.0,-161.0,145.0,1,dome,fieldturf,00-0029604,00-0026498,Kirk Cousins,Matthew Stafford,DET00,Ford Field
2020_17_NO_CAR,2020,REG,17,2021-01-03,Sunday,16:25,NO,33.0,CAR,7.0,Home,-26.0,40.0,0.0,401220315,9,7,-6.0,100.0,-110.0,47.0,-250.0,219.0,1,outdoors,grass,00-0020531,00-0031237,Drew Brees,Teddy Bridgewater,CAR00,Bank of America Stadium
2020_17_NYJ_NE,2020,REG,17,2021-01-03,Sunday,13:00,NYJ,14.0,NE,28.0,Home,14.0,42.0,0.0,401220132,7,6,3.0,-101.0,-110.0,41.0,145.0,-161.0,1,outdoors,grass,00-0034869,00-0027939,Sam Darnold,Cam Newton,BOS00,Gillette Stadium
2020_17_PIT_CLE,2020,REG,17,2021-01-03,Sunday,13:00,PIT,22.0,CLE,24.0,Home,2.0,46.0,0.0,401220164,7,7,10.5,-111.0,100.0,45.0,376.0,-460.0,1,outdoors,grass,00-0034771,00-0034855,Mason Rudolph,Baker Mayfield,CLE00,FirstEnergy Stadium
2020_17_SEA_SF,2020,REG,17,2021-01-03,Sunday,16:25,SEA,26.0,SF,23.0,Neutral,-3.0,49.0,0.0,401220354,7,8,-7.0,101.0,-112.0,45.0,-310.0,266.0,1,closed,grass,00-0029263,00-0033936,Russell Wilson,C.J. Beathard,PHO00,State Farm Stadium
2020_17_TEN_HOU,2020,REG,17,2021-01-03,Sunday,16:25,TEN,41.0,HOU,38.0,Home,-3.0,79.0,0.0,401220180,7,7,-7.0,101.0,-111.0,55.5,-301.0,259.0,1,closed,grass,00-0029701,00-0033537,Ryan Tannehill,Deshaun Watson,HOU00,NRG Stadium
2020_17_WAS_PHI,2020,REG,17,2021-01-03,Sunday,20:20,WAS,20.0,PHI,14.0,Home,-6.0,34.0,0.0,401220260,7,7,-6.5,-109.0,-101.0,43.5,-283.0,245.0,1,outdoors,grass,00-0023436,00-0036389,Alex Smith,Jalen Hurts,PHI00,Lincoln Financial Field
2020_18_IND_BUF,2020,WC,18,2021-01-09,Saturday,13:05,IND,24.0,BUF,27.0,Home,3.0,51.0,0.0,401220393,6,6,7.0,-118.0,107.0,50.5,277.0,-325.0,0,outdoors,astroturf,00-0022942,00-0034857,Philip Rivers,Josh Allen,BUF00,New Era Field
2020_18_LA_SEA,2020,WC,18,2021-01-09,Saturday,16:40,LA,30.0,SEA,20.0,Home,-10.0,50.0,0.0,401220372,6,6,3.0,102.0,-113.0,42.0,154.0,-172.0,1,outdoors,fieldturf,00-0034899,00-0029263,John Wolford,Russell Wilson,SEA00,Lumen Field
2020_18_TB_WAS,2020,WC,18,2021-01-09,Saturday,20:15,TB,31.0,WAS,23.0,Home,-8.0,54.0,0.0,401220371,6,6,-10.0,-101.0,-109.0,45.0,-456.0,373.0,0,outdoors,grass,00-0019596,00-0031800,Tom Brady,Taylor Heinicke,WAS00,FedExField
2020_18_BAL_TEN,2020,WC,18,2021-01-10,Sunday,13:05,BAL,20.0,TEN,13.0,Home,-7.0,33.0,0.0,401220396,7,7,-3.5,-103.0,-107.0,53.0,-182.0,163.0,0,outdoors,grass,00-0034796,00-0029701,Lamar Jackson,Ryan Tannehill,NAS00,Nissan Stadium
2020_18_CHI_NO,2020,WC,18,2021-01-10,Sunday,16:40,CHI,9.0,NO,21.0,Home,12.0,30.0,0.0,401220395,7,7,11.0,102.0,-113.0,48.0,443.0,-558.0,0,dome,astroturf,00-0033869,00-0020531,Mitch Trubisky,Drew Brees,NOR00,Mercedes-Benz Superdome
2020_18_CLE_PIT,2020,WC,18,2021-01-10,Sunday,20:15,CLE,48.0,PIT,37.0,Home,-11.0,85.0,0.0,401220394,7,7,5.0,-100.0,-110.0,47.5,210.0,-239.0,1,outdoors,grass,00-0034855,00-0022924,Baker Mayfield,Ben Roethlisberger,PIT00,Heinz Field
2020_19_BAL_BUF,2020,DIV,19,2021-01-16,Saturday,20:15,BAL,3.0,BUF,17.0,Home,14.0,20.0,0.0,401220397,6,7,2.5,103.0,-114.0,50.0,124.0,-137.0,0,outdoors,astroturf,00-0034796,00-0034857,Lamar Jackson,Josh Allen,BUF00,New Era Field
2020_19_LA_GB,2020,DIV,19,2021-01-16,Saturday,16:35,LA,18.0,GB,32.0,Home,14.0,50.0,0.0,401220398,7,13,7.0,-109.0,-101.0,45.0,296.0,-351.0,0,outdoors,grass,00-0033106,00-0023459,Jared Goff,Aaron Rodgers,GNB00,Lambeau Field
2020_19_CLE_KC,2020,DIV,19,2021-01-17,Sunday,15:05,CLE,17.0,KC,22.0,Home,5.0,39.0,0.0,401220400,7,14,7.5,-105.0,-105.0,55.5,316.0,-376.0,0,outdoors,astroturf,00-0034855,00-0033873,Baker Mayfield,Patrick Mahomes,KAN00,Arrowhead Stadium
2020_19_TB_NO,2020,DIV,19,2021-01-17,Sunday,18:40,TB,30.0,NO,20.0,Home,-10.0,50.0,0.0,401220399,8,7,2.5,-104.0,-106.0,53.0,120.0,-133.0,1,dome,astroturf,00-0019596,00-0020531,Tom Brady,Drew Brees,NOR00,Mercedes-Benz Superdome
2020_20_BUF_KC,2020,CON,20,2021-01-24,Sunday,18:40,BUF,24.0,KC,38.0,Home,14.0,62.0,0.0,401220401,8,7,3.0,-108.0,-102.0,54.5,142.0,-158.0,0,outdoors,astroturf,00-0034857,00-0033873,Josh Allen,Patrick Mahomes,KAN00,Arrowhead Stadium
2020_20_TB_GB,2020,CON,20,2021-01-24,Sunday,15:05,TB,31.0,GB,26.0,Home,-5.0,57.0,0.0,401220402,7,8,3.0,108.0,-119.0,53.0,157.0,-176.0,0,outdoors,grass,00-0019596,00-0023459,Tom Brady,Aaron Rodgers,GNB00,Lambeau Field
2020_21_KC_TB,2020,SB,21,2021-02-07,Sunday,18:30,KC,9.0,TB,31.0,Neutral,22.0,40.0,0.0,401220403,14,14,-3.0,-107.0,-103.0,55.0,-161.0,145.0,0,outdoors,grass,00-0033873,00-0019596,Patrick Mahomes,Tom Brady,TAM00,Raymond James Stadium
2021_01_DAL_TB,2021,REG,1,2021-09-09,Thursday,20:20,DAL,29.0,TB,31.0,Home,2.0,60.0,0.0,401326322,7,7,10.0,-121.0,110.0,52.5,351.0,-425.0,0,outdoors,grass ,00-0033077,00-0019596,Dak Prescott,Tom Brady,TAM00,Raymond James Stadium
2021_01_ARI_TEN,2021,REG,1,2021-09-12,Sunday,13:00,ARI,38.0,TEN,13.0,Home,-25.0,51.0,0.0,401326311,7,7,2.5,105.0,-116.0,54.0,131.0,-146.0,0,outdoors,grass ,00-0035228,00-0029701,Kyler Murray,Ryan Tannehill,NAS00,Nissan Stadium
2021_01_CHI_LA,2021,REG,1,2021-09-12,Sunday,20:20,CHI,14.0,LA,34.0,Home,20.0,48.0,0.0,401326323,7,7,9.5,-108.0,-102.0,46.0,324.0,-387.0,0,dome,matrixturf,00-0027973,00-0026498,Andy Dalton,Matthew Stafford,LAX01,SoFi Stadium
2021_01_CLE_KC,2021,REG,1,2021-09-12,Sunday,16:25,CLE,29.0,KC,33.0,Home,4.0,62.0,0.0,401326314,7,7,5.5,-101.0,-110.0,54.5,211.0,-241.0,0,outdoors,grass ,00-0034855,00-0033873,Baker Mayfield,Patrick Mahomes,KAN00,GEHA Field at Arrowhead Stadium
2021_01_DEN_NYG,2021,REG,1,2021-09-12,Sunday,16:25,DEN,27.0,NYG,13.0,Home,-14.0,40.0,0.0,401326320,7,7,-3.0,109.0,-120.0,41.5,-139.0,125.0,0,outdoors,fieldturf,00-0031237,00-0035710,Teddy Bridgewater,Daniel Jones,NYC01,MetLife Stadium
2021_01_GB_NO,2021,REG,1,2021-09-12,Sunday,16:25,GB,3.0,NO,38.0,Neutral,35.0,41.0,0.0,401326319,7,7,-4.0,103.0,-114.0,49.0,-181.0,162.0,0,outdoors,grass ,00-0023459,00-0031503,Aaron Rodgers,Jameis Winston,JAX00,TIAA Bank Stadium
2021_01_JAX_HOU,2021,REG,1,2021-09-12,Sunday,13:00,JAX,21.0,HOU,37.0,Home,16.0,58.0,0.0,401326310,7,7,-3.5,103.0,-113.0,45.5,-172.0,154.0,1,closed,astroturf,00-0036971,00-0028118,Trevor Lawrence,Tyrod Taylor,HOU00,NRG Stadium
2021_01_LAC_WAS,2021,REG,1,2021-09-12,Sunday,13:00,LAC,20.0,WAS,16.0,Home,-4.0,36.0,0.0,401326312,7,7,2.5,-109.0,-101.0,45.5,117.0,-129.0,0,outdoors,grass ,00-0036355,00-0023682,Justin Herbert,Ryan Fitzpatrick,WAS00,FedExField
2021_01_MIA_NE,2021,REG,1,2021-09-12,Sunday,16:25,MIA,17.0,NE,16.0,Home,-1.0,33.0,0.0,401326313,7,7,3.5,-113.0,102.0,43.5,155.0,-173.0,1,outdoors,fieldturf,00-0036212,00-0036972,Tua Tagovailoa,Mac Jones,BOS00,Gillette Stadium
2021_01_MIN_CIN,2021,REG,1,2021-09-12,Sunday,13:00,MIN,24.0,CIN,27.0,Home,3.0,51.0,1.0,401326316,7,7,-3.0,109.0,-120.0,47.0,-135.0,122.0,0,outdoors,fieldturf,00-0029604,00-0036442,Kirk Cousins,Joe Burrow,CIN00,Paul Brown Stadium
2021_01_NYJ_CAR,2021,REG,1,2021-09-12,Sunday,13:00,NYJ,14.0,CAR,19.0,Home,5.0,33.0,0.0,401326309,7,7,3.5,-108.0,-102.0,44.5,164.0,-184.0,0,outdoors,grass ,00-0037013,00-0034869,Zach Wilson,Sam Darnold,CAR00,Bank of America Stadium
2021_01_PHI_ATL,2021,REG,1,2021-09-12,Sunday,13:00,PHI,32.0,ATL,6.0,Home,-26.0,38.0,0.0,401326315,7,7,3.5,-109.0,-101.0,49.0,161.0,-180.0,0,open,fieldturf,00-0036389,00-0026143,Jalen Hurts,Matt Ryan,ATL97,Mercedes-Benz Stadium
2021_01_PIT_BUF,2021,REG,1,2021-09-12,Sunday,13:00,PIT,23.0,BUF,16.0,Home,-7.0,39.0,0.0,401326308,7,7,6.5,-110.0,-100.0,48.0,232.0,-267.0,0,outdoors,a_turf,00-0022924,00-0034857,Ben Roethlisberger,Josh Allen,BUF00,New Era Field
2021_01_SEA_IND,2021,REG,1,2021-09-12,Sunday,13:00,SEA,28.0,IND,16.0,Home,-12.0,44.0,0.0,401326318,7,7,-3.0,106.0,-117.0,49.0,-146.0,132.0,0,closed,fieldturf,00-0029263,00-0032950,Russell Wilson,Carson Wentz,IND00,Lucas Oil Stadium
2021_01_SF_DET,2021,REG,1,2021-09-12,Sunday,13:00,SF,41.0,DET,33.0,Home,-8.0,74.0,0.0,401326317,7,7,-9.5,-105.0,-105.0,46.0,-415.0,344.0,0,dome,fieldturf,00-0031345,00-0033106,Jimmy Garoppolo,Jared Goff,DET00,Ford Field
2021_01_BAL_LV,2021,REG,1,2021-09-13,Monday,20:15,BAL,27.0,LV,33.0,Home,6.0,60.0,1.0,401326321,7,7,-3.0,-116.0,105.0,50.5,-167.0,149.0,0,dome,grass,00-0034796,00-0031280,Lamar Jackson,Derek Carr,VEG00,Allegiant Stadium
2021_02_NYG_WAS,2021,REG,2,2021-09-16,Thursday,20:20,NYG,29.0,WAS,30.0,Home,1.0,59.0,0.0,401326127,4,4,4.0,-103.0,-107.0,42.0,176.0,-198.0,1,outdoors,grass ,00-0035710,00-0031800,Daniel Jones,Taylor Heinicke,WAS00,FedExField
2021_02_ATL_TB,2021,REG,2,2021-09-19,Sunday,16:05,ATL,25.0,TB,48.0,Home,23.0,73.0,0.0,401326358,7,10,13.5,-108.0,-102.0,52.0,582.0,-772.0,1,outdoors,grass ,00-0026143,00-0019596,Matt Ryan,Tom Brady,TAM00,Raymond James Stadium
2021_02_BUF_MIA,2021,REG,2,2021-09-19,Sunday,13:00,BUF,35.0,MIA,0.0,Home,-35.0,35.0,0.0,401326353,7,7,-3.5,103.0,-113.0,48.0,-179.0,160.0,1,outdoors,grass ,00-0034857,00-0036212,Josh Allen,Tua Tagovailoa,MIA00,Hard Rock Stadium
2021_02_CIN_CHI,2021,REG,2,2021-09-19,Sunday,13:00,CIN,17.0,CHI,20.0,Home,3.0,37.0,0.0,401326129,7,7,2.0,-105.0,-105.0,44.5,114.0,-126.0,0,outdoors,grass ,00-0036442,00-0027973,Joe Burrow,Andy Dalton,CHI98,Soldier Field
2021_02_DAL_LAC,2021,REG,2,2021-09-19,Sunday,16:25,DAL,20.0,LAC,17.0,Home,-3.0,37.0,0.0,401326359,10,7,3.0,-109.0,-101.0,55.0,135.0,-150.0,0,dome,matrixturf,00-0033077,00-0036355,Dak Prescott,Justin Herbert,LAX01,SoFi Stadium
2021_02_DEN_JAX,2021,REG,2,2021-09-19,Sunday,13:00,DEN,23.0,JAX,13.0,Home,-10.0,36.0,0.0,401326132,7,7,-6.0,104.0,-115.0,45.0,-241.0,211.0,0,outdoors,grass ,00-0031237,00-0036971,Teddy Bridgewater,Trevor Lawrence,JAX00,TIAA Bank Stadium
2021_02_HOU_CLE,2021,REG,2,2021-09-19,Sunday,13:00,HOU,21.0,CLE,31.0,Home,10.0,52.0,0.0,401326130,7,7,13.5,-103.0,-107.0,48.5,521.0,-675.0,0,outdoors,grass ,00-0028118,00-0034855,Tyrod Taylor,Baker Mayfield,CLE00,FirstEnergy Stadium
2021_02_KC_BAL,2021,REG,2,2021-09-19,Sunday,20:20,KC,35.0,BAL,36.0,Home,1.0,71.0,0.0,401326361,7,6,-3.5,107.0,-118.0,53.5,-171.0,153.0,0,outdoors,grass,00-0033873,00-0034796,Patrick Mahomes,Lamar Jackson,BAL00,M&T Bank Stadium
2021_02_LA_IND,2021,REG,2,2021-09-19,Sunday,13:00,LA,27.0,IND,24.0,Home,-3.0,51.0,0.0,401326131,7,7,-4.0,-110.0,-100.0,48.0,-205.0,182.0,0,closed,fieldturf,00-0026498,00-0032950,Matthew Stafford,Carson Wentz,IND00,Lucas Oil Stadium
2021_02_LV_PIT,2021,REG,2,2021-09-19,Sunday,13:00,LV,26.0,PIT,17.0,Home,-9.0,43.0,0.0,401326356,6,7,5.5,-109.0,-102.0,46.5,201.0,-228.0,0,outdoors,grass ,00-0031280,00-0022924,Derek Carr,Ben Roethlisberger,PIT00,Heinz Field
2021_02_MIN_ARI,2021,REG,2,2021-09-19,Sunday,16:05,MIN,33.0,ARI,34.0,Home,1.0,67.0,0.0,401326357,7,7,4.0,-111.0,101.0,51.0,170.0,-191.0,0,closed,grass ,00-0029604,00-0035228,Kirk Cousins,Kyler Murray,PHO00,State Farm Stadium
2021_02_NE_NYJ,2021,REG,2,2021-09-19,Sunday,13:00,NE,25.0,NYJ,6.0,Home,-19.0,31.0,0.0,401326354,7,7,-5.5,-105.0,-105.0,43.0,-235.0,207.0,1,outdoors,fieldturf,00-0036972,00-0037013,Mac Jones,Zach Wilson,NYC01,MetLife Stadium
2021_02_NO_CAR,2021,REG,2,2021-09-19,Sunday,13:00,NO,7.0,CAR,26.0,Home,19.0,33.0,0.0,401326128,7,7,-3.0,102.0,-113.0,45.0,-145.0,131.0,1,outdoors,grass ,00-0031503,00-0034869,Jameis Winston,Sam Darnold,CAR00,Bank of America Stadium
2021_02_SF_PHI,2021,REG,2,2021-09-19,Sunday,13:00,SF,17.0,PHI,11.0,Home,-6.0,28.0,0.0,401326355,7,7,-3.0,104.0,-115.0,49.0,-144.0,130.0,0,outdoors,grass ,00-0031345,00-0036389,Jimmy Garoppolo,Jalen Hurts,PHI00,Lincoln Financial Field
2021_02_TEN_SEA,2021,REG,2,2021-09-19,Sunday,16:25,TEN,33.0,SEA,30.0,Home,-3.0,63.0,1.0,401326360,7,7,6.5,-100.0,-110.0,53.5,247.0,-286.0,0,outdoors,fieldturf,00-0029701,00-0029263,Ryan Tannehill,Russell Wilson,SEA00,Lumen Field
2021_02_DET_GB,2021,REG,2,2021-09-20,Monday,20:15,DET,17.0,GB,35.0,Home,18.0,52.0,0.0,401326362,8,8,11.5,-112.0,102.0,49.5,400.0,-494.0,1,outdoors,grass ,00-0033106,00-0023459,Jared Goff,Aaron Rodgers,GNB00,Lambeau Field
2021_03_CAR_HOU,2021,REG,3,2021-09-23,Thursday,20:20,CAR,24.0,HOU,9.0,Home,-15.0,33.0,0.0,401326363,4,4,-8.0,-115.0,104.0,43.0,-420.0,348.0,0,closed,astroturf,00-0034869,00-0036898,Sam Darnold,Davis Mills,HOU00,NRG Stadium
2021_03_ARI_JAX,2021,REG,3,2021-09-26,Sunday,13:00,ARI,31.0,JAX,19.0,Home,-12.0,50.0,0.0,401326367,7,7,-8.0,-101.0,-110.0,51.5,-360.0,304.0,0,outdoors,grass ,00-0035228,00-0036971,Kyler Murray,Trevor Lawrence,JAX00,TIAA Bank Stadium
2021_03_ATL_NYG,2021,REG,3,2021-09-26,Sunday,13:00,ATL,17.0,NYG,14.0,Home,-3.0,31.0,0.0,401326370,7,10,3.0,-115.0,105.0,48.0,129.0,-143.0,0,outdoors,fieldturf,00-0026143,00-0035710,Matt Ryan,Daniel Jones,NYC01,MetLife Stadium
2021_03_BAL_DET,2021,REG,3,2021-09-26,Sunday,13:00,BAL,19.0,DET,17.0,Home,-2.0,36.0,0.0,401326366,7,6,-7.5,-100.0,-110.0,51.0,-344.0,292.0,0,dome,fieldturf,00-0034796,00-0033106,Lamar Jackson,Jared Goff,DET00,Ford Field
2021_03_CHI_CLE,2021,REG,3,2021-09-26,Sunday,13:00,CHI,6.0,CLE,26.0,Home,20.0,32.0,0.0,401326365,7,7,7.5,-102.0,-108.0,45.0,315.0,-375.0,0,outdoors,grass ,00-0036945,00-0034855,Justin Fields,Baker Mayfield,CLE00,FirstEnergy Stadium
2021_03_CIN_PIT,2021,REG,3,2021-09-26,Sunday,13:00,CIN,24.0,PIT,10.0,Home,-14.0,34.0,0.0,401326371,7,7,2.5,103.0,-114.0,42.5,126.0,-140.0,1,outdoors,grass ,00-0036442,00-0022924,Joe Burrow,Ben Roethlisberger,PIT00,Heinz Field
2021_03_GB_SF,2021,REG,3,2021-09-26,Sunday,20:20,GB,30.0,SF,28.0,Home,-2.0,58.0,0.0,401326377,6,7,3.5,-113.0,103.0,50.5,160.0,-179.0,0,outdoors,grass,00-0023459,00-0031345,Aaron Rodgers,Jimmy Garoppolo,SFO01,Levi's Stadium
2021_03_IND_TEN,2021,REG,3,2021-09-26,Sunday,13:00,IND,16.0,TEN,25.0,Home,9.0,41.0,0.0,401326372,7,7,4.5,-113.0,103.0,47.0,175.0,-196.0,1,outdoors,grass ,00-0032950,00-0029701,Carson Wentz,Ryan Tannehill,NAS00,Nissan Stadium
2021_03_LAC_KC,2021,REG,3,2021-09-26,Sunday,13:00,LAC,30.0,KC,24.0,Home,-6.0,54.0,0.0,401326368,7,7,6.5,-100.0,-110.0,55.0,237.0,-273.0,1,outdoors,grass ,00-0036355,00-0033873,Justin Herbert,Patrick Mahomes,KAN00,GEHA Field at Arrowhead Stadium
2021_03_MIA_LV,2021,REG,3,2021-09-26,Sunday,16:05,MIA,28.0,LV,31.0,Home,3.0,59.0,1.0,401326374,7,7,4.0,-107.0,-103.0,45.0,173.0,-194.0,0,dome,grass,00-0033119,00-0031280,Jacoby Brissett,Derek Carr,VEG00,Allegiant Stadium
2021_03_NO_NE,2021,REG,3,2021-09-26,Sunday,13:00,NO,28.0,NE,13.0,Home,-15.0,41.0,0.0,401326369,7,7,3.0,-117.0,106.0,44.0,130.0,-144.0,0,outdoors,fieldturf,00-0031503,00-0036972,Jameis Winston,Mac Jones,BOS00,Gillette Stadium
2021_03_NYJ_DEN,2021,REG,3,2021-09-26,Sunday,16:05,NYJ,0.0,DEN,26.0,Home,26.0,26.0,0.0,401326373,7,7,10.5,-109.0,-101.0,42.0,470.0,-597.0,0,outdoors,grass ,00-0037013,00-0031237,Zach Wilson,Teddy Bridgewater,DEN00,Empower Field at Mile High
2021_03_SEA_MIN,2021,REG,3,2021-09-26,Sunday,16:25,SEA,17.0,MIN,30.0,Home,13.0,47.0,0.0,401326376,7,7,-2.0,-101.0,-109.0,53.5,-120.0,109.0,0,dome,sportturf,00-0029263,00-0029604,Russell Wilson,Kirk Cousins,MIN01,U.S. Bank Stadium
2021_03_TB_LA,2021,REG,3,2021-09-26,Sunday,16:25,TB,24.0,LA,34.0,Home,10.0,58.0,0.0,401326375,7,7,-1.0,100.0,-110.0,55.0,-106.0,-104.0,0,dome,matrixturf,00-0019596,00-0026498,Tom Brady,Matthew Stafford,LAX01,SoFi Stadium
2021_03_WAS_BUF,2021,REG,3,2021-09-26,Sunday,13:00,WAS,21.0,BUF,43.0,Home,22.0,64.0,0.0,401326364,10,7,7.5,-114.0,103.0,45.5,281.0,-330.0,0,outdoors,a_turf,00-0031800,00-0034857,Taylor Heinicke,Josh Allen,BUF00,New Era Field
2021_03_PHI_DAL,2021,REG,3,2021-09-27,Monday,20:15,PHI,21.0,DAL,41.0,Home,20.0,62.0,0.0,401326378,8,8,3.5,-103.0,-107.0,51.5,168.0,-189.0,1,open,matrixturf,00-0036389,00-0033077,Jalen Hurts,Dak Prescott,DAL00,AT&T Stadium
2021_04_JAX_CIN,2021,REG,4,2021-09-30,Thursday,20:20,JAX,21.0,CIN,24.0,Home,3.0,45.0,0.0,401326379,4,4,7.5,105.0,-116.0,46.0,313.0,-373.0,0,outdoors,fieldturf,00-0036971,00-0036442,Trevor Lawrence,Joe Burrow,CIN00,Paul Brown Stadium
2021_04_ARI_LA,2021,REG,4,2021-10-03,Sunday,16:05,ARI,37.0,LA,20.0,Home,-17.0,57.0,0.0,401326389,7,7,3.5,100.0,-111.0,53.5,178.0,-200.0,1,dome,matrixturf,00-0035228,00-0026498,Kyler Murray,Matthew Stafford,LAX01,SoFi Stadium
2021_04_BAL_DEN,2021,REG,4,2021-10-03,Sunday,16:25,BAL,23.0,DEN,7.0,Home,-16.0,30.0,0.0,401326391,7,7,1.0,101.0,-111.0,44.0,107.0,-118.0,0,outdoors,grass ,00-0034796,00-0031237,Lamar Jackson,Teddy Bridgewater,DEN00,Empower Field at Mile High
2021_04_CAR_DAL,2021,REG,4,2021-10-03,Sunday,13:00,CAR,28.0,DAL,36.0,Home,8.0,64.0,0.0,401326383,10,6,4.5,-106.0,-104.0,51.5,186.0,-210.0,0,closed,matrixturf,00-0034869,00-0033077,Sam Darnold,Dak Prescott,DAL00,AT&T Stadium
2021_04_CLE_MIN,2021,REG,4,2021-10-03,Sunday,13:00,CLE,14.0,MIN,7.0,Home,-7.0,21.0,0.0,401326385,7,7,-1.0,102.0,-113.0,52.0,-105.0,-106.0,0,dome,sportturf,00-0034855,00-0029604,Baker Mayfield,Kirk Cousins,MIN01,U.S. Bank Stadium
2021_04_DET_CHI,2021,REG,4,2021-10-03,Sunday,13:00,DET,14.0,CHI,24.0,Home,10.0,38.0,0.0,401326382,7,7,3.0,-109.0,-101.0,42.0,134.0,-148.0,1,outdoors,grass ,00-0033106,00-0036945,Jared Goff,Justin Fields,CHI98,Soldier Field
2021_04_HOU_BUF,2021,REG,4,2021-10-03,Sunday,13:00,HOU,0.0,BUF,40.0,Home,40.0,40.0,0.0,401326381,10,7,19.0,-108.0,-102.0,47.5,988.0,-1500.0,0,outdoors,a_turf,00-0036898,00-0034857,Davis Mills,Josh Allen,BUF00,New Era Field
2021_04_IND_MIA,2021,REG,4,2021-10-03,Sunday,13:00,IND,27.0,MIA,17.0,Home,-10.0,44.0,0.0,401326384,7,7,2.5,102.0,-113.0,41.5,130.0,-144.0,0,outdoors,grass ,00-0032950,00-0033119,Carson Wentz,Jacoby Brissett,MIA00,Hard Rock Stadium
2021_04_KC_PHI,2021,REG,4,2021-10-03,Sunday,13:00,KC,42.0,PHI,30.0,Home,-12.0,72.0,0.0,401326388,7,6,-7.5,101.0,-112.0,53.5,-349.0,296.0,0,outdoors,grass ,00-0033873,00-0036389,Patrick Mahomes,Jalen Hurts,PHI00,Lincoln Financial Field
2021_04_NYG_NO,2021,REG,4,2021-10-03,Sunday,13:00,NYG,27.0,NO,21.0,Home,-6.0,48.0,1.0,401326386,7,7,7.5,-118.0,107.0,43.0,286.0,-337.0,0,dome,sportturf,00-0035710,00-0031503,Daniel Jones,Jameis Winston,NOR00,Mercedes-Benz Superdome
2021_04_PIT_GB,2021,REG,4,2021-10-03,Sunday,16:25,PIT,17.0,GB,27.0,Home,10.0,44.0,0.0,401326392,7,7,6.5,-104.0,-106.0,45.0,239.0,-276.0,0,outdoors,grass ,00-0022924,00-0023459,Ben Roethlisberger,Aaron Rodgers,GNB00,Lambeau Field
2021_04_SEA_SF,2021,REG,4,2021-10-03,Sunday,16:05,SEA,28.0,SF,21.0,Home,-7.0,49.0,0.0,401326390,7,7,2.5,-103.0,-107.0,52.0,120.0,-133.0,1,outdoors,grass,00-0029263,00-0031345,Russell Wilson,Jimmy Garoppolo,SFO01,Levi's Stadium
2021_04_TB_NE,2021,REG,4,2021-10-03,Sunday,20:20,TB,19.0,NE,17.0,Home,-2.0,36.0,0.0,401326393,7,7,-6.0,-105.0,-105.0,49.5,-255.0,223.0,0,outdoors,fieldturf,00-0019596,00-0036972,Tom Brady,Mac Jones,BOS00,Gillette Stadium
2021_04_TEN_NYJ,2021,REG,4,2021-10-03,Sunday,13:00,TEN,24.0,NYJ,27.0,Home,3.0,51.0,1.0,401326387,7,7,-5.5,-104.0,-106.0,44.5,-234.0,206.0,0,outdoors,fieldturf,00-0029701,00-0037013,Ryan Tannehill,Zach Wilson,NYC01,MetLife Stadium
2021_04_WAS_ATL,2021,REG,4,2021-10-03,Sunday,13:00,WAS,34.0,ATL,30.0,Home,-4.0,64.0,0.0,401326380,7,7,-1.0,-111.0,100.0,47.5,-117.0,106.0,0,open,fieldturf,00-0031800,00-0026143,Taylor Heinicke,Matt Ryan,ATL97,Mercedes-Benz Stadium
2021_04_LV_LAC,2021,REG,4,2021-10-04,Monday,20:15,LV,14.0,LAC,28.0,Home,14.0,42.0,0.0,401326394,8,8,3.0,-101.0,-109.0,52.0,144.0,-161.0,1,dome,matrixturf,00-0031280,00-0036355,Derek Carr,Justin Herbert,LAX01,SoFi Stadium
2021_05_LA_SEA,2021,REG,5,2021-10-07,Thursday,20:20,LA,26.0,SEA,17.0,Home,-9.0,43.0,0.0,401326395,4,4,-2.5,-116.0,105.0,53.5,-135.0,122.0,1,outdoors,fieldturf,00-0026498,00-0029263,Matthew Stafford,Russell Wilson,SEA00,Lumen Field
2021_05_BUF_KC,2021,REG,5,2021-10-10,Sunday,20:20,BUF,38.0,KC,20.0,Home,-18.0,58.0,0.0,401326408,7,7,2.5,-101.0,-109.0,57.0,121.0,-134.0,0,outdoors,grass ,00-0034857,00-0033873,Josh Allen,Patrick Mahomes,KAN00,GEHA Field at Arrowhead Stadium
2021_05_CHI_LV,2021,REG,5,2021-10-10,Sunday,16:05,CHI,20.0,LV,9.0,Home,-11.0,29.0,0.0,401326405,7,6,5.5,-102.0,-108.0,46.0,215.0,-245.0,0,dome,grass,00-0036945,00-0031280,Justin Fields,Derek Carr,VEG00,Allegiant Stadium
2021_05_CLE_LAC,2021,REG,5,2021-10-10,Sunday,16:05,CLE,42.0,LAC,47.0,Home,5.0,89.0,0.0,401326404,7,6,2.5,-106.0,-104.0,46.5,117.0,-129.0,0,dome,matrixturf,00-0034855,00-0036355,Baker Mayfield,Justin Herbert,LAX01,SoFi Stadium
2021_05_DEN_PIT,2021,REG,5,2021-10-10,Sunday,13:00,DEN,19.0,PIT,27.0,Home,8.0,46.0,0.0,401326401,7,7,-2.0,-106.0,-104.0,40.0,-124.0,113.0,0,outdoors,grass ,00-0031237,00-0022924,Teddy Bridgewater,Ben Roethlisberger,PIT00,Heinz Field
2021_05_DET_MIN,2021,REG,5,2021-10-10,Sunday,13:00,DET,17.0,MIN,19.0,Home,2.0,36.0,0.0,401326400,7,7,10.0,-110.0,-100.0,49.5,346.0,-418.0,1,dome,sportturf,00-0033106,00-0029604,Jared Goff,Kirk Cousins,MIN01,U.S. Bank Stadium
2021_05_GB_CIN,2021,REG,5,2021-10-10,Sunday,13:00,GB,25.0,CIN,22.0,Home,-3.0,47.0,1.0,401326397,7,10,-2.0,-104.0,-106.0,50.0,-123.0,111.0,0,outdoors,fieldturf,00-0023459,00-0036442,Aaron Rodgers,Joe Burrow,CIN00,Paul Brown Stadium
2021_05_MIA_TB,2021,REG,5,2021-10-10,Sunday,13:00,MIA,17.0,TB,45.0,Home,28.0,62.0,0.0,401326402,7,7,11.0,-100.0,-110.0,48.0,448.0,-564.0,0,outdoors,grass ,00-0033119,00-0019596,Jacoby Brissett,Tom Brady,TAM00,Raymond James Stadium
2021_05_NE_HOU,2021,REG,5,2021-10-10,Sunday,13:00,NE,25.0,HOU,22.0,Home,-3.0,47.0,0.0,401326398,7,7,-8.0,102.0,-112.0,39.5,-339.0,288.0,0,closed,astroturf,00-0036972,00-0036898,Mac Jones,Davis Mills,HOU00,NRG Stadium
2021_05_NO_WAS,2021,REG,5,2021-10-10,Sunday,13:00,NO,33.0,WAS,22.0,Home,-11.0,55.0,0.0,401326403,7,7,-2.5,-106.0,-104.0,43.5,-130.0,117.0,0,outdoors,grass ,00-0031503,00-0031800,Jameis Winston,Taylor Heinicke,WAS00,FedExField
2021_05_NYG_DAL,2021,REG,5,2021-10-10,Sunday,16:25,NYG,20.0,DAL,44.0,Home,24.0,64.0,0.0,401326407,7,7,7.5,-112.0,102.0,53.0,285.0,-335.0,1,closed,matrixturf,00-0035710,00-0033077,Daniel Jones,Dak Prescott,DAL00,AT&T Stadium
2021_05_NYJ_ATL,2021,REG,5,2021-10-10,Sunday,09:30,NYJ,20.0,ATL,27.0,Neutral,7.0,47.0,0.0,401326324,7,7,3.0,-107.0,-103.0,45.5,138.0,-153.0,0,outdoors,grass,00-0037013,00-0026143,Zach Wilson,Matt Ryan,LON02,Tottenham Stadium
2021_05_PHI_CAR,2021,REG,5,2021-10-10,Sunday,13:00,PHI,21.0,CAR,18.0,Home,-3.0,39.0,0.0,401326396,7,7,2.5,104.0,-114.0,46.0,126.0,-139.0,0,outdoors,grass ,00-0036389,00-0034869,Jalen Hurts,Sam Darnold,CAR00,Bank of America Stadium
2021_05_SF_ARI,2021,REG,5,2021-10-10,Sunday,16:25,SF,10.0,ARI,17.0,Home,7.0,27.0,0.0,401326406,7,7,6.0,-110.0,-100.0,48.5,231.0,-266.0,1,closed,grass ,00-0037012,00-0035228,Trey Lance,Kyler Murray,PHO00,State Farm Stadium
2021_05_TEN_JAX,2021,REG,5,2021-10-10,Sunday,13:00,TEN,37.0,JAX,19.0,Home,-18.0,56.0,0.0,401326399,7,10,-4.0,-100.0,-110.0,49.0,-191.0,170.0,1,outdoors,grass ,00-0029701,00-0036971,Ryan Tannehill,Trevor Lawrence,JAX00,TIAA Bank Stadium
2021_05_IND_BAL,2021,REG,5,2021-10-11,Monday,20:15,IND,25.0,BAL,31.0,Home,6.0,56.0,1.0,401326409,8,8,7.5,-105.0,-105.0,46.5,301.0,-356.0,0,outdoors,grass,00-0032950,00-0034796,Carson Wentz,Lamar Jackson,BAL00,M&T Bank Stadium
2021_06_TB_PHI,2021,REG,6,2021-10-14,Thursday,20:20,TB,28.0,PHI,22.0,Home,-6.0,50.0,0.0,401326410,4,4,-7.0,103.0,-114.0,53.0,-274.0,238.0,0,outdoors,grass ,00-0019596,00-0036389,Tom Brady,Jalen Hurts,PHI00,Lincoln Financial Field
2021_06_ARI_CLE,2021,REG,6,2021-10-17,Sunday,16:05,ARI,37.0,CLE,14.0,Home,-23.0,51.0,0.0,401326418,7,7,3.0,-117.0,106.0,48.0,129.0,-143.0,0,outdoors,grass ,00-0035228,00-0034855,Kyler Murray,Baker Mayfield,CLE00,FirstEnergy Stadium
2021_06_CIN_DET,2021,REG,6,2021-10-17,Sunday,13:00,CIN,34.0,DET,11.0,Home,-23.0,45.0,0.0,401326414,7,7,-3.5,-110.0,-100.0,46.5,-192.0,171.0,0,dome,fieldturf,00-0036442,00-0033106,Joe Burrow,Jared Goff,DET00,Ford Field
2021_06_DAL_NE,2021,REG,6,2021-10-17,Sunday,16:25,DAL,35.0,NE,29.0,Home,-6.0,64.0,1.0,401326420,7,7,-3.5,-108.0,-102.0,50.5,-189.0,169.0,0,outdoors,fieldturf,00-0033077,00-0036972,Dak Prescott,Mac Jones,BOS00,Gillette Stadium
2021_06_GB_CHI,2021,REG,6,2021-10-17,Sunday,13:00,GB,24.0,CHI,14.0,Home,-10.0,38.0,0.0,401326413,7,7,-5.5,-106.0,-104.0,44.0,-228.0,201.0,1,outdoors,grass ,00-0023459,00-0036945,Aaron Rodgers,Justin Fields,CHI98,Soldier Field
2021_06_HOU_IND,2021,REG,6,2021-10-17,Sunday,13:00,HOU,3.0,IND,31.0,Home,28.0,34.0,0.0,401326415,7,6,10.5,-117.0,106.0,43.5,363.0,-442.0,1,open,fieldturf,00-0036898,00-0032950,Davis Mills,Carson Wentz,IND00,Lucas Oil Stadium
2021_06_KC_WAS,2021,REG,6,2021-10-17,Sunday,13:00,KC,31.0,WAS,13.0,Home,-18.0,44.0,0.0,401326417,7,7,-6.0,-105.0,-105.0,54.0,-255.0,223.0,0,outdoors,grass ,00-0033873,00-0031800,Patrick Mahomes,Taylor Heinicke,WAS00,FedExField
2021_06_LAC_BAL,2021,REG,6,2021-10-17,Sunday,13:00,LAC,6.0,BAL,34.0,Home,28.0,40.0,0.0,401326411,7,6,3.0,106.0,-116.0,50.5,149.0,-166.0,0,outdoors,grass,00-0036355,00-0034796,Justin Herbert,Lamar Jackson,BAL00,M&T Bank Stadium
2021_06_LA_NYG,2021,REG,6,2021-10-17,Sunday,13:00,LA,38.0,NYG,11.0,Home,-27.0,49.0,0.0,401326416,10,7,-7.5,107.0,-118.0,49.5,-328.0,280.0,0,outdoors,fieldturf,00-0026498,00-0035710,Matthew Stafford,Daniel Jones,NYC01,MetLife Stadium
2021_06_LV_DEN,2021,REG,6,2021-10-17,Sunday,16:25,LV,34.0,DEN,24.0,Home,-10.0,58.0,0.0,401326419,7,7,5.0,-111.0,101.0,45.5,182.0,-205.0,1,outdoors,grass ,00-0031280,00-0031237,Derek Carr,Teddy Bridgewater,DEN00,Empower Field at Mile High
2021_06_MIA_JAX,2021,REG,6,2021-10-17,Sunday,09:30,MIA,20.0,JAX,23.0,Neutral,3.0,43.0,0.0,401326325,7,7,-2.5,104.0,-115.0,47.5,-122.0,110.0,0,outdoors,grass,00-0036212,00-0036971,Tua Tagovailoa,Trevor Lawrence,LON02,Tottenham Stadium
2021_06_MIN_CAR,2021,REG,6,2021-10-17,Sunday,13:00,MIN,34.0,CAR,28.0,Home,-6.0,62.0,1.0,401326412,7,7,-2.5,-110.0,-100.0,45.5,-134.0,121.0,0,outdoors,grass ,00-0029604,00-0034869,Kirk Cousins,Sam Darnold,CAR00,Bank of America Stadium
2021_06_SEA_PIT,2021,REG,6,2021-10-17,Sunday,20:20,SEA,20.0,PIT,23.0,Home,3.0,43.0,1.0,401326421,10,7,5.5,-104.0,-106.0,43.0,189.0,-213.0,0,outdoors,grass ,00-0030565,00-0022924,Geno Smith,Ben Roethlisberger,PIT00,Heinz Field
2021_06_BUF_TEN,2021,REG,6,2021-10-18,Monday,20:15,BUF,31.0,TEN,34.0,Home,3.0,65.0,0.0,401326422,8,8,-6.0,-102.0,-108.0,53.5,-239.0,210.0,0,outdoors,grass ,00-0034857,00-0029701,Josh Allen,Ryan Tannehill,NAS00,Nissan Stadium
2021_07_DEN_CLE,2021,REG,7,2021-10-21,Thursday,20:20,DEN,14.0,CLE,17.0,Home,3.0,31.0,0.0,401326423,4,4,2.0,-107.0,-103.0,40.5,110.0,-121.0,0,outdoors,grass ,00-0031237,00-0028986,Teddy Bridgewater,Case Keenum,CLE00,FirstEnergy Stadium
2021_07_ATL_MIA,2021,REG,7,2021-10-24,Sunday,13:00,ATL,30.0,MIA,28.0,Home,-2.0,58.0,0.0,401326426,14,7,-1.5,-113.0,103.0,48.5,-129.0,117.0,0,outdoors,grass ,00-0026143,00-0036212,Matt Ryan,Tua Tagovailoa,MIA00,Hard Rock Stadium
2021_07_CAR_NYG,2021,REG,7,2021-10-24,Sunday,13:00,CAR,3.0,NYG,25.0,Home,22.0,28.0,0.0,401326428,7,7,-3.0,-103.0,-107.0,42.5,-154.0,139.0,0,outdoors,fieldturf,00-0034869,00-0035710,Sam Darnold,Daniel Jones,NYC01,MetLife Stadium
2021_07_CHI_TB,2021,REG,7,2021-10-24,Sunday,16:25,CHI,3.0,TB,38.0,Home,35.0,41.0,0.0,401326433,7,10,12.5,-114.0,103.0,47.0,501.0,-644.0,0,outdoors,grass ,00-0036945,00-0019596,Justin Fields,Tom Brady,TAM00,Raymond James Stadium
2021_07_CIN_BAL,2021,REG,7,2021-10-24,Sunday,13:00,CIN,41.0,BAL,17.0,Home,-24.0,58.0,0.0,401326424,7,7,6.5,-109.0,-101.0,45.5,236.0,-272.0,1,outdoors,grass,00-0036442,00-0034796,Joe Burrow,Lamar Jackson,BAL00,M&T Bank Stadium
2021_07_DET_LA,2021,REG,7,2021-10-24,Sunday,16:05,DET,19.0,LA,28.0,Home,9.0,47.0,0.0,401326430,7,7,17.0,-116.0,105.0,51.0,860.0,-1256.0,0,dome,matrixturf,00-0033106,00-0026498,Jared Goff,Matthew Stafford,LAX01,SoFi Stadium
2021_07_HOU_ARI,2021,REG,7,2021-10-24,Sunday,16:25,HOU,5.0,ARI,31.0,Home,26.0,36.0,0.0,401326432,7,7,20.5,-111.0,100.0,47.0,1119.0,-1766.0,0,closed,grass ,00-0036898,00-0035228,Davis Mills,Kyler Murray,PHO00,State Farm Stadium
2021_07_IND_SF,2021,REG,7,2021-10-24,Sunday,20:20,IND,30.0,SF,18.0,Home,-12.0,48.0,0.0,401326434,7,14,3.5,-117.0,106.0,41.5,152.0,-169.0,0,outdoors,grass,00-0032950,00-0031345,Carson Wentz,Jimmy Garoppolo,SFO01,Levi's Stadium
2021_07_KC_TEN,2021,REG,7,2021-10-24,Sunday,13:00,KC,3.0,TEN,27.0,Home,24.0,30.0,0.0,401326429,7,6,-4.0,-110.0,-100.0,57.5,-209.0,185.0,0,outdoors,grass ,00-0033873,00-0029701,Patrick Mahomes,Ryan Tannehill,NAS00,Nissan Stadium
2021_07_NYJ_NE,2021,REG,7,2021-10-24,Sunday,13:00,NYJ,13.0,NE,54.0,Home,41.0,67.0,0.0,401326427,14,7,7.0,-108.0,-102.0,43.0,261.0,-303.0,1,outdoors,fieldturf,00-0037013,00-0036972,Zach Wilson,Mac Jones,BOS00,Gillette Stadium
2021_07_PHI_LV,2021,REG,7,2021-10-24,Sunday,16:05,PHI,22.0,LV,33.0,Home,11.0,55.0,0.0,401326431,10,7,1.0,-109.0,-101.0,48.0,-102.0,-108.0,0,dome,grass,00-0036389,00-0031280,Jalen Hurts,Derek Carr,VEG00,Allegiant Stadium
2021_07_WAS_GB,2021,REG,7,2021-10-24,Sunday,13:00,WAS,10.0,GB,24.0,Home,14.0,34.0,0.0,401326425,7,7,8.5,-105.0,-105.0,48.0,331.0,-397.0,0,outdoors,grass ,00-0031800,00-0023459,Taylor Heinicke,Aaron Rodgers,GNB00,Lambeau Field
2021_07_NO_SEA,2021,REG,7,2021-10-25,Monday,20:15,NO,13.0,SEA,10.0,Home,-3.0,23.0,0.0,401326435,15,8,-6.0,-104.0,-106.0,42.0,-237.0,208.0,0,outdoors,fieldturf,00-0031503,00-0030565,Jameis Winston,Geno Smith,SEA00,Lumen Field
2021_08_GB_ARI,2021,REG,8,2021-10-28,Thursday,20:20,GB,24.0,ARI,21.0,Home,-3.0,45.0,0.0,401326436,4,4,6.5,-104.0,-106.0,51.0,242.0,-279.0,0,open,grass ,00-0023459,00-0035228,Aaron Rodgers,Kyler Murray,PHO00,State Farm Stadium
2021_08_CAR_ATL,2021,REG,8,2021-10-31,Sunday,13:00,CAR,19.0,ATL,13.0,Home,-6.0,32.0,0.0,401326437,7,7,2.5,-109.0,-101.0,47.0,117.0,-129.0,1,open,fieldturf,00-0034869,00-0026143,Sam Darnold,Matt Ryan,ATL97,Mercedes-Benz Stadium
2021_08_CIN_NYJ,2021,REG,8,2021-10-31,Sunday,13:00,CIN,31.0,NYJ,34.0,Home,3.0,65.0,0.0,401326444,7,7,-11.5,-105.0,-105.0,43.5,-510.0,411.0,0,outdoors,fieldturf,00-0036442,00-0034401,Joe Burrow,Mike White,NYC01,MetLife Stadium
2021_08_DAL_MIN,2021,REG,8,2021-10-31,Sunday,20:20,DAL,20.0,MIN,16.0,Home,-4.0,36.0,0.0,401326449,14,14,4.5,-109.0,-101.0,49.5,193.0,-219.0,0,dome,sportturf,00-0033662,00-0029604,Cooper Rush,Kirk Cousins,MIN01,U.S. Bank Stadium
2021_08_JAX_SEA,2021,REG,8,2021-10-31,Sunday,16:05,JAX,7.0,SEA,31.0,Home,24.0,38.0,0.0,401326446,14,6,4.0,-105.0,-105.0,44.0,171.0,-192.0,0,outdoors,fieldturf,00-0036971,00-0030565,Trevor Lawrence,Geno Smith,SEA00,Lumen Field
2021_08_LA_HOU,2021,REG,8,2021-10-31,Sunday,13:00,LA,38.0,HOU,22.0,Home,-16.0,60.0,0.0,401326442,7,7,-17.0,107.0,-118.0,47.0,-1010.0,724.0,0,closed,astroturf,00-0026498,00-0036898,Matthew Stafford,Davis Mills,HOU00,NRG Stadium
2021_08_MIA_BUF,2021,REG,8,2021-10-31,Sunday,13:00,MIA,11.0,BUF,26.0,Home,15.0,37.0,0.0,401326438,7,13,15.0,-108.0,-102.0,48.5,709.0,-983.0,1,outdoors,a_turf,00-0036212,00-0034857,Tua Tagovailoa,Josh Allen,BUF00,New Era Field
2021_08_NE_LAC,2021,REG,8,2021-10-31,Sunday,16:05,NE,27.0,LAC,24.0,Home,-3.0,51.0,0.0,401326445,7,14,3.5,-101.0,-109.0,50.5,163.0,-183.0,0,dome,matrixturf,00-0036972,00-0036355,Mac Jones,Justin Herbert,LAX01,SoFi Stadium
2021_08_PHI_DET,2021,REG,8,2021-10-31,Sunday,13:00,PHI,44.0,DET,6.0,Home,-38.0,50.0,0.0,401326441,7,7,-3.0,-116.0,105.0,48.5,-168.0,151.0,0,dome,fieldturf,00-0036389,00-0033106,Jalen Hurts,Jared Goff,DET00,Ford Field
2021_08_PIT_CLE,2021,REG,8,2021-10-31,Sunday,13:00,PIT,15.0,CLE,10.0,Home,-5.0,25.0,0.0,401326440,14,10,5.5,-108.0,-102.0,43.0,196.0,-222.0,1,outdoors,grass ,00-0022924,00-0034855,Ben Roethlisberger,Baker Mayfield,CLE00,FirstEnergy Stadium
2021_08_SF_CHI,2021,REG,8,2021-10-31,Sunday,13:00,SF,33.0,CHI,22.0,Home,-11.0,55.0,0.0,401326439,7,7,-4.5,-103.0,-107.0,40.0,-210.0,186.0,0,outdoors,grass ,00-0031345,00-0036945,Jimmy Garoppolo,Justin Fields,CHI98,Soldier Field
2021_08_TB_NO,2021,REG,8,2021-10-31,Sunday,16:25,TB,27.0,NO,36.0,Home,9.0,63.0,0.0,401326448,7,6,-4.0,-101.0,-109.0,48.5,-188.0,168.0,1,dome,sportturf,00-0019596,00-0031503,Tom Brady,Jameis Winston,NOR00,Mercedes-Benz Superdome
2021_08_TEN_IND,2021,REG,8,2021-10-31,Sunday,13:00,TEN,34.0,IND,31.0,Home,-3.0,65.0,1.0,401326443,7,7,3.0,-102.0,-108.0,51.0,144.0,-160.0,1,open,fieldturf,00-0029701,00-0032950,Ryan Tannehill,Carson Wentz,IND00,Lucas Oil Stadium
2021_08_WAS_DEN,2021,REG,8,2021-10-31,Sunday,16:25,WAS,10.0,DEN,17.0,Home,7.0,27.0,0.0,401326447,7,10,4.0,-108.0,-102.0,45.0,170.0,-191.0,0,outdoors,grass ,00-0031800,00-0031237,Taylor Heinicke,Teddy Bridgewater,DEN00,Empower Field at Mile High
2021_08_NYG_KC,2021,REG,8,2021-11-01,Monday,20:15,NYG,17.0,KC,20.0,Home,3.0,37.0,0.0,401326450,8,8,10.5,-107.0,-103.0,53.0,425.0,-530.0,0,outdoors,grass ,00-0035710,00-0033873,Daniel Jones,Patrick Mahomes,KAN00,GEHA Field at Arrowhead Stadium
2021_09_NYJ_IND,2021,REG,9,2021-11-04,Thursday,20:20,NYJ,30.0,IND,45.0,Home,15.0,75.0,0.0,401326451,4,4,10.5,-108.0,-102.0,46.0,410.0,-509.0,0,closed,fieldturf,00-0034401,00-0032950,Mike White,Carson Wentz,IND00,Lucas Oil Stadium
2021_09_ARI_SF,2021,REG,9,2021-11-07,Sunday,16:25,ARI,31.0,SF,17.0,Home,-14.0,48.0,0.0,401326462,10,7,5.5,-105.0,-105.0,44.5,207.0,-235.0,1,outdoors,grass,00-0027688,00-0031345,Colt McCoy,Jimmy Garoppolo,SFO01,Levi's Stadium
2021_09_ATL_NO,2021,REG,9,2021-11-07,Sunday,13:00,ATL,27.0,NO,25.0,Home,-2.0,52.0,0.0,401326458,7,7,7.0,-117.0,106.0,43.0,240.0,-277.0,1,dome,sportturf,00-0026143,00-0032156,Matt Ryan,Trevor Siemian,NOR00,Mercedes-Benz Superdome
2021_09_BUF_JAX,2021,REG,9,2021-11-07,Sunday,13:00,BUF,6.0,JAX,9.0,Home,3.0,15.0,0.0,401326456,7,7,-14.5,-120.0,109.0,48.0,-1101.0,776.0,0,outdoors,grass ,00-0034857,00-0036971,Josh Allen,Trevor Lawrence,JAX00,TIAA Bank Stadium
2021_09_CLE_CIN,2021,REG,9,2021-11-07,Sunday,13:00,CLE,41.0,CIN,16.0,Home,-25.0,57.0,0.0,401326454,7,7,2.5,-105.0,-105.0,47.5,117.0,-129.0,1,outdoors,fieldturf,00-0034855,00-0036442,Baker Mayfield,Joe Burrow,CIN00,Paul Brown Stadium
2021_09_DEN_DAL,2021,REG,9,2021-11-07,Sunday,13:00,DEN,30.0,DAL,16.0,Home,-14.0,46.0,0.0,401326455,7,7,10.5,-107.0,-103.0,50.0,378.0,-462.0,0,closed,matrixturf,00-0031237,00-0033077,Teddy Bridgewater,Dak Prescott,DAL00,AT&T Stadium
2021_09_GB_KC,2021,REG,9,2021-11-07,Sunday,16:25,GB,7.0,KC,13.0,Home,6.0,20.0,0.0,401326461,10,6,7.0,-107.0,-104.0,48.0,275.0,-322.0,0,outdoors,grass ,00-0036264,00-0033873,Jordan Love,Patrick Mahomes,KAN00,GEHA Field at Arrowhead Stadium
2021_09_HOU_MIA,2021,REG,9,2021-11-07,Sunday,13:00,HOU,9.0,MIA,17.0,Home,8.0,26.0,0.0,401326457,7,7,4.0,-112.0,101.0,45.0,166.0,-185.0,0,outdoors,grass ,00-0028118,00-0033119,Tyrod Taylor,Jacoby Brissett,MIA00,Hard Rock Stadium
2021_09_LAC_PHI,2021,REG,9,2021-11-07,Sunday,16:05,LAC,27.0,PHI,24.0,Home,-3.0,51.0,0.0,401326460,7,7,-1.0,-101.0,-110.0,49.5,-106.0,-104.0,0,outdoors,grass ,00-0036355,00-0036389,Justin Herbert,Jalen Hurts,PHI00,Lincoln Financial Field
2021_09_LV_NYG,2021,REG,9,2021-11-07,Sunday,13:00,LV,16.0,NYG,23.0,Home,7.0,39.0,0.0,401326459,14,6,-3.0,-102.0,-108.0,47.0,-152.0,137.0,0,outdoors,fieldturf,00-0031280,00-0035710,Derek Carr,Daniel Jones,NYC01,MetLife Stadium
2021_09_MIN_BAL,2021,REG,9,2021-11-07,Sunday,13:00,MIN,31.0,BAL,34.0,Home,3.0,65.0,1.0,401326452,7,14,7.5,-117.0,106.0,51.0,262.0,-305.0,0,outdoors,grass,00-0029604,00-0034796,Kirk Cousins,Lamar Jackson,BAL00,M&T Bank Stadium
2021_09_NE_CAR,2021,REG,9,2021-11-07,Sunday,13:00,NE,24.0,CAR,6.0,Home,-18.0,30.0,0.0,401326453,7,7,-3.5,-101.0,-109.0,41.5,-176.0,157.0,0,outdoors,grass ,00-0036972,00-0034869,Mac Jones,Sam Darnold,CAR00,Bank of America Stadium
2021_09_TEN_LA,2021,REG,9,2021-11-07,Sunday,20:20,TEN,28.0,LA,16.0,Home,-12.0,44.0,0.0,401326463,7,7,7.0,103.0,-114.0,53.5,296.0,-350.0,0,dome,matrixturf,00-0029701,00-0026498,Ryan Tannehill,Matthew Stafford,LAX01,SoFi Stadium
2021_09_CHI_PIT,2021,REG,9,2021-11-08,Monday,20:15,CHI,27.0,PIT,29.0,Home,2.0,56.0,0.0,401326464,8,8,7.0,-109.0,-101.0,40.0,263.0,-306.0,0,outdoors,grass ,00-0036945,00-0022924,Justin Fields,Ben Roethlisberger,PIT00,Heinz Field
2021_10_BAL_MIA,2021,REG,10,2021-11-11,Thursday,20:20,BAL,10.0,MIA,22.0,Home,12.0,32.0,0.0,401326465,4,4,-8.5,-106.0,-104.0,46.5,-390.0,326.0,0,outdoors,grass ,00-0034796,00-0033119,Lamar Jackson,Jacoby Brissett,MIA00,Hard Rock Stadium
2021_10_ATL_DAL,2021,REG,10,2021-11-14,Sunday,13:00,ATL,3.0,DAL,43.0,Home,40.0,46.0,0.0,401326466,7,7,8.0,-105.0,-105.0,55.0,328.0,-392.0,0,closed,matrixturf,00-0026143,00-0033077,Matt Ryan,Dak Prescott,DAL00,AT&T Stadium
2021_10_BUF_NYJ,2021,REG,10,2021-11-14,Sunday,13:00,BUF,45.0,NYJ,17.0,Home,-28.0,62.0,0.0,401326469,7,10,-13.0,101.0,-111.0,47.0,-685.0,527.0,1,outdoors,fieldturf,00-0034857,00-0034401,Josh Allen,Mike White,NYC01,MetLife Stadium
2021_10_CAR_ARI,2021,REG,10,2021-11-14,Sunday,16:05,CAR,34.0,ARI,10.0,Home,-24.0,44.0,0.0,401326473,7,7,7.0,-103.0,-107.0,42.0,280.0,-329.0,0,closed,grass ,00-0033275,00-0027688,Phillip Walker,Colt McCoy,PHO00,State Farm Stadium
2021_10_CLE_NE,2021,REG,10,2021-11-14,Sunday,13:00,CLE,7.0,NE,45.0,Home,38.0,52.0,0.0,401326468,7,7,2.5,-104.0,-106.0,45.5,119.0,-132.0,0,outdoors,fieldturf,00-0034855,00-0036972,Baker Mayfield,Mac Jones,BOS00,Gillette Stadium
2021_10_DET_PIT,2021,REG,10,2021-11-14,Sunday,13:00,DET,16.0,PIT,16.0,Home,0.0,32.0,1.0,401326470,14,6,9.0,-121.0,110.0,43.0,303.0,-359.0,0,outdoors,grass ,00-0033106,00-0034771,Jared Goff,Mason Rudolph,PIT00,Heinz Field
2021_10_JAX_IND,2021,REG,10,2021-11-14,Sunday,13:00,JAX,17.0,IND,23.0,Home,6.0,40.0,0.0,401326467,7,10,10.5,-115.0,104.0,47.5,358.0,-434.0,1,closed,fieldturf,00-0036971,00-0032950,Trevor Lawrence,Carson Wentz,IND00,Lucas Oil Stadium
2021_10_KC_LV,2021,REG,10,2021-11-14,Sunday,20:20,KC,41.0,LV,14.0,Home,-27.0,55.0,0.0,401326477,7,7,-2.5,-123.0,111.0,53.5,-147.0,133.0,1,dome,grass,00-0033873,00-0031280,Patrick Mahomes,Derek Carr,VEG00,Allegiant Stadium
2021_10_MIN_LAC,2021,REG,10,2021-11-14,Sunday,16:05,MIN,27.0,LAC,20.0,Home,-7.0,47.0,0.0,401326474,7,7,3.0,111.0,-123.0,53.5,160.0,-179.0,0,dome,matrixturf,00-0029604,00-0036355,Kirk Cousins,Justin Herbert,LAX01,SoFi Stadium
2021_10_NO_TEN,2021,REG,10,2021-11-14,Sunday,13:00,NO,21.0,TEN,23.0,Home,2.0,44.0,0.0,401326471,7,7,3.0,-114.0,103.0,44.0,133.0,-147.0,0,outdoors,grass ,00-0032156,00-0029701,Trevor Siemian,Ryan Tannehill,NAS00,Nissan Stadium
2021_10_PHI_DEN,2021,REG,10,2021-11-14,Sunday,16:25,PHI,30.0,DEN,13.0,Home,-17.0,43.0,0.0,401326475,7,7,1.0,-108.0,-102.0,44.5,101.0,-111.0,0,outdoors,grass ,00-0036389,00-0031237,Jalen Hurts,Teddy Bridgewater,DEN00,Empower Field at Mile High
2021_10_SEA_GB,2021,REG,10,2021-11-14,Sunday,16:25,SEA,0.0,GB,17.0,Home,17.0,17.0,0.0,401326476,14,7,3.0,104.0,-115.0,49.5,151.0,-168.0,0,outdoors,grass ,00-0029263,00-0023459,Russell Wilson,Aaron Rodgers,GNB00,Lambeau Field
2021_10_TB_WAS,2021,REG,10,2021-11-14,Sunday,13:00,TB,19.0,WAS,29.0,Home,10.0,48.0,0.0,401326472,14,14,-10.0,106.0,-117.0,51.0,-435.0,359.0,0,outdoors,grass ,00-0019596,00-0031800,Tom Brady,Taylor Heinicke,WAS00,FedExField
2021_10_LA_SF,2021,REG,10,2021-11-15,Monday,20:15,LA,10.0,SF,31.0,Home,21.0,41.0,0.0,401326478,8,8,-3.5,-100.0,-110.0,50.0,-177.0,158.0,1,outdoors,grass,00-0026498,00-0031345,Matthew Stafford,Jimmy Garoppolo,SFO01,Levi's Stadium
2021_11_NE_ATL,2021,REG,11,2021-11-18,Thursday,20:20,NE,25.0,ATL,0.0,Home,-25.0,25.0,0.0,401326479,4,4,-7.0,-111.0,101.0,47.5,-329.0,280.0,0,closed,fieldturf,00-0036972,00-0026143,Mac Jones,Matt Ryan,ATL97,Mercedes-Benz Stadium
2021_11_ARI_SEA,2021,REG,11,2021-11-21,Sunday,16:25,ARI,23.0,SEA,13.0,Home,-10.0,36.0,0.0,401326491,7,7,2.5,111.0,-122.0,46.0,135.0,-150.0,1,outdoors,fieldturf,00-0027688,00-0029263,Colt McCoy,Russell Wilson,SEA00,Lumen Field
2021_11_BAL_CHI,2021,REG,11,2021-11-21,Sunday,13:00,BAL,16.0,CHI,13.0,Home,-3.0,29.0,0.0,401326482,10,13,-5.0,-103.0,-107.0,43.0,-226.0,199.0,0,outdoors,grass ,00-0035993,00-0036945,Tyler Huntley,Justin Fields,CHI98,Soldier Field
2021_11_CIN_LV,2021,REG,11,2021-11-21,Sunday,16:05,CIN,32.0,LV,13.0,Home,-19.0,45.0,0.0,401326489,14,7,-1.0,-115.0,105.0,50.5,-123.0,112.0,0,dome,grass,00-0036442,00-0031280,Joe Burrow,Derek Carr,VEG00,Allegiant Stadium
2021_11_DAL_KC,2021,REG,11,2021-11-21,Sunday,16:25,DAL,9.0,KC,19.0,Home,10.0,28.0,0.0,401326490,7,7,2.5,-101.0,-110.0,56.0,122.0,-134.0,0,outdoors,grass ,00-0033077,00-0033873,Dak Prescott,Patrick Mahomes,KAN00,GEHA Field at Arrowhead Stadium
2021_11_DET_CLE,2021,REG,11,2021-11-21,Sunday,13:00,DET,10.0,CLE,13.0,Home,3.0,23.0,0.0,401326483,7,7,13.0,-106.0,-104.0,42.5,465.0,-590.0,0,outdoors,grass ,00-0034177,00-0034855,Tim Boyle,Baker Mayfield,CLE00,FirstEnergy Stadium
2021_11_GB_MIN,2021,REG,11,2021-11-21,Sunday,13:00,GB,31.0,MIN,34.0,Home,3.0,65.0,0.0,401326485,7,7,-1.0,-105.0,-105.0,48.0,-111.0,101.0,1,dome,sportturf,00-0023459,00-0029604,Aaron Rodgers,Kirk Cousins,MIN01,U.S. Bank Stadium
2021_11_HOU_TEN,2021,REG,11,2021-11-21,Sunday,13:00,HOU,22.0,TEN,13.0,Home,-9.0,35.0,0.0,401326488,14,7,10.5,-110.0,-100.0,44.5,377.0,-462.0,1,outdoors,grass ,00-0028118,00-0029701,Tyrod Taylor,Ryan Tannehill,NAS00,Nissan Stadium
2021_11_IND_BUF,2021,REG,11,2021-11-21,Sunday,13:00,IND,41.0,BUF,15.0,Home,-26.0,56.0,0.0,401326480,7,7,7.5,-116.0,105.0,49.5,274.0,-320.0,0,outdoors,a_turf,00-0032950,00-0034857,Carson Wentz,Josh Allen,BUF00,New Era Field
2021_11_MIA_NYJ,2021,REG,11,2021-11-21,Sunday,13:00,MIA,24.0,NYJ,17.0,Home,-7.0,41.0,0.0,401326486,10,7,-3.5,-103.0,-107.0,44.5,-181.0,162.0,1,outdoors,fieldturf,00-0036212,00-0026158,Tua Tagovailoa,Joe Flacco,NYC01,MetLife Stadium
2021_11_NO_PHI,2021,REG,11,2021-11-21,Sunday,13:00,NO,29.0,PHI,40.0,Home,11.0,69.0,0.0,401326487,7,7,2.5,106.0,-117.0,42.5,130.0,-144.0,0,outdoors,grass ,00-0032156,00-0036389,Trevor Siemian,Jalen Hurts,PHI00,Lincoln Financial Field
2021_11_PIT_LAC,2021,REG,11,2021-11-21,Sunday,20:20,PIT,37.0,LAC,41.0,Home,4.0,78.0,0.0,401326492,7,7,5.5,103.0,-114.0,47.5,220.0,-251.0,0,dome,matrixturf,00-0022924,00-0036355,Ben Roethlisberger,Justin Herbert,LAX01,SoFi Stadium
2021_11_SF_JAX,2021,REG,11,2021-11-21,Sunday,13:00,SF,30.0,JAX,10.0,Home,-20.0,40.0,0.0,401326484,6,7,-6.5,-106.0,-104.0,45.0,-281.0,243.0,0,outdoors,grass ,00-0031345,00-0036971,Jimmy Garoppolo,Trevor Lawrence,JAX00,TIAA Bank Stadium
2021_11_WAS_CAR,2021,REG,11,2021-11-21,Sunday,13:00,WAS,27.0,CAR,21.0,Home,-6.0,48.0,0.0,401326481,7,7,3.5,-114.0,103.0,43.0,154.0,-172.0,0,outdoors,grass ,00-0031800,00-0027939,Taylor Heinicke,Cam Newton,CAR00,Bank of America Stadium
2021_11_NYG_TB,2021,REG,11,2021-11-22,Monday,20:15,NYG,10.0,TB,30.0,Home,20.0,40.0,0.0,401326493,15,8,11.5,-113.0,102.0,49.5,423.0,-527.0,0,outdoors,grass ,00-0035710,00-0019596,Daniel Jones,Tom Brady,TAM00,Raymond James Stadium
2021_12_BUF_NO,2021,REG,12,2021-11-25,Thursday,20:20,BUF,31.0,NO,6.0,Home,-25.0,37.0,0.0,401326496,4,4,-7.0,100.0,-112.0,45.0,-270.0,235.0,0,dome,sportturf,00-0034857,00-0032156,Josh Allen,Trevor Siemian,NOR00,Mercedes-Benz Superdome
2021_12_CHI_DET,2021,REG,12,2021-11-25,Thursday,12:30,CHI,16.0,DET,14.0,Home,-2.0,30.0,0.0,401326494,4,4,-2.0,-107.0,-104.0,41.5,-129.0,115.0,1,dome,fieldturf,00-0027973,00-0033106,Andy Dalton,Jared Goff,DET00,Ford Field
2021_12_LV_DAL,2021,REG,12,2021-11-25,Thursday,16:30,LV,36.0,DAL,33.0,Home,-3.0,69.0,0.0,401326495,4,4,7.0,-106.0,-105.0,51.0,269.0,-314.0,0,closed,matrixturf,00-0031280,00-0033077,Derek Carr,Dak Prescott,DAL00,AT&T Stadium
2021_12_ATL_JAX,2021,REG,12,2021-11-28,Sunday,13:00,ATL,21.0,JAX,14.0,Home,-7.0,35.0,0.0,401326500,10,7,-1.5,-102.0,-108.0,46.0,-115.0,105.0,0,outdoors,grass ,00-0026143,00-0036971,Matt Ryan,Trevor Lawrence,JAX00,TIAA Bank Stadium
2021_12_CAR_MIA,2021,REG,12,2021-11-28,Sunday,13:00,CAR,10.0,MIA,33.0,Home,23.0,43.0,0.0,401326501,7,7,-1.0,-110.0,-101.0,41.0,-119.0,108.0,0,outdoors,grass ,00-0027939,00-0036212,Cam Newton,Tua Tagovailoa,MIA00,Hard Rock Stadium
2021_12_CLE_BAL,2021,REG,12,2021-11-28,Sunday,20:20,CLE,10.0,BAL,16.0,Home,6.0,26.0,0.0,401326507,7,7,3.0,-110.0,-102.0,47.0,140.0,-156.0,1,outdoors,grass,00-0034855,00-0034796,Baker Mayfield,Lamar Jackson,BAL00,M&T Bank Stadium
2021_12_LAC_DEN,2021,REG,12,2021-11-28,Sunday,16:05,LAC,13.0,DEN,28.0,Home,15.0,41.0,0.0,401326504,7,14,-2.5,-114.0,103.0,47.5,-141.0,127.0,1,outdoors,grass ,00-0036355,00-0031237,Justin Herbert,Teddy Bridgewater,DEN00,Empower Field at Mile High
2021_12_LA_GB,2021,REG,12,2021-11-28,Sunday,16:25,LA,28.0,GB,36.0,Home,8.0,64.0,0.0,401326505,13,7,-2.0,-100.0,-110.0,47.0,-120.0,108.0,0,outdoors,grass ,00-0026498,00-0023459,Matthew Stafford,Aaron Rodgers,GNB00,Lambeau Field
2021_12_MIN_SF,2021,REG,12,2021-11-28,Sunday,16:25,MIN,26.0,SF,34.0,Home,8.0,60.0,0.0,401326506,7,7,3.5,-108.0,-102.0,49.0,164.0,-183.0,0,outdoors,grass,00-0029604,00-0031345,Kirk Cousins,Jimmy Garoppolo,SFO01,Levi's Stadium
2021_12_NYJ_HOU,2021,REG,12,2021-11-28,Sunday,13:00,NYJ,21.0,HOU,14.0,Home,-7.0,35.0,0.0,401326498,7,7,3.0,-124.0,111.0,44.5,125.0,-138.0,0,closed,astroturf,00-0037013,00-0028118,Zach Wilson,Tyrod Taylor,HOU00,NRG Stadium
2021_12_PHI_NYG,2021,REG,12,2021-11-28,Sunday,13:00,PHI,7.0,NYG,13.0,Home,6.0,20.0,0.0,401326503,7,6,-4.0,100.0,-110.0,45.5,-192.0,171.0,1,outdoors,fieldturf,00-0036389,00-0035710,Jalen Hurts,Daniel Jones,NYC01,MetLife Stadium
2021_12_PIT_CIN,2021,REG,12,2021-11-28,Sunday,13:00,PIT,10.0,CIN,41.0,Home,31.0,51.0,0.0,401326497,7,7,3.5,-111.0,-100.0,43.5,154.0,-172.0,1,outdoors,fieldturf,00-0022924,00-0036442,Ben Roethlisberger,Joe Burrow,CIN00,Paul Brown Stadium
2021_12_TB_IND,2021,REG,12,2021-11-28,Sunday,13:00,TB,38.0,IND,31.0,Home,-7.0,69.0,0.0,401326499,6,7,-3.0,101.0,-112.0,53.0,-149.0,135.0,0,closed,fieldturf,00-0019596,00-0032950,Tom Brady,Carson Wentz,IND00,Lucas Oil Stadium
2021_12_TEN_NE,2021,REG,12,2021-11-28,Sunday,13:00,TEN,13.0,NE,36.0,Home,23.0,49.0,0.0,401326502,7,10,7.5,-118.0,106.0,43.0,262.0,-305.0,0,outdoors,fieldturf,00-0029701,00-0036972,Ryan Tannehill,Mac Jones,BOS00,Gillette Stadium
2021_12_SEA_WAS,2021,REG,12,2021-11-29,Monday,20:15,SEA,15.0,WAS,17.0,Home,2.0,32.0,0.0,401326508,8,8,-1.0,-121.0,108.0,47.0,-128.0,116.0,0,outdoors,grass ,00-0029263,00-0031800,Russell Wilson,Taylor Heinicke,WAS00,FedExField
2021_13_DAL_NO,2021,REG,13,2021-12-02,Thursday,20:20,DAL,27.0,NO,17.0,Home,-10.0,44.0,0.0,401326509,7,7,-6.0,-110.0,100.0,46.0,-254.0,222.0,0,dome,sportturf,00-0033077,00-0033357,Dak Prescott,Taysom Hill,NOR00,Mercedes-Benz Superdome
2021_13_ARI_CHI,2021,REG,13,2021-12-05,Sunday,13:00,ARI,33.0,CHI,22.0,Home,-11.0,55.0,0.0,401326511,14,10,-7.5,-116.0,104.0,43.5,-373.0,314.0,0,outdoors,grass ,00-0035228,00-0027973,Taysom Kyler Murray,Andy Dalton,CHI98,Soldier Field
2021_13_BAL_PIT,2021,REG,13,2021-12-05,Sunday,16:25,BAL,19.0,PIT,20.0,Home,1.0,39.0,0.0,401326520,7,7,-4.0,-104.0,-107.0,44.0,-195.0,174.0,1,outdoors,grass ,00-0034796,00-0022924,Lamar Jackson,Ben Roethlisberger,PIT00,Heinz Field
2021_13_DEN_KC,2021,REG,13,2021-12-05,Sunday,20:20,DEN,9.0,KC,22.0,Home,13.0,31.0,0.0,401326515,7,14,8.5,-106.0,-105.0,46.5,323.0,-387.0,1,outdoors,grass ,00-0031237,00-0033873,Teddy Bridgewater,Patrick Mahomes,KAN00,GEHA Field at Arrowhead Stadium
2021_13_IND_HOU,2021,REG,13,2021-12-05,Sunday,13:00,IND,31.0,HOU,0.0,Home,-31.0,31.0,0.0,401326514,7,7,-10.0,-105.0,-106.0,45.5,-408.0,339.0,1,closed,astroturf,00-0032950,00-0028118,Carson Wentz,Tyrod Taylor,HOU00,NRG Stadium
2021_13_JAX_LA,2021,REG,13,2021-12-05,Sunday,16:05,JAX,7.0,LA,37.0,Home,30.0,44.0,0.0,401326519,7,7,14.0,-103.0,-108.0,48.0,597.0,-796.0,0,dome,matrixturf,00-0036971,00-0026498,Trevor Lawrence,Matthew Stafford,LAX01,SoFi Stadium
2021_13_LAC_CIN,2021,REG,13,2021-12-05,Sunday,13:00,LAC,41.0,CIN,22.0,Home,-19.0,63.0,0.0,401326512,7,7,2.5,104.0,-116.0,49.5,127.0,-141.0,0,outdoors,fieldturf,00-0036355,00-0036442,Justin Herbert,Joe Burrow,CIN00,Paul Brown Stadium
2021_13_MIN_DET,2021,REG,13,2021-12-05,Sunday,13:00,MIN,27.0,DET,29.0,Home,2.0,56.0,0.0,401326513,7,10,-7.0,-104.0,-107.0,47.5,-296.0,255.0,1,dome,fieldturf,00-0029604,00-0033106,Kirk Cousins,Jared Goff,DET00,Ford Field
2021_13_NYG_MIA,2021,REG,13,2021-12-05,Sunday,13:00,NYG,9.0,MIA,20.0,Home,11.0,29.0,0.0,401326516,7,7,6.5,108.0,-120.0,40.0,253.0,-293.0,0,outdoors,grass ,00-0030520,00-0036212,Mike Glennon,Tua Tagovailoa,MIA00,Hard Rock Stadium
2021_13_PHI_NYJ,2021,REG,13,2021-12-05,Sunday,13:00,PHI,33.0,NYJ,18.0,Home,-15.0,51.0,0.0,401326517,7,7,-5.0,102.0,-113.0,44.0,-199.0,177.0,0,outdoors,fieldturf,00-0035289,00-0037013,Gardner Minshew,Zach Wilson,NYC01,MetLife Stadium
2021_13_SF_SEA,2021,REG,13,2021-12-05,Sunday,16:25,SF,23.0,SEA,30.0,Home,7.0,53.0,0.0,401326521,7,6,-3.0,108.0,-120.0,44.5,-138.0,125.0,1,outdoors,fieldturf,00-0031345,00-0029263,Jimmy Garoppolo,Russell Wilson,SEA00,Lumen Field
2021_13_TB_ATL,2021,REG,13,2021-12-05,Sunday,13:00,TB,30.0,ATL,17.0,Home,-13.0,47.0,0.0,401326510,7,7,-11.0,-103.0,-108.0,51.0,-475.0,387.0,1,closed,fieldturf,00-0019596,00-0026143,Tom Brady,Matt Ryan,ATL97,Mercedes-Benz Stadium
2021_13_WAS_LV,2021,REG,13,2021-12-05,Sunday,16:05,WAS,17.0,LV,15.0,Home,-2.0,32.0,0.0,401326518,6,10,1.0,108.0,-121.0,47.5,116.0,-128.0,0,dome,grass,00-0031800,00-0031280,Taylor Heinicke,Derek Carr,VEG00,Allegiant Stadium
2021_13_NE_BUF,2021,REG,13,2021-12-06,Monday,20:15,NE,14.0,BUF,10.0,Home,-4.0,24.0,0.0,401326522,8,11,3.0,-116.0,104.0,40.0,132.0,-146.0,1,outdoors,a_turf,00-0036972,00-0034857,Mac Jones,Josh Allen,BUF00,New Era Field
2021_14_PIT_MIN,2021,REG,14,2021-12-09,Thursday,20:20,PIT,28.0,MIN,36.0,Home,8.0,64.0,0.0,401326523,4,4,3.5,-117.0,105.0,45.0,157.0,-175.0,0,dome,sportturf,00-0022924,00-0029604,Ben Roethlisberger,Kirk Cousins,MIN01,U.S. Bank Stadium
2021_14_ATL_CAR,2021,REG,14,2021-12-12,Sunday,13:00,ATL,29.0,CAR,21.0,Home,-8.0,50.0,0.0,401326524,7,14,2.5,-104.0,-107.0,41.0,123.0,-136.0,1,outdoors,grass ,00-0026143,00-0027939,Matt Ryan,Cam Newton,CAR00,Bank of America Stadium
2021_14_BAL_CLE,2021,REG,14,2021-12-12,Sunday,13:00,BAL,22.0,CLE,24.0,Home,2.0,46.0,0.0,401326526,7,14,3.0,-104.0,-107.0,44.0,135.0,-150.0,1,outdoors,grass ,00-0034796,00-0034855,Lamar Jackson,Baker Mayfield,CLE00,FirstEnergy Stadium
2021_14_BUF_TB,2021,REG,14,2021-12-12,Sunday,16:25,BUF,27.0,TB,33.0,Home,6.0,60.0,1.0,401326534,6,7,3.5,-106.0,-105.0,52.5,161.0,-181.0,0,outdoors,grass ,00-0034857,00-0019596,Josh Allen,Tom Brady,TAM00,Raymond James Stadium
2021_14_CHI_GB,2021,REG,14,2021-12-12,Sunday,20:20,CHI,30.0,GB,45.0,Home,15.0,75.0,0.0,401326535,7,14,11.5,-102.0,-109.0,43.0,498.0,-639.0,1,outdoors,grass ,00-0036945,00-0023459,Justin Fields,Aaron Rodgers,GNB00,Lambeau Field
2021_14_DAL_WAS,2021,REG,14,2021-12-12,Sunday,13:00,DAL,27.0,WAS,20.0,Home,-7.0,47.0,0.0,401326531,10,7,-6.5,-115.0,103.0,48.0,-284.0,246.0,1,outdoors,grass ,00-0033077,00-0031800,Dak Prescott,Taylor Heinicke,WAS00,FedExField
2021_14_DET_DEN,2021,REG,14,2021-12-12,Sunday,16:05,DET,10.0,DEN,38.0,Home,28.0,48.0,0.0,401326532,7,7,13.0,-109.0,-102.0,42.0,495.0,-635.0,0,outdoors,grass ,00-0033106,00-0031237,Jared Goff,Teddy Bridgewater,DEN00,Empower Field at Mile High
2021_14_JAX_TEN,2021,REG,14,2021-12-12,Sunday,13:00,JAX,0.0,TEN,20.0,Home,20.0,20.0,0.0,401326530,7,14,8.5,-108.0,-103.0,44.5,321.0,-384.0,1,outdoors,grass ,00-0036971,00-0029701,Trevor Lawrence,Ryan Tannehill,NAS00,Nissan Stadium
2021_14_LV_KC,2021,REG,14,2021-12-12,Sunday,13:00,LV,9.0,KC,48.0,Home,39.0,57.0,0.0,401326528,7,7,10.0,-108.0,-103.0,48.0,365.0,-444.0,1,outdoors,grass ,00-0031280,00-0033873,Derek Carr,Patrick Mahomes,KAN00,GEHA Field at Arrowhead Stadium
2021_14_NO_NYJ,2021,REG,14,2021-12-12,Sunday,13:00,NO,30.0,NYJ,9.0,Home,-21.0,39.0,0.0,401326529,10,7,-4.5,103.0,-114.0,42.0,-194.0,173.0,0,outdoors,fieldturf,00-0033357,00-0037013,Taysom Hill,Zach Wilson,NYC01,MetLife Stadium
2021_14_NYG_LAC,2021,REG,14,2021-12-12,Sunday,16:05,NYG,21.0,LAC,37.0,Home,16.0,58.0,0.0,401326533,7,7,9.5,-118.0,106.0,44.0,329.0,-395.0,0,dome,matrixturf,00-0030520,00-0036355,Mike Glennon,Justin Herbert,LAX01,SoFi Stadium
2021_14_SEA_HOU,2021,REG,14,2021-12-12,Sunday,13:00,SEA,33.0,HOU,13.0,Home,-20.0,46.0,0.0,401326527,7,7,-10.0,104.0,-116.0,40.5,-401.0,334.0,0,open,astroturf,00-0029263,00-0036898,Russell Wilson,Davis Mills,HOU00,NRG Stadium
2021_14_SF_CIN,2021,REG,14,2021-12-12,Sunday,16:25,SF,26.0,CIN,23.0,Home,-3.0,49.0,1.0,401326525,7,7,-2.5,-103.0,-108.0,49.0,-130.0,117.0,0,outdoors,fieldturf,00-0031345,00-0036442,Jimmy Garoppolo,Joe Burrow,CIN00,Paul Brown Stadium
2021_14_LA_ARI,2021,REG,14,2021-12-13,Monday,20:15,LA,30.0,ARI,23.0,Home,-7.0,53.0,0.0,401326536,8,8,3.0,104.0,-116.0,51.0,154.0,-172.0,1,open,grass ,00-0026498,00-0035228,Matthew Stafford,Kyler Murray,PHO00,State Farm Stadium
2021_15_KC_LAC,2021,REG,15,2021-12-16,Thursday,20:20,KC,34.0,LAC,28.0,Home,-6.0,62.0,1.0,401326537,4,4,-3.0,-117.0,105.0,54.0,-173.0,155.0,1,dome,matrixturf,00-0033873,00-0036355,Patrick Mahomes,Justin Herbert,LAX01,SoFi Stadium
2021_15_NE_IND,2021,REG,15,2021-12-18,Saturday,20:20,NE,17.0,IND,27.0,Home,10.0,44.0,0.0,401326540,13,14,-1.0,-101.0,-110.0,46.0,-102.0,-109.0,0,closed,fieldturf,00-0036972,00-0032950,Mac Jones,Carson Wentz,IND00,Lucas Oil Stadium
2021_15_ARI_DET,2021,REG,15,2021-12-19,Sunday,13:00,ARI,12.0,DET,30.0,Home,18.0,42.0,0.0,401326544,6,7,-13.0,-102.0,-109.0,48.0,-634.0,495.0,0,dome,fieldturf,00-0035228,00-0033106,Kyler Murray,Jared Goff,DET00,Ford Field
2021_15_ATL_SF,2021,REG,15,2021-12-19,Sunday,16:05,ATL,13.0,SF,31.0,Home,18.0,44.0,0.0,401326549,7,7,9.5,-114.0,102.0,48.0,319.0,-380.0,0,outdoors,grass,00-0026143,00-0031345,Matt Ryan,Jimmy Garoppolo,SFO01,Levi's Stadium
2021_15_CAR_BUF,2021,REG,15,2021-12-19,Sunday,13:00,CAR,14.0,BUF,31.0,Home,17.0,45.0,0.0,401326538,7,7,14.0,102.0,-114.0,43.0,562.0,-739.0,0,outdoors,a_turf,00-0027939,00-0034857,Cam Newton,Josh Allen,BUF00,New Era Field
2021_15_CIN_DEN,2021,REG,15,2021-12-19,Sunday,16:05,CIN,15.0,DEN,10.0,Home,-5.0,25.0,0.0,401326548,7,7,3.0,-110.0,-101.0,45.0,140.0,-155.0,0,outdoors,grass,00-0036442,00-0031237,Joe Burrow,Teddy Bridgewater,DEN00,Empower Field at Mile High
2021_15_DAL_NYG,2021,REG,15,2021-12-19,Sunday,13:00,DAL,21.0,NYG,6.0,Home,-15.0,27.0,0.0,401326546,7,7,-11.5,-120.0,108.0,43.0,-534.0,428.0,1,outdoors,fieldturf,00-0033077,00-0030520,Dak Prescott,Mike Glennon,NYC01,MetLife Stadium
2021_15_GB_BAL,2021,REG,15,2021-12-19,Sunday,16:25,GB,31.0,BAL,30.0,Home,-1.0,61.0,0.0,401326543,7,7,-9.5,104.0,-116.0,45.5,-354.0,299.0,0,outdoors,grass,00-0023459,00-0035993,Aaron Rodgers,Tyler Huntley,BAL00,M&T Bank Stadium
2021_15_HOU_JAX,2021,REG,15,2021-12-19,Sunday,13:00,HOU,30.0,JAX,16.0,Home,-14.0,46.0,0.0,401326545,7,7,6.0,-111.0,-101.0,40.0,224.0,-257.0,1,outdoors,grass,00-0036898,00-0036971,Davis Mills,Trevor Lawrence,JAX00,TIAA Bank Stadium
2021_15_NO_TB,2021,REG,15,2021-12-19,Sunday,20:20,NO,9.0,TB,0.0,Home,-9.0,9.0,0.0,401326551,7,7,11.5,-101.0,-110.0,45.5,417.0,-518.0,1,outdoors,grass,00-0033357,00-0019596,Taysom Hill,Tom Brady,TAM00,Raymond James Stadium
2021_15_NYJ_MIA,2021,REG,15,2021-12-19,Sunday,13:00,NYJ,24.0,MIA,31.0,Home,7.0,55.0,0.0,401326541,7,14,10.5,-114.0,102.0,42.0,366.0,-445.0,1,outdoors,grass,00-0037013,00-0036212,Zach Wilson,Tua Tagovailoa,MIA00,Hard Rock Stadium
2021_15_TEN_PIT,2021,REG,15,2021-12-19,Sunday,13:00,TEN,13.0,PIT,19.0,Home,6.0,32.0,0.0,401326547,7,10,1.0,102.0,-114.0,44.0,109.0,-121.0,0,outdoors,grass,00-0029701,00-0022924,Ryan Tannehill,Ben Roethlisberger,PIT00,Heinz Field
2021_15_LV_CLE,2021,REG,15,2021-12-20,Monday,17:00,LV,16.0,CLE,14.0,Home,-2.0,30.0,0.0,401326539,7,7,-3.0,-102.0,-109.0,41.0,-147.0,131.0,0,outdoors,grass,00-0031280,00-0033319,Derek Carr,Nick Mullens,CLE00,FirstEnergy Stadium
2021_15_MIN_CHI,2021,REG,15,2021-12-20,Monday,20:15,MIN,17.0,CHI,9.0,Home,-8.0,26.0,0.0,401326552,11,8,-7.0,-114.0,102.0,48.0,-320.0,274.0,1,outdoors,grass,00-0029604,00-0036945,Kirk Cousins,Justin Fields,CHI98,Soldier Field
2021_15_SEA_LA,2021,REG,15,2021-12-21,Tuesday,19:00,SEA,10.0,LA,20.0,Home,10.0,30.0,0.0,401326550,7,6,7.5,-120.0,108.0,47.0,298.0,-352.0,1,dome,matrixturf,00-0029263,00-0026498,Russell Wilson,Matthew Stafford,LAX01,SoFi Stadium
2021_15_WAS_PHI,2021,REG,15,2021-12-21,Tuesday,19:00,WAS,17.0,PHI,27.0,Home,10.0,44.0,0.0,401326542,7,14,10.0,-101.0,-110.0,39.5,380.0,-465.0,1,outdoors,grass,00-0031395,00-0036389,Garrett Gilbert,Jalen Hurts,PHI00,Lincoln Financial Field
2021_16_SF_TEN,2021,REG,16,2021-12-23,Thursday,20:20,SF,17.0,TEN,20.0,Home,3.0,37.0,0.0,401326553,4,4,-3.5,108.0,-120.0,45.5,-171.0,154.0,0,outdoors,grass,00-0031345,00-0029701,Jimmy Garoppolo,Ryan Tannehill,NAS00,Nissan Stadium
2021_16_CLE_GB,2021,REG,16,2021-12-25,Saturday,16:30,CLE,22.0,GB,24.0,Home,2.0,46.0,0.0,401326554,6,6,7.5,101.0,-112.0,46.5,343.0,-430.0,0,outdoors,grass,00-0034855,00-0023459,Baker Mayfield,Aaron Rodgers,GNB00,Lambeau Field
2021_16_IND_ARI,2021,REG,16,2021-12-25,Saturday,20:15,IND,22.0,ARI,16.0,Home,-6.0,38.0,0.0,401326555,6,6,3.0,102.0,-114.0,48.0,143.0,-161.0,0,closed,grass,00-0032950,00-0035228,Carson Wentz,Kyler Murray,PHO00,State Farm Stadium
2021_16_BAL_CIN,2021,REG,16,2021-12-26,Sunday,13:00,BAL,21.0,CIN,41.0,Home,20.0,62.0,0.0,401326558,7,7,7.5,-102.0,-109.0,43.0,306.0,-369.0,1,outdoors,fieldturf,00-0026300,00-0036442,Josh Johnson,Joe Burrow,CIN00,Paul Brown Stadium
2021_16_BUF_NE,2021,REG,16,2021-12-26,Sunday,13:00,BUF,33.0,NE,21.0,Home,-12.0,54.0,0.0,401326561,7,7,1.0,-106.0,-105.0,43.5,102.0,-114.0,1,outdoors,fieldturf,00-0034857,00-0036972,Josh Allen,Mac Jones,BOS00,Gillette Stadium
2021_16_CHI_SEA,2021,REG,16,2021-12-26,Sunday,16:05,CHI,25.0,SEA,24.0,Home,-1.0,49.0,0.0,401326564,6,7,7.0,-103.0,-108.0,41.0,268.0,-313.0,0,outdoors,fieldturf,00-0029567,00-0029263,Nick Foles,Russell Wilson,SEA00,Lumen Field
2021_16_DEN_LV,2021,REG,16,2021-12-26,Sunday,16:25,DEN,13.0,LV,17.0,Home,4.0,30.0,0.0,401326566,7,7,-1.0,-101.0,-110.0,42.0,-109.0,-102.0,1,dome,grass,00-0035704,00-0031280,Drew Lock,Derek Carr,VEG00,Allegiant Stadium
2021_16_DET_ATL,2021,REG,16,2021-12-26,Sunday,13:00,DET,16.0,ATL,20.0,Home,4.0,36.0,0.0,401326556,7,7,7.5,-106.0,-105.0,42.5,309.0,-373.0,0,open,fieldturf,00-0034177,00-0026143,Tim Boyle,Matt Ryan,ATL97,Mercedes-Benz Stadium
2021_16_JAX_NYJ,2021,REG,16,2021-12-26,Sunday,13:00,JAX,21.0,NYJ,26.0,Home,5.0,47.0,0.0,401326562,7,7,2.5,-111.0,100.0,42.5,114.0,-125.0,0,outdoors,fieldturf,00-0036971,00-0037013,Trevor Lawrence,Zach Wilson,NYC01,MetLife Stadium
2021_16_LAC_HOU,2021,REG,16,2021-12-26,Sunday,13:00,LAC,29.0,HOU,41.0,Home,12.0,70.0,0.0,401326559,10,7,-13.5,102.0,-114.0,46.0,-661.0,500.0,0,closed,astroturf,00-0036355,00-0036898,Justin Herbert,Davis Mills,HOU00,NRG Stadium
2021_16_LA_MIN,2021,REG,16,2021-12-26,Sunday,13:00,LA,30.0,MIN,23.0,Home,-7.0,53.0,0.0,401326560,7,6,-3.5,-103.0,-108.0,48.5,-177.0,158.0,0,dome,sportturf,00-0026498,00-0029604,Matthew Stafford,Kirk Cousins,MIN01,U.S. Bank Stadium
2021_16_NYG_PHI,2021,REG,16,2021-12-26,Sunday,13:00,NYG,10.0,PHI,34.0,Home,24.0,44.0,0.0,401326563,7,7,11.0,-108.0,-103.0,41.0,416.0,-529.0,1,outdoors,grass,00-0036197,00-0036389,Jake Fromm,Jalen Hurts,PHI00,Lincoln Financial Field
2021_16_PIT_KC,2021,REG,16,2021-12-26,Sunday,16:25,PIT,10.0,KC,36.0,Home,26.0,46.0,0.0,401326565,7,10,10.5,-114.0,102.0,44.0,328.0,-400.0,0,outdoors,grass,00-0022924,00-0033873,Ben Roethlisberger,Patrick Mahomes,KAN00,GEHA Field at Arrowhead Stadium
2021_16_TB_CAR,2021,REG,16,2021-12-26,Sunday,13:00,TB,32.0,CAR,6.0,Home,-26.0,38.0,0.0,401326557,7,7,-11.5,105.0,-117.0,44.5,-503.0,399.0,1,outdoors,grass,00-0019596,00-0034869,Tom Brady,Sam Darnold,CAR00,Bank of America Stadium
2021_16_WAS_DAL,2021,REG,16,2021-12-26,Sunday,20:20,WAS,14.0,DAL,56.0,Home,42.0,70.0,0.0,401326567,7,7,10.5,-113.0,101.0,45.5,367.0,-457.0,1,closed,matrixturf,00-0031800,00-0033077,Taylor Heinicke,Dak Prescott,DAL00,AT&T Stadium
2021_16_MIA_NO,2021,REG,16,2021-12-27,Monday,20:15,MIA,20.0,NO,3.0,Home,-17.0,23.0,0.0,401326568,8,8,-3.0,-110.0,-101.0,37.5,-160.0,143.0,0,dome,sportturf,00-0036212,00-0036929,Tua Tagovailoa,Ian Book,NOR00,Mercedes-Benz Superdome
2021_17_ARI_DAL,2021,REG,17,2022-01-02,Sunday,16:25,ARI,25.0,DAL,22.0,Home,-3.0,47.0,0.0,401326572,8,7,6.5,-103.0,-108.0,53.0,225.0,-262.0,0,closed,matrixturf,00-0035228,00-0033077,Kyler Murray,Dak Prescott,DAL00,AT&T Stadium
2021_17_ATL_BUF,2021,REG,17,2022-01-02,Sunday,13:00,ATL,15.0,BUF,29.0,Home,14.0,44.0,0.0,401326569,7,7,14.0,-101.0,-111.0,46.5,625.0,-871.0,0,outdoors,a_turf,00-0026143,00-0034857,Matt Ryan,Josh Allen,BUF00,New Era Field
2021_17_CAR_NO,2021,REG,17,2022-01-02,Sunday,16:25,CAR,10.0,NO,18.0,Home,8.0,28.0,0.0,401326575,7,6,7.0,-110.0,-101.0,37.0,238.0,-279.0,1,dome,sportturf,00-0034869,00-0033357,Sam Darnold,Taysom Hill,NOR00,Mercedes-Benz Superdome
2021_17_DEN_LAC,2021,REG,17,2022-01-02,Sunday,16:05,DEN,13.0,LAC,34.0,Home,21.0,47.0,0.0,401326579,7,7,8.0,-117.0,105.0,45.5,285.0,-340.0,1,dome,matrixturf,00-0035704,00-0036355,Drew Lock,Justin Herbert,LAX01,SoFi Stadium
2021_17_DET_SEA,2021,REG,17,2022-01-02,Sunday,16:25,DET,29.0,SEA,51.0,Home,22.0,80.0,0.0,401326582,7,7,8.5,103.0,-114.0,41.5,327.0,-399.0,0,outdoors,fieldturf,00-0034177,00-0029263,Tim Boyle,Russell Wilson,SEA00,Lumen Field
2021_17_HOU_SF,2021,REG,17,2022-01-02,Sunday,16:05,HOU,7.0,SF,23.0,Home,16.0,30.0,0.0,401326580,7,10,14.0,-113.0,101.0,44.0,463.0,-602.0,0,outdoors,grass,00-0036898,00-0037012,Davis Mills,Trey Lance,SFO01,Levi's Stadium
2021_17_JAX_NE,2021,REG,17,2022-01-02,Sunday,13:00,JAX,10.0,NE,50.0,Home,40.0,60.0,0.0,401326574,7,7,17.5,-109.0,-102.0,42.0,727.0,-1056.0,0,outdoors,fieldturf,00-0036971,00-0036972,Trevor Lawrence,Mac Jones,BOS00,Gillette Stadium
2021_17_KC_CIN,2021,REG,17,2022-01-02,Sunday,13:00,KC,31.0,CIN,34.0,Home,3.0,65.0,0.0,401326571,7,7,-3.5,-103.0,-108.0,51.0,-178.0,157.0,0,outdoors,fieldturf,00-0033873,00-0036442,Patrick Mahomes,Joe Burrow,CIN00,Paul Brown Stadium
2021_17_LA_BAL,2021,REG,17,2022-01-02,Sunday,13:00,LA,20.0,BAL,19.0,Home,-1.0,39.0,0.0,401326581,7,7,-7.0,-110.0,-101.0,47.0,-313.0,264.0,0,outdoors,grass,00-0026498,00-0035993,Matthew Stafford,Tyler Huntley,BAL00,M&T Bank Stadium
2021_17_LV_IND,2021,REG,17,2022-01-02,Sunday,13:00,LV,23.0,IND,20.0,Home,-3.0,43.0,0.0,401326573,7,8,8.5,100.0,-112.0,46.5,325.0,-397.0,0,closed,fieldturf,00-0031280,00-0032950,Derek Carr,Carson Wentz,IND00,Lucas Oil Stadium
2021_17_MIA_TEN,2021,REG,17,2022-01-02,Sunday,13:00,MIA,3.0,TEN,34.0,Home,31.0,37.0,0.0,401326577,6,10,3.0,106.0,-118.0,41.0,151.0,-170.0,0,outdoors,grass,00-0036212,00-0029701,Tua Tagovailoa,Ryan Tannehill,NAS00,Nissan Stadium
2021_17_MIN_GB,2021,REG,17,2022-01-02,Sunday,20:20,MIN,10.0,GB,37.0,Home,27.0,47.0,0.0,401326583,7,8,13.0,-116.0,105.0,42.0,525.0,-702.0,1,outdoors,grass,00-0032245,00-0023459,Sean Mannion,Aaron Rodgers,GNB00,Lambeau Field
2021_17_NYG_CHI,2021,REG,17,2022-01-02,Sunday,13:00,NYG,3.0,CHI,29.0,Home,26.0,32.0,0.0,401326570,7,7,7.0,-115.0,104.0,36.5,245.0,-287.0,0,outdoors,grass,00-0030520,00-0027973,Mike Glennon,Andy Dalton,CHI98,Soldier Field
2021_17_PHI_WAS,2021,REG,17,2022-01-02,Sunday,13:00,PHI,20.0,WAS,16.0,Home,-4.0,36.0,0.0,401326578,7,7,-6.5,103.0,-115.0,44.5,-238.0,206.0,1,outdoors,grass,00-0036389,00-0031800,Jalen Hurts,Taylor Heinicke,WAS00,FedExField
2021_17_TB_NYJ,2021,REG,17,2022-01-02,Sunday,13:00,TB,28.0,NYJ,24.0,Home,-4.0,52.0,0.0,401326576,7,7,-14.5,-101.0,-110.0,48.0,-868.0,623.0,0,outdoors,fieldturf,00-0019596,00-0037013,Tom Brady,Zach Wilson,NYC01,MetLife Stadium
2021_17_CLE_PIT,2021,REG,17,2022-01-03,Monday,20:15,CLE,14.0,PIT,26.0,Home,12.0,40.0,0.0,401326584,9,8,-1.0,-110.0,-101.0,43.5,-117.0,105.0,1,outdoors,grass,00-0034855,00-0022924,Baker Mayfield,Ben Roethlisberger,PIT00,Heinz Field
2021_18_DAL_PHI,2021,REG,18,2022-01-08,Saturday,20:15,DAL,51.0,PHI,26.0,Home,-25.0,77.0,0.0,401326595,7,7,-6.5,-110.0,-110.0,46.0,-300.0,235.0,1,outdoors,grass,00-0033077,00-0035289,Dak Prescott,Gardner Minshew,PHI00,Lincoln Financial Field
2021_18_KC_DEN,2021,REG,18,2022-01-08,Saturday,16:30,KC,28.0,DEN,24.0,Home,-4.0,52.0,0.0,401326598,7,7,-11.5,-110.0,-110.0,44.5,-600.0,435.0,1,outdoors,grass,00-0033873,00-0035704,Patrick Mahomes,Drew Lock,DEN00,Empower Field at Mile High
2021_18_CAR_TB,2021,REG,18,2022-01-09,Sunday,16:25,CAR,17.0,TB,41.0,Home,24.0,58.0,0.0,401326596,7,7,11.0,-110.0,-110.0,43.0,375.0,-510.0,1,outdoors,grass,00-0034869,00-0019596,Sam Darnold,Tom Brady,TAM00,Raymond James Stadium
2021_18_CHI_MIN,2021,REG,18,2022-01-09,Sunday,13:00,CHI,17.0,MIN,31.0,Home,14.0,48.0,0.0,401326593,7,7,3.5,-110.0,-110.0,45.5,160.0,-190.0,1,dome,sportturf,00-0027973,00-0029604,Andy Dalton,Kirk Cousins,MIN01,U.S. Bank Stadium
2021_18_CIN_CLE,2021,REG,18,2022-01-09,Sunday,13:00,CIN,16.0,CLE,21.0,Home,5.0,37.0,0.0,401326588,7,6,6.5,-110.0,-110.0,38.0,215.0,-265.0,1,outdoors,grass,00-0032434,00-0028986,Brandon Allen,Case Keenum,CLE00,FirstEnergy Stadium
2021_18_GB_DET,2021,REG,18,2022-01-09,Sunday,13:00,GB,30.0,DET,37.0,Home,7.0,67.0,0.0,401326589,7,7,-4.0,-110.0,-110.0,45.0,-195.0,165.0,1,dome,fieldturf,00-0023459,00-0033106,Aaron Rodgers,Jared Goff,DET00,Ford Field
2021_18_IND_JAX,2021,REG,18,2022-01-09,Sunday,13:00,IND,11.0,JAX,26.0,Home,15.0,37.0,0.0,401326591,7,7,-14.0,-110.0,-110.0,43.0,-1000.0,650.0,1,outdoors,grass,00-0032950,00-0036971,Carson Wentz,Trevor Lawrence,JAX00,TIAA Bank Stadium
2021_18_LAC_LV,2021,REG,18,2022-01-09,Sunday,20:20,LAC,32.0,LV,35.0,Home,3.0,67.0,1.0,401326600,7,7,-3.5,-110.0,-110.0,48.0,-180.0,155.0,1,dome,grass,00-0036355,00-0031280,Justin Herbert,Derek Carr,VEG00,Allegiant Stadium
2021_18_NE_MIA,2021,REG,18,2022-01-09,Sunday,16:25,NE,24.0,MIA,33.0,Home,9.0,57.0,0.0,401326592,7,7,-6.0,-110.0,-110.0,41.0,-250.0,200.0,1,outdoors,grass,00-0036972,00-0036212,Mac Jones,Tua Tagovailoa,MIA00,Hard Rock Stadium
2021_18_NO_ATL,2021,REG,18,2022-01-09,Sunday,16:25,NO,30.0,ATL,20.0,Home,-10.0,50.0,0.0,401326585,7,7,-4.5,-111.0,-100.0,40.0,-213.0,186.0,1,closed,fieldturf,00-0033357,00-0026143,Taysom Hill,Matt Ryan,ATL97,Mercedes-Benz Stadium
2021_18_NYJ_BUF,2021,REG,18,2022-01-09,Sunday,16:25,NYJ,10.0,BUF,27.0,Home,17.0,37.0,0.0,401326587,7,7,16.0,-110.0,-110.0,43.0,750.0,-1250.0,1,outdoors,a_turf,00-0037013,00-0034857,Zach Wilson,Josh Allen,BUF00,New Era Field
2021_18_PIT_BAL,2021,REG,18,2022-01-09,Sunday,13:00,PIT,16.0,BAL,13.0,Home,-3.0,29.0,1.0,401326586,6,7,3.0,-110.0,-110.0,41.0,135.0,-155.0,1,outdoors,grass,00-0022924,00-0035993,Ben Roethlisberger,Tyler Huntley,BAL00,M&T Bank Stadium
2021_18_SEA_ARI,2021,REG,18,2022-01-09,Sunday,16:25,SEA,38.0,ARI,30.0,Home,-8.0,68.0,0.0,401326597,7,7,5.5,-110.0,-110.0,48.0,190.0,-235.0,1,open,grass,00-0029263,00-0035228,Russell Wilson,Kyler Murray,PHO00,State Farm Stadium
2021_18_SF_LA,2021,REG,18,2022-01-09,Sunday,16:25,SF,27.0,LA,24.0,Home,-3.0,51.0,1.0,401326599,7,7,3.0,-105.0,-115.0,46.5,150.0,-170.0,1,dome,matrixturf,00-0031345,00-0026498,Jimmy Garoppolo,Matthew Stafford,LAX01,SoFi Stadium
2021_18_TEN_HOU,2021,REG,18,2022-01-09,Sunday,13:00,TEN,28.0,HOU,25.0,Home,-3.0,53.0,0.0,401326590,7,7,-10.5,-105.0,-115.0,43.0,-575.0,410.0,1,closed,astroturf,00-0029701,00-0036898,Ryan Tannehill,Davis Mills,HOU00,NRG Stadium
2021_18_WAS_NYG,2021,REG,18,2022-01-09,Sunday,13:00,WAS,22.0,NYG,7.0,Home,-15.0,29.0,0.0,401326594,7,7,-6.0,-102.0,-109.0,36.0,-238.0,206.0,1,outdoors,fieldturf,00-0031800,00-0036197,Taylor Heinicke,Jake Fromm,NYC01,MetLife Stadium
2021_19_LV_CIN,2021,WC,19,2022-01-15,Saturday,16:30,LV,19.0,CIN,26.0,Home,7.0,45.0,0.0,401326627,6,6,6.0,-103.0,-109.0,48.5,214.0,-248.0,0,outdoors,fieldturf,00-0031280,00-0036442,Derek Carr,Joe Burrow,CIN00,Paul Brown Stadium
2021_19_NE_BUF,2021,WC,19,2022-01-15,Saturday,20:15,NE,17.0,BUF,47.0,Home,30.0,64.0,0.0,401326626,6,6,4.5,-111.0,-100.0,43.0,181.0,-207.0,1,outdoors,a_turf,00-0036972,00-0034857,Mac Jones,Josh Allen,BUF00,New Era Field
2021_19_PHI_TB,2021,WC,19,2022-01-16,Sunday,13:00,PHI,15.0,TB,31.0,Home,16.0,46.0,0.0,401326630,8,7,7.5,-107.0,-104.0,45.5,293.0,-352.0,0,outdoors,grass,00-0036389,00-0019596,Jalen Hurts,Tom Brady,TAM00,Raymond James Stadium
2021_19_PIT_KC,2021,WC,19,2022-01-16,Sunday,20:15,PIT,21.0,KC,42.0,Home,21.0,63.0,0.0,401326628,7,8,13.0,-124.0,111.0,46.0,522.0,-697.0,0,outdoors,grass,00-0022924,00-0033873,Ben Roethlisberger,Patrick Mahomes,KAN00,GEHA Field at Arrowhead Stadium
2021_19_SF_DAL,2021,WC,19,2022-01-16,Sunday,16:30,SF,23.0,DAL,17.0,Home,-6.0,40.0,0.0,401326629,7,8,3.0,100.0,-112.0,51.0,144.0,-162.0,0,closed,matrixturf,00-0031345,00-0033077,Jimmy Garoppolo,Dak Prescott,DAL00,AT&T Stadium
2021_19_ARI_LA,2021,WC,19,2022-01-17,Monday,20:15,ARI,11.0,LA,34.0,Home,23.0,45.0,0.0,401326625,8,8,4.0,-117.0,105.0,49.5,158.0,-179.0,1,dome,matrixturf,00-0035228,00-0026498,Kyler Murray,Matthew Stafford,LAX01,SoFi Stadium
2021_20_CIN_TEN,2021,DIV,20,2022-01-22,Saturday,16:30,CIN,19.0,TEN,16.0,Home,-3.0,35.0,0.0,401326632,7,13,4.0,-109.0,-102.0,48.5,170.0,-191.0,0,outdoors,grass,00-0036442,00-0029701,Joe Burrow,Ryan Tannehill,NAS00,Nissan Stadium
2021_20_SF_GB,2021,DIV,20,2022-01-22,Saturday,20:15,SF,13.0,GB,10.0,Home,-3.0,23.0,0.0,401326631,6,13,5.5,102.0,-114.0,47.0,228.0,-261.0,0,outdoors,grass,00-0031345,00-0023459,Jimmy Garoppolo,Aaron Rodgers,GNB00,Lambeau Field
2021_20_BUF_KC,2021,DIV,20,2022-01-23,Sunday,18:30,BUF,36.0,KC,42.0,Home,6.0,78.0,1.0,401326633,8,7,2.5,-101.0,-110.0,54.0,124.0,-138.0,0,outdoors,grass,00-0034857,00-0033873,Josh Allen,Patrick Mahomes,KAN00,GEHA Field at Arrowhead Stadium
2021_20_LA_TB,2021,DIV,20,2022-01-23,Sunday,15:00,LA,30.0,TB,27.0,Home,-3.0,57.0,0.0,401326634,6,7,2.5,108.0,-121.0,48.0,131.0,-145.0,0,outdoors,grass,00-0026498,00-0019596,Matthew Stafford,Tom Brady,TAM00,Raymond James Stadium
2021_21_CIN_KC,2021,CON,21,2022-01-30,Sunday,15:00,CIN,27.0,KC,24.0,Home,-3.0,51.0,1.0,401326635,8,7,7.0,-105.0,-115.0,54.5,250.0,-320.0,0,outdoors,grass,00-0036442,00-0033873,Joe Burrow,Patrick Mahomes,KAN00,GEHA Field at Arrowhead Stadium
2021_21_SF_LA,2021,CON,21,2022-01-30,Sunday,18:30,SF,17.0,LA,20.0,Home,3.0,37.0,0.0,401326636,8,7,3.5,-110.0,-110.0,45.5,155.0,-180.0,1,dome,matrixturf,00-0031345,00-0026498,Jimmy Garoppolo,Matthew Stafford,LAX01,SoFi Stadium
2021_22_LA_CIN,2021,SB,22,2022-02-13,Sunday,18:30,LA,23.0,CIN,20.0,Neutral,-3.0,43.0,0.0,401326638,14,14,-4.5,-110.0,-110.0,48.5,-190.0,160.0,0,dome,matrixturf,00-0026498,00-0036442,Matthew Stafford,Joe Burrow,LAX01,SoFi Stadium
2022_01_BUF_LA,2022,REG,1,2022-09-08,Thursday,20:20,BUF,31.0,LA,10.0,Home,-21.0,41.0,0.0,401437654,7,7,-1.0,-112.0,101.0,51.5,-117.0,106.0,0,dome,matrixturf,00-0034857,00-0026498,Josh Allen,Matthew Stafford,LAX01,SoFi Stadium
2022_01_BAL_NYJ,2022,REG,1,2022-09-11,Sunday,13:00,BAL,24.0,NYJ,9.0,Home,-15.0,33.0,0.0,401437632,7,7,-6.5,-103.0,-107.0,44.0,-265.0,231.0,0,outdoors,fieldturf,00-0034796,00-0026158,Lamar Jackson,Joe Flacco,NYC01,MetLife Stadium
2022_01_CLE_CAR,2022,REG,1,2022-09-11,Sunday,13:00,CLE,26.0,CAR,24.0,Home,-2.0,50.0,0.0,401437651,7,7,2.5,-112.0,102.0,42.5,114.0,-125.0,0,outdoors,grass,00-0033119,00-0034855,Jacoby Brissett,Baker Mayfield,CAR00,Bank of America Stadium
2022_01_GB_MIN,2022,REG,1,2022-09-11,Sunday,16:25,GB,7.0,MIN,23.0,Home,16.0,30.0,0.0,401437649,7,7,2.5,-116.0,105.0,47.0,113.0,-125.0,1,dome,sportturf,00-0023459,00-0029604,Aaron Rodgers,Kirk Cousins,MIN01,U.S. Bank Stadium
2022_01_IND_HOU,2022,REG,1,2022-09-11,Sunday,13:00,IND,20.0,HOU,20.0,Home,0.0,40.0,1.0,401437637,7,7,-7.0,-103.0,-107.0,46.0,-290.0,250.0,1,closed,astroturf,00-0026143,00-0036898,Matt Ryan,Davis Mills,HOU00,NRG Stadium
2022_01_JAX_WAS,2022,REG,1,2022-09-11,Sunday,13:00,JAX,22.0,WAS,28.0,Home,6.0,50.0,0.0,401437646,7,7,3.0,-101.0,-110.0,43.5,143.0,-159.0,0,outdoors,grass,00-0036971,00-0032950,Trevor Lawrence,Carson Wentz,WAS00,FedExField
2022_01_KC_ARI,2022,REG,1,2022-09-11,Sunday,16:25,KC,44.0,ARI,21.0,Home,-23.0,65.0,0.0,401437653,7,7,-6.0,-107.0,-104.0,54.0,-252.0,221.0,0,closed,grass,00-0033873,00-0035228,Patrick Mahomes,Kyler Murray,PHO00,State Farm Stadium
2022_01_LV_LAC,2022,REG,1,2022-09-11,Sunday,16:25,LV,19.0,LAC,24.0,Home,5.0,43.0,0.0,401437643,7,7,3.5,-106.0,-104.0,52.5,161.0,-180.0,1,dome,matrixturf,00-0031280,00-0036355,Derek Carr,Justin Herbert,LAX01,SoFi Stadium
2022_01_NE_MIA,2022,REG,1,2022-09-11,Sunday,13:00,NE,7.0,MIA,20.0,Home,13.0,27.0,0.0,401437630,7,7,3.0,-104.0,-106.0,47.0,140.0,-155.0,1,outdoors,grass,00-0036972,00-0036212,Mac Jones,Tua Tagovailoa,MIA00,Hard Rock Stadium
2022_01_NO_ATL,2022,REG,1,2022-09-11,Sunday,13:00,NO,27.0,ATL,26.0,Home,-1.0,53.0,0.0,401437650,7,7,-6.0,-103.0,-107.0,43.5,-228.0,201.0,1,closed,fieldturf,00-0031503,00-0032268,Jameis Winston,Marcus Mariota,ATL97,Mercedes-Benz Stadium
2022_01_NYG_TEN,2022,REG,1,2022-09-11,Sunday,16:25,NYG,21.0,TEN,20.0,Home,-1.0,41.0,0.0,401437640,7,7,5.5,-108.0,-102.0,43.5,209.0,-239.0,0,outdoors,grass,00-0035710,00-0029701,Daniel Jones,Ryan Tannehill,NAS00,Nissan Stadium
2022_01_PHI_DET,2022,REG,1,2022-09-11,Sunday,13:00,PHI,38.0,DET,35.0,Home,-3.0,73.0,0.0,401437648,7,7,-6.0,-110.0,-100.0,49.0,-240.0,211.0,0,dome,fieldturf,00-0036389,00-0033106,Jalen Hurts,Jared Goff,DET00,Ford Field
2022_01_PIT_CIN,2022,REG,1,2022-09-11,Sunday,13:00,PIT,23.0,CIN,20.0,Home,-3.0,43.0,1.0,401437634,7,7,7.5,-119.0,107.0,44.5,264.0,-308.0,1,outdoors,fieldturf,00-0033869,00-0036442,Mitch Trubisky,Joe Burrow,CIN00,Paycor Stadium
2022_01_SF_CHI,2022,REG,1,2022-09-11,Sunday,13:00,SF,10.0,CHI,19.0,Home,9.0,29.0,0.0,401437647,7,7,-6.5,100.0,-111.0,38.0,-248.0,217.0,0,outdoors,grass,00-0037012,00-0036945,Trey Lance,Justin Fields,CHI98,Soldier Field
2022_01_TB_DAL,2022,REG,1,2022-09-11,Sunday,20:20,TB,19.0,DAL,3.0,Home,-16.0,22.0,0.0,401437644,7,7,-2.5,-108.0,-102.0,49.5,-133.0,120.0,0,closed,matrixturf,00-0019596,00-0033077,Tom Brady,Dak Prescott,DAL00,AT&T Stadium
2022_01_DEN_SEA,2022,REG,1,2022-09-12,Monday,20:15,DEN,16.0,SEA,17.0,Home,1.0,33.0,0.0,401437655,7,7,-6.0,-107.0,-103.0,44.0,-253.0,221.0,0,outdoors,fieldturf,00-0029263,00-0030565,Russell Wilson,Geno Smith,SEA00,Lumen Field
2022_02_LAC_KC,2022,REG,2,2022-09-15,Thursday,20:15,LAC,24.0,KC,27.0,Home,3.0,51.0,0.0,401434030,4,4,4.0,-113.0,102.0,52.5,167.0,-188.0,1,outdoors,grass,00-0036355,00-0033873,Justin Herbert,Patrick Mahomes,KAN00,GEHA Field at Arrowhead Stadium
2022_02_ARI_LV,2022,REG,2,2022-09-18,Sunday,16:25,ARI,29.0,LV,23.0,Home,-6.0,52.0,1.0,401437642,7,7,5.5,-110.0,100.0,51.5,197.0,-223.0,0,dome,grass,00-0035228,00-0031280,Kyler Murray,Derek Carr,VEG00,Allegiant Stadium
2022_02_ATL_LA,2022,REG,2,2022-09-18,Sunday,16:05,ATL,27.0,LA,31.0,Home,4.0,58.0,0.0,401437733,7,10,10.5,-113.0,103.0,46.5,385.0,-473.0,0,dome,matrixturf,00-0032268,00-0026498,Marcus Mariota,Matthew Stafford,LAX01,SoFi Stadium
2022_02_CAR_NYG,2022,REG,2,2022-09-18,Sunday,13:00,CAR,16.0,NYG,19.0,Home,3.0,35.0,0.0,401437645,7,7,-1.0,-106.0,-104.0,44.0,-114.0,103.0,0,outdoors,fieldturf,00-0034855,00-0035710,Baker Mayfield,Daniel Jones,NYC01,MetLife Stadium
2022_02_CHI_GB,2022,REG,2,2022-09-18,Sunday,20:20,CHI,10.0,GB,27.0,Home,17.0,37.0,0.0,401437606,7,7,10.5,-111.0,100.0,42.0,348.0,-420.0,1,outdoors,grass,00-0036945,00-0023459,Justin Fields,Aaron Rodgers,GNB00,Lambeau Field
2022_02_CIN_DAL,2022,REG,2,2022-09-18,Sunday,16:25,CIN,17.0,DAL,20.0,Home,3.0,37.0,0.0,401437734,7,7,-7.5,110.0,-122.0,42.0,-303.0,260.0,0,closed,matrixturf,00-0036442,00-0033662,Joe Burrow,Cooper Rush,DAL00,AT&T Stadium
2022_02_HOU_DEN,2022,REG,2,2022-09-18,Sunday,16:25,HOU,9.0,DEN,16.0,Home,7.0,25.0,0.0,401437641,7,6,10.5,-114.0,103.0,46.0,391.0,-481.0,0,outdoors,grass,00-0036898,00-0029263,Davis Mills,Russell Wilson,DEN00,Empower Field at Mile High
2022_02_IND_JAX,2022,REG,2,2022-09-18,Sunday,13:00,IND,0.0,JAX,24.0,Home,24.0,24.0,0.0,401437639,7,7,-3.0,-107.0,-103.0,43.5,-157.0,142.0,1,outdoors,grass,00-0026143,00-0036971,Matt Ryan,Trevor Lawrence,JAX00,TIAA Bank Stadium
2022_02_MIA_BAL,2022,REG,2,2022-09-18,Sunday,13:00,MIA,42.0,BAL,38.0,Home,-4.0,80.0,0.0,401437633,7,7,3.0,103.0,-114.0,44.0,148.0,-164.0,0,outdoors,grass,00-0036212,00-0034796,Tua Tagovailoa,Lamar Jackson,BAL00,M&T Bank Stadium
2022_02_NE_PIT,2022,REG,2,2022-09-18,Sunday,13:00,NE,17.0,PIT,14.0,Home,-3.0,31.0,0.0,401437636,7,7,-3.0,-102.0,-109.0,40.0,-150.0,135.0,0,outdoors,grass,00-0036972,00-0033869,Mac Jones,Mitch Trubisky,PIT00,Acrisure Stadium
2022_02_NYJ_CLE,2022,REG,2,2022-09-18,Sunday,13:00,NYJ,31.0,CLE,30.0,Home,-1.0,61.0,0.0,401437635,7,7,6.5,-111.0,100.0,38.5,207.0,-235.0,0,outdoors,grass,00-0026158,00-0033119,Joe Flacco,Jacoby Brissett,CLE00,FirstEnergy Stadium
2022_02_SEA_SF,2022,REG,2,2022-09-18,Sunday,16:05,SEA,7.0,SF,27.0,Home,20.0,34.0,0.0,401437605,6,7,8.5,-113.0,102.0,40.0,318.0,-379.0,1,outdoors,grass,00-0030565,00-0037012,Geno Smith,Trey Lance,SFO01,Levi's Stadium
2022_02_TB_NO,2022,REG,2,2022-09-18,Sunday,13:00,TB,20.0,NO,10.0,Home,-10.0,30.0,0.0,401437652,7,7,-2.5,-109.0,-102.0,44.0,-138.0,124.0,1,dome,sportturf,00-0019596,00-0031503,Tom Brady,Jameis Winston,NOR00,Mercedes-Benz Superdome
2022_02_WAS_DET,2022,REG,2,2022-09-18,Sunday,13:00,WAS,27.0,DET,36.0,Home,9.0,63.0,0.0,401437732,7,7,-1.0,-107.0,-103.0,48.5,-114.0,103.0,0,dome,fieldturf,00-0032950,00-0033106,Carson Wentz,Jared Goff,DET00,Ford Field
2022_02_MIN_PHI,2022,REG,2,2022-09-19,Monday,20:30,MIN,7.0,PHI,24.0,Home,17.0,31.0,0.0,401436832,8,8,2.5,106.0,-117.0,49.5,127.0,-141.0,0,outdoors,grass,00-0029604,00-0036389,Kirk Cousins,Jalen Hurts,PHI00,Lincoln Financial Field
2022_02_TEN_BUF,2022,REG,2,2022-09-19,Monday,19:15,TEN,7.0,BUF,41.0,Home,34.0,48.0,0.0,401436831,8,11,10.0,-115.0,104.0,47.5,329.0,-395.0,0,outdoors,a_turf,00-0029701,00-0034857,Ryan Tannehill,Josh Allen,BUF00,New Era Field
2022_03_PIT_CLE,2022,REG,3,2022-09-22,Thursday,20:15,PIT,17.0,CLE,29.0,Home,12.0,46.0,0.0,401437735,4,4,4.5,-111.0,101.0,38.0,183.0,-206.0,1,outdoors,grass,00-0033869,00-0033119,Mitch Trubisky,Jacoby Brissett,CLE00,FirstEnergy Stadium
2022_03_ATL_SEA,2022,REG,3,2022-09-25,Sunday,16:25,ATL,27.0,SEA,23.0,Home,-4.0,50.0,0.0,401437745,7,7,1.0,-112.0,102.0,43.0,-104.0,-106.0,0,outdoors,fieldturf,00-0032268,00-0030565,Marcus Mariota,Geno Smith,SEA00,Lumen Field
2022_03_BAL_NE,2022,REG,3,2022-09-25,Sunday,13:00,BAL,37.0,NE,26.0,Home,-11.0,63.0,0.0,401437631,7,7,-2.5,-114.0,104.0,45.5,-143.0,129.0,0,outdoors,fieldturf,00-0034796,00-0036972,Lamar Jackson,Mac Jones,BOS00,Gillette Stadium
2022_03_BUF_MIA,2022,REG,3,2022-09-25,Sunday,13:00,BUF,19.0,MIA,21.0,Home,2.0,40.0,0.0,401437738,6,7,-4.0,-104.0,-106.0,54.0,-196.0,175.0,1,outdoors,grass,00-0034857,00-0036212,Josh Allen,Tua Tagovailoa,MIA00,Hard Rock Stadium
2022_03_CIN_NYJ,2022,REG,3,2022-09-25,Sunday,13:00,CIN,27.0,NYJ,12.0,Home,-15.0,39.0,0.0,401437740,7,7,-6.5,104.0,-115.0,46.0,-247.0,220.0,0,outdoors,fieldturf,00-0036442,00-0026158,Joe Burrow,Joe Flacco,NYC01,MetLife Stadium
2022_03_DET_MIN,2022,REG,3,2022-09-25,Sunday,13:00,DET,24.0,MIN,28.0,Home,4.0,52.0,0.0,401437739,7,6,6.5,-101.0,-110.0,52.0,232.0,-266.0,1,dome,sportturf,00-0033106,00-0029604,Jared Goff,Kirk Cousins,MIN01,U.S. Bank Stadium
2022_03_GB_TB,2022,REG,3,2022-09-25,Sunday,16:25,GB,14.0,TB,12.0,Home,-2.0,26.0,0.0,401437607,7,7,1.0,105.0,-115.0,41.5,112.0,-123.0,0,outdoors,grass,00-0023459,00-0019596,Aaron Rodgers,Tom Brady,TAM00,Raymond James Stadium
2022_03_HOU_CHI,2022,REG,3,2022-09-25,Sunday,13:00,HOU,20.0,CHI,23.0,Home,3.0,43.0,0.0,401437737,7,7,3.0,-107.0,-103.0,40.0,141.0,-156.0,0,outdoors,grass,00-0036898,00-0036945,Davis Mills,Justin Fields,CHI98,Soldier Field
2022_03_JAX_LAC,2022,REG,3,2022-09-25,Sunday,16:05,JAX,38.0,LAC,10.0,Home,-28.0,48.0,0.0,401437743,7,10,6.5,-106.0,-104.0,46.0,220.0,-252.0,0,dome,matrixturf,00-0036971,00-0036355,Trevor Lawrence,Justin Herbery,LAX01,SoFi Stadium
2022_03_KC_IND,2022,REG,3,2022-09-25,Sunday,13:00,KC,17.0,IND,20.0,Home,3.0,37.0,0.0,401437638,10,7,-4.5,103.0,-114.0,51.0,-199.0,177.0,0,open,fieldturf,00-0033873,00-0026143,Patrick Mahomes,Matt Ryan,IND00,Lucas Oil Stadium
2022_03_LA_ARI,2022,REG,3,2022-09-25,Sunday,16:25,LA,20.0,ARI,12.0,Home,-8.0,32.0,0.0,401437744,7,7,-3.5,104.0,-115.0,49.0,-171.0,153.0,1,closed,grass,00-0026498,00-0035228,Matthew Stafford,Kyler Murray,PHO00,State Farm Stadium
2022_03_LV_TEN,2022,REG,3,2022-09-25,Sunday,13:00,LV,22.0,TEN,24.0,Home,2.0,46.0,0.0,401437741,7,6,-1.5,-113.0,103.0,45.5,-130.0,117.0,0,outdoors,grass,00-0031280,00-0029701,Derek Carr,Ryan Tannehill,NAS00,Nissan Stadium
2022_03_NO_CAR,2022,REG,3,2022-09-25,Sunday,13:00,NO,14.0,CAR,22.0,Home,8.0,36.0,0.0,401437736,7,7,-2.0,-102.0,-109.0,41.0,-123.0,112.0,1,outdoors,grass,00-0031503,00-0034855,Jameis Winston,Baker Mayfield,CAR00,Bank of America Stadium
2022_03_PHI_WAS,2022,REG,3,2022-09-25,Sunday,13:00,PHI,24.0,WAS,8.0,Home,-16.0,32.0,0.0,401437742,6,7,-6.0,102.0,-112.0,47.0,-240.0,210.0,1,outdoors,grass,00-0036389,00-0032950,Jalen Hurts,Carson Wentz,WAS00,FedExField
2022_03_SF_DEN,2022,REG,3,2022-09-25,Sunday,20:20,SF,10.0,DEN,11.0,Home,1.0,21.0,0.0,401437746,7,7,-1.0,-102.0,-108.0,44.0,-110.0,-101.0,0,outdoors,grass,00-0031345,00-0029263,Jimmy Garoppolo,Russell Wilson,DEN00,Empower Field at Mile High
2022_03_DAL_NYG,2022,REG,3,2022-09-26,Monday,20:15,DAL,23.0,NYG,16.0,Home,-7.0,39.0,0.0,401437747,8,8,1.0,103.0,-113.0,38.5,109.0,-120.0,1,outdoors,fieldturf,00-0033662,00-0035710,Cooper Rush,Daniel Jones,NYC01,MetLife Stadium
2022_04_MIA_CIN,2022,REG,4,2022-09-29,Thursday,20:15,MIA,15.0,CIN,27.0,Home,12.0,42.0,0.0,401437748,4,4,4.0,-107.0,-103.0,48.5,169.0,-190.0,0,outdoors,fieldturf,00-0036212,00-0036442,Tua Tagovailoa,Joe Burrow,CIN00,Paycor Stadium
2022_04_ARI_CAR,2022,REG,4,2022-10-02,Sunday,16:05,ARI,26.0,CAR,16.0,Home,-10.0,42.0,0.0,401437758,7,7,1.0,-104.0,-106.0,44.0,102.0,-113.0,0,outdoors,grass,00-0035228,00-0034855,Kyler Murray,Baker Mayfield,CAR00,Bank of America Stadium
2022_04_BUF_BAL,2022,REG,4,2022-10-02,Sunday,13:00,BUF,23.0,BAL,20.0,Home,-3.0,43.0,0.0,401437750,7,7,-3.0,-117.0,106.0,50.0,-172.0,154.0,0,outdoors,grass,00-0034857,00-0034796,Josh Allen,Lamar Jackson,BAL00,M&T Bank Stadium
2022_04_CHI_NYG,2022,REG,4,2022-10-02,Sunday,13:00,CHI,12.0,NYG,20.0,Home,8.0,32.0,0.0,401437755,7,6,3.0,-120.0,109.0,39.0,130.0,-144.0,0,outdoors,fieldturf,00-0036945,00-0035710,Justin Fields,Daniel Jones,NYC01,MetLife Stadium
2022_04_CLE_ATL,2022,REG,4,2022-10-02,Sunday,13:00,CLE,20.0,ATL,23.0,Home,3.0,43.0,0.0,401437749,10,7,-1.0,-101.0,-109.0,48.0,-107.0,-103.0,0,open,fieldturf,00-0033119,00-0032268,Jacoby Brissett,Marcus Mariota,ATL97,Mercedes-Benz Stadium
2022_04_DEN_LV,2022,REG,4,2022-10-02,Sunday,16:25,DEN,23.0,LV,32.0,Home,9.0,55.0,0.0,401437760,7,7,2.5,-101.0,-109.0,45.5,124.0,-137.0,1,dome,grass,00-0029263,00-0031280,Russell Wilson,Derek Carr,VEG00,Allegiant Stadium
2022_04_JAX_PHI,2022,REG,4,2022-10-02,Sunday,13:00,JAX,21.0,PHI,29.0,Home,8.0,50.0,0.0,401437756,7,7,6.5,-109.0,-102.0,44.0,223.0,-256.0,0,outdoors,grass,00-0036971,00-0036389,Trevor Lawrence,Jalen Hurts,PHI00,Lincoln Financial Field
2022_04_KC_TB,2022,REG,4,2022-10-02,Sunday,20:20,KC,41.0,TB,31.0,Home,-10.0,72.0,0.0,401437470,7,7,1.0,107.0,-118.0,46.5,113.0,-125.0,0,outdoors,grass,00-0033873,00-0019596,Patrick Mahomes,Tom Brady,TAM00,Raymond James Stadium
2022_04_LAC_HOU,2022,REG,4,2022-10-02,Sunday,13:00,LAC,34.0,HOU,24.0,Home,-10.0,58.0,0.0,401437753,7,7,-5.5,-106.0,-104.0,45.0,-234.0,205.0,0,closed,astroturf,00-0036355,00-0036898,Justin Herbert,Davis Mills,HOU00,NRG Stadium
2022_04_MIN_NO,2022,REG,4,2022-10-02,Sunday,09:30,MIN,28.0,NO,25.0,Neutral,-3.0,53.0,0.0,401435639,7,7,-4.0,-103.0,-107.0,42.0,-199.0,177.0,0,outdoors,,00-0029604,00-0027973,Kirk Cousins,Andy Dalton,LON02,Tottenham Stadium
2022_04_NE_GB,2022,REG,4,2022-10-02,Sunday,16:25,NE,24.0,GB,27.0,Home,3.0,51.0,1.0,401437759,7,7,10.0,-120.0,109.0,40.5,358.0,-435.0,0,outdoors,grass,00-0026625,00-0023459,Brian Hoyer,Aaron Rodgers,GNB00,Lambeau Field
2022_04_NYJ_PIT,2022,REG,4,2022-10-02,Sunday,13:00,NYJ,24.0,PIT,20.0,Home,-4.0,44.0,0.0,401437757,7,10,3.0,-102.0,-108.0,41.0,145.0,-161.0,0,outdoors,grass,00-0037013,00-0033869,Zach Wilson,Mitch Trubisky,PIT00,Acrisure Stadium
2022_04_SEA_DET,2022,REG,4,2022-10-02,Sunday,13:00,SEA,48.0,DET,45.0,Home,-3.0,93.0,0.0,401437752,7,7,3.0,103.0,-113.0,48.5,151.0,-169.0,0,dome,fieldturf,00-0030565,00-0033106,Geno Smith,Jared Goff,DET00,Ford Field
2022_04_TEN_IND,2022,REG,4,2022-10-02,Sunday,13:00,TEN,24.0,IND,17.0,Home,-7.0,41.0,0.0,401437754,7,7,4.5,-105.0,-105.0,43.0,182.0,-205.0,1,open,fieldturf,00-0029701,00-0026143,Ryan Tannehill,Matt Ryan,IND00,Lucas Oil Stadium
2022_04_WAS_DAL,2022,REG,4,2022-10-02,Sunday,13:00,WAS,10.0,DAL,25.0,Home,15.0,35.0,0.0,401437751,7,6,3.0,-110.0,-101.0,40.5,140.0,-155.0,1,closed,matrixturf,00-0032950,00-0033662,Carson Wentz,Cooper Rush,DAL00,AT&T Stadium
2022_04_LA_SF,2022,REG,4,2022-10-03,Monday,20:15,LA,9.0,SF,24.0,Home,15.0,33.0,0.0,401437761,8,8,1.0,106.0,-116.0,42.0,112.0,-124.0,1,outdoors,grass,00-0026498,00-0031345,Matthew Stafford,Jimmy Garoppolo,SFO01,Levi's Stadium
2022_05_IND_DEN,2022,REG,5,2022-10-06,Thursday,20:15,IND,12.0,DEN,9.0,Home,-3.0,21.0,1.0,401437762,4,4,3.5,-114.0,104.0,42.0,159.0,-178.0,0,outdoors,grass,00-0026143,00-0029263,Matt Ryan,Russell Wilson,DEN00,Empower Field at Mile High
2022_05_ATL_TB,2022,REG,5,2022-10-09,Sunday,13:00,ATL,15.0,TB,21.0,Home,6.0,36.0,0.0,401437770,7,7,10.5,-113.0,102.0,46.0,355.0,-430.0,1,outdoors,grass,00-0032268,00-0019596,Marcus Mariota,Tom Brady,TAM00,Raymond James Stadium
2022_05_CHI_MIN,2022,REG,5,2022-10-09,Sunday,13:00,CHI,22.0,MIN,29.0,Home,7.0,51.0,0.0,401437766,7,7,10.0,-116.0,105.0,44.0,322.0,-385.0,1,dome,sportturf,00-0036945,00-0029604,Justin Fields,Kirk Cousins,MIN01,U.S. Bank Stadium
2022_05_CIN_BAL,2022,REG,5,2022-10-09,Sunday,20:20,CIN,17.0,BAL,19.0,Home,2.0,36.0,0.0,401437775,10,7,3.0,103.0,-114.0,47.5,151.0,-168.0,1,outdoors,grass,00-0036442,00-0034796,Joe Burrow,Lamar Jackson,BAL00,M&T Bank Stadium
2022_05_DAL_LA,2022,REG,5,2022-10-09,Sunday,16:25,DAL,22.0,LA,10.0,Home,-12.0,32.0,0.0,401437774,7,6,5.5,-112.0,102.0,42.0,195.0,-220.0,0,dome,matrixturf,00-0033662,00-0026498,Cooper Rush,Matthew Stafford,LAX01,SoFi Stadium
2022_05_DET_NE,2022,REG,5,2022-10-09,Sunday,13:00,DET,0.0,NE,29.0,Home,29.0,29.0,0.0,401437767,7,7,3.0,-113.0,102.0,46.5,133.0,-148.0,0,outdoors,fieldturf,00-0033106,00-0038108,Jared Goff,Bailey Zappe,BOS00,Gillette Stadium
2022_05_HOU_JAX,2022,REG,5,2022-10-09,Sunday,13:00,HOU,13.0,JAX,6.0,Home,-7.0,19.0,0.0,401437765,7,7,7.0,-113.0,102.0,44.0,261.0,-304.0,1,outdoors,grass,00-0036898,00-0036971,Davis Mills,Trevor Lawrence,JAX00,TIAA Bank Stadium
2022_05_LAC_CLE,2022,REG,5,2022-10-09,Sunday,13:00,LAC,30.0,CLE,28.0,Home,-2.0,58.0,0.0,401437764,7,7,-1.0,-106.0,-104.0,47.0,-114.0,103.0,0,outdoors,grass,00-0036355,00-0033119,Justin Herbert,Jacoby Brissett,CLE00,FirstEnergy Stadium
2022_05_MIA_NYJ,2022,REG,5,2022-10-09,Sunday,13:00,MIA,17.0,NYJ,40.0,Home,23.0,57.0,0.0,401437769,10,7,-3.0,-110.0,100.0,46.0,-162.0,146.0,1,outdoors,fieldturf,00-0031237,00-0037013,Teddy Bridgewater,Zach Wilson,NYC01,MetLife Stadium
2022_05_NYG_GB,2022,REG,5,2022-10-09,Sunday,09:30,NYG,27.0,GB,22.0,Neutral,-5.0,49.0,0.0,401435640,7,7,8.5,104.0,-115.0,42.0,331.0,-397.0,0,outdoors,,00-0035710,00-0023459,Daniel Jones,Aaron Rodgers,LON02,Tottenham Stadium
2022_05_PHI_ARI,2022,REG,5,2022-10-09,Sunday,16:25,PHI,20.0,ARI,17.0,Home,-3.0,37.0,0.0,401437773,7,7,-5.5,101.0,-111.0,48.5,-222.0,196.0,0,closed,grass,00-0036389,00-0035228,Jalen Hurts,Kyler Murray,PHO00,State Farm Stadium
2022_05_PIT_BUF,2022,REG,5,2022-10-09,Sunday,13:00,PIT,3.0,BUF,38.0,Home,35.0,41.0,0.0,401437763,7,7,14.0,-108.0,-102.0,44.0,568.0,-749.0,0,outdoors,a_turf,00-0038102,00-0034857,Kenny Pickett,Josh Allen,BUF00,New Era Field
2022_05_SEA_NO,2022,REG,5,2022-10-09,Sunday,13:00,SEA,32.0,NO,39.0,Home,7.0,71.0,0.0,401437768,7,7,5.5,-106.0,-104.0,45.5,201.0,-229.0,0,dome,sportturf,00-0030565,00-0027973,Geno Smith,Andy Dalton,NOR00,Mercedes-Benz Superdome
2022_05_SF_CAR,2022,REG,5,2022-10-09,Sunday,16:05,SF,37.0,CAR,15.0,Home,-22.0,52.0,0.0,401437772,6,7,-6.0,-102.0,-109.0,40.0,-234.0,206.0,0,outdoors,grass,00-0031345,00-0034855,Jimmy Garoppolo,Baker Mayfield,CAR00,Bank of America Stadium
2022_05_TEN_WAS,2022,REG,5,2022-10-09,Sunday,13:00,TEN,21.0,WAS,17.0,Home,-4.0,38.0,0.0,401437771,7,7,-1.0,-102.0,-108.0,43.0,-110.0,-100.0,0,outdoors,grass,00-0029701,00-0032950,Ryan Tannehill,Carson Wentz,WAS00,FedExField
2022_05_LV_KC,2022,REG,5,2022-10-10,Monday,20:15,LV,29.0,KC,30.0,Home,1.0,59.0,0.0,401437776,8,8,7.5,-125.0,113.0,51.5,275.0,-321.0,1,outdoors,grass,00-0031280,00-0033873,Derek Carr,Patrick Mahomes,KAN00,GEHA Field at Arrowhead Stadium
2022_06_WAS_CHI,2022,REG,6,2022-10-13,Thursday,20:15,WAS,12.0,CHI,7.0,Home,-5.0,19.0,0.0,401437777,4,4,-1.0,-112.0,102.0,38.5,-120.0,109.0,0,outdoors,grass,00-0032950,00-0036945,Carson Wentz,Justin Fields,CHI98,Soldier Field
2022_06_ARI_SEA,2022,REG,6,2022-10-16,Sunday,16:05,ARI,9.0,SEA,19.0,Home,10.0,28.0,0.0,401437787,7,7,-2.5,-106.0,-104.0,50.0,-136.0,123.0,1,outdoors,fieldturf,00-0035228,00-0030565,Kyler Murray,Geno Smith,SEA00,Lumen Field
2022_06_BAL_NYG,2022,REG,6,2022-10-16,Sunday,13:00,BAL,20.0,NYG,24.0,Home,4.0,44.0,0.0,401437784,7,7,-5.5,-107.0,-103.0,46.0,-234.0,206.0,0,outdoors,fieldturf,00-0034796,00-0035710,Lamar Jackson,Daniel Jones,NYC01,MetLife Stadium
2022_06_BUF_KC,2022,REG,6,2022-10-16,Sunday,16:25,BUF,24.0,KC,20.0,Home,-4.0,44.0,0.0,401437788,7,6,-2.5,-116.0,105.0,54.0,-146.0,132.0,0,outdoors,grass,00-0034857,00-0033873,Josh Allen,Patrick Mahomes,KAN00,GEHA Field at Arrowhead Stadium
2022_06_CAR_LA,2022,REG,6,2022-10-16,Sunday,16:05,CAR,10.0,LA,24.0,Home,14.0,34.0,0.0,401437786,7,7,10.0,-112.0,102.0,41.5,343.0,-413.0,0,dome,matrixturf,00-0033275,00-0026498,Phillip Walker,Matthew Stafford,LAX01,SoFi Stadium
2022_06_CIN_NO,2022,REG,6,2022-10-16,Sunday,13:00,CIN,30.0,NO,26.0,Home,-4.0,56.0,0.0,401437783,7,7,-3.0,-110.0,100.0,42.5,-164.0,148.0,0,dome,sportturf,00-0036442,00-0027973,Joe Burrow,Andy Dalton,NOR00,Mercedes-Benz Superdome
2022_06_DAL_PHI,2022,REG,6,2022-10-16,Sunday,20:20,DAL,17.0,PHI,26.0,Home,9.0,43.0,0.0,401437789,7,7,6.5,109.0,-120.0,42.5,252.0,-292.0,1,outdoors,grass,00-0033662,00-0036389,Cooper Rush,Jalen Hurts,PHI00,Lincoln Financial Field
2022_06_JAX_IND,2022,REG,6,2022-10-16,Sunday,13:00,JAX,27.0,IND,34.0,Home,7.0,61.0,0.0,401437781,7,10,1.0,103.0,-114.0,41.0,110.0,-122.0,1,open,fieldturf,00-0036971,00-0026143,Trevor Lawrence,Matt Ryan,IND00,Lucas Oil Stadium
2022_06_MIN_MIA,2022,REG,6,2022-10-16,Sunday,13:00,MIN,24.0,MIA,16.0,Home,-8.0,40.0,0.0,401437782,7,7,-3.0,-120.0,109.0,45.0,-175.0,157.0,0,outdoors,grass,00-0029604,00-0031237,Kirk Cousins,Teddy Bridgewater,MIA00,Hard Rock Stadium
2022_06_NE_CLE,2022,REG,6,2022-10-16,Sunday,13:00,NE,38.0,CLE,15.0,Home,-23.0,53.0,0.0,401437779,7,7,2.5,101.0,-111.0,43.0,127.0,-140.0,0,outdoors,grass,00-0038108,00-0033119,Bailey Zappe,Jacoby Brissett,CLE00,FirstEnergy Stadium
2022_06_NYJ_GB,2022,REG,6,2022-10-16,Sunday,13:00,NYJ,27.0,GB,10.0,Home,-17.0,37.0,0.0,401437780,7,7,7.5,-101.0,-109.0,44.5,305.0,-362.0,0,outdoors,grass,00-0037013,00-0023459,Zach Wilson,Aaron Rodgers,GNB00,Lambeau Field
2022_06_SF_ATL,2022,REG,6,2022-10-16,Sunday,13:00,SF,14.0,ATL,28.0,Home,14.0,42.0,0.0,401437778,7,7,-3.5,-100.0,-110.0,46.0,-185.0,166.0,0,open,fieldturf,00-0031345,00-0032268,Jimmy Garoppolo,Marcus Mariota,ATL97,Mercedes-Benz Stadium
2022_06_TB_PIT,2022,REG,6,2022-10-16,Sunday,13:00,TB,18.0,PIT,20.0,Home,2.0,38.0,0.0,401437785,7,7,-10.0,103.0,-113.0,47.0,-386.0,323.0,0,outdoors,grass,00-0019596,00-0038102,Tom Brady,Kenny Pickett,PIT00,Acrisure Stadium
2022_06_DEN_LAC,2022,REG,6,2022-10-17,Monday,20:15,DEN,16.0,LAC,19.0,Home,3.0,35.0,1.0,401437790,11,8,3.5,-103.0,-107.0,45.5,166.0,-186.0,1,dome,matrixturf,00-0029263,00-0036355,Russell Wilson,Justin Herbert,LAX01,SoFi Stadium
2022_07_NO_ARI,2022,REG,7,2022-10-20,Thursday,20:15,NO,34.0,ARI,42.0,Home,8.0,76.0,0.0,401437791,4,4,2.5,-101.0,-109.0,44.0,126.0,-140.0,0,open,grass,00-0027973,00-0035228,Andy Dalton,Kyler Murray,PHO00,State Farm Stadium
2022_07_ATL_CIN,2022,REG,7,2022-10-23,Sunday,13:00,ATL,17.0,CIN,35.0,Home,18.0,52.0,0.0,401437794,7,7,6.5,-100.0,-110.0,47.5,235.0,-271.0,0,outdoors,fieldturf,00-0032268,00-0036442,Marcus Mariota,Joe Burrow,CIN00,Paycor Stadium
2022_07_CLE_BAL,2022,REG,7,2022-10-23,Sunday,13:00,CLE,20.0,BAL,23.0,Home,3.0,43.0,0.0,401437792,7,7,6.5,100.0,-110.0,46.0,244.0,-282.0,1,outdoors,grass,00-0033119,00-0034796,Jacoby Brissett,Lamar Jackson,BAL00,M&T Bank Stadium
2022_07_DET_DAL,2022,REG,7,2022-10-23,Sunday,13:00,DET,6.0,DAL,24.0,Home,18.0,30.0,0.0,401437795,14,7,7.0,-112.0,102.0,49.5,241.0,-278.0,0,closed,matrixturf,00-0033106,00-0033077,Jared Goff,Dak Prescott,DAL00,AT&T Stadium
2022_07_GB_WAS,2022,REG,7,2022-10-23,Sunday,13:00,GB,21.0,WAS,23.0,Home,2.0,44.0,0.0,401437798,7,10,-4.0,-102.0,-108.0,41.5,-195.0,173.0,0,outdoors,grass,00-0023459,00-0031800,Aaron Rodgers,Taylor Heinicke,WAS00,FedExField
2022_07_HOU_LV,2022,REG,7,2022-10-23,Sunday,16:05,HOU,20.0,LV,38.0,Home,18.0,58.0,0.0,401437800,14,13,7.0,104.0,-115.0,46.0,278.0,-325.0,0,dome,grass,00-0036898,00-0031280,Davis Mills,Derek Carr,VEG00,Allegiant Stadium
2022_07_IND_TEN,2022,REG,7,2022-10-23,Sunday,13:00,IND,10.0,TEN,19.0,Home,9.0,29.0,0.0,401437797,7,14,2.5,-102.0,-108.0,43.0,129.0,-143.0,1,outdoors,grass,00-0026143,00-0029701,Matt Ryan,Ryan Tannehill,NAS00,Nissan Stadium
2022_07_KC_SF,2022,REG,7,2022-10-23,Sunday,16:25,KC,44.0,SF,23.0,Home,-21.0,67.0,0.0,401437802,7,7,-1.0,102.0,-112.0,49.0,-106.0,-104.0,0,outdoors,,00-0033873,00-0031345,Patrick Mahomes,Jimmy Garoppolo,SFO01,Levi's Stadium
2022_07_NYG_JAX,2022,REG,7,2022-10-23,Sunday,13:00,NYG,23.0,JAX,17.0,Home,-6.0,40.0,0.0,401437796,7,7,3.0,102.0,-112.0,44.0,148.0,-165.0,0,outdoors,grass,00-0035710,00-0036971,Daniel Jones,Trevor Lawrence,JAX00,TIAA Bank Stadium
2022_07_NYJ_DEN,2022,REG,7,2022-10-23,Sunday,16:05,NYJ,16.0,DEN,9.0,Home,-7.0,25.0,0.0,401437799,7,6,-2.0,-106.0,-104.0,37.0,-127.0,115.0,0,outdoors,grass,00-0037013,00-0034955,Zach Wilson,Brett Rypien,DEN00,Empower Field at Mile High
2022_07_PIT_MIA,2022,REG,7,2022-10-23,Sunday,20:20,PIT,10.0,MIA,16.0,Home,6.0,26.0,0.0,401437803,7,7,7.5,-119.0,108.0,44.5,255.0,-297.0,0,outdoors,grass,00-0038102,00-0036212,Kenny Pickett,Tua Tagovailoa,MIA00,Hard Rock Stadium
2022_07_SEA_LAC,2022,REG,7,2022-10-23,Sunday,16:25,SEA,37.0,LAC,23.0,Home,-14.0,60.0,0.0,401437801,7,6,5.5,-111.0,101.0,51.5,193.0,-219.0,0,dome,matrixturf,00-0030565,00-0036355,Geno Smith,Justin Herbert,LAX01,SoFi Stadium
2022_07_TB_CAR,2022,REG,7,2022-10-23,Sunday,13:00,TB,3.0,CAR,21.0,Home,18.0,24.0,0.0,401437793,7,7,-13.0,-103.0,-107.0,39.5,-680.0,524.0,1,outdoors,grass,00-0019596,00-0033275,Tom Brady,Phillip Walker,CAR00,Bank of America Stadium
2022_07_CHI_NE,2022,REG,7,2022-10-24,Monday,20:15,CHI,33.0,NE,14.0,Home,-19.0,47.0,0.0,401437804,11,8,9.5,-110.0,-100.0,40.0,327.0,-392.0,0,outdoors,fieldturf,00-0036945,00-0036972,Justin Fields,Mac Jones,BOS00,Gillette Stadium
2022_08_BAL_TB,2022,REG,8,2022-10-27,Thursday,20:15,BAL,27.0,TB,22.0,Home,-5.0,49.0,0.0,401437805,4,4,2.0,-104.0,-106.0,46.0,116.0,-128.0,0,outdoors,grass,00-0034796,00-0019596,Lamar Jackson,Tom Brady,TAM00,Raymond James Stadium
2022_08_ARI_MIN,2022,REG,8,2022-10-30,Sunday,13:00,ARI,26.0,MIN,34.0,Home,8.0,60.0,0.0,401437809,10,14,4.0,-105.0,-105.0,48.5,177.0,-199.0,0,dome,sportturf,00-0035228,00-0029604,Kyler Murray,Kirk Cousins,MIN01,U.S. Bank Stadium
2022_08_CAR_ATL,2022,REG,8,2022-10-30,Sunday,13:00,CAR,34.0,ATL,37.0,Home,3.0,71.0,1.0,401437806,7,7,4.5,-110.0,-100.0,41.0,178.0,-201.0,1,closed,fieldturf,00-0033275,00-0032268,Phillip Walker,Marcus Mariota,ATL97,Mercedes-Benz Stadium
2022_08_CHI_DAL,2022,REG,8,2022-10-30,Sunday,13:00,CHI,29.0,DAL,49.0,Home,20.0,78.0,0.0,401437807,6,7,10.5,-121.0,109.0,43.0,355.0,-430.0,0,open,matrixturf,00-0036945,00-0033077,Justin Fields,Dak Prescott,DAL00,AT&T Stadium
2022_08_DEN_JAX,2022,REG,8,2022-10-30,Sunday,09:30,DEN,21.0,JAX,17.0,Neutral,-4.0,38.0,0.0,401435641,7,7,1.0,-112.0,101.0,41.0,-103.0,-107.0,0,outdoors,,00-0029263,00-0036971,Russell Wilson,Trevor Lawrence,LON00,Wembley Stadium
2022_08_GB_BUF,2022,REG,8,2022-10-30,Sunday,20:20,GB,17.0,BUF,27.0,Home,10.0,44.0,0.0,401437817,7,14,10.5,-110.0,100.0,47.0,365.0,-445.0,0,outdoors,a_turf,00-0023459,00-0034857,Aaron Rodgers,Josh Allen,BUF00,New Era Field
2022_08_LV_NO,2022,REG,8,2022-10-30,Sunday,13:00,LV,0.0,NO,24.0,Home,24.0,24.0,0.0,401437810,7,10,-1.0,-111.0,101.0,48.5,-119.0,108.0,0,dome,sportturf,00-0031280,00-0031503,Derek Carr,Jameis Winston,NOR00,Mercedes-Benz Superdome
2022_08_MIA_DET,2022,REG,8,2022-10-30,Sunday,13:00,MIA,31.0,DET,27.0,Home,-4.0,58.0,0.0,401437808,7,7,-3.5,-112.0,102.0,52.0,-190.0,169.0,0,dome,fieldturf,00-0036212,00-0033106,Tua Tagovailoa,Jared Goff,DET00,Ford Field
2022_08_NE_NYJ,2022,REG,8,2022-10-30,Sunday,13:00,NE,22.0,NYJ,17.0,Home,-5.0,39.0,0.0,401437811,6,7,-3.0,-103.0,-107.0,40.0,-155.0,140.0,1,outdoors,fieldturf,00-0036972,00-0037013,Mac Jones,Zach Wilson,NYC01,MetLife Stadium
2022_08_NYG_SEA,2022,REG,8,2022-10-30,Sunday,16:25,NYG,13.0,SEA,27.0,Home,14.0,40.0,0.0,401437816,7,7,3.0,-100.0,-110.0,44.5,147.0,-164.0,0,outdoors,fieldturf,00-0035710,00-0030565,Daniel Jones,Geno Smith,SEA00,Lumen Field
2022_08_PIT_PHI,2022,REG,8,2022-10-30,Sunday,13:00,PIT,13.0,PHI,35.0,Home,22.0,48.0,0.0,401437812,7,14,11.0,102.0,-112.0,43.0,397.0,-490.0,0,outdoors,grass,00-0038102,00-0036389,Kenny Pickett,Jalen Hurts,PHI00,Lincoln Financial Field
2022_08_SF_LA,2022,REG,8,2022-10-30,Sunday,16:25,SF,31.0,LA,14.0,Home,-17.0,45.0,0.0,401437815,7,14,-1.0,103.0,-114.0,42.0,-104.0,-106.0,1,dome,matrixturf,00-0031345,00-0026498,Jimmy Garoppolo,Matthew Stafford,LAX01,SoFi Stadium
2022_08_TEN_HOU,2022,REG,8,2022-10-30,Sunday,16:05,TEN,17.0,HOU,10.0,Home,-7.0,27.0,0.0,401437813,7,7,-1.0,-107.0,-103.0,39.0,-115.0,104.0,1,closed,astroturf,00-0038128,00-0036898,Malik Willis,Davis Mills,HOU00,NRG Stadium
2022_08_WAS_IND,2022,REG,8,2022-10-30,Sunday,16:25,WAS,17.0,IND,16.0,Home,-1.0,33.0,0.0,401437814,7,7,3.0,-114.0,103.0,40.5,136.0,-151.0,0,closed,fieldturf,00-0031800,00-0036879,Taylor Heinicke,Sam Ehlinger,IND00,Lucas Oil Stadium
2022_08_CIN_CLE,2022,REG,8,2022-10-31,Monday,20:15,CIN,13.0,CLE,32.0,Home,19.0,45.0,0.0,401437818,8,8,-3.0,-112.0,102.0,45.0,-163.0,147.0,1,outdoors,grass,00-0036442,00-0033119,Joe Burrow,Jacoby Brissett,CLE00,FirstEnergy Stadium
2022_09_PHI_HOU,2022,REG,9,2022-11-03,Thursday,20:15,PHI,29.0,HOU,17.0,Home,-12.0,46.0,0.0,401437819,4,4,-14.0,102.0,-113.0,45.5,-702.0,539.0,0,closed,astroturf,00-0036389,00-0036898,Jalen Hurts,Davis Mills,HOU00,NRG Stadium
2022_09_BUF_NYJ,2022,REG,9,2022-11-06,Sunday,13:00,BUF,17.0,NYJ,20.0,Home,3.0,37.0,0.0,401437826,7,7,-11.0,103.0,-114.0,46.0,-494.0,400.0,1,outdoors,fieldturf,00-0034857,00-0037013,Josh Allen,Zach Wilson,NYC01,MetLife Stadium
2022_09_CAR_CIN,2022,REG,9,2022-11-06,Sunday,13:00,CAR,21.0,CIN,42.0,Home,21.0,63.0,0.0,401437822,7,6,7.0,-100.0,-110.0,43.0,282.0,-331.0,0,outdoors,fieldturf,00-0033275,00-0036442,Phillip Walker,Joe Burrow,CIN00,Paycor Stadium
2022_09_GB_DET,2022,REG,9,2022-11-06,Sunday,13:00,GB,9.0,DET,15.0,Home,6.0,24.0,0.0,401437823,7,7,-4.0,-107.0,-103.0,49.5,-191.0,170.0,1,dome,fieldturf,00-0023459,00-0033106,Aaron Rodgers,Jared Goff,DET00,Ford Field
2022_09_IND_NE,2022,REG,9,2022-11-06,Sunday,13:00,IND,3.0,NE,26.0,Home,23.0,29.0,0.0,401437825,7,7,5.0,-115.0,104.0,40.0,188.0,-212.0,0,outdoors,fieldturf,00-0036879,00-0036972,Sam Ehlinger,Mac Jones,BOS00,Gillette Stadium
2022_09_LAC_ATL,2022,REG,9,2022-11-06,Sunday,13:00,LAC,20.0,ATL,17.0,Home,-3.0,37.0,0.0,401437820,14,7,-2.5,-114.0,103.0,49.5,-143.0,130.0,0,open,fieldturf,00-0036355,00-0032268,Justin Herbert,Marcus Mariota,ATL97,Mercedes-Benz Stadium
2022_09_LA_TB,2022,REG,9,2022-11-06,Sunday,16:25,LA,13.0,TB,16.0,Home,3.0,29.0,0.0,401437829,7,10,3.0,-104.0,-106.0,43.0,142.0,-158.0,0,outdoors,grass,00-0026498,00-0019596,Matthew Stafford,Tom Brady,TAM00,Raymond James Stadium
2022_09_LV_JAX,2022,REG,9,2022-11-06,Sunday,13:00,LV,20.0,JAX,27.0,Home,7.0,47.0,0.0,401437824,7,7,-2.5,-102.0,-108.0,47.5,-129.0,116.0,0,outdoors,grass,00-0031280,00-0036971,Derek Carr,Trevor Lawrence,JAX00,TIAA Bank Stadium
2022_09_MIA_CHI,2022,REG,9,2022-11-06,Sunday,13:00,MIA,35.0,CHI,32.0,Home,-3.0,67.0,0.0,401437821,7,7,-4.0,-103.0,-107.0,46.0,-193.0,172.0,0,outdoors,grass,00-0036212,00-0036945,Tua Tagovailoa,Justin Fields,CHI98,Soldier Field
2022_09_MIN_WAS,2022,REG,9,2022-11-06,Sunday,13:00,MIN,20.0,WAS,17.0,Home,-3.0,37.0,0.0,401437827,7,7,-3.0,-119.0,108.0,43.5,-169.0,151.0,0,outdoors,grass,00-0029604,00-0031800,Kirk Cousins,Taylor Heinicke,WAS00,FedExField
2022_09_SEA_ARI,2022,REG,9,2022-11-06,Sunday,16:05,SEA,31.0,ARI,21.0,Home,-10.0,52.0,0.0,401437828,7,7,1.5,102.0,-113.0,49.5,116.0,-128.0,1,open,grass,00-0030565,00-0035228,Geno Smith,Kyler Murray,PHO00,State Farm Stadium
2022_09_TEN_KC,2022,REG,9,2022-11-06,Sunday,20:20,TEN,17.0,KC,20.0,Home,3.0,37.0,1.0,401437830,7,14,14.0,-107.0,-103.0,45.0,530.0,-689.0,0,outdoors,grass,00-0038128,00-0033873,Malik Willis,Patrick Mahomes,KAN00,GEHA Field at Arrowhead Stadium
2022_09_BAL_NO,2022,REG,9,2022-11-07,Monday,20:15,BAL,27.0,NO,13.0,Home,-14.0,40.0,0.0,401437831,11,8,-1.0,-117.0,106.0,46.0,-124.0,112.0,0,dome,sportturf,00-0034796,00-0027973,Lamar Jackson,Andy Dalton,NOR00,Mercedes-Benz Superdome
2022_10_ATL_CAR,2022,REG,10,2022-11-10,Thursday,20:15,ATL,15.0,CAR,25.0,Home,10.0,40.0,0.0,401437832,4,4,-2.5,-103.0,-107.0,41.5,-132.0,119.0,1,outdoors,grass,00-0032268,00-0033275,Marcus Mariota,Phillip Walker,CAR00,Bank of America Stadium
2022_10_ARI_LA,2022,REG,10,2022-11-13,Sunday,16:25,ARI,27.0,LA,17.0,Home,-10.0,44.0,0.0,401437841,7,7,3.5,-110.0,-102.0,38.0,160.0,-183.0,1,dome,matrixturf,00-0027688,00-0034899,Colt McCoy,John Wolford,LAX01,SoFi Stadium
2022_10_CLE_MIA,2022,REG,10,2022-11-13,Sunday,13:00,CLE,17.0,MIA,39.0,Home,22.0,56.0,0.0,401437836,13,7,3.0,112.0,-123.0,49.0,158.0,-177.0,0,outdoors,grass,00-0033119,00-0036212,Jacoby Brissett,Tua Tagovailoa,MIA00,Hard Rock Stadium
2022_10_DAL_GB,2022,REG,10,2022-11-13,Sunday,16:25,DAL,28.0,GB,31.0,Home,3.0,59.0,1.0,401437131,14,7,-3.5,-113.0,102.0,44.5,-199.0,177.0,0,outdoors,grass,00-0033077,00-0023459,Dak Prescott,Aaron Rodgers,GNB00,Lambeau Field
2022_10_DEN_TEN,2022,REG,10,2022-11-13,Sunday,13:00,DEN,10.0,TEN,17.0,Home,7.0,27.0,0.0,401437839,14,7,2.5,-105.0,-105.0,40.0,122.0,-135.0,0,outdoors,grass,00-0029263,00-0029701,Russell Wilson,Ryan Tannehill,NAS00,Nissan Stadium
2022_10_DET_CHI,2022,REG,10,2022-11-13,Sunday,13:00,DET,31.0,CHI,30.0,Home,-1.0,61.0,0.0,401437834,7,7,3.0,-105.0,-105.0,48.5,143.0,-159.0,1,outdoors,grass,00-0033106,00-0036945,Jared Goff,Justin Fields,CHI98,Soldier Field
2022_10_HOU_NYG,2022,REG,10,2022-11-13,Sunday,13:00,HOU,16.0,NYG,24.0,Home,8.0,40.0,0.0,401437837,10,14,5.5,-112.0,102.0,41.5,195.0,-221.0,0,outdoors,fieldturf,00-0036898,00-0035710,Davis Mills,Daniel Jones,NYC01,MetLife Stadium
2022_10_IND_LV,2022,REG,10,2022-11-13,Sunday,16:05,IND,25.0,LV,20.0,Home,-5.0,45.0,0.0,401437840,7,7,4.5,-112.0,101.0,41.0,177.0,-199.0,0,dome,grass,00-0026143,00-0031280,Matt Ryan,Derek Carr,VEG00,Allegiant Stadium
2022_10_JAX_KC,2022,REG,10,2022-11-13,Sunday,13:00,JAX,17.0,KC,27.0,Home,10.0,44.0,0.0,401437835,7,7,10.0,-120.0,109.0,51.5,333.0,-399.0,0,outdoors,grass,00-0036971,00-0033873,Trevor Lawrence,Patrick Mahomes,KAN00,GEHA Field at Arrowhead Stadium
2022_10_LAC_SF,2022,REG,10,2022-11-13,Sunday,20:20,LAC,16.0,SF,22.0,Home,6.0,38.0,0.0,401437842,7,14,8.5,-105.0,-105.0,45.5,302.0,-357.0,0,outdoors,grass,00-0036355,00-0031345,Justin Herbert,Jimmy Garoppolo,SFO01,Levi's Stadium
2022_10_MIN_BUF,2022,REG,10,2022-11-13,Sunday,13:00,MIN,33.0,BUF,30.0,Home,-3.0,63.0,1.0,401437833,7,7,6.5,-104.0,-106.0,47.0,230.0,-264.0,0,outdoors,a_turf,00-0029604,00-0034857,Kirk Cousins,Josh Allen,BUF00,New Era Field
2022_10_NO_PIT,2022,REG,10,2022-11-13,Sunday,13:00,NO,10.0,PIT,20.0,Home,10.0,30.0,0.0,401437838,6,14,1.0,-103.0,-107.0,39.5,105.0,-116.0,0,outdoors,grass,00-0027973,00-0038102,Andy Dalton,Kenny Pickett,PIT00,Acrisure Stadium
2022_10_SEA_TB,2022,REG,10,2022-11-13,Sunday,09:30,SEA,16.0,TB,21.0,Neutral,5.0,37.0,0.0,401435638,7,7,2.5,103.0,-114.0,45.0,124.0,-138.0,0,outdoors,,00-0030565,00-0019596,Geno Smith,Tom Brady,GER00,Allianz Arena
2022_10_WAS_PHI,2022,REG,10,2022-11-14,Monday,20:15,WAS,32.0,PHI,21.0,Home,-11.0,53.0,0.0,401437843,8,11,11.0,-107.0,-103.0,43.0,405.0,-501.0,1,outdoors,grass,00-0031800,00-0036389,Taylor Heinicke,Jalen Hurts,PHI00,Lincoln Financial Field
2022_11_TEN_GB,2022,REG,11,2022-11-17,Thursday,20:15,TEN,27.0,GB,17.0,Home,-10.0,44.0,0.0,401437844,4,4,3.0,106.0,-117.0,40.5,153.0,-171.0,0,outdoors,grass,00-0029701,00-0023459,Ryan Tannehill,Aaron Rodgers,GNB00,Lambeau Field
2022_11_CAR_BAL,2022,REG,11,2022-11-20,Sunday,13:00,CAR,3.0,BAL,13.0,Home,10.0,16.0,0.0,401437846,10,13,13.0,-117.0,106.0,42.0,503.0,-647.0,0,outdoors,grass,00-0033275,00-0034796,Phillip Walker,Lamar Jackson,BAL00,M&T Bank Stadium
2022_11_CHI_ATL,2022,REG,11,2022-11-20,Sunday,13:00,CHI,24.0,ATL,27.0,Home,3.0,51.0,0.0,401437845,7,10,3.0,-122.0,110.0,48.5,125.0,-138.0,0,closed,fieldturf,00-0036945,00-0032268,Justin Fields,Marcus Mariota,ATL97,Mercedes-Benz Stadium
2022_11_CIN_PIT,2022,REG,11,2022-11-20,Sunday,16:25,CIN,37.0,PIT,30.0,Home,-7.0,67.0,0.0,401437856,14,7,-3.5,101.0,-111.0,39.0,-182.0,163.0,1,outdoors,grass,00-0036442,00-0038102,Joe Burrow,Kenny Pickett,PIT00,Acrisure Stadium
2022_11_CLE_BUF,2022,REG,11,2022-11-20,Sunday,13:00,CLE,23.0,BUF,31.0,Neutral,8.0,54.0,0.0,401437847,7,7,7.5,-103.0,-108.0,50.5,298.0,-353.0,0,dome,fieldturf,00-0033119,00-0034857,Jacoby Brissett,Josh Allen,DET00,Ford Field
2022_11_DAL_MIN,2022,REG,11,2022-11-20,Sunday,16:25,DAL,40.0,MIN,3.0,Home,-37.0,43.0,0.0,401437855,7,7,-1.5,-115.0,104.0,48.5,-131.0,118.0,0,dome,sportturf,00-0033077,00-0029604,Dak Prescott,Kirk Cousins,MIN01,U.S. Bank Stadium
2022_11_DET_NYG,2022,REG,11,2022-11-20,Sunday,13:00,DET,31.0,NYG,18.0,Home,-13.0,49.0,0.0,401437852,7,7,3.0,-104.0,-107.0,44.0,143.0,-159.0,0,outdoors,fieldturf,00-0033106,00-0035710,Jared Goff,Daniel Jones,NYC01,MetLife Stadium
2022_11_KC_LAC,2022,REG,11,2022-11-20,Sunday,20:20,KC,30.0,LAC,27.0,Home,-3.0,57.0,0.0,401437854,7,7,-5.5,-102.0,-108.0,52.5,-231.0,203.0,1,dome,matrixturf,00-0033873,00-0036355,Patrick Mahomes,Justin Herbert,LAX01,SoFi Stadium
2022_11_LA_NO,2022,REG,11,2022-11-20,Sunday,13:00,LA,20.0,NO,27.0,Home,7.0,47.0,0.0,401437851,7,7,2.5,-115.0,104.0,39.5,112.0,-124.0,0,dome,sportturf,00-0026498,00-0027973,Matthew Stafford,Andy Dalton,NOR00,Mercedes-Benz Superdome
2022_11_LV_DEN,2022,REG,11,2022-11-20,Sunday,16:05,LV,22.0,DEN,16.0,Home,-6.0,38.0,1.0,401437853,7,7,2.5,106.0,-117.0,41.5,131.0,-145.0,1,outdoors,grass,00-0031280,00-0029263,Derek Carr,Russell Wilson,DEN00,Empower Field at Mile High
2022_11_NYJ_NE,2022,REG,11,2022-11-20,Sunday,13:00,NYJ,3.0,NE,10.0,Home,7.0,13.0,0.0,401437850,14,14,3.5,-109.0,-102.0,38.5,163.0,-182.0,1,outdoors,fieldturf,00-0037013,00-0036972,Zach Wilson,Mac Jones,BOS00,Gillette Stadium
2022_11_PHI_IND,2022,REG,11,2022-11-20,Sunday,13:00,PHI,17.0,IND,16.0,Home,-1.0,33.0,0.0,401437849,6,7,-6.5,-108.0,-102.0,45.5,-270.0,235.0,0,closed,fieldturf,00-0036389,00-0036879,Jalen Hurts,Sam Ehlinger,IND00,Lucas Oil Stadium
2022_11_WAS_HOU,2022,REG,11,2022-11-20,Sunday,13:00,WAS,23.0,HOU,10.0,Home,-13.0,33.0,0.0,401437848,6,7,-3.0,-100.0,-110.0,41.0,-150.0,135.0,0,closed,astroturf,00-0031800,00-0036898,Taylor Heinicke,Davis Mills,HOU00,NRG Stadium
2022_11_SF_ARI,2022,REG,11,2022-11-21,Monday,20:15,SF,38.0,ARI,10.0,Neutral,-28.0,48.0,0.0,401435642,8,8,-10.0,103.0,-113.0,43.5,-422.0,350.0,1,outdoors,,00-0031345,00-0027688,Jimmy Garoppolo,Colt McCoy,MEX00,Azteca Stadium
2022_12_BUF_DET,2022,REG,12,2022-11-24,Thursday,12:30,BUF,28.0,DET,25.0,Home,-3.0,53.0,0.0,401437857,4,4,-10.0,105.0,-116.0,54.0,-412.0,342.0,0,dome,fieldturf,00-0034857,00-0033106,Josh Allen,Jared Goff,DET00,Ford Field
2022_12_NE_MIN,2022,REG,12,2022-11-24,Thursday,20:20,NE,26.0,MIN,33.0,Home,7.0,59.0,0.0,401437859,4,4,2.5,-102.0,-108.0,42.5,123.0,-136.0,0,dome,sportturf,00-0036972,00-0029604,Mac Jones,Kirk Cousins,MIN01,U.S. Bank Stadium
2022_12_NYG_DAL,2022,REG,12,2022-11-24,Thursday,16:30,NYG,20.0,DAL,28.0,Home,8.0,48.0,0.0,401437858,4,4,10.5,-114.0,104.0,45.5,363.0,-441.0,1,closed,matrixturf,00-0035710,00-0033077,Daniel Jones,Dak Prescott,DAL00,AT&T Stadium
2022_12_ATL_WAS,2022,REG,12,2022-11-27,Sunday,13:00,ATL,13.0,WAS,19.0,Home,6.0,32.0,0.0,401437866,7,7,3.5,-110.0,-100.0,40.5,163.0,-183.0,0,outdoors,grass,00-0032268,00-0031800,Marcus Mariota,Taylor Heinicke,WAS00,FedExField
2022_12_BAL_JAX,2022,REG,12,2022-11-27,Sunday,13:00,BAL,27.0,JAX,28.0,Home,1.0,55.0,0.0,401437862,7,14,-3.5,111.0,-123.0,43.0,-164.0,147.0,0,outdoors,grass,00-0034796,00-0036971,Lamar Jackson,Trevor Lawrence,JAX00,TIAA Bank Stadium
2022_12_CHI_NYJ,2022,REG,12,2022-11-27,Sunday,13:00,CHI,10.0,NYJ,31.0,Home,21.0,41.0,0.0,401437864,7,7,8.5,-107.0,-103.0,36.5,315.0,-375.0,0,outdoors,fieldturf,00-0032156,00-0034401,Trevor Siemian,Mike White,NYC01,MetLife Stadium
2022_12_CIN_TEN,2022,REG,12,2022-11-27,Sunday,13:00,CIN,20.0,TEN,16.0,Home,-4.0,36.0,0.0,401437865,7,10,-1.0,102.0,-113.0,43.0,-105.0,-105.0,0,outdoors,grass,00-0036442,00-0029701,Joe Burrow,Ryan Tannehill,NAS00,Nissan Stadium
2022_12_DEN_CAR,2022,REG,12,2022-11-27,Sunday,13:00,DEN,10.0,CAR,23.0,Home,13.0,33.0,0.0,401437860,7,7,-1.0,-109.0,-101.0,36.5,-116.0,105.0,0,outdoors,grass,00-0029263,00-0034869,Russell Wilson,Sam Darnold,CAR00,Bank of America Stadium
2022_12_GB_PHI,2022,REG,12,2022-11-27,Sunday,20:20,GB,33.0,PHI,40.0,Home,7.0,73.0,0.0,401437871,10,7,6.5,-105.0,-105.0,46.0,241.0,-278.0,0,outdoors,grass,00-0023459,00-0036389,Aaron Rodgers,Jalen Hurts,PHI00,Lincoln Financial Field
2022_12_HOU_MIA,2022,REG,12,2022-11-27,Sunday,13:00,HOU,15.0,MIA,30.0,Home,15.0,45.0,0.0,401437863,7,14,14.0,-101.0,-109.0,47.0,613.0,-822.0,0,outdoors,grass,00-0034577,00-0036212,Kyle Allen,Tua Tagovailoa,MIA00,Hard Rock Stadium
2022_12_LAC_ARI,2022,REG,12,2022-11-27,Sunday,16:05,LAC,25.0,ARI,24.0,Home,-1.0,49.0,0.0,401437867,7,6,-2.5,-108.0,-102.0,48.5,-136.0,123.0,0,closed,grass,00-0036355,00-0035228,Justin Herbert,Kyler Murray,PHO00,State Farm Stadium
2022_12_LA_KC,2022,REG,12,2022-11-27,Sunday,16:25,LA,10.0,KC,26.0,Home,16.0,36.0,0.0,401437869,7,7,16.5,-115.0,105.0,42.0,768.0,-1088.0,0,outdoors,grass,00-0035939,00-0033873,Bryce Perkins,Patrick Mahomes,KAN00,GEHA Field at Arrowhead Stadium
2022_12_LV_SEA,2022,REG,12,2022-11-27,Sunday,16:05,LV,40.0,SEA,34.0,Home,-6.0,74.0,1.0,401437868,7,14,4.0,-107.0,-103.0,47.5,174.0,-196.0,0,outdoors,fieldturf,00-0031280,00-0030565,Derek Carr,Geno Smith,SEA00,Lumen Field
2022_12_NO_SF,2022,REG,12,2022-11-27,Sunday,16:25,NO,0.0,SF,13.0,Home,13.0,13.0,0.0,401437870,7,6,9.5,-113.0,103.0,44.0,327.0,-392.0,0,outdoors,grass,00-0027973,00-0031345,Andy Dalton,Jimmy Garoppolo,SFO01,Levi's Stadium
2022_12_TB_CLE,2022,REG,12,2022-11-27,Sunday,13:00,TB,17.0,CLE,23.0,Home,6.0,40.0,1.0,401437861,14,7,-3.0,-118.0,107.0,42.0,-169.0,151.0,0,outdoors,grass,00-0019596,00-0033119,Tom Brady,Jacoby Brissett,CLE00,FirstEnergy Stadium
2022_12_PIT_IND,2022,REG,12,2022-11-28,Monday,20:15,PIT,24.0,IND,17.0,Home,-7.0,41.0,0.0,401437872,8,8,2.5,-110.0,-100.0,40.0,116.0,-128.0,0,closed,fieldturf,00-0038102,00-0026143,Kenny Pickett,Matt Ryan,IND00,Lucas Oil Stadium
2022_13_BUF_NE,2022,REG,13,2022-12-01,Thursday,20:15,BUF,24.0,NE,10.0,Home,-14.0,34.0,0.0,401437873,7,7,-3.5,-105.0,-105.0,43.5,-185.0,165.0,1,outdoors,fieldturf,00-0034857,00-0036972,Josh Allen,Mac Jones,BOS00,Gillette Stadium
2022_13_CLE_HOU,2022,REG,13,2022-12-04,Sunday,13:00,CLE,27.0,HOU,14.0,Home,-13.0,41.0,0.0,401437878,7,7,-7.5,-108.0,-102.0,47.0,-329.0,280.0,0,closed,astroturf,00-0033537,00-0034577,Deshaun Watson,Kyle Allen,HOU00,NRG Stadium
2022_13_DEN_BAL,2022,REG,13,2022-12-04,Sunday,13:00,DEN,9.0,BAL,10.0,Home,1.0,19.0,0.0,401437875,7,7,9.5,-124.0,112.0,40.5,294.0,-347.0,0,outdoors,grass,00-0029263,00-0034796,Russell Wilson,Lamar Jackson,BAL00,M&T Bank Stadium
2022_13_GB_CHI,2022,REG,13,2022-12-04,Sunday,13:00,GB,28.0,CHI,19.0,Home,-9.0,47.0,0.0,401437876,7,7,-4.0,105.0,-116.0,45.0,-182.0,163.0,1,outdoors,grass,00-0023459,00-0036945,Aaron Rodgers,Justin Fields,CHI98,Soldier Field
2022_13_IND_DAL,2022,REG,13,2022-12-04,Sunday,20:20,IND,19.0,DAL,54.0,Home,35.0,73.0,0.0,401437886,6,10,11.0,-109.0,-101.0,44.5,376.0,-460.0,0,closed,matrixturf,00-0026143,00-0033077,Matt Ryan,Dak Prescott,DAL00,AT&T Stadium
2022_13_JAX_DET,2022,REG,13,2022-12-04,Sunday,13:00,JAX,14.0,DET,40.0,Home,26.0,54.0,0.0,401437877,7,10,1.0,-100.0,-110.0,51.5,107.0,-118.0,0,dome,fieldturf,00-0036971,00-0033106,Trevor Lawrence,Jared Goff,DET00,Ford Field
2022_13_KC_CIN,2022,REG,13,2022-12-04,Sunday,16:25,KC,24.0,CIN,27.0,Home,3.0,51.0,0.0,401437884,7,7,-2.5,-108.0,-102.0,53.0,-132.0,120.0,0,outdoors,fieldturf,00-0033873,00-0036442,Patrick Mahomes,Joe Burrow,CIN00,Paycor Stadium
2022_13_LAC_LV,2022,REG,13,2022-12-04,Sunday,16:25,LAC,20.0,LV,27.0,Home,7.0,47.0,0.0,401437885,7,7,2.5,-102.0,-109.0,49.0,125.0,-139.0,1,dome,grass,00-0036355,00-0031280,Justin Herbert,Derek Carr,VEG00,Allegiant Stadium
2022_13_MIA_SF,2022,REG,13,2022-12-04,Sunday,16:05,MIA,17.0,SF,33.0,Home,16.0,50.0,0.0,401437883,7,7,4.5,101.0,-111.0,46.0,196.0,-222.0,0,outdoors,grass,00-0036212,00-0031345,Tua Tagovailoa,Jimmy Garoppolo,SFO01,Levi's Stadium
2022_13_NYJ_MIN,2022,REG,13,2022-12-04,Sunday,13:00,NYJ,22.0,MIN,27.0,Home,5.0,49.0,0.0,401437879,7,10,3.0,-117.0,106.0,44.0,132.0,-146.0,0,dome,sportturf,00-0034401,00-0029604,Mike White,Kirk Cousins,MIN01,U.S. Bank Stadium
2022_13_PIT_ATL,2022,REG,13,2022-12-04,Sunday,13:00,PIT,19.0,ATL,16.0,Home,-3.0,35.0,0.0,401437874,6,7,-1.0,-105.0,-105.0,43.0,-113.0,103.0,0,closed,fieldturf,00-0038102,00-0032268,Kenny Pickett,Marcus Mariota,ATL97,Mercedes-Benz Stadium
2022_13_SEA_LA,2022,REG,13,2022-12-04,Sunday,16:05,SEA,27.0,LA,23.0,Home,-4.0,50.0,0.0,401437882,7,7,-7.0,107.0,-118.0,41.0,-292.0,252.0,1,dome,matrixturf,00-0030565,00-0034899,Geno Smith,John Wolford,LAX01,SoFi Stadium
2022_13_TEN_PHI,2022,REG,13,2022-12-04,Sunday,13:00,TEN,10.0,PHI,35.0,Home,25.0,45.0,0.0,401437881,7,7,5.0,-109.0,-101.0,44.5,189.0,-213.0,0,outdoors,grass,00-0029701,00-0036389,Ryan Tannehill,Jalen Hurts,PHI00,Lincoln Financial Field
2022_13_WAS_NYG,2022,REG,13,2022-12-04,Sunday,13:00,WAS,20.0,NYG,20.0,Home,0.0,40.0,1.0,401437880,7,10,-2.5,105.0,-116.0,40.0,-124.0,113.0,1,outdoors,fieldturf,00-0031800,00-0035710,Taylor Heinicke,Daniel Jones,NYC01,MetLife Stadium
2022_13_NO_TB,2022,REG,13,2022-12-05,Monday,20:15,NO,16.0,TB,17.0,Home,1.0,33.0,0.0,401437887,8,8,3.5,-105.0,-105.0,41.0,169.0,-190.0,1,outdoors,grass,00-0027973,00-0019596,Andy Dalton,Tom Brady,TAM00,Raymond James Stadium
2022_14_LV_LA,2022,REG,14,2022-12-08,Thursday,20:15,LV,16.0,LA,17.0,Home,1.0,33.0,0.0,401437888,4,4,-6.5,-112.0,101.0,42.5,-283.0,245.0,0,dome,matrixturf,00-0031280,00-0034855,Derek Carr,Baker Mayfield,LAX01,SoFi Stadium
2022_14_BAL_PIT,2022,REG,14,2022-12-11,Sunday,13:00,BAL,16.0,PIT,14.0,Home,-2.0,30.0,0.0,401437894,7,7,1.5,-101.0,-109.0,37.0,112.0,-124.0,1,outdoors,grass,00-0035993,00-0038102,Tyler Huntley,Kenny Pickett,PIT00,Acrisure Stadium
2022_14_CAR_SEA,2022,REG,14,2022-12-11,Sunday,16:25,CAR,30.0,SEA,24.0,Home,-6.0,54.0,0.0,401437898,14,7,3.5,106.0,-117.0,44.5,178.0,-200.0,0,outdoors,fieldturf,00-0034869,00-0030565,Sam Darnold,Geno Smith,SEA00,Lumen Field
2022_14_CLE_CIN,2022,REG,14,2022-12-11,Sunday,13:00,CLE,10.0,CIN,23.0,Home,13.0,33.0,0.0,401437890,7,7,4.5,-108.0,-102.0,47.0,181.0,-204.0,1,outdoors,fieldturf,00-0033537,00-0036442,Deshaun Watson,Joe Burrow,CIN00,Paycor Stadium
2022_14_HOU_DAL,2022,REG,14,2022-12-11,Sunday,13:00,HOU,23.0,DAL,27.0,Home,4.0,50.0,0.0,401437891,7,7,17.0,104.0,-115.0,44.5,918.0,-1365.0,0,closed,matrixturf,00-0036898,00-0033077,Davis Mills,Dak Prescott,DAL00,AT&T Stadium
2022_14_JAX_TEN,2022,REG,14,2022-12-11,Sunday,13:00,JAX,36.0,TEN,22.0,Home,-14.0,58.0,0.0,401437895,7,7,3.0,106.0,-117.0,42.0,151.0,-169.0,1,outdoors,grass,00-0036971,00-0029701,Trevor Lawrence,Ryan Tannehill,NAS00,Nissan Stadium
2022_14_KC_DEN,2022,REG,14,2022-12-11,Sunday,16:05,KC,34.0,DEN,28.0,Home,-6.0,62.0,0.0,401437899,7,7,-8.5,-108.0,-103.0,44.5,-394.0,329.0,1,outdoors,grass,00-0033873,00-0029263,Patrick Mahomes,Russell Wilson,DEN00,Empower Field at Mile High
2022_14_MIA_LAC,2022,REG,14,2022-12-11,Sunday,20:20,MIA,17.0,LAC,23.0,Home,6.0,40.0,0.0,401437896,7,7,-3.0,-113.0,102.0,54.5,-163.0,146.0,0,dome,matrixturf,00-0036212,00-0036355,Tua Tagovailoa,Justin Herbert,LAX01,SoFi Stadium
2022_14_MIN_DET,2022,REG,14,2022-12-11,Sunday,13:00,MIN,23.0,DET,34.0,Home,11.0,57.0,0.0,401437892,7,7,2.5,-108.0,-102.0,51.5,119.0,-132.0,1,dome,fieldturf,00-0029604,00-0033106,Kirk Cousins,Jared Goff,DET00,Ford Field
2022_14_NYJ_BUF,2022,REG,14,2022-12-11,Sunday,13:00,NYJ,12.0,BUF,20.0,Home,8.0,32.0,0.0,401437889,7,10,10.0,-108.0,-102.0,43.5,332.0,-398.0,1,outdoors,a_turf,00-0034401,00-0034857,Mike White,Josh Allen,BUF00,New Era Field
2022_14_PHI_NYG,2022,REG,14,2022-12-11,Sunday,13:00,PHI,48.0,NYG,22.0,Home,-26.0,70.0,0.0,401437893,7,7,-7.5,104.0,-115.0,44.5,-302.0,260.0,1,outdoors,fieldturf,00-0036389,00-0035710,Jalen Hurts,Daniel Jones,NYC01,MetLife Stadium
2022_14_TB_SF,2022,REG,14,2022-12-11,Sunday,16:25,TB,7.0,SF,35.0,Home,28.0,42.0,0.0,401437897,6,7,3.5,-107.0,-103.0,38.0,175.0,-196.0,0,outdoors,grass,00-0019596,00-0037834,Tom Brady,Brock Purdy,SFO01,Levi's Stadium
2022_14_NE_ARI,2022,REG,14,2022-12-12,Monday,20:15,NE,27.0,ARI,13.0,Home,-14.0,40.0,0.0,401437900,11,15,-2.0,-104.0,-106.0,44.0,-125.0,113.0,0,closed,grass,00-0036972,00-0035228,Mac Jones,Kyler Murray,PHO00,State Farm Stadium
2022_15_SF_SEA,2022,REG,15,2022-12-15,Thursday,20:15,SF,21.0,SEA,13.0,Home,-8.0,34.0,0.0,401437901,4,4,-3.0,-115.0,104.0,43.0,-169.0,152.0,1,outdoors,fieldturf,00-0037834,00-0030565,Brock Purdy,Geno Smith,SEA00,Lumen Field
2022_15_BAL_CLE,2022,REG,15,2022-12-17,Saturday,16:30,BAL,3.0,CLE,13.0,Home,10.0,16.0,0.0,401437903,6,6,2.5,113.0,-125.0,39.5,139.0,-155.0,1,outdoors,grass,00-0035993,00-0033537,Tyler Huntley,Deshaun Watson,CLE00,FirstEnergy Stadium
2022_15_IND_MIN,2022,REG,15,2022-12-17,Saturday,13:00,IND,36.0,MIN,39.0,Home,3.0,75.0,1.0,401437904,13,6,3.5,-103.0,-107.0,46.5,168.0,-188.0,0,dome,sportturf,00-0026143,00-0029604,Matt Ryan,Kirk Cousins,MIN01,U.S. Bank Stadium
2022_15_MIA_BUF,2022,REG,15,2022-12-17,Saturday,20:15,MIA,29.0,BUF,32.0,Home,3.0,61.0,0.0,401437902,6,6,7.0,-104.0,-106.0,44.0,273.0,-320.0,1,outdoors,a_turf,00-0036212,00-0034857,Tua Tagovailoa,Josh Allen,BUF00,New Era Field
2022_15_ARI_DEN,2022,REG,15,2022-12-18,Sunday,16:05,ARI,15.0,DEN,24.0,Home,9.0,39.0,0.0,401437912,6,7,1.5,-104.0,-106.0,37.5,110.0,-121.0,0,outdoors,grass,00-0027688,00-0034955,Colt McCoy,Brett Rypien,DEN00,Empower Field at Mile High
2022_15_ATL_NO,2022,REG,15,2022-12-18,Sunday,13:00,ATL,18.0,NO,21.0,Home,3.0,39.0,0.0,401437905,14,13,5.0,103.0,-113.0,43.5,203.0,-231.0,1,dome,sportturf,00-0038122,00-0027973,Desmond Ridder,Andy Dalton,NOR00,Mercedes-Benz Superdome
2022_15_CIN_TB,2022,REG,15,2022-12-18,Sunday,16:25,CIN,34.0,TB,23.0,Home,-11.0,57.0,0.0,401437914,7,7,-3.5,108.0,-120.0,47.0,-167.0,150.0,0,outdoors,grass,00-0036442,00-0019596,Joe Burrow,Tom Brady,TAM00,Raymond James Stadium
2022_15_DAL_JAX,2022,REG,15,2022-12-18,Sunday,13:00,DAL,34.0,JAX,40.0,Home,6.0,74.0,1.0,401437910,7,7,-4.0,100.0,-110.0,48.5,-188.0,168.0,0,outdoors,grass,00-0033077,00-0036971,Dak Prescott,Trevor Lawrence,JAX00,TIAA Bank Stadium
2022_15_DET_NYJ,2022,REG,15,2022-12-18,Sunday,13:00,DET,20.0,NYJ,17.0,Home,-3.0,37.0,0.0,401437911,7,7,2.0,-100.0,-110.0,44.0,120.0,-132.0,0,outdoors,fieldturf,00-0033106,00-0037013,Jared Goff,Zach Wilson,NYC01,MetLife Stadium
2022_15_KC_HOU,2022,REG,15,2022-12-18,Sunday,13:00,KC,30.0,HOU,24.0,Home,-6.0,54.0,1.0,401437909,7,7,-14.5,109.0,-120.0,48.5,-755.0,572.0,0,closed,astroturf,00-0033873,00-0036898,Patrick Mahomes,Davis Mills,HOU00,NRG Stadium
2022_15_NE_LV,2022,REG,15,2022-12-18,Sunday,16:05,NE,24.0,LV,30.0,Home,6.0,54.0,0.0,401437915,6,10,1.0,111.0,-122.0,45.0,117.0,-129.0,0,dome,grass,00-0036972,00-0031280,Mac Jones,Derek Carr,VEG00,Allegiant Stadium
2022_15_NYG_WAS,2022,REG,15,2022-12-18,Sunday,20:20,NYG,20.0,WAS,12.0,Home,-8.0,32.0,0.0,401437906,7,14,4.5,-114.0,103.0,40.5,180.0,-203.0,1,outdoors,grass,00-0035710,00-0031800,Daniel Jones,Taylor Heinicke,WAS00,FedExField
2022_15_PHI_CHI,2022,REG,15,2022-12-18,Sunday,13:00,PHI,25.0,CHI,20.0,Home,-5.0,45.0,0.0,401437908,7,14,-8.5,-104.0,-106.0,48.0,-386.0,323.0,0,outdoors,grass,00-0036389,00-0036945,Jalen Hurts,Justin Fields,CHI98,Soldier Field
2022_15_PIT_CAR,2022,REG,15,2022-12-18,Sunday,13:00,PIT,24.0,CAR,16.0,Home,-8.0,40.0,0.0,401437907,7,7,2.5,-100.0,-110.0,36.5,130.0,-145.0,0,outdoors,grass,00-0038102,00-0034869,Kenny Pickett,Sam Darnold,CAR00,Bank of America Stadium
2022_15_TEN_LAC,2022,REG,15,2022-12-18,Sunday,16:25,TEN,14.0,LAC,17.0,Home,3.0,31.0,0.0,401437913,7,7,3.0,-108.0,-102.0,46.5,142.0,-158.0,0,dome,matrixturf,00-0029701,00-0036355,Ryan Tannehill,Justin Herbert,LAX01,SoFi Stadium
2022_15_LA_GB,2022,REG,15,2022-12-19,Monday,20:15,LA,12.0,GB,24.0,Home,12.0,36.0,0.0,401437916,11,15,8.0,-111.0,101.0,39.5,301.0,-356.0,0,outdoors,grass,00-0034855,00-0023459,Baker Mayfield,Aaron Rodgers,GNB00,Lambeau Field
2022_16_JAX_NYJ,2022,REG,16,2022-12-22,Thursday,20:15,JAX,19.0,NYJ,3.0,Home,-16.0,22.0,0.0,401437917,4,4,2.5,-104.0,-106.0,36.5,123.0,-136.0,0,outdoors,fieldturf,00-0036971,00-0037013,Trevor Lawrence,Zach Wilson,NYC01,MetLife Stadium
2022_16_ATL_BAL,2022,REG,16,2022-12-24,Saturday,13:00,ATL,9.0,BAL,17.0,Home,8.0,26.0,0.0,401437918,6,7,6.5,-108.0,-102.0,35.0,238.0,-274.0,0,outdoors,grass,00-0038122,00-0035993,Desmond Ridder,Tyler Huntley,BAL00,M&T Bank Stadium
2022_16_BUF_CHI,2022,REG,16,2022-12-24,Saturday,13:00,BUF,35.0,CHI,13.0,Home,-22.0,48.0,0.0,401437920,7,6,-8.0,-110.0,-100.0,40.0,-360.0,304.0,0,outdoors,grass,00-0034857,00-0036945,Josh Allen,Justin Fields,CHI98,Soldier Field
2022_16_CIN_NE,2022,REG,16,2022-12-24,Saturday,13:00,CIN,22.0,NE,18.0,Home,-4.0,40.0,0.0,401437924,6,6,-3.0,100.0,-110.0,42.0,-151.0,136.0,0,outdoors,fieldturf,00-0036442,00-0036972,Joe Burrow,Mac Jones,BOS00,Gillette Stadium
2022_16_DET_CAR,2022,REG,16,2022-12-24,Saturday,13:00,DET,23.0,CAR,37.0,Home,14.0,60.0,0.0,401437919,6,6,-2.5,101.0,-111.0,43.5,-129.0,117.0,0,outdoors,grass,00-0033106,00-0034869,Jared Goff,Sam Darnold,CAR00,Bank of America Stadium
2022_16_HOU_TEN,2022,REG,16,2022-12-24,Saturday,14:00,HOU,19.0,TEN,14.0,Home,-5.0,33.0,0.0,401437925,6,6,3.0,103.0,-113.0,34.0,153.0,-170.0,1,outdoors,grass,00-0036898,00-0038128,Davis Mills,Malik Willis,NAS00,Nissan Stadium
2022_16_LV_PIT,2022,REG,16,2022-12-24,Saturday,20:15,LV,10.0,PIT,13.0,Home,3.0,23.0,0.0,401437928,6,6,2.5,-108.0,-102.0,38.5,127.0,-141.0,0,outdoors,grass,00-0031280,00-0038102,Derek Carr,Kenny Pickett,PIT00,Acrisure Stadium
2022_16_NO_CLE,2022,REG,16,2022-12-24,Saturday,13:00,NO,17.0,CLE,10.0,Home,-7.0,27.0,0.0,401437921,6,7,3.0,111.0,-123.0,32.0,162.0,-181.0,0,outdoors,grass,00-0027973,00-0033537,Andy Dalton,Deshaun Watson,CLE00,FirstEnergy Stadium
2022_16_NYG_MIN,2022,REG,16,2022-12-24,Saturday,13:00,NYG,24.0,MIN,27.0,Home,3.0,51.0,0.0,401437923,6,7,4.5,-102.0,-108.0,48.0,191.0,-215.0,0,dome,sportturf,00-0035710,00-0029604,Daniel Jones,Kirk Cousins,MIN01,U.S. Bank Stadium
2022_16_PHI_DAL,2022,REG,16,2022-12-24,Saturday,16:25,PHI,34.0,DAL,40.0,Home,6.0,74.0,0.0,401437927,6,6,4.0,-104.0,-106.0,48.0,178.0,-200.0,1,closed,matrixturf,00-0035289,00-0033077,Gardner Minshew,Dak Prescott,DAL00,AT&T Stadium
2022_16_SEA_KC,2022,REG,16,2022-12-24,Saturday,13:00,SEA,10.0,KC,24.0,Home,14.0,34.0,0.0,401437922,9,6,10.5,-107.0,-103.0,50.5,367.0,-447.0,0,outdoors,grass,00-0030565,00-0033873,Geno Smith,Patrick Mahomes,KAN00,GEHA Field at Arrowhead Stadium
2022_16_WAS_SF,2022,REG,16,2022-12-24,Saturday,16:05,WAS,20.0,SF,37.0,Home,17.0,57.0,0.0,401437926,6,9,6.5,-107.0,-103.0,37.5,241.0,-279.0,0,outdoors,grass,00-0031800,00-0037834,Taylor Heinicke,Brock Purdy,SFO01,Levi's Stadium
2022_16_DEN_LA,2022,REG,16,2022-12-25,Sunday,16:30,DEN,14.0,LA,51.0,Home,37.0,65.0,0.0,401436983,7,6,-3.0,-116.0,105.0,36.5,-173.0,155.0,0,dome,matrixturf,00-0029263,00-0034855,Russell Wilson,Baker Mayfield,LAX01,SoFi Stadium
2022_16_GB_MIA,2022,REG,16,2022-12-25,Sunday,13:00,GB,26.0,MIA,20.0,Home,-6.0,46.0,0.0,401437929,6,8,3.5,-107.0,-103.0,49.0,163.0,-182.0,0,outdoors,grass,00-0023459,00-0036212,Aaron Rodgers,Tua Tagovailoa,MIA00,Hard Rock Stadium
2022_16_TB_ARI,2022,REG,16,2022-12-25,Sunday,20:20,TB,19.0,ARI,16.0,Home,-3.0,35.0,1.0,401437930,7,7,-7.5,102.0,-113.0,41.5,-320.0,273.0,0,open,grass,00-0019596,00-0035146,Tom Brady,Trace McSorley,PHO00,State Farm Stadium
2022_16_LAC_IND,2022,REG,16,2022-12-26,Monday,20:15,LAC,20.0,IND,3.0,Home,-17.0,23.0,0.0,401437931,8,9,-3.5,-102.0,-108.0,44.5,-185.0,165.0,0,closed,fieldturf,00-0036355,00-0029567,Justin Herbert,Nick Foles,IND00,Lucas Oil Stadium
2022_17_DAL_TEN,2022,REG,17,2022-12-29,Thursday,20:15,DAL,27.0,TEN,13.0,Home,-14.0,40.0,0.0,401437932,5,5,-14.0,-100.0,-110.0,41.0,-741.0,563.0,0,outdoors,grass,00-0033077,00-0033949,Dak Prescott,Joshua Dobbs,NAS00,Nissan Stadium
2022_17_ARI_ATL,2022,REG,17,2023-01-01,Sunday,13:00,ARI,19.0,ATL,20.0,Home,1.0,39.0,0.0,401437933,7,8,7.0,-119.0,108.0,41.0,241.0,-279.0,0,closed,fieldturf,00-0035040,00-0038122,David Blough,Desmond Ridder,ATL97,Mercedes-Benz Stadium
2022_17_CAR_TB,2022,REG,17,2023-01-01,Sunday,13:00,CAR,24.0,TB,30.0,Home,6.0,54.0,0.0,401437941,8,7,3.5,-110.0,-100.0,40.5,164.0,-184.0,1,outdoors,grass,00-0034869,00-0019596,Sam Darnold,Tom Brady,TAM00,Raymond James Stadium
2022_17_CHI_DET,2022,REG,17,2023-01-01,Sunday,13:00,CHI,10.0,DET,41.0,Home,31.0,51.0,0.0,401437935,8,8,4.5,-105.0,-105.0,52.5,194.0,-219.0,1,dome,fieldturf,00-0036945,00-0033106,Justin Fields,Jared Goff,DET00,Ford Field
2022_17_CLE_WAS,2022,REG,17,2023-01-01,Sunday,13:00,CLE,24.0,WAS,10.0,Home,-14.0,34.0,0.0,401437942,8,8,1.0,-101.0,-110.0,41.5,106.0,-117.0,0,outdoors,grass,00-0033537,00-0032950,Deshaun Watson,Carson Wentz,WAS00,FedExField
2022_17_DEN_KC,2022,REG,17,2023-01-01,Sunday,13:00,DEN,24.0,KC,27.0,Home,3.0,51.0,0.0,401437937,7,8,13.5,-114.0,104.0,46.0,544.0,-711.0,1,outdoors,grass,00-0029263,00-0033873,Russell Wilson,Patrick Mahomes,KAN00,GEHA Field at Arrowhead Stadium
2022_17_IND_NYG,2022,REG,17,2023-01-01,Sunday,13:00,IND,10.0,NYG,38.0,Home,28.0,48.0,0.0,401437939,6,8,5.5,-105.0,-105.0,38.5,202.0,-229.0,0,outdoors,fieldturf,00-0029567,00-0035710,Nick Foles,Daniel Jones,NYC01,MetLife Stadium
2022_17_JAX_HOU,2022,REG,17,2023-01-01,Sunday,13:00,JAX,31.0,HOU,3.0,Home,-28.0,34.0,0.0,401437936,10,8,-3.5,-104.0,-106.0,43.0,-187.0,167.0,1,closed,astroturf,00-0036971,00-0036898,Trevor Lawrence,Davis Mills,HOU00,NRG Stadium
2022_17_LA_LAC,2022,REG,17,2023-01-01,Sunday,16:25,LA,10.0,LAC,31.0,Home,21.0,41.0,0.0,401437946,7,6,6.5,-102.0,-108.0,41.5,244.0,-283.0,0,dome,matrixturf,00-0034855,00-0036355,Baker Mayfield,Justin Herbert,LAX01,SoFi Stadium
2022_17_MIA_NE,2022,REG,17,2023-01-01,Sunday,13:00,MIA,21.0,NE,23.0,Home,2.0,44.0,0.0,401437938,7,8,3.0,-106.0,-104.0,41.5,144.0,-160.0,1,outdoors,fieldturf,00-0031237,00-0036972,Teddy Bridgewater,Mac Jones,BOS00,Gillette Stadium
2022_17_MIN_GB,2022,REG,17,2023-01-01,Sunday,16:25,MIN,17.0,GB,41.0,Home,24.0,58.0,0.0,401437945,8,7,3.0,106.0,-117.0,47.5,155.0,-173.0,1,outdoors,grass,00-0029604,00-0023459,Kirk Cousins,Aaron Rodgers,GNB00,Lambeau Field
2022_17_NO_PHI,2022,REG,17,2023-01-01,Sunday,13:00,NO,20.0,PHI,10.0,Home,-10.0,30.0,0.0,401437940,8,8,5.5,-110.0,-100.0,41.5,198.0,-225.0,0,outdoors,grass,00-0027973,00-0035289,Andy Dalton,Gardner Minshew,PHI00,Lincoln Financial Field
2022_17_NYJ_SEA,2022,REG,17,2023-01-01,Sunday,16:05,NYJ,6.0,SEA,23.0,Home,17.0,29.0,0.0,401437944,10,8,-1.0,-105.0,-105.0,43.0,-113.0,102.0,0,outdoors,fieldturf,00-0034401,00-0030565,Mike White,Geno Smith,SEA00,Lumen Field
2022_17_PIT_BAL,2022,REG,17,2023-01-01,Sunday,20:20,PIT,16.0,BAL,13.0,Home,-3.0,29.0,0.0,401437934,8,8,1.0,102.0,-113.0,35.5,110.0,-121.0,1,outdoors,grass,00-0038102,00-0035993,Kenny Pickett,Tyler Huntley,BAL00,M&T Bank Stadium
2022_17_SF_LV,2022,REG,17,2023-01-01,Sunday,16:05,SF,37.0,LV,34.0,Home,-3.0,71.0,1.0,401437943,8,8,-10.0,-103.0,-107.0,41.5,-453.0,371.0,0,dome,grass,00-0037834,00-0035264,Brock Purdy,Jarrett Stidham,VEG00,Allegiant Stadium
2022_18_KC_LV,2022,REG,18,2023-01-07,Saturday,16:30,KC,31.0,LV,13.0,Home,-18.0,44.0,0.0,401437961,6,6,-9.0,-105.0,-105.0,51.5,-407.0,338.0,1,dome,grass,00-0033873,00-0035264,Patrick Mahomes,Jarrett Stidham,VEG00,Allegiant Stadium
2022_18_TEN_JAX,2022,REG,18,2023-01-07,Saturday,20:15,TEN,16.0,JAX,20.0,Home,4.0,36.0,0.0,401437954,9,6,6.0,-106.0,-104.0,39.5,227.0,-260.0,1,outdoors,grass,00-0033949,00-0036971,Joshua Dobbs,Trevor Lawrence,JAX00,TIAA Bank Stadium
2022_18_ARI_SF,2022,REG,18,2023-01-08,Sunday,16:25,ARI,13.0,SF,38.0,Home,25.0,51.0,0.0,401437962,7,7,14.0,100.0,-111.0,40.0,753.0,-1061.0,1,outdoors,grass,00-0035040,00-0037834,David Blough,Brock Purdy,SFO01,Levi's Stadium
2022_18_BAL_CIN,2022,REG,18,2023-01-08,Sunday,13:00,BAL,16.0,CIN,27.0,Home,11.0,43.0,0.0,401437951,7,6,11.0,105.0,-116.0,39.0,474.0,-603.0,1,outdoors,fieldturf,00-0037175,00-0036442,Anthony Brown,Joe Burrow,CIN00,Paycor Stadium
2022_18_CAR_NO,2022,REG,18,2023-01-08,Sunday,13:00,CAR,10.0,NO,7.0,Home,-3.0,17.0,0.0,401437956,7,7,3.5,-114.0,103.0,41.5,160.0,-179.0,1,dome,sportturf,00-0034869,00-0027973,Sam Darnold,Andy Dalton,NOR00,Mercedes-Benz Superdome
2022_18_CLE_PIT,2022,REG,18,2023-01-08,Sunday,13:00,CLE,14.0,PIT,28.0,Home,14.0,42.0,0.0,401437958,7,7,2.5,-101.0,-109.0,40.0,128.0,-142.0,1,outdoors,grass,00-0033537,00-0038102,Deshaun Watson,Kenny Pickett,PIT00,Acrisure Stadium
2022_18_DAL_WAS,2022,REG,18,2023-01-08,Sunday,16:25,DAL,6.0,WAS,26.0,Home,20.0,32.0,0.0,401437959,10,7,-7.5,-100.0,-110.0,40.5,-320.0,274.0,1,outdoors,grass,00-0033077,00-0037077,Dak Prescott,Sam Howell,WAS00,FedExField
2022_18_DET_GB,2022,REG,18,2023-01-08,Sunday,20:20,DET,20.0,GB,16.0,Home,-4.0,36.0,0.0,401437952,7,7,5.5,-110.0,-100.0,49.0,237.0,-273.0,1,outdoors,grass,00-0033106,00-0023459,Jared Goff,Aaron Rodgers,GNB00,Lambeau Field
2022_18_HOU_IND,2022,REG,18,2023-01-08,Sunday,13:00,HOU,32.0,IND,31.0,Home,-1.0,63.0,0.0,401437953,7,7,3.0,-119.0,108.0,38.0,128.0,-142.0,1,closed,fieldturf,00-0036898,00-0036879,Davis Mills,Sam Ehlinger,IND00,Lucas Oil Stadium
2022_18_LAC_DEN,2022,REG,18,2023-01-08,Sunday,16:25,LAC,28.0,DEN,31.0,Home,3.0,59.0,0.0,401437960,7,7,6.0,-104.0,-106.0,38.5,222.0,-254.0,1,outdoors,grass,00-0036355,00-0029263,Justin Herbert,Russell Wilson,DEN00,Empower Field at Mile High
2022_18_LA_SEA,2022,REG,18,2023-01-08,Sunday,16:25,LA,16.0,SEA,19.0,Home,3.0,35.0,1.0,401437963,7,7,5.5,-112.0,102.0,41.5,198.0,-224.0,1,outdoors,fieldturf,00-0034855,00-0030565,Baker Mayfield,Geno Smith,SEA00,Lumen Field
2022_18_MIN_CHI,2022,REG,18,2023-01-08,Sunday,13:00,MIN,29.0,CHI,13.0,Home,-16.0,42.0,0.0,401437950,7,7,-6.5,-104.0,-106.0,42.5,-260.0,227.0,1,outdoors,grass,00-0029604,00-0033958,Kirk Cousins,Nathan Peterman,CHI98,Soldier Field
2022_18_NE_BUF,2022,REG,18,2023-01-08,Sunday,13:00,NE,23.0,BUF,35.0,Home,12.0,58.0,0.0,401437949,7,6,8.0,104.0,-115.0,44.0,314.0,-373.0,1,outdoors,a_turf,00-0036972,00-0034857,Mac Jones,Josh Allen,BUF00,New Era Field
2022_18_NYG_PHI,2022,REG,18,2023-01-08,Sunday,16:25,NYG,16.0,PHI,22.0,Home,6.0,38.0,0.0,401437957,7,7,16.5,-103.0,-107.0,42.5,858.0,-1252.0,1,outdoors,grass,00-0033550,00-0036389,Davis Webb,Jalen Hurts,PHI00,Lincoln Financial Field
2022_18_NYJ_MIA,2022,REG,18,2023-01-08,Sunday,13:00,NYJ,6.0,MIA,11.0,Home,5.0,17.0,0.0,401437955,7,7,3.5,-103.0,-107.0,37.5,178.0,-200.0,1,outdoors,grass,00-0026158,00-0037327,Joe Flacco,Skylar Thompson,MIA00,Hard Rock Stadium
2022_18_TB_ATL,2022,REG,18,2023-01-08,Sunday,13:00,TB,17.0,ATL,30.0,Home,13.0,47.0,0.0,401437948,7,7,6.0,-110.0,100.0,40.5,207.0,-235.0,1,closed,fieldturf,00-0027948,00-0038122,Blaine Gabbert,Desmond Ridder,ATL97,Mercedes-Benz Stadium
2022_19_LAC_JAX,2022,WC,19,2023-01-14,Saturday,20:15,LAC,30.0,JAX,31.0,Home,1.0,61.0,0.0,401437998,6,7,-2.0,-102.0,-108.0,46.5,-126.0,114.0,0,outdoors,grass,00-0036355,00-0036971,Justin Herbert,Trevor Lawrence,JAX00,TIAA Bank Stadium
2022_19_SEA_SF,2022,WC,19,2023-01-14,Saturday,16:30,SEA,23.0,SF,41.0,Home,18.0,64.0,0.0,401438000,6,6,10.0,-123.0,112.0,42.0,367.0,-447.0,1,outdoors,grass,00-0030565,00-0037834,Geno Smith,Brock Purdy,SFO01,Levi's Stadium
2022_19_BAL_CIN,2022,WC,19,2023-01-15,Sunday,20:15,BAL,17.0,CIN,24.0,Home,7.0,41.0,0.0,401437999,7,7,7.5,-104.0,-106.0,40.0,311.0,-370.0,1,outdoors,fieldturf,00-0035993,00-0036442,Tyler Huntley,Joe Burrow,CIN00,Paycor Stadium
2022_19_MIA_BUF,2022,WC,19,2023-01-15,Sunday,13:00,MIA,31.0,BUF,34.0,Home,3.0,65.0,0.0,401438002,7,7,14.0,-116.0,105.0,44.0,649.0,-882.0,1,outdoors,a_turf,00-0037327,00-0034857,Skylar Thompson,Josh Allen,BUF00,New Era Field
2022_19_NYG_MIN,2022,WC,19,2023-01-15,Sunday,16:50,NYG,31.0,MIN,24.0,Home,-7.0,55.0,0.0,401438001,7,7,2.5,103.0,-113.0,48.0,129.0,-142.0,0,dome,sportturf,00-0035710,00-0029604,Daniel Jones,Kirk Cousins,MIN01,U.S. Bank Stadium
2022_19_DAL_TB,2022,WC,19,2023-01-16,Monday,20:15,DAL,31.0,TB,14.0,Home,-17.0,45.0,0.0,401438003,8,8,-2.5,-108.0,-103.0,45.5,-135.0,122.0,0,outdoors,grass,00-0033077,00-0019596,Dak Prescott,Tom Brady,TAM00,Raymond James Stadium
2022_20_JAX_KC,2022,DIV,20,2023-01-21,Saturday,16:30,JAX,20.0,KC,27.0,Home,7.0,47.0,0.0,401438005,7,14,10.0,-119.0,108.0,52.5,377.0,-461.0,0,outdoors,grass,00-0036971,00-0033873,Trevor Lawrence,Patrick Mahomes,KAN00,GEHA Field at Arrowhead Stadium
2022_20_NYG_PHI,2022,DIV,20,2023-01-21,Saturday,20:15,NYG,7.0,PHI,38.0,Home,31.0,45.0,0.0,401438004,6,13,8.0,101.0,-111.0,48.0,304.0,-360.0,1,outdoors,grass,00-0035710,00-0036389,Daniel Jones,Jalen Hurts,PHI00,Lincoln Financial Field
2022_20_CIN_BUF,2022,DIV,20,2023-01-22,Sunday,15:00,CIN,27.0,BUF,10.0,Home,-17.0,37.0,0.0,401438007,7,7,6.0,-107.0,-103.0,48.5,226.0,-259.0,0,outdoors,a_turf,00-0036442,00-0034857,Joe Burrow,Josh Allen,BUF00,New Era Field
2022_20_DAL_SF,2022,DIV,20,2023-01-22,Sunday,18:30,DAL,12.0,SF,19.0,Home,7.0,31.0,0.0,401438006,6,8,3.5,-107.0,-103.0,46.5,164.0,-183.0,0,outdoors,grass,00-0033077,00-0037834,Dak Prescott,Brock Purdy,SFO01,Levi's Stadium
2022_21_CIN_KC,2022,CON,21,2023-01-29,Sunday,18:30,CIN,20.0,KC,23.0,Home,3.0,43.0,0.0,401438008,7,8,2.0,-103.0,-107.0,48.5,119.0,-131.0,0,outdoors,grass,00-0036442,00-0033873,Joe Burrow,Patrick Mahomes,KAN00,GEHA Field at Arrowhead Stadium
2022_21_SF_PHI,2022,CON,21,2023-01-29,Sunday,15:00,SF,7.0,PHI,31.0,Home,24.0,38.0,0.0,401438009,7,8,2.5,105.0,-116.0,45.0,133.0,-147.0,0,outdoors,grass,00-0037834,00-0036389,Brock Purdy,Jalen Hurts,PHI00,Lincoln Financial Field
2022_22_KC_PHI,2022,SB,22,2023-02-12,Sunday,18:30,KC,38.0,PHI,35.0,Neutral,-3.0,73.0,0.0,401438030,14,14,1.0,-103.0,-107.0,51.0,104.0,-115.0,0,closed,grass,00-0033873,00-0036389,Patrick Mahomes,Jalen Hurts,PHO00,State Farm Stadium
2023_01_DET_KC,2023,REG,1,2023-09-07,Thursday,20:20,DET,21.0,KC,20.0,Home,-1.0,41.0,0.0,401547353,7,7,4.0,-110.0,-110.0,53.0,164.0,-198.0,0,outdoors,,00-0033106,00-0033873,Jared Goff,Patrick Mahomes,KAN00,GEHA Field at Arrowhead Stadium
2023_01_ARI_WAS,2023,REG,1,2023-09-10,Sunday,13:00,ARI,16.0,WAS,20.0,Home,4.0,36.0,0.0,401547406,7,7,7.0,-108.0,-112.0,38.0,270.0,-340.0,0,outdoors,,00-0033949,00-0037077,Joshua Dobbs,Sam Howell,WAS00,FedExField
2023_01_CAR_ATL,2023,REG,1,2023-09-10,Sunday,13:00,CAR,10.0,ATL,24.0,Home,14.0,34.0,0.0,401547403,7,7,3.5,-108.0,-112.0,40.5,160.0,-192.0,1,closed,,00-0039150,00-0038122,Bryce Young,Desmond Ridder,ATL97,Mercedes-Benz Stadium
2023_01_CIN_CLE,2023,REG,1,2023-09-10,Sunday,13:00,CIN,3.0,CLE,24.0,Home,21.0,27.0,0.0,401547397,7,7,-1.0,-105.0,-115.0,46.5,-112.0,-108.0,1,outdoors,,00-0036442,00-0033537,Joe Burrow,Deshaun Watson,CLE00,FirstEnergy Stadium
2023_01_DAL_NYG,2023,REG,1,2023-09-10,Sunday,20:20,DAL,40.0,NYG,0.0,Home,-40.0,40.0,0.0,401547409,7,7,-3.5,100.0,-120.0,44.5,-170.0,142.0,1,outdoors,,00-0033077,00-0035710,Dak Prescott,Daniel Jones,NYC01,MetLife Stadium
2023_01_GB_CHI,2023,REG,1,2023-09-10,Sunday,16:25,GB,38.0,CHI,20.0,Home,-18.0,58.0,0.0,401547407,7,7,1.0,-110.0,-110.0,41.0,-102.0,-118.0,1,outdoors,,00-0036264,00-0036945,Jordan Love,Justin Fields,CHI98,Soldier Field
2023_01_HOU_BAL,2023,REG,1,2023-09-10,Sunday,13:00,HOU,9.0,BAL,25.0,Home,16.0,34.0,0.0,401547396,7,7,9.5,-110.0,-110.0,43.5,380.0,-500.0,0,outdoors,,00-0039163,00-0034796,C.J. Stroud,Lamar Jackson,BAL00,M&T Bank Stadium
2023_01_JAX_IND,2023,REG,1,2023-09-10,Sunday,13:00,JAX,31.0,IND,21.0,Home,-10.0,52.0,0.0,401547404,7,7,-4.0,-108.0,-112.0,45.5,-205.0,170.0,1,closed,,00-0036971,00-0039164,Trevor Lawrence,Anthony Richardson,IND00,Lucas Oil Stadium
2023_01_LA_SEA,2023,REG,1,2023-09-10,Sunday,16:25,LA,30.0,SEA,13.0,Home,-17.0,43.0,0.0,401547408,7,7,4.5,-110.0,-110.0,45.0,180.0,-218.0,1,outdoors,,00-0026498,00-0030565,Matthew Stafford,Geno Smith,SEA00,Lumen Field
2023_01_LV_DEN,2023,REG,1,2023-09-10,Sunday,16:25,LV,17.0,DEN,16.0,Home,-1.0,33.0,0.0,401547400,7,7,3.0,-105.0,-115.0,43.0,136.0,-162.0,1,outdoors,,00-0031345,00-0029263,Jimmy Garoppolo,Russell Wilson,DEN00,Empower Field at Mile High
2023_01_MIA_LAC,2023,REG,1,2023-09-10,Sunday,16:25,MIA,36.0,LAC,34.0,Home,-2.0,70.0,0.0,401547401,7,7,3.0,-110.0,-110.0,50.5,136.0,-162.0,0,dome,,00-0036212,00-0036355,Tua Tagovailoa,Justin Herbert,LAX01,SoFi Stadium
2023_01_PHI_NE,2023,REG,1,2023-09-10,Sunday,16:25,PHI,25.0,NE,20.0,Home,-5.0,45.0,0.0,401547402,7,7,-3.5,-110.0,-110.0,44.5,-185.0,154.0,0,outdoors,,00-0036389,00-0036972,Jalen Hurts,Mac Jones,BOS00,Gillette Stadium
2023_01_SF_PIT,2023,REG,1,2023-09-10,Sunday,13:00,SF,30.0,PIT,7.0,Home,-23.0,37.0,0.0,401547405,7,7,-1.5,-108.0,-112.0,41.5,-120.0,100.0,0,outdoors,,00-0037834,00-0038102,Brock Purdy,Kenny Pickett,PIT00,Acrisure Stadium
2023_01_TB_MIN,2023,REG,1,2023-09-10,Sunday,13:00,TB,20.0,MIN,17.0,Home,-3.0,37.0,0.0,401547398,7,7,4.0,-110.0,-110.0,45.0,170.0,-205.0,0,dome,,00-0034855,00-0029604,Baker Mayfield,Kirk Cousins,MIN01,U.S. Bank Stadium
2023_01_TEN_NO,2023,REG,1,2023-09-10,Sunday,13:00,TEN,15.0,NO,16.0,Home,1.0,31.0,0.0,401547399,7,7,3.0,-118.0,-102.0,41.0,124.0,-148.0,0,dome,,00-0029701,00-0031280,Ryan Tannehill,Derek Carr,NOR00,Mercedes-Benz Superdome
2023_01_BUF_NYJ,2023,REG,1,2023-09-11,Monday,20:15,BUF,16.0,NYJ,22.0,Home,6.0,38.0,1.0,401547352,7,7,-2.5,-110.0,-110.0,44.5,-135.0,114.0,1,outdoors,,00-0034857,00-0023459,Josh Allen,Aaron Rodgers,NYC01,MetLife Stadium
2023_02_MIN_PHI,2023,REG,2,2023-09-14,Thursday,20:15,MIN,28.0,PHI,34.0,Home,6.0,62.0,0.0,401547410,4,4,6.0,-110.0,-110.0,49.0,195.0,-238.0,0,outdoors,,00-0029604,00-0036389,Kirk Cousins,Jalen Hurts,PHI00,Lincoln Financial Field
2023_02_BAL_CIN,2023,REG,2,2023-09-17,Sunday,13:00,BAL,27.0,CIN,24.0,Home,-3.0,51.0,0.0,401547412,7,7,3.5,-118.0,-102.0,45.5,145.0,-175.0,1,outdoors,,00-0034796,00-0036442,Lamar Jackson,Joe Burrow,CIN00,Paycor Stadium
2023_02_CHI_TB,2023,REG,2,2023-09-17,Sunday,13:00,CHI,17.0,TB,27.0,Home,10.0,44.0,0.0,401547420,7,7,2.5,-110.0,-110.0,41.0,114.0,-135.0,0,outdoors,,00-0036945,00-0034855,Justin Fields,Baker Mayfield,TAM00,Raymond James Stadium
2023_02_GB_ATL,2023,REG,2,2023-09-17,Sunday,13:00,GB,24.0,ATL,25.0,Home,1.0,49.0,0.0,401547417,7,7,3.0,-115.0,-105.0,40.5,124.0,-148.0,0,open,,00-0036264,00-0038122,Jordan Love,Desmond Ridder,ATL97,Mercedes-Benz Stadium
2023_02_IND_HOU,2023,REG,2,2023-09-17,Sunday,13:00,IND,31.0,HOU,20.0,Home,-11.0,51.0,0.0,401547419,7,7,-1.0,-105.0,-115.0,40.0,-110.0,-110.0,1,open,,00-0039164,00-0039163,Anthony Richardson,C.J. Stroud,HOU00,NRG Stadium
2023_02_KC_JAX,2023,REG,2,2023-09-17,Sunday,13:00,KC,17.0,JAX,9.0,Home,-8.0,26.0,0.0,401547413,10,7,-3.5,-102.0,-118.0,50.5,-170.0,142.0,0,outdoors,,00-0033873,00-0036971,Patrick Mahomes,Trevor Lawrence,JAX00,TIAA Bank Stadium
2023_02_LAC_TEN,2023,REG,2,2023-09-17,Sunday,13:00,LAC,24.0,TEN,27.0,Home,3.0,51.0,1.0,401547414,7,7,-2.5,-118.0,-102.0,45.5,-142.0,120.0,0,outdoors,,00-0036355,00-0029701,Justin Herbert,Ryan Tannehill,NAS00,Nissan Stadium
2023_02_LV_BUF,2023,REG,2,2023-09-17,Sunday,13:00,LV,10.0,BUF,38.0,Home,28.0,48.0,0.0,401547411,7,6,7.5,-110.0,-110.0,47.0,280.0,-355.0,0,outdoors,,00-0031345,00-0034857,Jimmy Garoppolo,Josh Allen,BUF00,New Era Field
2023_02_MIA_NE,2023,REG,2,2023-09-17,Sunday,20:20,MIA,24.0,NE,17.0,Home,-7.0,41.0,0.0,401547423,7,7,-2.0,-112.0,-108.0,46.5,-130.0,110.0,1,outdoors,,00-0036212,00-0036972,Tua Tagovailoa,Mac Jones,BOS00,Gillette Stadium
2023_02_NYG_ARI,2023,REG,2,2023-09-17,Sunday,16:05,NYG,31.0,ARI,28.0,Home,-3.0,59.0,0.0,401547421,7,7,-5.0,-110.0,-110.0,40.0,-225.0,185.0,0,closed,,00-0035710,00-0033949,Daniel Jones,Joshua Dobbs,PHO00,State Farm Stadium
2023_02_NYJ_DAL,2023,REG,2,2023-09-17,Sunday,16:25,NYJ,10.0,DAL,30.0,Home,20.0,40.0,0.0,401547415,6,7,8.5,-110.0,-110.0,38.5,300.0,-380.0,0,open,,00-0037013,00-0033077,Zach Wilson,Dak Prescott,DAL00,AT&T Stadium
2023_02_SEA_DET,2023,REG,2,2023-09-17,Sunday,13:00,SEA,37.0,DET,31.0,Home,-6.0,68.0,1.0,401547418,7,10,4.5,-110.0,-110.0,47.5,180.0,-218.0,0,dome,,00-0030565,00-0033106,Geno Smith,Jared Goff,DET00,Ford Field
2023_02_SF_LA,2023,REG,2,2023-09-17,Sunday,16:05,SF,30.0,LA,23.0,Home,-7.0,53.0,0.0,401547422,7,7,-7.5,-105.0,-115.0,45.0,-340.0,270.0,1,dome,,00-0037834,00-0026498,Brock Purdy,Matthew Stafford,LAX01,SoFi Stadium
2023_02_WAS_DEN,2023,REG,2,2023-09-17,Sunday,16:25,WAS,35.0,DEN,33.0,Home,-2.0,68.0,0.0,401547416,7,7,4.0,-110.0,-110.0,38.5,164.0,-198.0,0,outdoors,,00-0037077,00-0029263,Sam Howell,Russell Wilson,DEN00,Empower Field at Mile High
2023_02_CLE_PIT,2023,REG,2,2023-09-18,Monday,20:15,CLE,22.0,PIT,26.0,Home,4.0,48.0,0.0,401547424,8,8,-2.5,-115.0,-105.0,39.0,-148.0,124.0,1,outdoors,,00-0033537,00-0038102,Deshaun Watson,Kenny Pickett,PIT00,Acrisure Stadium
2023_02_NO_CAR,2023,REG,2,2023-09-18,Monday,19:15,NO,20.0,CAR,17.0,Home,-3.0,37.0,0.0,401547425,8,8,-3.0,-118.0,-102.0,39.5,-175.0,145.0,1,outdoors,,00-0031280,00-0039150,Derek Carr,Bryce Young,CAR00,Bank of America Stadium
2023_03_NYG_SF,2023,REG,3,2023-09-21,Thursday,20:15,NYG,12.0,SF,30.0,Home,18.0,42.0,0.0,401547426,4,4,10.5,-105.0,-115.0,43.5,400.0,-535.0,0,outdoors,grass,00-0035710,00-0037834,Daniel Jones,Brock Purdy,SFO01,Levi's Stadium
2023_03_ATL_DET,2023,REG,3,2023-09-24,Sunday,13:00,ATL,6.0,DET,20.0,Home,14.0,26.0,0.0,401547433,7,7,3.0,100.0,-120.0,47.5,140.0,-166.0,0,dome,fieldturf,00-0038122,00-0033106,Desmond Ridder,Jared Goff,DET00,Ford Field
2023_03_BUF_WAS,2023,REG,3,2023-09-24,Sunday,13:00,BUF,37.0,WAS,3.0,Home,-34.0,40.0,0.0,401547431,7,7,-5.5,-115.0,-105.0,44.0,-245.0,200.0,0,outdoors,grass,00-0034857,00-0037077,Josh Allen,Sam Howell,WAS00,FedExField
2023_03_CAR_SEA,2023,REG,3,2023-09-24,Sunday,16:05,CAR,27.0,SEA,37.0,Home,10.0,64.0,0.0,401547432,6,7,5.0,-110.0,-110.0,42.5,185.0,-225.0,0,outdoors,fieldturf,00-0027973,00-0030565,Andy Dalton,Geno Smith,SEA00,Lumen Field
2023_03_CHI_KC,2023,REG,3,2023-09-24,Sunday,16:25,CHI,10.0,KC,41.0,Home,31.0,51.0,0.0,401547438,7,7,13.0,-110.0,-110.0,48.0,525.0,-750.0,0,outdoors,grass,00-0036945,00-0033873,Justin Fields,Patrick Mahomes,KAN00,GEHA Field at Arrowhead Stadium
2023_03_DAL_ARI,2023,REG,3,2023-09-24,Sunday,16:25,DAL,16.0,ARI,28.0,Home,12.0,44.0,0.0,401547437,7,7,-11.5,-110.0,-110.0,43.5,-650.0,470.0,0,open,grass,00-0033077,00-0033949,Dak Prescott,Joshua Dobbs,PHO00,State Farm Stadium
2023_03_DEN_MIA,2023,REG,3,2023-09-24,Sunday,13:00,DEN,20.0,MIA,70.0,Home,50.0,90.0,0.0,401547429,7,7,6.0,-110.0,-110.0,47.5,205.0,-250.0,0,outdoors,grass,00-0029263,00-0036212,Russell Wilson,Tua Tagovailoa,MIA00,Hard Rock Stadium
2023_03_HOU_JAX,2023,REG,3,2023-09-24,Sunday,13:00,HOU,37.0,JAX,17.0,Home,-20.0,54.0,0.0,401547435,7,7,7.5,-110.0,-110.0,43.5,300.0,-380.0,1,outdoors,grass,00-0039163,00-0036971,C.J. Stroud,Trevor Lawrence,JAX00,TIAA Bank Stadium
2023_03_IND_BAL,2023,REG,3,2023-09-24,Sunday,13:00,IND,22.0,BAL,19.0,Home,-3.0,41.0,1.0,401547427,7,7,7.5,-110.0,-110.0,43.5,300.0,-380.0,0,outdoors,grass,00-0035289,00-0034796,Gardner Minshew,Lamar Jackson,BAL00,M&T Bank Stadium
2023_03_LAC_MIN,2023,REG,3,2023-09-24,Sunday,13:00,LAC,28.0,MIN,24.0,Home,-4.0,52.0,0.0,401547436,7,10,1.0,-115.0,-105.0,54.0,-110.0,-110.0,0,dome,sportturf,00-0036355,00-0029604,Justin Herbert,Kirk Cousins,MIN01,U.S. Bank Stadium
2023_03_NE_NYJ,2023,REG,3,2023-09-24,Sunday,13:00,NE,15.0,NYJ,10.0,Home,-5.0,25.0,0.0,401547430,7,7,-2.5,-112.0,-108.0,35.5,-142.0,120.0,1,outdoors,fieldturf,00-0036972,00-0037013,Mac Jones,Zach Wilson,NYC01,MetLife Stadium
2023_03_NO_GB,2023,REG,3,2023-09-24,Sunday,13:00,NO,17.0,GB,18.0,Home,1.0,35.0,0.0,401547434,6,7,-1.5,-110.0,-110.0,41.5,-125.0,105.0,0,outdoors,grass,00-0031280,00-0036264,Derek Carr,Jordan Love,GNB00,Lambeau Field
2023_03_PIT_LV,2023,REG,3,2023-09-24,Sunday,20:20,PIT,23.0,LV,18.0,Home,-5.0,41.0,0.0,401547439,6,7,3.0,-110.0,-110.0,43.5,124.0,-148.0,0,dome,grass,00-0038102,00-0031345,Kenny Pickett,Jimmy Garoppolo,VEG00,Allegiant Stadium
2023_03_TEN_CLE,2023,REG,3,2023-09-24,Sunday,13:00,TEN,3.0,CLE,27.0,Home,24.0,30.0,0.0,401547428,7,6,3.5,-110.0,-110.0,38.0,154.0,-185.0,0,outdoors,grass,00-0029701,00-0033537,Ryan Tannehill,Deshaun Watson,CLE00,FirstEnergy Stadium
2023_03_LA_CIN,2023,REG,3,2023-09-25,Monday,20:15,LA,16.0,CIN,19.0,Home,3.0,35.0,0.0,401547441,8,8,3.0,100.0,-120.0,45.5,136.0,-162.0,0,outdoors,fieldturf,00-0026498,00-0036442,Matthew Stafford,Joe Burrow,CIN00,Paycor Stadium
2023_03_PHI_TB,2023,REG,3,2023-09-25,Monday,19:15,PHI,25.0,TB,11.0,Home,-14.0,36.0,0.0,401547440,11,8,-6.0,-110.0,-110.0,44.0,-258.0,210.0,0,outdoors,grass,00-0036389,00-0034855,Jalen Hurts,Baker Mayfield,TAM00,Raymond James Stadium
2023_04_DET_GB,2023,REG,4,2023-09-28,Thursday,20:15,DET,34.0,GB,20.0,Home,-14.0,54.0,0.0,401547442,4,4,-2.5,-118.0,-102.0,45.0,-142.0,120.0,1,outdoors,grass,00-0033106,00-0036264,Jared Goff,Jordan Love,GNB00,Lambeau Field
2023_04_ARI_SF,2023,REG,4,2023-10-01,Sunday,16:25,ARI,16.0,SF,35.0,Home,19.0,51.0,0.0,401547454,7,10,15.0,-108.0,-112.0,44.0,700.0,-1100.0,1,outdoors,grass,00-0033949,00-0037834,Joshua Dobbs,Brock Purdy,SFO01,Levi's Stadium
2023_04_ATL_JAX,2023,REG,4,2023-10-01,Sunday,09:30,ATL,7.0,JAX,23.0,Neutral,16.0,30.0,0.0,401547227,7,7,3.5,-110.0,-110.0,42.5,154.0,-185.0,0,outdoors,,00-0038122,00-0036971,Desmond Ridder,Trevor Lawrence,LON00,Wembley Stadium
2023_04_BAL_CLE,2023,REG,4,2023-10-01,Sunday,13:00,BAL,28.0,CLE,3.0,Home,-25.0,31.0,0.0,401547445,7,7,-2.0,-110.0,-110.0,38.5,-135.0,114.0,1,outdoors,grass,00-0034796,00-0038583,Lamar Jackson,Dorian Thompson-Robinson,CLE00,FirstEnergy Stadium
2023_04_CIN_TEN,2023,REG,4,2023-10-01,Sunday,13:00,CIN,3.0,TEN,27.0,Home,24.0,30.0,0.0,401547452,6,7,-2.5,-120.0,100.0,41.5,-162.0,136.0,0,outdoors,grass,00-0036442,00-0029701,Joe Burrow,Ryan Tannehill,NAS00,Nissan Stadium
2023_04_DEN_CHI,2023,REG,4,2023-10-01,Sunday,13:00,DEN,31.0,CHI,28.0,Home,-3.0,59.0,0.0,401547444,7,7,-3.0,-112.0,-108.0,47.0,-162.0,136.0,0,outdoors,grass,00-0029263,00-0036945,Russell Wilson,Justin Fields,CHI98,Soldier Field
2023_04_KC_NYJ,2023,REG,4,2023-10-01,Sunday,20:20,KC,23.0,NYJ,20.0,Home,-3.0,43.0,0.0,401547455,7,7,-9.5,-110.0,-110.0,41.5,-485.0,370.0,0,outdoors,fieldturf,00-0033873,00-0037013,Patrick Mahomes,Zach Wilson,NYC01,MetLife Stadium
2023_04_LA_IND,2023,REG,4,2023-10-01,Sunday,13:00,LA,29.0,IND,23.0,Home,-6.0,52.0,1.0,401547449,6,7,-1.0,-110.0,-110.0,44.5,-115.0,-105.0,0,open,fieldturf,00-0026498,00-0039164,Matthew Stafford,Anthony Richardson,IND00,Lucas Oil Stadium
2023_04_LV_LAC,2023,REG,4,2023-10-01,Sunday,16:05,LV,17.0,LAC,24.0,Home,7.0,41.0,0.0,401547447,7,7,7.0,-115.0,-105.0,49.0,250.0,-310.0,1,dome,matrixturf,00-0038579,00-0036355,Aidan O'Connell,Justin Herbert,LAX01,SoFi Stadium
2023_04_MIA_BUF,2023,REG,4,2023-10-01,Sunday,13:00,MIA,20.0,BUF,48.0,Home,28.0,68.0,0.0,401547443,7,7,2.5,100.0,-120.0,53.0,120.0,-142.0,1,outdoors,a_turf,00-0036212,00-0034857,Tua Tagovailoa,Josh Allen,BUF00,New Era Field
2023_04_MIN_CAR,2023,REG,4,2023-10-01,Sunday,13:00,MIN,21.0,CAR,13.0,Home,-8.0,34.0,0.0,401547448,7,7,-4.5,-112.0,-108.0,46.5,-225.0,185.0,0,outdoors,grass,00-0029604,00-0039150,Kirk Cousins,Bryce Young,CAR00,Bank of America Stadium
2023_04_NE_DAL,2023,REG,4,2023-10-01,Sunday,16:25,NE,3.0,DAL,38.0,Home,35.0,41.0,0.0,401547453,7,7,6.5,-108.0,-112.0,43.0,230.0,-285.0,0,closed,matrixturf,00-0036972,00-0033077,Mac Jones,Dak Prescott,DAL00,AT&T Stadium
2023_04_PIT_HOU,2023,REG,4,2023-10-01,Sunday,13:00,PIT,6.0,HOU,30.0,Home,24.0,36.0,0.0,401547446,7,7,-3.0,-110.0,-110.0,41.5,-162.0,136.0,0,open,astroturf,00-0038102,00-0039163,Kenny Pickett,C.J. Stroud,HOU00,NRG Stadium
2023_04_TB_NO,2023,REG,4,2023-10-01,Sunday,13:00,TB,26.0,NO,9.0,Home,-17.0,35.0,0.0,401547450,6,7,4.0,-110.0,-110.0,41.0,170.0,-205.0,1,dome,sportturf,00-0034855,00-0031280,Baker Mayfield,Derek Carr,NOR00,Mercedes-Benz Superdome
2023_04_WAS_PHI,2023,REG,4,2023-10-01,Sunday,13:00,WAS,31.0,PHI,34.0,Home,3.0,65.0,1.0,401547451,7,6,9.5,-110.0,-110.0,43.0,350.0,-455.0,1,outdoors,grass,00-0037077,00-0036389,Sam Howell,Jalen Hurts,PHI00,Lincoln Financial Field
2023_04_SEA_NYG,2023,REG,4,2023-10-02,Monday,20:15,SEA,24.0,NYG,3.0,Home,-21.0,27.0,0.0,401547456,8,11,-2.5,-115.0,-105.0,46.5,-142.0,120.0,0,outdoors,fieldturf,00-0030565,00-0035710,Geno Smith,Daniel Jones,NYC01,MetLife Stadium
2023_05_CHI_WAS,2023,REG,5,2023-10-05,Thursday,20:15,CHI,40.0,WAS,20.0,Home,-20.0,60.0,0.0,401547457,4,4,6.0,-110.0,-110.0,45.5,210.0,-258.0,0,outdoors,grass,00-0036945,00-0037077,Justin Fields,Sam Howell,WAS00,FedExField
2023_05_BAL_PIT,2023,REG,5,2023-10-08,Sunday,13:00,BAL,10.0,PIT,17.0,Home,7.0,27.0,0.0,401547460,7,7,-4.5,-112.0,-108.0,38.5,-230.0,190.0,1,outdoors,grass,00-0034796,00-0038102,Lamar Jackson,Kenny Pickett,PIT00,Acrisure Stadium
2023_05_CAR_DET,2023,REG,5,2023-10-08,Sunday,13:00,CAR,24.0,DET,42.0,Home,18.0,66.0,0.0,401547464,7,10,9.5,-110.0,-110.0,43.5,350.0,-455.0,0,dome,fieldturf,00-0039150,00-0033106,Bryce Young,Jared Goff,DET00,Ford Field
2023_05_CIN_ARI,2023,REG,5,2023-10-08,Sunday,16:05,CIN,34.0,ARI,20.0,Home,-14.0,54.0,0.0,401547466,7,7,-3.0,-120.0,100.0,45.5,-170.0,142.0,0,closed,grass,00-0036442,00-0033949,Joe Burrow,Joshua Dobbs,PHO00,State Farm Stadium
2023_05_DAL_SF,2023,REG,5,2023-10-08,Sunday,20:20,DAL,10.0,SF,42.0,Home,32.0,52.0,0.0,401547354,7,7,3.5,-115.0,-105.0,45.0,150.0,-180.0,0,outdoors,grass,00-0033077,00-0037834,Dak Prescott,Brock Purdy,SFO01,Levi's Stadium
2023_05_HOU_ATL,2023,REG,5,2023-10-08,Sunday,13:00,HOU,19.0,ATL,21.0,Home,2.0,40.0,0.0,401547463,7,7,2.5,-110.0,-110.0,42.0,120.0,-142.0,0,open,fieldturf,00-0039163,00-0038122,C.J. Stroud,Desmond Ridder,ATL97,Mercedes-Benz Stadium
2023_05_JAX_BUF,2023,REG,5,2023-10-08,Sunday,09:30,JAX,25.0,BUF,20.0,Neutral,-5.0,45.0,0.0,401547228,7,7,5.5,-110.0,-110.0,48.5,205.0,-250.0,0,outdoors,,00-0036971,00-0034857,Trevor Lawrence,Josh Allen,LON02,Tottenham Stadium
2023_05_KC_MIN,2023,REG,5,2023-10-08,Sunday,16:25,KC,27.0,MIN,20.0,Home,-7.0,47.0,0.0,401547462,7,7,-3.5,-105.0,-115.0,52.5,-180.0,150.0,0,dome,sportturf,00-0033873,00-0029604,Patrick Mahomes,Kirk Cousins,MIN01,U.S. Bank Stadium
2023_05_NO_NE,2023,REG,5,2023-10-08,Sunday,13:00,NO,34.0,NE,0.0,Home,-34.0,34.0,0.0,401547459,7,7,2.5,-110.0,-110.0,38.5,114.0,-135.0,0,outdoors,fieldturf,00-0031280,00-0036972,Derek Carr,Mac Jones,BOS00,Gillette Stadium
2023_05_NYG_MIA,2023,REG,5,2023-10-08,Sunday,13:00,NYG,16.0,MIA,31.0,Home,15.0,47.0,0.0,401547465,6,7,12.5,-110.0,-110.0,47.5,525.0,-750.0,0,outdoors,grass,00-0035710,00-0036212,Daniel Jones,Tua Tagovailoa,MIA00,Hard Rock Stadium
2023_05_NYJ_DEN,2023,REG,5,2023-10-08,Sunday,16:25,NYJ,31.0,DEN,21.0,Home,-10.0,52.0,0.0,401547461,7,7,2.5,-110.0,-110.0,42.5,114.0,-135.0,0,outdoors,grass,00-0037013,00-0029263,Zach Wilson,Russell Wilson,DEN00,Empower Field at Mile High
2023_05_PHI_LA,2023,REG,5,2023-10-08,Sunday,16:05,PHI,23.0,LA,14.0,Home,-9.0,37.0,0.0,401547467,7,7,-3.5,-110.0,-110.0,50.5,-192.0,160.0,0,dome,matrixturf,00-0036389,00-0026498,Jalen Hurts,Matthew Stafford,LAX01,SoFi Stadium
2023_05_TEN_IND,2023,REG,5,2023-10-08,Sunday,13:00,TEN,16.0,IND,23.0,Home,7.0,39.0,0.0,401547458,7,7,-2.5,-110.0,-110.0,43.5,-142.0,120.0,1,open,fieldturf,00-0029701,00-0039164,Ryan Tannehill,Anthony Richardson,IND00,Lucas Oil Stadium
2023_05_GB_LV,2023,REG,5,2023-10-09,Monday,20:15,GB,13.0,LV,17.0,Home,4.0,30.0,0.0,401547468,11,8,1.0,-110.0,-110.0,45.0,-102.0,-118.0,0,dome,grass,00-0036264,00-0031345,Jordan Love,Jimmy Garoppolo,VEG00,Allegiant Stadium
2023_06_DEN_KC,2023,REG,6,2023-10-12,Thursday,20:15,DEN,8.0,KC,19.0,Home,11.0,27.0,0.0,401547469,4,4,10.5,-108.0,-112.0,47.5,470.0,-650.0,1,outdoors,grass,00-0029263,00-0033873,Russell Wilson,Patrick Mahomes,KAN00,GEHA Field at Arrowhead Stadium
2023_06_ARI_LA,2023,REG,6,2023-10-15,Sunday,16:25,ARI,9.0,LA,26.0,Home,17.0,35.0,0.0,401547479,7,7,7.0,-105.0,-115.0,48.0,270.0,-340.0,1,dome,matrixturf,00-0033949,00-0026498,Joshua Dobbs,Matthew Stafford,LAX01,SoFi Stadium
2023_06_BAL_TEN,2023,REG,6,2023-10-15,Sunday,09:30,BAL,24.0,TEN,16.0,Neutral,-8.0,40.0,0.0,401547229,7,7,-5.5,-112.0,-108.0,42.5,-250.0,205.0,0,outdoors,,00-0034796,00-0029701,Lamar Jackson,Ryan Tannehill,LON02,Tottenham Stadium
2023_06_CAR_MIA,2023,REG,6,2023-10-15,Sunday,13:00,CAR,21.0,MIA,42.0,Home,21.0,63.0,0.0,401547473,7,7,14.0,-110.0,-110.0,47.5,700.0,-1100.0,0,outdoors,grass,00-0039150,00-0036212,Bryce Young,Tua Tagovailoa,MIA00,Hard Rock Stadium
2023_06_DET_TB,2023,REG,6,2023-10-15,Sunday,16:25,DET,20.0,TB,6.0,Home,-14.0,26.0,0.0,401547478,7,14,-3.0,-115.0,-105.0,43.5,-162.0,136.0,0,outdoors,grass,00-0033106,00-0034855,Jared Goff,Baker Mayfield,TAM00,Raymond James Stadium
2023_06_IND_JAX,2023,REG,6,2023-10-15,Sunday,13:00,IND,20.0,JAX,37.0,Home,17.0,57.0,0.0,401547472,7,7,4.0,-110.0,-110.0,44.0,170.0,-205.0,1,outdoors,grass,00-0035289,00-0036971,Gardner Minshew,Trevor Lawrence,JAX00,TIAA Bank Stadium
2023_06_MIN_CHI,2023,REG,6,2023-10-15,Sunday,13:00,MIN,19.0,CHI,13.0,Home,-6.0,32.0,0.0,401547475,7,10,-3.0,-115.0,-105.0,44.5,-166.0,140.0,1,outdoors,grass,00-0029604,00-0036945,Kirk Cousins,Justin Fields,CHI98,Soldier Field
2023_06_NE_LV,2023,REG,6,2023-10-15,Sunday,16:05,NE,17.0,LV,21.0,Home,4.0,38.0,0.0,401547474,7,6,3.0,-118.0,-102.0,41.5,124.0,-148.0,0,dome,grass,00-0036972,00-0031345,Mac Jones,Jimmy Garoppolo,VEG00,Allegiant Stadium
2023_06_NO_HOU,2023,REG,6,2023-10-15,Sunday,13:00,NO,13.0,HOU,20.0,Home,7.0,33.0,0.0,401547477,7,7,-2.0,-110.0,-110.0,42.5,-130.0,110.0,0,closed,astroturf,00-0031280,00-0039163,Derek Carr,C.J. Stroud,HOU00,NRG Stadium
2023_06_NYG_BUF,2023,REG,6,2023-10-15,Sunday,20:20,NYG,9.0,BUF,14.0,Home,5.0,23.0,0.0,401547481,7,7,15.5,-110.0,-110.0,43.5,750.0,-1200.0,0,outdoors,a_turf,00-0028118,00-0034857,Tyrod Taylor,Josh Allen,BUF00,New Era Field
2023_06_PHI_NYJ,2023,REG,6,2023-10-15,Sunday,16:25,PHI,14.0,NYJ,20.0,Home,6.0,34.0,0.0,401547480,7,7,-6.5,-115.0,-105.0,43.0,-305.0,245.0,0,outdoors,fieldturf,00-0036389,00-0037013,Jalen Hurts,Zach Wilson,NYC01,MetLife Stadium
2023_06_SEA_CIN,2023,REG,6,2023-10-15,Sunday,13:00,SEA,13.0,CIN,17.0,Home,4.0,30.0,0.0,401547471,13,7,3.0,-112.0,-108.0,45.5,130.0,-155.0,0,outdoors,fieldturf,00-0030565,00-0036442,Geno Smith,Joe Burrow,CIN00,Paycor Stadium
2023_06_SF_CLE,2023,REG,6,2023-10-15,Sunday,13:00,SF,17.0,CLE,19.0,Home,2.0,36.0,0.0,401547476,7,14,-9.5,-115.0,-105.0,36.0,-470.0,360.0,0,outdoors,grass,00-0037834,00-0033275,Brock Purdy,Phillip Walker,CLE00,FirstEnergy Stadium
2023_06_WAS_ATL,2023,REG,6,2023-10-15,Sunday,13:00,WAS,24.0,ATL,16.0,Home,-8.0,40.0,0.0,401547470,10,7,1.5,-108.0,-112.0,42.0,105.0,-125.0,0,closed,fieldturf,00-0037077,00-0038122,Sam Howell,Desmond Ridder,ATL97,Mercedes-Benz Stadium
2023_06_DAL_LAC,2023,REG,6,2023-10-16,Monday,20:15,DAL,20.0,LAC,17.0,Home,-3.0,37.0,0.0,401547482,8,15,-1.5,-112.0,-108.0,49.5,-130.0,110.0,0,dome,matrixturf,00-0033077,00-0036355,Dak Prescott,Justin Herbert,LAX01,SoFi Stadium
2023_07_JAX_NO,2023,REG,7,2023-10-19,Thursday,20:15,JAX,31.0,NO,24.0,Home,-7.0,55.0,0.0,401547483,4,4,2.5,-108.0,-112.0,41.0,124.0,-148.0,0,dome,sportturf,00-0036971,00-0031280,Trevor Lawrence,Derek Carr,NOR00,Mercedes-Benz Superdome
2023_07_ARI_SEA,2023,REG,7,2023-10-22,Sunday,16:05,ARI,10.0,SEA,20.0,Home,10.0,30.0,0.0,401547493,7,7,9.5,-112.0,-108.0,43.5,350.0,-455.0,1,outdoors,fieldturf,00-0033949,00-0030565,Joshua Dobbs,Geno Smith,SEA00,Lumen Field
2023_07_ATL_TB,2023,REG,7,2023-10-22,Sunday,13:00,ATL,16.0,TB,13.0,Home,-3.0,29.0,0.0,401547491,7,7,3.0,-115.0,-105.0,37.5,124.0,-148.0,1,outdoors,grass,00-0038122,00-0034855,Desmond Ridder,Baker Mayfield,TAM00,Raymond James Stadium
2023_07_BUF_NE,2023,REG,7,2023-10-22,Sunday,13:00,BUF,25.0,NE,29.0,Home,4.0,54.0,0.0,401547485,7,7,-7.5,-110.0,-110.0,41.0,-395.0,310.0,1,outdoors,fieldturf,00-0034857,00-0036972,Josh Allen,Mac Jones,BOS00,Gillette Stadium
2023_07_CLE_IND,2023,REG,7,2023-10-22,Sunday,13:00,CLE,39.0,IND,38.0,Home,-1.0,77.0,0.0,401547484,7,7,-3.5,-108.0,-112.0,40.0,-180.0,150.0,0,open,fieldturf,00-0033537,00-0035289,Deshaun Watson,Gardner Minshew,IND00,Lucas Oil Stadium
2023_07_DET_BAL,2023,REG,7,2023-10-22,Sunday,13:00,DET,6.0,BAL,38.0,Home,32.0,44.0,0.0,401547489,7,7,3.0,-105.0,-115.0,43.5,136.0,-162.0,0,outdoors,grass,00-0033106,00-0034796,Jared Goff,Lamar Jackson,BAL00,M&T Bank Stadium
2023_07_GB_DEN,2023,REG,7,2023-10-22,Sunday,16:25,GB,17.0,DEN,19.0,Home,2.0,36.0,0.0,401547487,13,10,1.5,-112.0,-108.0,44.0,-102.0,-118.0,0,outdoors,grass,00-0036264,00-0029263,Jordan Love,Russell Wilson,DEN00,Empower Field at Mile High
2023_07_LAC_KC,2023,REG,7,2023-10-22,Sunday,16:25,LAC,17.0,KC,31.0,Home,14.0,48.0,0.0,401547488,6,10,5.5,-105.0,-115.0,48.5,215.0,-265.0,1,outdoors,grass,00-0036355,00-0033873,Justin Herbert,Patrick Mahomes,KAN00,GEHA Field at Arrowhead Stadium
2023_07_LV_CHI,2023,REG,7,2023-10-22,Sunday,13:00,LV,12.0,CHI,30.0,Home,18.0,42.0,0.0,401547490,7,7,-2.5,-110.0,-110.0,38.5,-142.0,120.0,0,outdoors,grass,00-0026625,00-0038416,Brian Hoyer,Tyson Bagent,CHI98,Soldier Field
2023_07_MIA_PHI,2023,REG,7,2023-10-22,Sunday,20:20,MIA,17.0,PHI,31.0,Home,14.0,48.0,0.0,401547494,7,7,3.0,-112.0,-108.0,52.0,130.0,-155.0,0,outdoors,grass,00-0036212,00-0036389,Tua Tagovailoa,Jalen Hurts,PHI00,Lincoln Financial Field
2023_07_PIT_LA,2023,REG,7,2023-10-22,Sunday,16:05,PIT,24.0,LA,17.0,Home,-7.0,41.0,0.0,401547492,14,7,3.5,-118.0,-102.0,44.0,145.0,-175.0,0,dome,matrixturf,00-0038102,00-0026498,Kenny Pickett,Matthew Stafford,LAX01,SoFi Stadium
2023_07_WAS_NYG,2023,REG,7,2023-10-22,Sunday,13:00,WAS,7.0,NYG,14.0,Home,7.0,21.0,0.0,401547486,7,7,-3.0,-108.0,-112.0,37.0,-162.0,136.0,1,outdoors,fieldturf,00-0037077,00-0028118,Sam Howell,Tyrod Taylor,NYC01,MetLife Stadium
2023_07_SF_MIN,2023,REG,7,2023-10-23,Monday,20:15,SF,17.0,MIN,22.0,Home,5.0,39.0,0.0,401547495,8,8,-7.0,-105.0,-115.0,44.5,-325.0,260.0,0,dome,sportturf,00-0037834,00-0029604,Brock Purdy,Kirk Cousins,MIN01,U.S. Bank Stadium
2023_08_TB_BUF,2023,REG,8,2023-10-26,Thursday,20:15,TB,18.0,BUF,24.0,Home,6.0,42.0,0.0,401547496,4,4,10.0,-112.0,-108.0,43.0,370.0,-485.0,0,outdoors,a_turf,00-0034855,00-0034857,Baker Mayfield,Josh Allen,BUF00,New Era Field
2023_08_ATL_TEN,2023,REG,8,2023-10-29,Sunday,13:00,ATL,23.0,TEN,28.0,Home,5.0,51.0,0.0,401547500,7,14,-2.5,-110.0,-110.0,35.0,-130.0,110.0,0,outdoors,grass,00-0038122,00-0039152,Desmond Ridder,Will Levis,NAS00,Nissan Stadium
2023_08_BAL_ARI,2023,REG,8,2023-10-29,Sunday,16:25,BAL,31.0,ARI,24.0,Home,-7.0,55.0,0.0,401547501,7,7,-9.5,-110.0,-110.0,44.5,-500.0,380.0,0,closed,grass,00-0034796,00-0033949,Lamar Jackson,Joshua Dobbs,PHO00,State Farm Stadium
2023_08_CHI_LAC,2023,REG,8,2023-10-29,Sunday,20:20,CHI,13.0,LAC,30.0,Home,17.0,43.0,0.0,401547510,7,7,9.5,-108.0,-112.0,46.0,340.0,-440.0,0,dome,matrixturf,00-0038416,00-0036355,Tyson Bagent,Justin Herbert,LAX01,SoFi Stadium
2023_08_CIN_SF,2023,REG,8,2023-10-29,Sunday,16:25,CIN,31.0,SF,17.0,Home,-14.0,48.0,0.0,401547503,14,6,4.0,-105.0,-115.0,44.0,170.0,-205.0,0,outdoors,grass,00-0036442,00-0037834,Joe Burrow,Brock Purdy,SFO01,Levi's Stadium
2023_08_CLE_SEA,2023,REG,8,2023-10-29,Sunday,16:05,CLE,20.0,SEA,24.0,Home,4.0,44.0,0.0,401547509,7,7,4.0,-110.0,-110.0,39.5,164.0,-198.0,0,outdoors,fieldturf,00-0033275,00-0030565,Phillip Walker,Geno Smith,SEA00,Lumen Field
2023_08_HOU_CAR,2023,REG,8,2023-10-29,Sunday,13:00,HOU,13.0,CAR,15.0,Home,2.0,28.0,0.0,401547504,14,14,-3.0,-118.0,-102.0,43.0,-162.0,136.0,0,outdoors,grass,00-0039163,00-0039150,C.J. Stroud,Bryce Young,CAR00,Bank of America Stadium
2023_08_JAX_PIT,2023,REG,8,2023-10-29,Sunday,13:00,JAX,20.0,PIT,10.0,Home,-10.0,30.0,0.0,401547499,10,7,-2.5,-110.0,-110.0,41.0,-135.0,114.0,0,outdoors,grass,00-0036971,00-0038102,Trevor Lawrence,Kenny Pickett,PIT00,Acrisure Stadium
2023_08_KC_DEN,2023,REG,8,2023-10-29,Sunday,16:25,KC,9.0,DEN,24.0,Home,15.0,33.0,0.0,401547502,7,7,-7.0,-102.0,-118.0,45.5,-340.0,270.0,1,outdoors,grass,00-0033873,00-0029263,Patrick Mahomes,Russell Wilson,DEN00,Empower Field at Mile High
2023_08_LA_DAL,2023,REG,8,2023-10-29,Sunday,13:00,LA,20.0,DAL,43.0,Home,23.0,63.0,0.0,401547505,7,13,6.5,-105.0,-115.0,44.5,250.0,-310.0,0,closed,matrixturf,00-0026498,00-0033077,Matthew Stafford,Dak Prescott,DAL00,AT&T Stadium
2023_08_MIN_GB,2023,REG,8,2023-10-29,Sunday,13:00,MIN,24.0,GB,10.0,Home,-14.0,34.0,0.0,401547506,6,7,-1.0,-108.0,-112.0,41.5,-112.0,-108.0,1,outdoors,grass,00-0029604,00-0036264,Kirk Cousins,Jordan Love,GNB00,Lambeau Field
2023_08_NE_MIA,2023,REG,8,2023-10-29,Sunday,13:00,NE,17.0,MIA,31.0,Home,14.0,48.0,0.0,401547497,7,7,7.5,-110.0,-110.0,46.5,300.0,-380.0,1,outdoors,grass,00-0036972,00-0036212,Mac Jones,Tua Tagovailoa,MIA00,Hard Rock Stadium
2023_08_NO_IND,2023,REG,8,2023-10-29,Sunday,13:00,NO,38.0,IND,27.0,Home,-11.0,65.0,0.0,401547507,10,7,-2.0,-110.0,-110.0,43.5,-130.0,110.0,0,closed,fieldturf,00-0031280,00-0035289,Derek Carr,Gardner Minshew,IND00,Lucas Oil Stadium
2023_08_NYJ_NYG,2023,REG,8,2023-10-29,Sunday,13:00,NYJ,13.0,NYG,10.0,Home,-3.0,23.0,1.0,401547498,14,7,-3.0,-115.0,-105.0,35.0,-162.0,136.0,0,outdoors,fieldturf,00-0037013,00-0028118,Zach Wilson,Tyrod Taylor,NYC01,MetLife Stadium
2023_08_PHI_WAS,2023,REG,8,2023-10-29,Sunday,13:00,PHI,38.0,WAS,31.0,Home,-7.0,69.0,0.0,401547508,7,7,-7.0,-110.0,-110.0,42.5,-305.0,245.0,1,outdoors,grass,00-0036389,00-0037077,Jalen Hurts,Sam Howell,WAS00,FedExField
2023_08_LV_DET,2023,REG,8,2023-10-30,Monday,20:15,LV,14.0,DET,26.0,Home,12.0,40.0,0.0,401547511,8,8,7.0,-110.0,-110.0,46.0,270.0,-340.0,0,dome,fieldturf,00-0031345,00-0033106,Jimmy Garoppolo,Jared Goff,DET00,Ford Field
2023_09_TEN_PIT,2023,REG,9,2023-11-02,Thursday,20:15,TEN,16.0,PIT,20.0,Home,4.0,36.0,0.0,401547512,4,4,3.5,-120.0,100.0,37.0,145.0,-175.0,0,outdoors,grass,00-0039152,00-0038102,Will Levis,Kenny Pickett,PIT00,Acrisure Stadium
2023_09_ARI_CLE,2023,REG,9,2023-11-05,Sunday,13:00,ARI,0.0,CLE,27.0,Home,27.0,27.0,0.0,401547514,7,7,13.0,-112.0,-108.0,38.0,525.0,-750.0,0,outdoors,grass,00-0038582,00-0033537,Clayton Tune,Deshaun Watson,CLE00,FirstEnergy Stadium
2023_09_BUF_CIN,2023,REG,9,2023-11-05,Sunday,20:20,BUF,18.0,CIN,24.0,Home,6.0,42.0,0.0,401547523,10,7,1.5,-108.0,-112.0,51.0,105.0,-125.0,0,outdoors,fieldturf,00-0034857,00-0036442,Josh Allen,Joe Burrow,CIN00,Paycor Stadium
2023_09_CHI_NO,2023,REG,9,2023-11-05,Sunday,13:00,CHI,17.0,NO,24.0,Home,7.0,41.0,0.0,401547516,7,7,9.0,-108.0,-112.0,42.0,340.0,-440.0,0,dome,sportturf,00-0038416,00-0031280,Tyson Bagent,Derek Carr,NOR00,Mercedes-Benz Superdome
2023_09_DAL_PHI,2023,REG,9,2023-11-05,Sunday,16:25,DAL,23.0,PHI,28.0,Home,5.0,51.0,0.0,401547522,7,7,3.5,-118.0,-102.0,46.5,145.0,-175.0,1,outdoors,grass,00-0033077,00-0036389,Dak Prescott,Jalen Hurts,PHI00,Lincoln Financial Field
2023_09_IND_CAR,2023,REG,9,2023-11-05,Sunday,16:05,IND,27.0,CAR,13.0,Home,-14.0,40.0,0.0,401547517,7,7,-1.5,-108.0,-112.0,45.0,-130.0,110.0,0,outdoors,grass,00-0035289,00-0039150,Gardner Minshew,Bryce Young,CAR00,Bank of America Stadium
2023_09_LA_GB,2023,REG,9,2023-11-05,Sunday,13:00,LA,3.0,GB,20.0,Home,17.0,23.0,0.0,401547519,7,7,3.5,-108.0,-112.0,38.0,160.0,-198.0,0,outdoors,grass,00-0034955,00-0036264,Brett Rypien,Jordan Love,GNB00,Lambeau Field
2023_09_MIA_KC,2023,REG,9,2023-11-05,Sunday,09:30,MIA,14.0,KC,21.0,Neutral,7.0,35.0,0.0,401547230,7,7,1.0,-112.0,-108.0,51.0,-105.0,-115.0,0,outdoors,grass,00-0036212,00-0033873,Tua Tagovailoa,Patrick Mahomes,FRA00,Deutsche Bank Park
2023_09_MIN_ATL,2023,REG,9,2023-11-05,Sunday,13:00,MIN,31.0,ATL,28.0,Home,-3.0,59.0,0.0,401547518,7,7,3.5,-108.0,-112.0,38.5,160.0,-192.0,0,open,fieldturf,00-0038598,00-0031800,Jaren Hall,Taylor Heinicke,ATL97,Mercedes-Benz Stadium
2023_09_NYG_LV,2023,REG,9,2023-11-05,Sunday,16:25,NYG,6.0,LV,30.0,Home,24.0,36.0,0.0,401547521,7,6,1.0,-110.0,-110.0,38.5,-102.0,-118.0,0,dome,grass,00-0035710,00-0038579,Daniel Jones,Aidan O'Connell,VEG00,Allegiant Stadium
2023_09_SEA_BAL,2023,REG,9,2023-11-05,Sunday,13:00,SEA,3.0,BAL,37.0,Home,34.0,40.0,0.0,401547513,7,7,6.0,-110.0,-110.0,44.5,220.0,-270.0,0,outdoors,grass,00-0030565,00-0034796,Geno Smith,Lamar Jackson,BAL00,M&T Bank Stadium
2023_09_TB_HOU,2023,REG,9,2023-11-05,Sunday,13:00,TB,37.0,HOU,39.0,Home,2.0,76.0,0.0,401547515,10,7,2.5,100.0,-120.0,39.5,124.0,-148.0,0,closed,astroturf,00-0034855,00-0039163,Baker Mayfield,C.J. Stroud,HOU00,NRG Stadium
2023_09_WAS_NE,2023,REG,9,2023-11-05,Sunday,13:00,WAS,20.0,NE,17.0,Home,-3.0,37.0,0.0,401547520,7,7,2.5,100.0,-120.0,40.5,130.0,-155.0,0,outdoors,fieldturf,00-0037077,00-0036972,Sam Howell,Mac Jones,BOS00,Gillette Stadium
2023_09_LAC_NYJ,2023,REG,9,2023-11-06,Monday,20:15,LAC,27.0,NYJ,6.0,Home,-21.0,33.0,0.0,401547524,8,8,-3.0,-118.0,-102.0,41.0,-170.0,142.0,0,outdoors,fieldturf,00-0036355,00-0037013,Justin Herbert,Zach Wilson,NYC01,MetLife Stadium
2023_10_CAR_CHI,2023,REG,10,2023-11-09,Thursday,20:15,CAR,13.0,CHI,16.0,Home,3.0,29.0,0.0,401547525,4,4,3.0,100.0,-120.0,38.0,150.0,-180.0,0,outdoors,grass,00-0039150,00-0038416,Bryce Young,Tyson Bagent,CHI98,Soldier Field
2023_10_ATL_ARI,2023,REG,10,2023-11-12,Sunday,16:05,ATL,23.0,ARI,25.0,Home,2.0,48.0,0.0,401547529,7,7,-2.0,-110.0,-110.0,43.5,-130.0,110.0,0,closed,grass,00-0031800,00-0035228,Taylor Heinicke,Kyler Murray,PHO00,State Farm Stadium
2023_10_CLE_BAL,2023,REG,10,2023-11-12,Sunday,13:00,CLE,33.0,BAL,31.0,Home,-2.0,64.0,0.0,401547531,7,7,6.0,-112.0,-108.0,38.5,210.0,-258.0,1,outdoors,grass,00-0033537,00-0034796,Deshaun Watson,Lamar Jackson,BAL00,M&T Bank Stadium
2023_10_DET_LAC,2023,REG,10,2023-11-12,Sunday,16:05,DET,41.0,LAC,38.0,Home,-3.0,79.0,0.0,401547530,13,6,-2.5,-110.0,-110.0,48.5,-142.0,120.0,0,dome,matrixturf,00-0033106,00-0036355,Jared Goff,Justin Herbert,LAX01,SoFi Stadium
2023_10_GB_PIT,2023,REG,10,2023-11-12,Sunday,13:00,GB,19.0,PIT,23.0,Home,4.0,42.0,0.0,401547527,7,10,3.0,100.0,-120.0,38.5,140.0,-166.0,0,outdoors,grass,00-0036264,00-0038102,Jordan Love,Kenny Pickett,PIT00,Acrisure Stadium
2023_10_HOU_CIN,2023,REG,10,2023-11-12,Sunday,13:00,HOU,30.0,CIN,27.0,Home,-3.0,57.0,0.0,401547526,7,7,5.5,-110.0,-110.0,46.0,205.0,-250.0,0,outdoors,fieldturf,00-0039163,00-0036442,C.J. Stroud,Joe Burrow,CIN00,Paycor Stadium
2023_10_IND_NE,2023,REG,10,2023-11-12,Sunday,09:30,IND,10.0,NE,6.0,Neutral,-4.0,16.0,0.0,401547231,7,7,-1.0,-110.0,-110.0,42.0,-118.0,-102.0,0,outdoors,grass,00-0035289,00-0036972,Gardner Minshew,Mac Jones,FRA00,Deutsche Bank Park
2023_10_NO_MIN,2023,REG,10,2023-11-12,Sunday,13:00,NO,19.0,MIN,27.0,Home,8.0,46.0,0.0,401547533,7,7,-3.0,-105.0,-115.0,41.0,-155.0,130.0,0,dome,sportturf,00-0031280,00-0033949,Derek Carr,Joshua Dobbs,MIN01,U.S. Bank Stadium
2023_10_NYG_DAL,2023,REG,10,2023-11-12,Sunday,16:25,NYG,17.0,DAL,49.0,Home,32.0,66.0,0.0,401547534,7,7,17.5,-108.0,-112.0,38.5,1100.0,-2100.0,1,closed,matrixturf,00-0038476,00-0033077,Tommy DeVito,Dak Prescott,DAL00,AT&T Stadium
2023_10_NYJ_LV,2023,REG,10,2023-11-12,Sunday,20:20,NYJ,12.0,LV,16.0,Home,4.0,28.0,0.0,401547536,6,7,-1.0,-108.0,-112.0,35.5,-115.0,-105.0,0,dome,grass,00-0037013,00-0038579,Zach Wilson,Aidan O'Connell,VEG00,Allegiant Stadium
2023_10_SF_JAX,2023,REG,10,2023-11-12,Sunday,13:00,SF,34.0,JAX,3.0,Home,-31.0,37.0,0.0,401547532,14,14,-3.0,-112.0,-108.0,44.5,-170.0,142.0,0,outdoors,grass,00-0037834,00-0036971,Brock Purdy,Trevor Lawrence,JAX00,TIAA Bank Stadium
2023_10_TEN_TB,2023,REG,10,2023-11-12,Sunday,13:00,TEN,6.0,TB,20.0,Home,14.0,26.0,0.0,401547528,10,7,2.5,-105.0,-115.0,39.5,120.0,-142.0,0,outdoors,grass,00-0039152,00-0034855,Will Levis,Baker Mayfield,TAM00,Raymond James Stadium
2023_10_WAS_SEA,2023,REG,10,2023-11-12,Sunday,16:25,WAS,26.0,SEA,29.0,Home,3.0,55.0,0.0,401547535,7,7,6.0,-110.0,-110.0,44.0,220.0,-270.0,0,outdoors,fieldturf,00-0037077,00-0030565,Sam Howell,Geno Smith,SEA00,Lumen Field
2023_10_DEN_BUF,2023,REG,10,2023-11-13,Monday,20:15,DEN,24.0,BUF,22.0,Home,-2.0,46.0,0.0,401547537,15,8,7.5,-112.0,-108.0,47.5,310.0,-395.0,0,outdoors,a_turf,00-0029263,00-0034857,Russell Wilson,Josh Allen,BUF00,New Era Field
2023_11_CIN_BAL,2023,REG,11,2023-11-16,Thursday,20:15,CIN,20.0,BAL,34.0,Home,14.0,54.0,0.0,401547538,4,4,4.0,-112.0,-108.0,46.5,170.0,-205.0,1,outdoors,grass,00-0036442,00-0034796,Joe Burrow,Lamar Jackson,BAL00,M&T Bank Stadium
2023_11_ARI_HOU,2023,REG,11,2023-11-19,Sunday,13:00,ARI,16.0,HOU,21.0,Home,5.0,37.0,0.0,401547540,7,7,5.5,-108.0,-112.0,48.0,205.0,-250.0,0,closed,astroturf,00-0035228,00-0039163,Kyler Murray,C.J. Stroud,HOU00,NRG Stadium
2023_11_CHI_DET,2023,REG,11,2023-11-19,Sunday,13:00,CHI,26.0,DET,31.0,Home,5.0,57.0,0.0,401547546,10,7,8.0,-110.0,-110.0,48.0,340.0,-440.0,1,dome,fieldturf,00-0036945,00-0033106,Justin Fields,Jared Goff,DET00,Ford Field
2023_11_DAL_CAR,2023,REG,11,2023-11-19,Sunday,13:00,DAL,33.0,CAR,10.0,Home,-23.0,43.0,0.0,401547545,7,10,-11.0,-110.0,-110.0,43.0,-650.0,470.0,0,outdoors,grass,00-0033077,00-0039150,Dak Prescott,Bryce Young,CAR00,Bank of America Stadium
2023_11_LAC_GB,2023,REG,11,2023-11-19,Sunday,13:00,LAC,20.0,GB,23.0,Home,3.0,43.0,0.0,401547547,7,7,-3.0,-110.0,-110.0,44.0,-162.0,136.0,0,outdoors,grass,00-0036355,00-0036264,Justin Herbert,Jordan Love,GNB00,Lambeau Field
2023_11_LV_MIA,2023,REG,11,2023-11-19,Sunday,13:00,LV,13.0,MIA,20.0,Home,7.0,33.0,0.0,401547542,7,14,14.0,-110.0,-110.0,44.5,700.0,-1100.0,0,outdoors,grass,00-0038579,00-0036212,Aidan O'Connell,Tua Tagovailoa,MIA00,Hard Rock Stadium
2023_11_MIN_DEN,2023,REG,11,2023-11-19,Sunday,20:20,MIN,20.0,DEN,21.0,Home,1.0,41.0,0.0,401547550,7,6,2.5,-102.0,-118.0,43.5,120.0,-142.0,0,outdoors,grass,00-0033949,00-0029263,Joshua Dobbs,Russell Wilson,DEN00,Empower Field at Mile High
2023_11_NYG_WAS,2023,REG,11,2023-11-19,Sunday,13:00,NYG,31.0,WAS,19.0,Home,-12.0,50.0,0.0,401547548,7,7,7.5,-110.0,-110.0,39.0,310.0,-395.0,1,outdoors,grass,00-0038476,00-0037077,Tommy DeVito,Sam Howell,WAS00,FedExField
2023_11_NYJ_BUF,2023,REG,11,2023-11-19,Sunday,16:25,NYJ,6.0,BUF,32.0,Home,26.0,38.0,0.0,401547543,7,6,8.0,-108.0,-112.0,39.5,310.0,-395.0,1,outdoors,a_turf,00-0037013,00-0034857,Zach Wilson,Josh Allen,BUF00,New Era Field
2023_11_PIT_CLE,2023,REG,11,2023-11-19,Sunday,13:00,PIT,10.0,CLE,13.0,Home,3.0,23.0,0.0,401547539,7,7,2.5,-105.0,-115.0,34.0,120.0,-142.0,1,outdoors,grass,00-0038102,00-0038583,Kenny Pickett,Dorian Thompson-Robinson,CLE00,FirstEnergy Stadium
2023_11_SEA_LA,2023,REG,11,2023-11-19,Sunday,16:25,SEA,16.0,LA,17.0,Home,1.0,33.0,0.0,401547544,7,14,2.5,-110.0,-110.0,45.0,114.0,-135.0,1,dome,matrixturf,00-0030565,00-0026498,Geno Smith,Matthew Stafford,LAX01,SoFi Stadium
2023_11_TB_SF,2023,REG,11,2023-11-19,Sunday,16:05,TB,14.0,SF,27.0,Home,13.0,41.0,0.0,401547549,7,7,13.5,-110.0,-110.0,41.5,625.0,-950.0,0,outdoors,grass,00-0034855,00-0037834,Baker Mayfield,Brock Purdy,SFO01,Levi's Stadium
2023_11_TEN_JAX,2023,REG,11,2023-11-19,Sunday,13:00,TEN,14.0,JAX,34.0,Home,20.0,48.0,0.0,401547541,7,7,6.5,-105.0,-115.0,40.0,235.0,-290.0,1,outdoors,grass,00-0039152,00-0036971,Will Levis,Trevor Lawrence,JAX00,TIAA Bank Stadium
2023_11_PHI_KC,2023,REG,11,2023-11-20,Monday,20:15,PHI,21.0,KC,17.0,Home,-4.0,38.0,0.0,401547345,15,15,2.5,100.0,-120.0,46.0,124.0,-148.0,0,outdoors,grass,00-0036389,00-0033873,Jalen Hurts,Patrick Mahomes,KAN00,GEHA Field at Arrowhead Stadium
2023_12_GB_DET,2023,REG,12,2023-11-23,Thursday,12:30,GB,29.0,DET,22.0,Home,-7.0,51.0,0.0,401547552,4,4,8.5,-105.0,-115.0,47.0,330.0,-425.0,1,dome,fieldturf,00-0036264,00-0033106,Jordan Love,Jared Goff,DET00,Ford Field
2023_12_SF_SEA,2023,REG,12,2023-11-23,Thursday,20:20,SF,31.0,SEA,13.0,Home,-18.0,44.0,0.0,401547553,4,4,-7.0,-112.0,-108.0,43.5,-355.0,280.0,1,outdoors,fieldturf,00-0037834,00-0030565,Brock Purdy,Geno Smith,SEA00,Lumen Field
2023_12_WAS_DAL,2023,REG,12,2023-11-23,Thursday,16:30,WAS,10.0,DAL,45.0,Home,35.0,55.0,0.0,401547551,4,4,13.0,-110.0,-110.0,48.0,550.0,-800.0,1,closed,matrixturf,00-0037077,00-0033077,Sam Howell,Dak Prescott,DAL00,AT&T Stadium
2023_12_MIA_NYJ,2023,REG,12,2023-11-24,Friday,15:00,MIA,34.0,NYJ,13.0,Home,-21.0,47.0,0.0,401547242,5,5,-9.5,-120.0,100.0,40.0,-500.0,380.0,1,outdoors,fieldturf,00-0036212,00-0034177,Tua Tagovailoa,Tim Boyle,NYC01,MetLife Stadium
2023_12_BAL_LAC,2023,REG,12,2023-11-26,Sunday,20:20,BAL,20.0,LAC,10.0,Home,-10.0,30.0,0.0,401547564,10,7,-3.0,-115.0,-105.0,49.0,-170.0,142.0,0,dome,matrixturf,00-0034796,00-0036355,Lamar Jackson,Justin Herbert,LAX01,SoFi Stadium
2023_12_BUF_PHI,2023,REG,12,2023-11-26,Sunday,16:25,BUF,34.0,PHI,37.0,Home,3.0,71.0,1.0,401547558,7,6,2.5,-105.0,-115.0,49.0,124.0,-148.0,0,outdoors,grass,00-0034857,00-0036389,Josh Allen,Jalen Hurts,PHI00,Lincoln Financial Field
2023_12_CAR_TEN,2023,REG,12,2023-11-26,Sunday,13:00,CAR,10.0,TEN,17.0,Home,7.0,27.0,0.0,401547561,7,7,3.5,-112.0,-105.0,36.0,145.0,-175.0,0,outdoors,grass,00-0039150,00-0039152,Bryce Young,Will Levis,NAS00,Nissan Stadium
2023_12_CLE_DEN,2023,REG,12,2023-11-26,Sunday,16:05,CLE,12.0,DEN,29.0,Home,17.0,41.0,0.0,401547563,7,7,1.5,-110.0,-110.0,37.5,105.0,-125.0,0,outdoors,grass,00-0038583,00-0029263,Dorian Thompson-Robinson,Russell Wilson,DEN00,Empower Field at Mile High
2023_12_JAX_HOU,2023,REG,12,2023-11-26,Sunday,13:00,JAX,24.0,HOU,21.0,Home,-3.0,45.0,0.0,401547555,7,7,-1.0,-110.0,-110.0,48.0,-115.0,-105.0,1,closed,astroturf,00-0036971,00-0039163,Trevor Lawrence,C.J. Stroud,HOU00,NRG Stadium
2023_12_KC_LV,2023,REG,12,2023-11-26,Sunday,16:25,KC,31.0,LV,17.0,Home,-14.0,48.0,0.0,401547557,6,7,-9.0,-110.0,-110.0,42.5,-500.0,380.0,1,dome,grass,00-0033873,00-0038579,Patrick Mahomes,Aidan O'Connell,VEG00,Allegiant Stadium
2023_12_LA_ARI,2023,REG,12,2023-11-26,Sunday,16:05,LA,37.0,ARI,14.0,Home,-23.0,51.0,0.0,401547562,7,7,-3.0,-105.0,-115.0,45.0,-148.0,124.0,1,closed,grass,00-0026498,00-0035228,Matthew Stafford,Kyler Murray,PHO00,State Farm Stadium
2023_12_NE_NYG,2023,REG,12,2023-11-26,Sunday,13:00,NE,7.0,NYG,10.0,Home,3.0,17.0,0.0,401547560,14,7,-4.5,-108.0,-112.0,36.5,-218.0,180.0,0,outdoors,fieldturf,00-0036972,00-0038476,Mac Jones,Tommy DeVito,NYC01,MetLife Stadium
2023_12_NO_ATL,2023,REG,12,2023-11-26,Sunday,13:00,NO,15.0,ATL,24.0,Home,9.0,39.0,0.0,401547559,14,14,-2.0,-110.0,-110.0,42.0,-130.0,110.0,1,closed,fieldturf,00-0031280,00-0038122,Derek Carr,Desmond Ridder,ATL97,Mercedes-Benz Stadium
2023_12_PIT_CIN,2023,REG,12,2023-11-26,Sunday,13:00,PIT,16.0,CIN,10.0,Home,-6.0,26.0,0.0,401547554,7,10,-2.0,-112.0,-108.0,36.0,-135.0,114.0,1,outdoors,fieldturf,00-0038102,00-0035100,Kenny Pickett,Jake Browning,CIN00,Paycor Stadium
2023_12_TB_IND,2023,REG,12,2023-11-26,Sunday,13:00,TB,20.0,IND,27.0,Home,7.0,47.0,0.0,401547556,7,14,2.5,-105.0,-115.0,45.0,130.0,-155.0,0,closed,fieldturf,00-0034855,00-0035289,Baker Mayfield,Gardner Minshew,IND00,Lucas Oil Stadium
2023_12_CHI_MIN,2023,REG,12,2023-11-27,Monday,20:15,CHI,12.0,MIN,10.0,Home,-2.0,22.0,0.0,401547565,8,8,3.0,-105.0,-115.0,43.5,140.0,-166.0,1,dome,sportturf,00-0036945,00-0033949,Justin Fields,Joshua Dobbs,MIN01,U.S. Bank Stadium
2023_13_SEA_DAL,2023,REG,13,2023-11-30,Thursday,20:15,SEA,35.0,DAL,41.0,Home,6.0,76.0,0.0,401547566,7,7,9.5,-102.0,-118.0,47.5,380.0,-500.0,0,closed,matrixturf,00-0030565,00-0033077,Geno Smith,Dak Prescott,DAL00,AT&T Stadium
2023_13_ARI_PIT,2023,REG,13,2023-12-03,Sunday,13:00,ARI,24.0,PIT,10.0,Home,-14.0,34.0,0.0,401547568,7,7,6.0,-105.0,-115.0,41.0,230.0,-285.0,0,outdoors,grass,00-0035228,00-0038102,Kyler Murray,Kenny Pickett,PIT00,Acrisure Stadium
2023_13_ATL_NYJ,2023,REG,13,2023-12-03,Sunday,13:00,ATL,13.0,NYJ,8.0,Home,-5.0,21.0,0.0,401547573,7,9,-2.0,-108.0,-112.0,33.0,-125.0,105.0,0,outdoors,fieldturf,00-0038122,00-0034177,Desmond Ridder,Tim Boyle,NYC01,MetLife Stadium
2023_13_CAR_TB,2023,REG,13,2023-12-03,Sunday,16:05,CAR,18.0,TB,21.0,Home,3.0,39.0,0.0,401547569,7,7,4.0,-110.0,-110.0,37.0,164.0,-198.0,1,outdoors,grass,00-0039150,00-0034855,Bryce Young,Baker Mayfield,TAM00,Raymond James Stadium
2023_13_CLE_LA,2023,REG,13,2023-12-03,Sunday,16:25,CLE,19.0,LA,36.0,Home,17.0,55.0,0.0,401547575,7,7,3.5,-110.0,-110.0,39.5,160.0,-192.0,0,dome,matrixturf,00-0026158,00-0026498,Joe Flacco,Matthew Stafford,LAX01,SoFi Stadium
2023_13_DEN_HOU,2023,REG,13,2023-12-03,Sunday,13:00,DEN,17.0,HOU,22.0,Home,5.0,39.0,0.0,401547571,7,7,3.5,-122.0,102.0,47.5,142.0,-170.0,0,closed,astroturf,00-0029263,00-0039163,Russell Wilson,C.J. Stroud,HOU00,NRG Stadium
2023_13_DET_NO,2023,REG,13,2023-12-03,Sunday,13:00,DET,33.0,NO,28.0,Home,-5.0,61.0,0.0,401547572,10,7,-4.0,-110.0,-110.0,47.5,-198.0,164.0,0,dome,sportturf,00-0033106,00-0031280,Jared Goff,Derek Carr,NOR00,Mercedes-Benz Superdome
2023_13_IND_TEN,2023,REG,13,2023-12-03,Sunday,13:00,IND,31.0,TEN,28.0,Home,-3.0,59.0,1.0,401547570,7,7,-1.5,-110.0,-110.0,42.0,-122.0,102.0,1,outdoors,grass,00-0035289,00-0039152,Gardner Minshew,Will Levis,NAS00,Nissan Stadium
2023_13_KC_GB,2023,REG,13,2023-12-03,Sunday,20:20,KC,19.0,GB,27.0,Home,8.0,46.0,0.0,401547576,7,10,-5.5,-118.0,-102.0,43.5,-265.0,215.0,0,outdoors,grass,00-0033873,00-0036264,Patrick Mahomes,Jordan Love,GNB00,Lambeau Field
2023_13_LAC_NE,2023,REG,13,2023-12-03,Sunday,13:00,LAC,6.0,NE,0.0,Home,-6.0,6.0,0.0,401547567,7,7,-4.5,-110.0,-110.0,38.5,-225.0,185.0,0,outdoors,fieldturf,00-0036355,00-0038108,Justin Herbert,Bailey Zappe,BOS00,Gillette Stadium
2023_13_MIA_WAS,2023,REG,13,2023-12-03,Sunday,13:00,MIA,45.0,WAS,15.0,Home,-30.0,60.0,0.0,401547574,9,10,-8.5,-112.0,-108.0,50.0,-455.0,350.0,0,outdoors,grass,00-0036212,00-0037077,Tua Tagovailoa,Sam Howell,WAS00,FedExField
2023_13_SF_PHI,2023,REG,13,2023-12-03,Sunday,16:25,SF,42.0,PHI,19.0,Home,-23.0,61.0,0.0,401547276,10,7,-3.0,-105.0,-115.0,46.5,-148.0,124.0,0,outdoors,grass,00-0037834,00-0036389,Brock Purdy,Jalen Hurts,PHI00,Lincoln Financial Field
2023_13_CIN_JAX,2023,REG,13,2023-12-04,Monday,20:15,CIN,34.0,JAX,31.0,Home,-3.0,65.0,1.0,401547577,8,8,10.0,-105.0,-115.0,41.0,410.0,-550.0,0,outdoors,grass,00-0035100,00-0036971,Jake Browning,Trevor Lawrence,JAX00,TIAA Bank Stadium
2023_14_NE_PIT,2023,REG,14,2023-12-07,Thursday,20:15,NE,21.0,PIT,18.0,Home,-3.0,39.0,0.0,401547578,4,4,6.0,-118.0,-102.0,30.0,220.0,-270.0,0,outdoors,grass,00-0038108,00-0033869,Bailey Zappe,Mitchell Trubisky,PIT00,Acrisure Stadium
2023_14_BUF_KC,2023,REG,14,2023-12-10,Sunday,16:25,BUF,20.0,KC,17.0,Home,-3.0,37.0,0.0,401547583,14,7,2.0,-110.0,-110.0,49.5,105.0,-125.0,0,outdoors,grass,00-0034857,00-0033873,Josh Allen,Patrick Mahomes,KAN00,GEHA Field at Arrowhead Stadium
2023_14_CAR_NO,2023,REG,14,2023-12-10,Sunday,13:00,CAR,6.0,NO,28.0,Home,22.0,34.0,0.0,401547587,7,7,5.5,-110.0,-110.0,39.0,200.0,-245.0,1,dome,sportturf,00-0039150,00-0031280,Bryce Young,Derek Carr,NOR00,Mercedes-Benz Superdome
2023_14_DEN_LAC,2023,REG,14,2023-12-10,Sunday,16:25,DEN,24.0,LAC,7.0,Home,-17.0,31.0,0.0,401547584,7,7,3.0,-112.0,-108.0,45.0,136.0,-162.0,1,dome,matrixturf,00-0029263,00-0036355,Russell Wilson,Justin Herbert,LAX01,SoFi Stadium
2023_14_DET_CHI,2023,REG,14,2023-12-10,Sunday,13:00,DET,13.0,CHI,28.0,Home,15.0,41.0,0.0,401547586,7,13,-3.0,-120.0,100.0,44.5,-170.0,142.0,1,outdoors,grass,00-0033106,00-0036945,Jared Goff,Justin Fields,CHI98,Soldier Field
2023_14_HOU_NYJ,2023,REG,14,2023-12-10,Sunday,13:00,HOU,6.0,NYJ,30.0,Home,24.0,36.0,0.0,401547582,7,7,-3.5,-108.0,-112.0,33.5,-175.0,145.0,0,outdoors,fieldturf,00-0039163,00-0037013,C.J. Stroud,Zach Wilson,NYC01,MetLife Stadium
2023_14_IND_CIN,2023,REG,14,2023-12-10,Sunday,13:00,IND,14.0,CIN,34.0,Home,20.0,48.0,0.0,401547580,7,6,3.0,-118.0,-102.0,45.0,124.0,-148.0,0,outdoors,fieldturf,00-0035289,00-0035100,Gardner Minshew,Jake Browning,CIN00,Paycor Stadium
2023_14_JAX_CLE,2023,REG,14,2023-12-10,Sunday,13:00,JAX,27.0,CLE,31.0,Home,4.0,58.0,0.0,401547581,6,7,2.5,-108.0,-112.0,37.5,120.0,-142.0,0,outdoors,grass,00-0036971,00-0026158,Trevor Lawrence,Joe Flacco,CLE00,FirstEnergy Stadium
2023_14_LA_BAL,2023,REG,14,2023-12-10,Sunday,13:00,LA,31.0,BAL,37.0,Home,6.0,68.0,1.0,401547585,7,14,7.5,-115.0,-105.0,42.0,285.0,-360.0,0,outdoors,grass,00-0026498,00-0034796,Matthew Stafford,Lamar Jackson,BAL00,M&T Bank Stadium
2023_14_MIN_LV,2023,REG,14,2023-12-10,Sunday,16:05,MIN,3.0,LV,0.0,Home,-3.0,3.0,0.0,401547588,13,14,-3.0,-108.0,-112.0,40.5,-155.0,130.0,0,dome,grass,00-0033949,00-0038579,Joshua Dobbs,Aidan O'Connell,VEG00,Allegiant Stadium
2023_14_PHI_DAL,2023,REG,14,2023-12-10,Sunday,20:20,PHI,13.0,DAL,33.0,Home,20.0,46.0,0.0,401547590,7,10,3.5,-118.0,-102.0,52.5,145.0,-175.0,1,closed,matrixturf,00-0036389,00-0033077,Jalen Hurts,Dak Prescott,DAL00,AT&T Stadium
2023_14_SEA_SF,2023,REG,14,2023-12-10,Sunday,16:05,SEA,16.0,SF,28.0,Home,12.0,44.0,0.0,401547589,10,7,14.5,-110.0,-110.0,44.5,650.0,-1000.0,1,outdoors,grass,00-0035704,00-0037834,Drew Lock,Brock Purdy,SFO01,Levi's Stadium
2023_14_TB_ATL,2023,REG,14,2023-12-10,Sunday,13:00,TB,29.0,ATL,25.0,Home,-4.0,54.0,0.0,401547579,7,7,1.5,-108.0,-112.0,41.5,105.0,-125.0,1,closed,fieldturf,00-0034855,00-0038122,Baker Mayfield,Desmond Ridder,ATL97,Mercedes-Benz Stadium
2023_14_GB_NYG,2023,REG,14,2023-12-11,Monday,20:15,GB,22.0,NYG,24.0,Home,2.0,46.0,0.0,401547591,8,15,-6.0,-112.0,-108.0,37.5,-265.0,215.0,0,outdoors,fieldturf,00-0036264,00-0038476,Jordan Love,Tommy DeVito,NYC01,MetLife Stadium
2023_14_TEN_MIA,2023,REG,14,2023-12-11,Monday,20:15,TEN,28.0,MIA,27.0,Home,-1.0,55.0,0.0,401547592,8,8,14.0,-110.0,-110.0,45.0,625.0,-950.0,0,outdoors,grass,00-0039152,00-0036212,Will Levis,Tua Tagovailoa,MIA00,Hard Rock Stadium
2023_15_LAC_LV,2023,REG,15,2023-12-14,Thursday,20:15,LAC,21.0,LV,63.0,Home,42.0,84.0,0.0,401547593,4,4,3.0,-110.0,-110.0,36.0,136.0,-162.0,1,dome,grass,00-0035282,00-0038579,Easton Stick,Aidan O'Connell,VEG00,Allegiant Stadium
2023_15_DEN_DET,2023,REG,15,2023-12-16,Saturday,20:15,DEN,17.0,DET,42.0,Home,25.0,59.0,0.0,401547606,6,6,5.5,-108.0,-112.0,49.0,210.0,-258.0,0,dome,fieldturf,00-0029263,00-0033106,Russell Wilson,Jared Goff,DET00,Ford Field
2023_15_MIN_CIN,2023,REG,15,2023-12-16,Saturday,13:00,MIN,24.0,CIN,27.0,Home,3.0,51.0,1.0,401547604,6,6,3.0,-105.0,-115.0,41.5,145.0,-175.0,0,outdoors,fieldturf,00-0033319,00-0035100,Nick Mullens,Jake Browning,CIN00,Paycor Stadium
2023_15_PIT_IND,2023,REG,15,2023-12-16,Saturday,16:30,PIT,13.0,IND,30.0,Home,17.0,43.0,0.0,401547607,9,6,1.5,-110.0,-110.0,41.5,102.0,-122.0,0,closed,fieldturf,00-0033869,00-0035289,Mitchell Trubisky,Gardner Minshew,IND00,Lucas Oil Stadium
2023_15_ATL_CAR,2023,REG,15,2023-12-17,Sunday,13:00,ATL,7.0,CAR,9.0,Home,2.0,16.0,0.0,401547603,7,7,-3.0,-102.0,-118.0,32.0,-155.0,130.0,1,outdoors,grass,00-0038122,00-0039150,Desmond Ridder,Bryce Young,CAR00,Bank of America Stadium
2023_15_BAL_JAX,2023,REG,15,2023-12-17,Sunday,20:20,BAL,23.0,JAX,7.0,Home,-16.0,30.0,0.0,401547602,7,7,-4.0,-110.0,-110.0,42.5,-225.0,185.0,0,outdoors,grass,00-0034796,00-0036971,Lamar Jackson,Trevor Lawrence,JAX00,TIAA Bank Stadium
2023_15_CHI_CLE,2023,REG,15,2023-12-17,Sunday,13:00,CHI,17.0,CLE,20.0,Home,3.0,37.0,0.0,401547605,7,7,3.0,-120.0,100.0,38.0,124.0,-148.0,0,outdoors,grass,00-0036945,00-0026158,Justin Fields,Joe Flacco,CLE00,FirstEnergy Stadium
2023_15_DAL_BUF,2023,REG,15,2023-12-17,Sunday,16:25,DAL,10.0,BUF,31.0,Home,21.0,41.0,0.0,401547600,7,7,2.0,-108.0,-112.0,49.5,114.0,-135.0,0,outdoors,a_turf,00-0033077,00-0034857,Dak Prescott,Josh Allen,BUF00,New Era Field
2023_15_HOU_TEN,2023,REG,15,2023-12-17,Sunday,13:00,HOU,19.0,TEN,16.0,Home,-3.0,35.0,1.0,401547595,7,6,3.0,100.0,-120.0,38.0,142.0,-170.0,1,outdoors,grass,00-0028986,00-0039152,Case Keenum,Will Levis,NAS00,Nissan Stadium
2023_15_KC_NE,2023,REG,15,2023-12-17,Sunday,13:00,KC,27.0,NE,17.0,Home,-10.0,44.0,0.0,401547608,7,10,-10.0,-112.0,-108.0,39.5,-485.0,370.0,0,outdoors,fieldturf,00-0033873,00-0038108,Patrick Mahomes,Bailey Zappe,BOS00,Gillette Stadium
2023_15_NYG_NO,2023,REG,15,2023-12-17,Sunday,13:00,NYG,6.0,NO,24.0,Home,18.0,30.0,0.0,401547599,6,7,6.0,-108.0,-112.0,39.5,205.0,-250.0,0,dome,sportturf,00-0038476,00-0031280,Tommy DeVito,Derek Carr,NOR00,Mercedes-Benz Superdome
2023_15_NYJ_MIA,2023,REG,15,2023-12-17,Sunday,13:00,NYJ,0.0,MIA,30.0,Home,30.0,30.0,0.0,401547594,7,6,7.5,-115.0,-105.0,36.0,275.0,-345.0,1,outdoors,grass,00-0037013,00-0036212,Zach Wilson,Tua Tagovailoa,MIA00,Hard Rock Stadium
2023_15_SF_ARI,2023,REG,15,2023-12-17,Sunday,16:05,SF,45.0,ARI,29.0,Home,-16.0,74.0,0.0,401547596,7,14,-12.5,-110.0,-110.0,48.0,-750.0,525.0,1,open,grass,00-0037834,00-0035228,Brock Purdy,Kyler Murray,PHO00,State Farm Stadium
2023_15_TB_GB,2023,REG,15,2023-12-17,Sunday,13:00,TB,34.0,GB,20.0,Home,-14.0,54.0,0.0,401547598,7,6,4.0,-110.0,-110.0,41.5,180.0,-218.0,0,outdoors,grass,00-0034855,00-0036264,Baker Mayfield,Jordan Love,GNB00,Lambeau Field
2023_15_WAS_LA,2023,REG,15,2023-12-17,Sunday,16:05,WAS,20.0,LA,28.0,Home,8.0,48.0,0.0,401547597,14,7,6.5,-108.0,-112.0,48.5,240.0,-298.0,0,dome,matrixturf,00-0037077,00-0026498,Sam Howell,Matthew Stafford,LAX01,SoFi Stadium
2023_15_PHI_SEA,2023,REG,15,2023-12-18,Monday,20:15,PHI,17.0,SEA,20.0,Home,3.0,37.0,0.0,401547601,8,8,-5.0,-120.0,100.0,46.0,-238.0,195.0,0,outdoors,fieldturf,00-0036389,00-0035704,Jalen Hurts,Drew Lock,SEA00,Lumen Field
2023_16_NO_LA,2023,REG,16,2023-12-21,Thursday,20:15,NO,22.0,LA,30.0,Home,8.0,52.0,0.0,401547609,4,4,4.0,100.0,-120.0,45.5,180.0,-218.0,0,dome,matrixturf,00-0031280,00-0026498,Derek Carr,Matthew Stafford,LAX01,SoFi Stadium
2023_16_BUF_LAC,2023,REG,16,2023-12-23,Saturday,20:00,BUF,24.0,LAC,22.0,Home,-2.0,46.0,0.0,401547611,6,9,-13.0,-105.0,-115.0,44.5,-800.0,550.0,0,dome,matrixturf,00-0034857,00-0035282,Josh Allen,Easton Stick,LAX01,SoFi Stadium
2023_16_CIN_PIT,2023,REG,16,2023-12-23,Saturday,16:30,CIN,11.0,PIT,34.0,Home,23.0,45.0,0.0,401547610,7,7,-3.0,-105.0,-115.0,39.5,-155.0,130.0,1,outdoors,grass,00-0035100,00-0034771,Jake Browning,Mason Rudolph,PIT00,Acrisure Stadium
2023_16_ARI_CHI,2023,REG,16,2023-12-24,Sunday,16:25,ARI,16.0,CHI,27.0,Home,11.0,43.0,0.0,401547619,7,7,4.5,-110.0,-110.0,42.0,180.0,-218.0,0,outdoors,grass,00-0035228,00-0036945,Kyler Murray,Justin Fields,CHI98,Soldier Field
2023_16_CLE_HOU,2023,REG,16,2023-12-24,Sunday,13:00,CLE,36.0,HOU,22.0,Home,-14.0,58.0,0.0,401547612,7,7,-3.0,-110.0,-110.0,40.0,-162.0,136.0,0,closed,astroturf,00-0026158,00-0028986,Joe Flacco,Case Keenum,HOU00,NRG Stadium
2023_16_DAL_MIA,2023,REG,16,2023-12-24,Sunday,16:25,DAL,20.0,MIA,22.0,Home,2.0,42.0,0.0,401547620,7,7,1.5,-110.0,-110.0,48.5,102.0,-122.0,0,outdoors,grass,00-0033077,00-0036212,Dak Prescott,Tua Tagovailoa,MIA00,Hard Rock Stadium
2023_16_DET_MIN,2023,REG,16,2023-12-24,Sunday,13:00,DET,30.0,MIN,24.0,Home,-6.0,54.0,0.0,401547618,8,8,-2.5,-125.0,105.0,47.5,-148.0,124.0,1,dome,sportturf,00-0033106,00-0033319,Jared Goff,Nick Mullens,MIN01,U.S. Bank Stadium
2023_16_GB_CAR,2023,REG,16,2023-12-24,Sunday,13:00,GB,33.0,CAR,30.0,Home,-3.0,63.0,0.0,401547617,7,7,-3.5,-112.0,-108.0,39.5,-198.0,164.0,0,outdoors,grass,00-0036264,00-0039150,Jordan Love,Bryce Young,CAR00,Bank of America Stadium
2023_16_IND_ATL,2023,REG,16,2023-12-24,Sunday,13:00,IND,10.0,ATL,29.0,Home,19.0,39.0,0.0,401547616,8,7,3.0,-115.0,-105.0,44.0,130.0,-155.0,0,closed,fieldturf,00-0035289,00-0031800,Gardner Minshew,Taylor Heinicke,ATL97,Mercedes-Benz Stadium
2023_16_JAX_TB,2023,REG,16,2023-12-24,Sunday,16:05,JAX,12.0,TB,30.0,Home,18.0,42.0,0.0,401547615,7,7,-2.0,-110.0,-110.0,43.0,-125.0,105.0,0,outdoors,grass,00-0036971,00-0034855,Trevor Lawrence,Baker Mayfield,TAM00,Raymond James Stadium
2023_16_NE_DEN,2023,REG,16,2023-12-24,Sunday,20:15,NE,26.0,DEN,23.0,Home,-3.0,49.0,0.0,401547621,7,8,7.0,-110.0,-110.0,37.5,270.0,-340.0,0,outdoors,grass,00-0038108,00-0029263,Bailey Zappe,Russell Wilson,DEN00,Empower Field at Mile High
2023_16_SEA_TEN,2023,REG,16,2023-12-24,Sunday,13:00,SEA,20.0,TEN,17.0,Home,-3.0,37.0,0.0,401547614,6,7,-3.0,-110.0,-110.0,42.0,-166.0,140.0,0,outdoors,grass,00-0030565,00-0029701,Geno Smith,Ryan Tannehill,NAS00,Nissan Stadium
2023_16_WAS_NYJ,2023,REG,16,2023-12-24,Sunday,13:00,WAS,28.0,NYJ,30.0,Home,2.0,58.0,0.0,401547613,7,7,3.0,-108.0,-112.0,36.5,140.0,-166.0,0,outdoors,fieldturf,00-0037077,00-0032156,Sam Howell,Trevor Siemian,NYC01,MetLife Stadium
2023_16_BAL_SF,2023,REG,16,2023-12-25,Monday,20:15,BAL,33.0,SF,19.0,Home,-14.0,52.0,0.0,401547622,8,8,6.5,-105.0,-115.0,47.5,275.0,-345.0,0,outdoors,grass,00-0034796,00-0037834,Lamar Jackson,Brock Purdy,SFO01,Levi's Stadium
2023_16_LV_KC,2023,REG,16,2023-12-25,Monday,13:00,LV,20.0,KC,14.0,Home,-6.0,34.0,0.0,401547351,11,8,11.0,-102.0,-118.0,40.5,440.0,-600.0,1,outdoors,grass,00-0038579,00-0033873,Aidan O'Connell,Patrick Mahomes,KAN00,GEHA Field at Arrowhead Stadium
2023_16_NYG_PHI,2023,REG,16,2023-12-25,Monday,16:30,NYG,25.0,PHI,33.0,Home,8.0,58.0,0.0,401547241,8,7,14.0,-112.0,-108.0,41.0,600.0,-900.0,1,outdoors,grass,00-0038476,00-0036389,Tommy DeVito,Jalen Hurts,PHI00,Lincoln Financial Field
2023_17_NYJ_CLE,2023,REG,17,2023-12-28,Thursday,20:15,NYJ,20.0,CLE,37.0,Home,17.0,57.0,0.0,401547623,4,4,6.5,-105.0,-115.0,33.5,270.0,-345.0,0,outdoors,grass,00-0032156,00-0026158,Trevor Siemian,Joe Flacco,CLE00,FirstEnergy Stadium
2023_17_DET_DAL,2023,REG,17,2023-12-30,Saturday,20:15,DET,19.0,DAL,20.0,Home,1.0,39.0,0.0,401547624,6,6,5.5,-110.0,-110.0,53.0,195.0,-238.0,0,closed,matrixturf,00-0033106,00-0033077,Jared Goff,Dak Prescott,DAL00,AT&T Stadium
2023_17_ARI_PHI,2023,REG,17,2023-12-31,Sunday,13:00,ARI,35.0,PHI,31.0,Home,-4.0,66.0,0.0,401547633,7,6,12.0,-110.0,-110.0,48.0,525.0,-750.0,0,outdoors,grass,00-0035228,00-0036389,Kyler Murray,Jalen Hurts,PHI00,Lincoln Financial Field
2023_17_ATL_CHI,2023,REG,17,2023-12-31,Sunday,13:00,ATL,17.0,CHI,37.0,Home,20.0,54.0,0.0,401547627,7,7,3.0,-115.0,-105.0,39.0,130.0,-155.0,0,outdoors,grass,00-0031800,00-0036945,Taylor Heinicke,Justin Fields,CHI98,Soldier Field
2023_17_CAR_JAX,2023,REG,17,2023-12-31,Sunday,13:00,CAR,0.0,JAX,26.0,Home,26.0,26.0,0.0,401547629,7,7,3.5,-110.0,-110.0,38.0,160.0,-192.0,0,outdoors,grass,00-0039150,00-0033936,Bryce Young,C.J. Beathard,JAX00,TIAA Bank Stadium
2023_17_CIN_KC,2023,REG,17,2023-12-31,Sunday,16:25,CIN,17.0,KC,25.0,Home,8.0,42.0,0.0,401547235,8,6,7.5,-115.0,-105.0,46.0,275.0,-345.0,0,outdoors,grass,00-0035100,00-0033873,Jake Browning,Patrick Mahomes,KAN00,GEHA Field at Arrowhead Stadium
2023_17_GB_MIN,2023,REG,17,2023-12-31,Sunday,20:20,GB,33.0,MIN,10.0,Home,-23.0,43.0,0.0,401547637,7,7,1.0,-112.0,-108.0,42.5,-108.0,-112.0,1,dome,sportturf,00-0036264,00-0038598,Jordan Love,Jaren Hall,MIN01,U.S. Bank Stadium
2023_17_LAC_DEN,2023,REG,17,2023-12-31,Sunday,16:25,LAC,9.0,DEN,16.0,Home,7.0,25.0,0.0,401547630,8,7,3.5,-108.0,-112.0,39.5,164.0,-198.0,1,outdoors,grass,00-0035282,00-0035264,Easton Stick,Jarrett Stidham,DEN00,Empower Field at Mile High
2023_17_LA_NYG,2023,REG,17,2023-12-31,Sunday,13:00,LA,26.0,NYG,25.0,Home,-1.0,51.0,0.0,401547632,10,6,-6.0,-112.0,-108.0,43.5,-298.0,240.0,0,outdoors,fieldturf,00-0026498,00-0028118,Matthew Stafford,Tyrod Taylor,NYC01,MetLife Stadium
2023_17_LV_IND,2023,REG,17,2023-12-31,Sunday,13:00,LV,20.0,IND,23.0,Home,3.0,43.0,0.0,401547628,6,7,3.5,-110.0,-110.0,42.5,150.0,-180.0,0,closed,fieldturf,00-0038579,00-0035289,Aidan O'Connell,Gardner Minshew,IND00,Lucas Oil Stadium
2023_17_MIA_BAL,2023,REG,17,2023-12-31,Sunday,13:00,MIA,19.0,BAL,56.0,Home,37.0,75.0,0.0,401547625,7,6,3.0,100.0,-120.0,47.0,150.0,-180.0,0,outdoors,grass,00-0036212,00-0034796,Tua Tagovailoa,Lamar Jackson,BAL00,M&T Bank Stadium
2023_17_NE_BUF,2023,REG,17,2023-12-31,Sunday,13:00,NE,21.0,BUF,27.0,Home,6.0,48.0,0.0,401547626,7,8,15.0,-110.0,-110.0,40.0,750.0,-1200.0,1,outdoors,a_turf,00-0038108,00-0034857,Bailey Zappe,Josh Allen,BUF00,New Era Field
2023_17_NO_TB,2023,REG,17,2023-12-31,Sunday,13:00,NO,23.0,TB,13.0,Home,-10.0,36.0,0.0,401547634,10,7,2.5,100.0,-120.0,42.5,124.0,-148.0,1,outdoors,grass,00-0031280,00-0034855,Derek Carr,Baker Mayfield,TAM00,Raymond James Stadium
2023_17_PIT_SEA,2023,REG,17,2023-12-31,Sunday,16:05,PIT,30.0,SEA,23.0,Home,-7.0,53.0,0.0,401547636,8,7,4.5,-110.0,-110.0,40.5,185.0,-225.0,0,outdoors,fieldturf,00-0034771,00-0030565,Mason Rudolph,Geno Smith,SEA00,Lumen Field
2023_17_SF_WAS,2023,REG,17,2023-12-31,Sunday,13:00,SF,27.0,WAS,10.0,Home,-17.0,37.0,0.0,401547635,6,7,-14.0,-115.0,-105.0,49.0,-1050.0,675.0,0,outdoors,grass,00-0037834,00-0037077,Brock Purdy,Sam Howell,WAS00,FedExField
2023_17_TEN_HOU,2023,REG,17,2023-12-31,Sunday,13:00,TEN,3.0,HOU,26.0,Home,23.0,29.0,0.0,401547631,7,7,5.0,-105.0,-115.0,44.0,190.0,-230.0,1,closed,astroturf,00-0039152,00-0039163,Will Levis,C.J. Stroud,HOU00,NRG Stadium
2023_18_HOU_IND,2023,REG,18,2024-01-06,Saturday,20:15,HOU,23.0,IND,19.0,Home,-4.0,42.0,0.0,401547644,6,6,-1.5,-110.0,-110.0,47.5,-125.0,105.0,1,closed,fieldturf,00-0039163,00-0035289,C.J. Stroud,Gardner Minshew,IND00,Lucas Oil Stadium
2023_18_PIT_BAL,2023,REG,18,2024-01-06,Saturday,16:30,PIT,17.0,BAL,10.0,Home,-7.0,27.0,0.0,401547639,6,6,-3.0,-105.0,-115.0,34.0,-155.0,130.0,1,outdoors,grass,00-0034771,00-0035993,Mason Rudolph,Tyler Huntley,BAL00,M&T Bank Stadium
2023_18_ATL_NO,2023,REG,18,2024-01-07,Sunday,13:00,ATL,17.0,NO,48.0,Home,31.0,65.0,0.0,401547649,7,7,3.5,-122.0,102.0,41.5,145.0,-175.0,1,dome,sportturf,00-0038122,00-0031280,Desmond Ridder,Derek Carr,NOR00,Mercedes-Benz Superdome
2023_18_BUF_MIA,2023,REG,18,2024-01-07,Sunday,20:20,BUF,21.0,MIA,14.0,Home,-7.0,35.0,0.0,401547647,7,7,-2.5,-125.0,105.0,47.5,-155.0,130.0,1,outdoors,grass,00-0034857,00-0036212,Josh Allen,Tua Tagovailoa,MIA00,Hard Rock Stadium
2023_18_CHI_GB,2023,REG,18,2024-01-07,Sunday,16:25,CHI,9.0,GB,17.0,Home,8.0,26.0,0.0,401547643,7,7,2.5,-102.0,-118.0,45.5,124.0,-148.0,1,outdoors,grass,00-0036945,00-0036264,Justin Fields,Jordan Love,GNB00,Lambeau Field
2023_18_CLE_CIN,2023,REG,18,2024-01-07,Sunday,13:00,CLE,14.0,CIN,31.0,Home,17.0,45.0,0.0,401547641,10,7,7.5,-115.0,-105.0,37.0,285.0,-360.0,1,outdoors,fieldturf,00-0032436,00-0035100,Jeff Driskel,Jake Browning,CIN00,Paycor Stadium
2023_18_DAL_WAS,2023,REG,18,2024-01-07,Sunday,16:25,DAL,38.0,WAS,10.0,Home,-28.0,48.0,0.0,401547653,8,7,-13.0,-115.0,-105.0,47.5,-850.0,575.0,1,outdoors,grass,00-0033077,00-0037077,Dak Prescott,Sam Howell,WAS00,FedExField
2023_18_DEN_LV,2023,REG,18,2024-01-07,Sunday,16:25,DEN,14.0,LV,27.0,Home,13.0,41.0,0.0,401547646,7,7,3.5,-118.0,-102.0,37.5,145.0,-175.0,1,dome,grass,00-0035264,00-0038579,Jarrett Stidham,Aidan O'Connell,VEG00,Allegiant Stadium
2023_18_JAX_TEN,2023,REG,18,2024-01-07,Sunday,13:00,JAX,20.0,TEN,28.0,Home,8.0,48.0,0.0,401547652,7,7,-3.5,-102.0,-118.0,41.5,-185.0,154.0,1,outdoors,grass,00-0036971,00-0029701,Trevor Lawrence,Ryan Tannehill,NAS00,Nissan Stadium
2023_18_KC_LAC,2023,REG,18,2024-01-07,Sunday,16:25,KC,13.0,LAC,12.0,Home,-1.0,25.0,0.0,401547645,7,7,3.5,-115.0,-105.0,35.0,154.0,-185.0,1,dome,matrixturf,00-0027948,00-0035282,Blaine Gabbert,Easton Stick,LAX01,SoFi Stadium
2023_18_LA_SF,2023,REG,18,2024-01-07,Sunday,16:25,LA,21.0,SF,20.0,Home,-1.0,41.0,0.0,401547651,7,7,5.5,-108.0,-112.0,40.0,200.0,-245.0,1,outdoors,grass,00-0032950,00-0034869,Carson Wentz,Sam Darnold,SFO01,Levi's Stadium
2023_18_MIN_DET,2023,REG,18,2024-01-07,Sunday,13:00,MIN,20.0,DET,30.0,Home,10.0,50.0,0.0,401547642,7,8,3.5,-102.0,-118.0,47.5,170.0,-205.0,1,dome,fieldturf,00-0033319,00-0033106,Nick Mullens,Jared Goff,DET00,Ford Field
2023_18_NYJ_NE,2023,REG,18,2024-01-07,Sunday,13:00,NYJ,17.0,NE,3.0,Home,-14.0,20.0,0.0,401547648,10,7,2.5,-112.0,-108.0,28.5,120.0,-142.0,1,outdoors,fieldturf,00-0032156,00-0038108,Trevor Siemian,Bailey Zappe,BOS00,Gillette Stadium
2023_18_PHI_NYG,2023,REG,18,2024-01-07,Sunday,16:25,PHI,10.0,NYG,27.0,Home,17.0,37.0,0.0,401547650,7,7,-4.5,-112.0,-108.0,43.0,-238.0,190.0,1,outdoors,fieldturf,00-0036389,00-0028118,Jalen Hurts,Tyrod Taylor,NYC01,MetLife Stadium
2023_18_SEA_ARI,2023,REG,18,2024-01-07,Sunday,16:25,SEA,21.0,ARI,20.0,Home,-1.0,41.0,0.0,401547638,7,7,-2.5,-122.0,102.0,48.0,-155.0,130.0,1,closed,grass,00-0030565,00-0035228,Geno Smith,Kyler Murray,PHO00,State Farm Stadium
2023_18_TB_CAR,2023,REG,18,2024-01-07,Sunday,13:00,TB,9.0,CAR,0.0,Home,-9.0,9.0,0.0,401547640,7,7,-5.0,-105.0,-115.0,36.5,-245.0,200.0,1,outdoors,grass,00-0034855,00-0039150,Baker Mayfield,Bryce Young,CAR00,Bank of America Stadium
2023_19_CLE_HOU,2023,WC,19,2024-01-13,Saturday,16:30,CLE,14.0,HOU,45.0,Home,31.0,59.0,0.0,401547749,6,7,-2.5,-110.0,-110.0,45.0,-148.0,124.0,0,closed,astroturf,00-0026158,00-0039163,Joe Flacco,C.J. Stroud,HOU00,NRG Stadium
2023_19_MIA_KC,2023,WC,19,2024-01-13,Saturday,20:00,MIA,7.0,KC,26.0,Home,19.0,33.0,0.0,401547750,6,6,4.5,-102.0,-118.0,43.5,190.0,-230.0,0,outdoors,grass,00-0036212,00-0033873,Tua Tagovailoa,Patrick Mahomes,KAN00,GEHA Field at Arrowhead Stadium
2023_19_GB_DAL,2023,WC,19,2024-01-14,Sunday,16:30,GB,48.0,DAL,32.0,Home,-16.0,80.0,0.0,401547752,7,7,7.0,102.0,-122.0,52.5,275.0,-345.0,0,closed,matrixturf,00-0036264,00-0033077,Jordan Love,Dak Prescott,DAL00,AT&T Stadium
2023_19_LA_DET,2023,WC,19,2024-01-14,Sunday,20:00,LA,23.0,DET,24.0,Home,1.0,47.0,0.0,401547753,7,7,3.5,-122.0,102.0,52.5,136.0,-162.0,0,dome,fieldturf,00-0026498,00-0033106,Matthew Stafford,Jared Goff,DET00,Ford Field
2023_19_PHI_TB,2023,WC,19,2024-01-15,Monday,20:00,PHI,9.0,TB,32.0,Home,23.0,41.0,0.0,401547754,8,8,-2.5,-125.0,105.0,43.0,-162.0,136.0,0,outdoors,grass,00-0036389,00-0034855,Jalen Hurts,Baker Mayfield,TAM00,Raymond James Stadium
2023_19_PIT_BUF,2023,WC,19,2024-01-15,Monday,16:30,PIT,17.0,BUF,31.0,Home,14.0,48.0,0.0,401547751,9,8,10.0,-108.0,-112.0,39.5,370.0,-485.0,0,outdoors,a_turf,00-0034771,00-0034857,Mason Rudolph,Josh Allen,BUF00,New Era Field
2023_20_GB_SF,2023,DIV,20,2024-01-20,Saturday,20:15,GB,21.0,SF,24.0,Home,3.0,45.0,0.0,401547756,6,13,10.5,-112.0,-108.0,50.5,360.0,-470.0,0,outdoors,grass,00-0036264,00-0037834,Jordan Love,Brock Purdy,SFO01,Levi's Stadium
2023_20_HOU_BAL,2023,DIV,20,2024-01-20,Saturday,16:30,HOU,10.0,BAL,34.0,Home,24.0,44.0,0.0,401547755,7,14,10.0,-115.0,-105.0,44.0,330.0,-425.0,0,outdoors,grass,00-0039163,00-0034796,C.J. Stroud,Lamar Jackson,BAL00,M&T Bank Stadium
2023_20_KC_BUF,2023,DIV,20,2024-01-21,Sunday,18:30,KC,27.0,BUF,24.0,Home,-3.0,51.0,0.0,401547758,8,6,2.5,-110.0,-110.0,45.5,120.0,-142.0,0,outdoors,a_turf,00-0033873,00-0034857,Patrick Mahomes,Josh Allen,BUF00,New Era Field
2023_20_TB_DET,2023,DIV,20,2024-01-21,Sunday,15:00,TB,23.0,DET,31.0,Home,8.0,54.0,0.0,401547757,6,7,6.0,-102.0,-118.0,49.5,225.0,-278.0,0,dome,fieldturf,00-0034855,00-0033106,Baker Mayfield,Jared Goff,DET00,Ford Field
2023_21_DET_SF,2023,CON,21,2024-01-28,Sunday,18:30,DET,31.0,SF,34.0,Home,3.0,65.0,0.0,401547380,7,8,7.5,-120.0,100.0,52.5,260.0,-325.0,0,outdoors,grass,00-0033106,00-0037834,Jared Goff,Brock Purdy,SFO01,Levi's Stadium
2023_21_KC_BAL,2023,CON,21,2024-01-28,Sunday,15:00,KC,17.0,BAL,10.0,Home,-7.0,27.0,0.0,401547379,7,8,4.5,-110.0,-112.0,44.0,180.0,-218.0,0,outdoors,grass,00-0033873,00-0034796,Patrick Mahomes,Lamar Jackson,BAL00,M&T Bank Stadium
2023_22_SF_KC,2023,SB,22,2024-02-11,Sunday,18:30,SF,22.0,KC,25.0,Neutral,3.0,47.0,1.0,401547378,14,14,-1.5,-110.0,-110.0,47.0,-120.0,100.0,0,dome,grass,00-0037834,00-0033873,Brock Purdy,Patrick Mahomes,VEG00,Allegiant Stadium
2024_01_BAL_KC,2024,REG,1,2024-09-05,Thursday,20:20,BAL,20.0,KC,27.0,Home,7.0,47.0,0.0,401671789,7,7,3.0,-118.0,-102.0,46.0,124.0,-148.0,0,outdoors,grass,00-0034796,00-0033873,Lamar Jackson,Patrick Mahomes,KAN00,GEHA Field at Arrowhead Stadium
2024_01_GB_PHI,2024,REG,1,2024-09-06,Friday,20:15,GB,29.0,PHI,34.0,Neutral,5.0,63.0,0.0,401671805,7,7,2.0,-110.0,-110.0,49.5,110.0,-130.0,0,outdoors,,00-0036264,00-0036389,Jordan Love,Jalen Hurts,SAO00,Arena Corinthians
2024_01_ARI_BUF,2024,REG,1,2024-09-08,Sunday,13:00,ARI,28.0,BUF,34.0,Home,6.0,62.0,0.0,401671617,7,7,6.5,-105.0,-115.0,46.0,250.0,-310.0,0,outdoors,a_turf,00-0035228,00-0034857,Kyler Murray,Josh Allen,BUF00,New Era Field
2024_01_CAR_NO,2024,REG,1,2024-09-08,Sunday,13:00,CAR,10.0,NO,47.0,Home,37.0,57.0,0.0,401671734,7,7,3.5,-108.0,-112.0,41.5,160.0,-192.0,1,dome,sportturf,00-0039150,00-0031280,Bryce Young,Derek Carr,NOR00,Mercedes-Benz Superdome
2024_01_DAL_CLE,2024,REG,1,2024-09-08,Sunday,16:25,DAL,33.0,CLE,17.0,Home,-16.0,50.0,0.0,401671761,7,7,2.5,-112.0,-108.0,42.0,110.0,-130.0,0,outdoors,grass,00-0033077,00-0033537,Dak Prescott,Deshaun Watson,CLE00,FirstEnergy Stadium
2024_01_DEN_SEA,2024,REG,1,2024-09-08,Sunday,16:05,DEN,20.0,SEA,26.0,Home,6.0,46.0,0.0,401671664,7,7,6.5,-110.0,-110.0,42.0,225.0,-278.0,0,outdoors,fieldturf,00-0039732,00-0030565,Bo Nix,Geno Smith,SEA00,Lumen Field
2024_01_HOU_IND,2024,REG,1,2024-09-08,Sunday,13:00,HOU,29.0,IND,27.0,Home,-2.0,56.0,0.0,401671861,7,7,-3.0,-108.0,-112.0,49.0,-155.0,130.0,1,closed,fieldturf,00-0039163,00-0039164,C.J. Stroud,Anthony Richardson,IND00,Lucas Oil Stadium
2024_01_JAX_MIA,2024,REG,1,2024-09-08,Sunday,13:00,JAX,17.0,MIA,20.0,Home,3.0,37.0,0.0,401671849,7,7,3.5,-110.0,-110.0,49.5,150.0,-180.0,0,outdoors,grass,00-0036971,00-0036212,Trevor Lawrence,Tua Tagovailoa,MIA00,Hard Rock Stadium
2024_01_LA_DET,2024,REG,1,2024-09-08,Sunday,20:20,LA,20.0,DET,26.0,Home,6.0,46.0,1.0,401671792,7,7,5.0,-108.0,-112.0,54.0,185.0,-225.0,0,dome,fieldturf,00-0026498,00-0033106,Matthew Stafford,Jared Goff,DET00,Ford Field
2024_01_LV_LAC,2024,REG,1,2024-09-08,Sunday,16:05,LV,10.0,LAC,22.0,Home,12.0,32.0,0.0,401671659,7,7,3.0,-118.0,-102.0,41.0,130.0,-155.0,1,dome,matrixturf,00-0035289,00-0036355,Gardner Minshew,Justin Herbert,LAX01,SoFi Stadium
2024_01_MIN_NYG,2024,REG,1,2024-09-08,Sunday,13:00,MIN,28.0,NYG,6.0,Home,-22.0,34.0,0.0,401671712,7,7,-1.0,-108.0,-112.0,42.5,-115.0,-105.0,0,outdoors,fieldturf,00-0034869,00-0035710,Sam Darnold,Daniel Jones,NYC01,MetLife Stadium
2024_01_NE_CIN,2024,REG,1,2024-09-08,Sunday,13:00,NE,16.0,CIN,10.0,Home,-6.0,26.0,0.0,401671628,7,7,8.0,-110.0,-110.0,40.5,295.0,-375.0,0,outdoors,fieldturf,00-0033119,00-0036442,Jacoby Brissett,Joe Burrow,CIN00,Paycor Stadium
2024_01_PIT_ATL,2024,REG,1,2024-09-08,Sunday,13:00,PIT,18.0,ATL,10.0,Home,-8.0,28.0,0.0,401671744,7,7,4.0,-110.0,-110.0,43.0,160.0,-192.0,0,closed,fieldturf,00-0036945,00-0029604,Justin Fields,Kirk Cousins,ATL97,Mercedes-Benz Stadium
2024_01_TEN_CHI,2024,REG,1,2024-09-08,Sunday,13:00,TEN,17.0,CHI,24.0,Home,7.0,41.0,0.0,401671719,7,7,4.0,-108.0,-112.0,43.0,164.0,-198.0,0,outdoors,grass,00-0039152,00-0039918,Will Levis,Caleb Williams,CHI98,Soldier Field
2024_01_WAS_TB,2024,REG,1,2024-09-08,Sunday,16:25,WAS,20.0,TB,37.0,Home,17.0,57.0,0.0,401671770,7,7,4.0,-112.0,-108.0,42.0,164.0,-198.0,0,outdoors,grass,00-0039910,00-0034855,Jayden Daniels,Baker Mayfield,TAM00,Raymond James Stadium
2024_01_NYJ_SF,2024,REG,1,2024-09-09,Monday,20:15,NYJ,19.0,SF,32.0,Home,13.0,51.0,0.0,401671696,7,7,3.5,-115.0,-105.0,43.0,150.0,-180.0,0,outdoors,grass,00-0023459,00-0037834,Aaron Rodgers,Brock Purdy,SFO01,Levi's Stadium
2024_02_BUF_MIA,2024,REG,2,2024-09-12,Thursday,20:15,BUF,31.0,MIA,10.0,Home,-21.0,41.0,0.0,401671807,4,4,2.5,-110.0,-110.0,48.5,114.0,-135.0,1,outdoors,grass,00-0034857,00-0036212,Josh Allen,Tua Tagovailoa,MIA00,Hard Rock Stadium
2024_02_CHI_HOU,2024,REG,2,2024-09-15,Sunday,20:20,CHI,13.0,HOU,19.0,Home,6.0,32.0,0.0,401671786,7,7,6.0,-108.0,-112.0,45.5,210.0,-258.0,0,closed,astroturf,00-0039918,00-0039163,Caleb Williams,C.J. Stroud,HOU00,NRG Stadium
2024_02_CIN_KC,2024,REG,2,2024-09-15,Sunday,16:25,CIN,25.0,KC,26.0,Home,1.0,51.0,0.0,401671670,7,10,6.5,-105.0,-115.0,47.5,235.0,-290.0,0,outdoors,grass,00-0036442,00-0033873,Joe Burrow,Patrick Mahomes,KAN00,GEHA Field at Arrowhead Stadium
2024_02_CLE_JAX,2024,REG,2,2024-09-15,Sunday,13:00,CLE,18.0,JAX,13.0,Home,-5.0,31.0,0.0,401671635,7,7,3.0,100.0,-120.0,41.5,142.0,-170.0,0,outdoors,grass,00-0033537,00-0036971,Deshaun Watson,Trevor Lawrence,JAX00,TIAA Bank Stadium
2024_02_IND_GB,2024,REG,2,2024-09-15,Sunday,13:00,IND,10.0,GB,16.0,Home,6.0,26.0,0.0,401671723,7,9,-3.0,-102.0,-118.0,41.5,-142.0,120.0,0,outdoors,grass,00-0039164,00-0038128,Anthony Richardson,Malik Willis,GNB00,Lambeau Field
2024_02_LAC_CAR,2024,REG,2,2024-09-15,Sunday,13:00,LAC,26.0,CAR,3.0,Home,-23.0,29.0,0.0,401671652,7,7,-5.0,-110.0,-110.0,39.0,-225.0,185.0,0,outdoors,grass,00-0036355,00-0039150,Justin Herbert,Bryce Young,CAR00,Bank of America Stadium
2024_02_LA_ARI,2024,REG,2,2024-09-15,Sunday,16:05,LA,10.0,ARI,41.0,Home,31.0,51.0,0.0,401671754,7,7,-1.0,-105.0,-115.0,47.5,-112.0,-108.0,1,closed,grass,00-0026498,00-0035228,Matthew Stafford,Kyler Murray,PHO00,State Farm Stadium
2024_02_LV_BAL,2024,REG,2,2024-09-15,Sunday,13:00,LV,26.0,BAL,23.0,Home,-3.0,49.0,0.0,401671624,7,10,9.0,-112.0,-108.0,41.0,350.0,-455.0,0,outdoors,grass,00-0035289,00-0034796,Gardner Minshew,Lamar Jackson,BAL00,M&T Bank Stadium
2024_02_NO_DAL,2024,REG,2,2024-09-15,Sunday,13:00,NO,44.0,DAL,19.0,Home,-25.0,63.0,0.0,401671709,7,7,6.5,-112.0,-108.0,47.0,235.0,-290.0,0,closed,matrixturf,00-0031280,00-0033077,Derek Carr,Dak Prescott,DAL00,AT&T Stadium
2024_02_NYG_WAS,2024,REG,2,2024-09-15,Sunday,13:00,NYG,18.0,WAS,21.0,Home,3.0,39.0,0.0,401671716,7,7,1.5,-108.0,-112.0,42.5,105.0,-125.0,1,outdoors,grass,00-0035710,00-0039910,Daniel Jones,Jayden Daniels,WAS00,FedExField
2024_02_NYJ_TEN,2024,REG,2,2024-09-15,Sunday,13:00,NYJ,24.0,TEN,17.0,Home,-7.0,41.0,0.0,401671636,6,7,-3.5,-112.0,-108.0,41.5,-180.0,150.0,0,outdoors,grass,00-0023459,00-0039152,Aaron Rodgers,Will Levis,NAS00,Nissan Stadium
2024_02_PIT_DEN,2024,REG,2,2024-09-15,Sunday,16:25,PIT,13.0,DEN,6.0,Home,-7.0,19.0,0.0,401671668,7,7,-3.0,-102.0,-118.0,36.5,-155.0,130.0,0,outdoors,grass,00-0036945,00-0039732,Justin Fields,Bo Nix,DEN00,Empower Field at Mile High
2024_02_SEA_NE,2024,REG,2,2024-09-15,Sunday,13:00,SEA,23.0,NE,20.0,Home,-3.0,43.0,1.0,401671702,7,7,-3.5,-102.0,-118.0,39.0,-170.0,142.0,0,outdoors,fieldturf,00-0030565,00-0033119,Geno Smith,Jacoby Brissett,BOS00,Gillette Stadium
2024_02_SF_MIN,2024,REG,2,2024-09-15,Sunday,13:00,SF,17.0,MIN,23.0,Home,6.0,40.0,0.0,401671645,6,7,-4.5,-112.0,-108.0,46.5,-218.0,180.0,0,dome,sportturf,00-0037834,00-0034869,Brock Purdy,Sam Darnold,MIN01,U.S. Bank Stadium
2024_02_TB_DET,2024,REG,2,2024-09-15,Sunday,13:00,TB,20.0,DET,16.0,Home,-4.0,36.0,0.0,401671721,7,7,7.5,-108.0,-112.0,51.5,295.0,-375.0,0,dome,fieldturf,00-0034855,00-0033106,Baker Mayfield,Jared Goff,DET00,Ford Field
2024_02_ATL_PHI,2024,REG,2,2024-09-16,Monday,20:15,ATL,22.0,PHI,21.0,Home,-1.0,43.0,0.0,401671691,8,10,5.5,-105.0,-115.0,46.5,215.0,-265.0,0,outdoors,grass,00-0029604,00-0036389,Kirk Cousins,Jalen Hurts,PHI00,Lincoln Financial Field
2024_03_NE_NYJ,2024,REG,3,2024-09-19,Thursday,20:15,NE,3.0,NYJ,24.0,Home,21.0,27.0,0.0,401671808,4,4,6.5,-110.0,-110.0,39.0,230.0,-285.0,1,outdoors,fieldturf,00-0033119,00-0023459,Jacoby Brissett,Aaron Rodgers,NYC01,MetLife Stadium
2024_03_BAL_DAL,2024,REG,3,2024-09-22,Sunday,16:25,BAL,28.0,DAL,25.0,Home,-3.0,53.0,0.0,401671763,7,7,-1.5,-110.0,-110.0,47.5,-120.0,100.0,0,closed,matrixturf,00-0034796,00-0033077,Lamar Jackson,Dak Prescott,DAL00,AT&T Stadium
2024_03_CAR_LV,2024,REG,3,2024-09-22,Sunday,16:05,CAR,36.0,LV,22.0,Home,-14.0,58.0,0.0,401671658,7,7,5.5,-110.0,-110.0,40.0,200.0,-245.0,0,dome,grass,00-0027973,00-0035289,Andy Dalton,Gardner Minshew,VEG00,Allegiant Stadium
2024_03_CHI_IND,2024,REG,3,2024-09-22,Sunday,13:00,CHI,16.0,IND,21.0,Home,5.0,37.0,0.0,401671865,7,7,1.5,-108.0,-112.0,43.0,105.0,-125.0,0,closed,fieldturf,00-0039918,00-0039164,Caleb Williams,Anthony Richardson,IND00,Lucas Oil Stadium
2024_03_DEN_TB,2024,REG,3,2024-09-22,Sunday,13:00,DEN,26.0,TB,7.0,Home,-19.0,33.0,0.0,401671741,7,7,6.0,-112.0,-108.0,40.5,200.0,-245.0,0,outdoors,grass,00-0039732,00-0034855,Bo Nix,Baker Mayfield,TAM00,Raymond James Stadium
2024_03_DET_ARI,2024,REG,3,2024-09-22,Sunday,16:25,DET,20.0,ARI,13.0,Home,-7.0,33.0,0.0,401671771,7,7,-3.0,-102.0,-118.0,51.5,-148.0,124.0,0,closed,grass,00-0033106,00-0035228,Jared Goff,Kyler Murray,PHO00,State Farm Stadium
2024_03_GB_TEN,2024,REG,3,2024-09-22,Sunday,13:00,GB,30.0,TEN,14.0,Home,-16.0,44.0,0.0,401671823,7,7,3.0,-112.0,-108.0,37.0,136.0,-162.0,0,outdoors,grass,00-0038128,00-0039152,Malik Willis,Will Levis,NAS00,Nissan Stadium
2024_03_HOU_MIN,2024,REG,3,2024-09-22,Sunday,13:00,HOU,7.0,MIN,34.0,Home,27.0,41.0,0.0,401671646,7,7,-2.0,-112.0,-108.0,46.0,-135.0,114.0,0,dome,sportturf,00-0039163,00-0034869,C.J. Stroud,Sam Darnold,MIN01,U.S. Bank Stadium
2024_03_KC_ATL,2024,REG,3,2024-09-22,Sunday,20:20,KC,22.0,ATL,17.0,Home,-5.0,39.0,0.0,401671793,7,6,-3.0,-118.0,-102.0,46.0,-170.0,142.0,0,closed,fieldturf,00-0033873,00-0029604,Patrick Mahomes,Kirk Cousins,ATL97,Mercedes-Benz Stadium
2024_03_LAC_PIT,2024,REG,3,2024-09-22,Sunday,13:00,LAC,10.0,PIT,20.0,Home,10.0,30.0,0.0,401671632,7,7,3.0,-118.0,-102.0,36.0,124.0,-148.0,0,outdoors,grass,00-0036355,00-0036945,Justin Herbert,Justin Fields,PIT00,Acrisure Stadium
2024_03_MIA_SEA,2024,REG,3,2024-09-22,Sunday,16:05,MIA,3.0,SEA,24.0,Home,21.0,27.0,0.0,401671662,10,7,4.0,-110.0,-110.0,41.5,170.0,-205.0,0,outdoors,fieldturf,00-0037327,00-0030565,Skylar Thompson,Geno Smith,SEA00,Lumen Field
2024_03_NYG_CLE,2024,REG,3,2024-09-22,Sunday,13:00,NYG,21.0,CLE,15.0,Home,-6.0,36.0,0.0,401671855,7,7,6.5,-112.0,-108.0,38.0,220.0,-270.0,0,outdoors,grass,00-0035710,00-0033537,Daniel Jones,Deshaun Watson,CLE00,FirstEnergy Stadium
2024_03_PHI_NO,2024,REG,3,2024-09-22,Sunday,13:00,PHI,15.0,NO,12.0,Home,-3.0,27.0,0.0,401671736,6,7,2.5,-105.0,-115.0,49.0,120.0,-142.0,0,dome,sportturf,00-0036389,00-0031280,Jalen Hurts,Derek Carr,NOR00,Mercedes-Benz Superdome
2024_03_SF_LA,2024,REG,3,2024-09-22,Sunday,16:25,SF,24.0,LA,27.0,Home,3.0,51.0,0.0,401671772,7,7,-6.0,-108.0,-112.0,44.5,-258.0,210.0,1,dome,matrixturf,00-0037834,00-0026498,Brock Purdy,Matthew Stafford,LAX01,SoFi Stadium
2024_03_JAX_BUF,2024,REG,3,2024-09-23,Monday,19:30,JAX,10.0,BUF,47.0,Home,37.0,57.0,0.0,401671682,8,11,4.0,-108.0,-112.0,46.5,180.0,-218.0,0,outdoors,a_turf,00-0036971,00-0034857,Trevor Lawrence,Josh Allen,BUF00,New Era Field
2024_03_WAS_CIN,2024,REG,3,2024-09-23,Monday,20:15,WAS,38.0,CIN,33.0,Home,-5.0,71.0,0.0,401671490,8,8,7.5,-115.0,-105.0,46.0,280.0,-355.0,0,outdoors,fieldturf,00-0039910,00-0036442,Jayden Daniels,Joe Burrow,CIN00,Paycor Stadium
2024_04_DAL_NYG,2024,REG,4,2024-09-26,Thursday,20:15,DAL,20.0,NYG,15.0,Home,-5.0,35.0,0.0,401671812,4,4,-5.5,-115.0,-105.0,45.0,-250.0,205.0,1,outdoors,fieldturf,00-0033077,00-0035710,Dak Prescott,Daniel Jones,NYC01,MetLife Stadium
2024_04_BUF_BAL,2024,REG,4,2024-09-29,Sunday,20:20,BUF,10.0,BAL,35.0,Home,25.0,45.0,0.0,401671783,6,7,2.5,-108.0,-112.0,46.5,114.0,-135.0,0,outdoors,grass,00-0034857,00-0034796,Josh Allen,Lamar Jackson,BAL00,M&T Bank Stadium
2024_04_CIN_CAR,2024,REG,4,2024-09-29,Sunday,13:00,CIN,34.0,CAR,24.0,Home,-10.0,58.0,0.0,401671745,6,7,-4.5,-112.0,-108.0,47.0,-205.0,170.0,0,outdoors,grass,00-0036442,00-0027973,Joe Burrow,Andy Dalton,CAR00,Bank of America Stadium
2024_04_CLE_LV,2024,REG,4,2024-09-29,Sunday,16:25,CLE,16.0,LV,20.0,Home,4.0,36.0,0.0,401671672,7,7,-2.5,-115.0,-105.0,36.5,-135.0,114.0,0,dome,grass,00-0033537,00-0035289,Deshaun Watson,Gardner Minshew,VEG00,Allegiant Stadium
2024_04_DEN_NYJ,2024,REG,4,2024-09-29,Sunday,13:00,DEN,10.0,NYJ,9.0,Home,-1.0,19.0,0.0,401671622,7,10,7.5,-108.0,-112.0,39.5,330.0,-425.0,0,outdoors,fieldturf,00-0039732,00-0023459,Bo Nix,Aaron Rodgers,NYC01,MetLife Stadium
2024_04_JAX_HOU,2024,REG,4,2024-09-29,Sunday,13:00,JAX,20.0,HOU,24.0,Home,4.0,44.0,0.0,401671857,6,7,5.5,-108.0,-112.0,44.5,195.0,-238.0,1,closed,astroturf,00-0036971,00-0039163,Trevor Lawrence,C.J. Stroud,HOU00,NRG Stadium
2024_04_KC_LAC,2024,REG,4,2024-09-29,Sunday,16:25,KC,17.0,LAC,10.0,Home,-7.0,27.0,0.0,401671674,7,7,-7.5,-108.0,-112.0,41.5,-345.0,275.0,1,dome,matrixturf,00-0033873,00-0036355,Patrick Mahomes,Justin Herbert,LAX01,SoFi Stadium
2024_04_LA_CHI,2024,REG,4,2024-09-29,Sunday,13:00,LA,18.0,CHI,24.0,Home,6.0,42.0,0.0,401671871,7,7,3.0,-112.0,-108.0,40.0,136.0,-162.0,0,outdoors,grass,00-0026498,00-0039918,Matthew Stafford,Caleb Williams,CHI98,Soldier Field
2024_04_MIN_GB,2024,REG,4,2024-09-29,Sunday,13:00,MIN,31.0,GB,29.0,Home,-2.0,60.0,0.0,401671643,7,7,2.5,-102.0,-118.0,44.0,114.0,-135.0,1,outdoors,grass,00-0034869,00-0036264,Sam Darnold,Jordan Love,GNB00,Lambeau Field
2024_04_NE_SF,2024,REG,4,2024-09-29,Sunday,16:05,NE,13.0,SF,30.0,Home,17.0,43.0,0.0,401671758,10,7,10.5,-112.0,-108.0,41.5,410.0,-550.0,0,outdoors,grass,00-0033119,00-0037834,Jacoby Brissett,Brock Purdy,SFO01,Levi's Stadium
2024_04_NO_ATL,2024,REG,4,2024-09-29,Sunday,13:00,NO,24.0,ATL,26.0,Home,2.0,50.0,0.0,401671727,7,7,2.5,-105.0,-115.0,41.5,120.0,-142.0,1,closed,fieldturf,00-0031280,00-0029604,Derek Carr,Kirk Cousins,ATL97,Mercedes-Benz Stadium
2024_04_PHI_TB,2024,REG,4,2024-09-29,Sunday,13:00,PHI,16.0,TB,33.0,Home,17.0,49.0,0.0,401671740,7,7,-1.0,-110.0,-110.0,42.0,-115.0,-105.0,0,outdoors,grass,00-0036389,00-0034855,Jalen Hurts,Baker Mayfield,TAM00,Raymond James Stadium
2024_04_PIT_IND,2024,REG,4,2024-09-29,Sunday,13:00,PIT,24.0,IND,27.0,Home,3.0,51.0,0.0,401671867,7,7,-2.5,-108.0,-112.0,40.0,-130.0,110.0,0,closed,fieldturf,00-0036945,00-0039164,Justin Fields,Anthony Richardson,IND00,Lucas Oil Stadium
2024_04_WAS_ARI,2024,REG,4,2024-09-29,Sunday,16:05,WAS,42.0,ARI,14.0,Home,-28.0,56.0,0.0,401671755,6,7,3.5,-115.0,-105.0,49.0,150.0,-180.0,0,closed,grass,00-0039910,00-0035228,Jayden Daniels,Kyler Murray,PHO00,State Farm Stadium
2024_04_SEA_DET,2024,REG,4,2024-09-30,Monday,20:15,SEA,29.0,DET,42.0,Home,13.0,71.0,0.0,401671491,8,8,3.5,-108.0,-112.0,46.5,154.0,-185.0,0,dome,fieldturf,00-0030565,00-0033106,Geno Smith,Jared Goff,DET00,Ford Field
2024_04_TEN_MIA,2024,REG,4,2024-09-30,Monday,19:30,TEN,31.0,MIA,12.0,Home,-19.0,43.0,0.0,401671683,8,8,2.5,-108.0,-112.0,37.0,114.0,-135.0,0,outdoors,grass,00-0039152,00-0035993,Will Levis,Tyler Huntley,MIA00,Hard Rock Stadium
2024_05_TB_ATL,2024,REG,5,2024-10-03,Thursday,20:15,TB,30.0,ATL,36.0,Home,6.0,66.0,1.0,401671815,4,4,2.5,-102.0,-118.0,44.0,120.0,-142.0,1,closed,fieldturf,00-0034855,00-0029604,Baker Mayfield,Kirk Cousins,ATL97,Mercedes-Benz Stadium
2024_05_ARI_SF,2024,REG,5,2024-10-06,Sunday,16:05,ARI,24.0,SF,23.0,Home,-1.0,47.0,0.0,401671756,7,7,7.0,-105.0,-115.0,48.5,260.0,-325.0,1,outdoors,grass,00-0035228,00-0037834,Kyler Murray,Brock Purdy,SFO01,Levi's Stadium
2024_05_BAL_CIN,2024,REG,5,2024-10-06,Sunday,13:00,BAL,41.0,CIN,38.0,Home,-3.0,79.0,1.0,401671626,7,7,-2.5,-118.0,-102.0,48.5,-148.0,124.0,1,outdoors,fieldturf,00-0034796,00-0036442,Lamar Jackson,Joe Burrow,CIN00,Paycor Stadium
2024_05_BUF_HOU,2024,REG,5,2024-10-06,Sunday,13:00,BUF,20.0,HOU,23.0,Home,3.0,43.0,0.0,401671859,7,7,1.0,-108.0,-112.0,48.0,-102.0,-118.0,0,closed,astroturf,00-0034857,00-0039163,Josh Allen,C.J. Stroud,HOU00,NRG Stadium
2024_05_CAR_CHI,2024,REG,5,2024-10-06,Sunday,13:00,CAR,10.0,CHI,36.0,Home,26.0,46.0,0.0,401671872,7,7,4.0,-108.0,-112.0,40.0,164.0,-198.0,0,outdoors,grass,00-0027973,00-0039918,Andy Dalton,Caleb Williams,CHI98,Soldier Field
2024_05_CLE_WAS,2024,REG,5,2024-10-06,Sunday,13:00,CLE,13.0,WAS,34.0,Home,21.0,47.0,0.0,401671718,7,7,3.0,-112.0,-108.0,44.0,130.0,-155.0,0,outdoors,grass,00-0033537,00-0039910,Deshaun Watson,Jayden Daniels,WAS00,FedExField
2024_05_DAL_PIT,2024,REG,5,2024-10-06,Sunday,20:20,DAL,20.0,PIT,17.0,Home,-3.0,37.0,0.0,401671784,10,7,2.5,-108.0,-112.0,43.5,114.0,-135.0,0,outdoors,grass,00-0033077,00-0036945,Dak Prescott,Justin Fields,PIT00,Acrisure Stadium
2024_05_GB_LA,2024,REG,5,2024-10-06,Sunday,16:25,GB,24.0,LA,19.0,Home,-5.0,43.0,0.0,401671679,7,7,-3.0,-112.0,-108.0,49.5,-155.0,130.0,0,dome,matrixturf,00-0036264,00-0026498,Jordan Love,Matthew Stafford,LAX01,SoFi Stadium
2024_05_IND_JAX,2024,REG,5,2024-10-06,Sunday,13:00,IND,34.0,JAX,37.0,Home,3.0,71.0,0.0,401671633,7,7,3.5,-110.0,-110.0,45.0,154.0,-185.0,1,outdoors,grass,00-0026158,00-0036971,Joe Flacco,Trevor Lawrence,JAX00,TIAA Bank Stadium
2024_05_LV_DEN,2024,REG,5,2024-10-06,Sunday,16:05,LV,18.0,DEN,34.0,Home,16.0,52.0,0.0,401671747,7,7,3.0,-112.0,-108.0,36.0,130.0,-155.0,1,outdoors,grass,00-0035289,00-0039732,Gardner Minshew,Bo Nix,DEN00,Empower Field at Mile High
2024_05_MIA_NE,2024,REG,5,2024-10-06,Sunday,13:00,MIA,15.0,NE,10.0,Home,-5.0,25.0,0.0,401671700,6,7,-2.0,-112.0,-108.0,37.0,-130.0,110.0,1,outdoors,fieldturf,00-0035993,00-0033119,Tyler Huntley,Jacoby Brissett,BOS00,Gillette Stadium
2024_05_NYG_SEA,2024,REG,5,2024-10-06,Sunday,16:25,NYG,29.0,SEA,20.0,Home,-9.0,49.0,0.0,401671680,10,6,7.0,-112.0,-108.0,42.5,250.0,-310.0,0,outdoors,fieldturf,00-0035710,00-0030565,Daniel Jones,Geno Smith,SEA00,Lumen Field
2024_05_NYJ_MIN,2024,REG,5,2024-10-06,Sunday,09:30,NYJ,17.0,MIN,23.0,Neutral,6.0,40.0,0.0,401671804,7,7,2.5,-105.0,-115.0,42.0,120.0,-142.0,0,outdoors,grass,00-0023459,00-0034869,Aaron Rodgers,Sam Darnold,LON02,Tottenham Stadium
2024_05_NO_KC,2024,REG,5,2024-10-07,Monday,20:15,NO,13.0,KC,26.0,Home,13.0,39.0,0.0,401671687,8,8,5.5,-112.0,-108.0,43.0,190.0,-230.0,0,outdoors,grass,00-0031280,00-0033873,Derek Carr,Patrick Mahomes,KAN00,GEHA Field at Arrowhead Stadium
2024_06_SF_SEA,2024,REG,6,2024-10-10,Thursday,20:15,SF,36.0,SEA,24.0,Home,-12.0,60.0,0.0,401671819,4,4,-3.5,-118.0,-102.0,49.0,-198.0,164.0,1,outdoors,fieldturf,00-0037834,00-0030565,Brock Purdy,Geno Smith,SEA00,Lumen Field
2024_06_ARI_GB,2024,REG,6,2024-10-13,Sunday,13:00,ARI,13.0,GB,34.0,Home,21.0,47.0,0.0,401671722,7,7,5.5,-110.0,-110.0,47.0,195.0,-238.0,0,outdoors,grass,00-0035228,00-0036264,Kyler Murray,Jordan Love,GNB00,Lambeau Field
2024_06_ATL_CAR,2024,REG,6,2024-10-13,Sunday,16:25,ATL,38.0,CAR,20.0,Home,-18.0,58.0,0.0,401671769,10,7,-6.0,-112.0,-108.0,45.5,-258.0,210.0,1,outdoors,grass,00-0029604,00-0027973,Kirk Cousins,Andy Dalton,CAR00,Bank of America Stadium
2024_06_CIN_NYG,2024,REG,6,2024-10-13,Sunday,20:20,CIN,17.0,NYG,7.0,Home,-10.0,24.0,0.0,401671791,7,7,-4.5,-112.0,-108.0,46.0,-230.0,190.0,0,outdoors,fieldturf,00-0036442,00-0035710,Joe Burrow,Daniel Jones,NYC01,MetLife Stadium
2024_06_CLE_PHI,2024,REG,6,2024-10-13,Sunday,13:00,CLE,16.0,PHI,20.0,Home,4.0,36.0,0.0,401671714,7,14,8.0,-108.0,-112.0,42.0,330.0,-425.0,0,outdoors,grass,00-0033537,00-0036389,Deshaun Watson,Jalen Hurts,PHI00,Lincoln Financial Field
2024_06_DET_DAL,2024,REG,6,2024-10-13,Sunday,16:25,DET,47.0,DAL,9.0,Home,-38.0,56.0,0.0,401671764,13,7,-3.5,-105.0,-115.0,52.5,-180.0,150.0,0,closed,matrixturf,00-0033106,00-0033077,Jared Goff,Dak Prescott,DAL00,AT&T Stadium
2024_06_HOU_NE,2024,REG,6,2024-10-13,Sunday,13:00,HOU,41.0,NE,21.0,Home,-20.0,62.0,0.0,401671619,7,7,-6.5,-108.0,-112.0,38.5,-265.0,215.0,0,outdoors,fieldturf,00-0039163,00-0039851,C.J. Stroud,Drake Maye,BOS00,Gillette Stadium
2024_06_IND_TEN,2024,REG,6,2024-10-13,Sunday,13:00,IND,20.0,TEN,17.0,Home,-3.0,37.0,0.0,401671820,7,13,2.5,-110.0,-110.0,42.0,114.0,-135.0,1,outdoors,grass,00-0026158,00-0039152,Joe Flacco,Will Levis,NAS00,Nissan Stadium
2024_06_JAX_CHI,2024,REG,6,2024-10-13,Sunday,09:30,JAX,16.0,CHI,35.0,Neutral,19.0,51.0,0.0,401671802,7,7,-1.5,-108.0,-112.0,44.5,-120.0,100.0,0,outdoors,grass,00-0036971,00-0039918,Trevor Lawrence,Caleb Williams,LON02,Tottenham Stadium
2024_06_LAC_DEN,2024,REG,6,2024-10-13,Sunday,16:05,LAC,23.0,DEN,16.0,Home,-7.0,39.0,0.0,401671655,14,7,-3.0,-105.0,-115.0,37.0,-155.0,130.0,1,outdoors,grass,00-0036355,00-0039732,Justin Herbert,Bo Nix,DEN00,Empower Field at Mile High
2024_06_PIT_LV,2024,REG,6,2024-10-13,Sunday,16:05,PIT,32.0,LV,13.0,Home,-19.0,45.0,0.0,401671657,7,7,-3.5,-110.0,-110.0,36.5,-180.0,150.0,0,dome,grass,00-0036945,00-0038579,Justin Fields,Aidan O'Connell,VEG00,Allegiant Stadium
2024_06_TB_NO,2024,REG,6,2024-10-13,Sunday,13:00,TB,51.0,NO,27.0,Home,-24.0,78.0,0.0,401671735,10,6,-3.5,-108.0,-112.0,42.5,-175.0,145.0,1,dome,sportturf,00-0034855,00-0039376,Baker Mayfield,Spencer Rattler,NOR00,Mercedes-Benz Superdome
2024_06_WAS_BAL,2024,REG,6,2024-10-13,Sunday,13:00,WAS,23.0,BAL,30.0,Home,7.0,53.0,0.0,401671625,7,7,6.5,-108.0,-112.0,51.5,230.0,-285.0,0,outdoors,grass,00-0039910,00-0034796,Jayden Daniels,Lamar Jackson,BAL00,M&T Bank Stadium
2024_06_BUF_NYJ,2024,REG,6,2024-10-14,Monday,20:15,BUF,23.0,NYJ,20.0,Home,-3.0,43.0,0.0,401671684,8,8,-1.0,-112.0,-108.0,42.0,-122.0,102.0,1,outdoors,fieldturf,00-0034857,00-0023459,Josh Allen,Aaron Rodgers,NYC01,MetLife Stadium
2024_07_DEN_NO,2024,REG,7,2024-10-17,Thursday,20:15,DEN,33.0,NO,10.0,Home,-23.0,43.0,0.0,401671816,4,4,-2.5,-118.0,-102.0,37.0,-148.0,124.0,0,dome,sportturf,00-0039732,00-0039376,Bo Nix,Spencer Rattler,NOR00,Mercedes-Benz Superdome
2024_07_CAR_WAS,2024,REG,7,2024-10-20,Sunday,16:05,CAR,7.0,WAS,40.0,Home,33.0,47.0,0.0,401671640,7,7,10.0,100.0,-120.0,51.0,400.0,-535.0,0,outdoors,grass,00-0027973,00-0039910,Andy Dalton,Jayden Daniels,WAS00,FedExField
2024_07_CIN_CLE,2024,REG,7,2024-10-20,Sunday,13:00,CIN,21.0,CLE,14.0,Home,-7.0,35.0,0.0,401671853,7,7,-5.5,-110.0,-110.0,42.0,-230.0,190.0,1,outdoors,grass,00-0036442,00-0033537,Joe Burrow,Deshaun Watson,CLE00,FirstEnergy Stadium
2024_07_DET_MIN,2024,REG,7,2024-10-20,Sunday,13:00,DET,31.0,MIN,29.0,Home,-2.0,60.0,0.0,401671724,7,14,1.0,-108.0,-112.0,50.5,-102.0,-118.0,1,dome,sportturf,00-0033106,00-0034869,Jared Goff,Sam Darnold,MIN01,U.S. Bank Stadium
2024_07_HOU_GB,2024,REG,7,2024-10-20,Sunday,13:00,HOU,22.0,GB,24.0,Home,2.0,46.0,0.0,401671644,7,7,3.0,100.0,-120.0,48.0,142.0,-170.0,0,outdoors,grass,00-0039163,00-0036264,C.J. Stroud,Jordan Love,GNB00,Lambeau Field
2024_07_KC_SF,2024,REG,7,2024-10-20,Sunday,16:25,KC,28.0,SF,18.0,Home,-10.0,46.0,0.0,401671777,13,10,2.5,-105.0,-115.0,47.5,120.0,-142.0,0,outdoors,grass,00-0033873,00-0037834,Patrick Mahomes,Brock Purdy,SFO01,Levi's Stadium
2024_07_LV_LA,2024,REG,7,2024-10-20,Sunday,16:05,LV,15.0,LA,20.0,Home,5.0,35.0,0.0,401671663,7,14,7.0,-105.0,-115.0,43.0,280.0,-355.0,0,dome,matrixturf,00-0038579,00-0026498,Aidan O'Connell,Matthew Stafford,LAX01,SoFi Stadium
2024_07_MIA_IND,2024,REG,7,2024-10-20,Sunday,13:00,MIA,10.0,IND,16.0,Home,6.0,26.0,0.0,401671864,14,7,3.0,-120.0,100.0,44.0,130.0,-155.0,0,closed,fieldturf,00-0034177,00-0039164,Tim Boyle,Anthony Richardson,IND00,Lucas Oil Stadium
2024_07_NE_JAX,2024,REG,7,2024-10-20,Sunday,09:30,NE,16.0,JAX,32.0,Neutral,16.0,48.0,0.0,401671801,7,7,6.5,-105.0,-115.0,42.0,240.0,-298.0,0,outdoors,grass,00-0039851,00-0036971,Drake Maye,Trevor Lawrence,LON00,Wembley Stadium
2024_07_NYJ_PIT,2024,REG,7,2024-10-20,Sunday,20:20,NYJ,15.0,PIT,37.0,Home,22.0,52.0,0.0,401671785,6,7,-3.0,-108.0,-112.0,40.0,-166.0,140.0,0,outdoors,grass,00-0023459,00-0029263,Aaron Rodgers,Russell Wilson,PIT00,Acrisure Stadium
2024_07_PHI_NYG,2024,REG,7,2024-10-20,Sunday,13:00,PHI,28.0,NYG,3.0,Home,-25.0,31.0,0.0,401671710,7,7,-3.0,-120.0,100.0,42.0,-166.0,140.0,1,outdoors,fieldturf,00-0036389,00-0035710,Jalen Hurts,Daniel Jones,NYC01,MetLife Stadium
2024_07_SEA_ATL,2024,REG,7,2024-10-20,Sunday,13:00,SEA,34.0,ATL,14.0,Home,-20.0,48.0,0.0,401671730,10,7,3.0,-115.0,-105.0,51.5,136.0,-162.0,0,closed,fieldturf,00-0030565,00-0029604,Geno Smith,Kirk Cousins,ATL97,Mercedes-Benz Stadium
2024_07_TEN_BUF,2024,REG,7,2024-10-20,Sunday,13:00,TEN,10.0,BUF,34.0,Home,24.0,44.0,0.0,401671616,7,6,9.5,-110.0,-110.0,41.0,400.0,-535.0,0,outdoors,a_turf,00-0034771,00-0034857,Mason Rudolph,Josh Allen,BUF00,New Era Field
2024_07_BAL_TB,2024,REG,7,2024-10-21,Monday,20:15,BAL,41.0,TB,31.0,Home,-10.0,72.0,0.0,401671695,8,8,-4.5,-110.0,-110.0,51.0,-225.0,185.0,0,outdoors,grass,00-0034796,00-0034855,Lamar Jackson,Baker Mayfield,TAM00,Raymond James Stadium
2024_07_LAC_ARI,2024,REG,7,2024-10-21,Monday,21:00,LAC,15.0,ARI,17.0,Home,2.0,32.0,0.0,401671699,8,8,-1.0,-115.0,-105.0,44.0,-122.0,102.0,0,closed,grass,00-0036355,00-0035228,Justin Herbert,Kyler Murray,PHO00,State Farm Stadium
2024_08_MIN_LA,2024,REG,8,2024-10-24,Thursday,20:15,MIN,20.0,LA,30.0,Home,10.0,50.0,0.0,401671817,4,4,-3.0,-105.0,-115.0,47.5,-155.0,130.0,0,dome,matrixturf,00-0034869,00-0026498,Sam Darnold,Matthew Stafford,LAX01,SoFi Stadium
2024_08_ARI_MIA,2024,REG,8,2024-10-27,Sunday,13:00,ARI,28.0,MIA,27.0,Home,-1.0,55.0,0.0,401671850,6,7,4.0,-108.0,-112.0,46.5,164.0,-198.0,0,outdoors,grass,00-0035228,00-0034177,Kyler Murray,Tim Boyle,MIA00,Hard Rock Stadium
2024_08_ATL_TB,2024,REG,8,2024-10-27,Sunday,13:00,ATL,31.0,TB,26.0,Home,-5.0,57.0,0.0,401671739,7,6,-1.5,-110.0,-110.0,47.0,-122.0,102.0,1,outdoors,grass,00-0029604,00-0034855,Kirk Cousins,Baker Mayfield,TAM00,Raymond James Stadium
2024_08_BAL_CLE,2024,REG,8,2024-10-27,Sunday,13:00,BAL,24.0,CLE,29.0,Home,5.0,53.0,0.0,401671852,6,7,-7.5,-110.0,-110.0,44.5,-380.0,300.0,1,outdoors,grass,00-0034796,00-0031503,Lamar Jackson,Jameis Winston,CLE00,FirstEnergy Stadium
2024_08_BUF_SEA,2024,REG,8,2024-10-27,Sunday,16:05,BUF,31.0,SEA,10.0,Home,-21.0,41.0,0.0,401671760,7,7,-3.0,-120.0,100.0,45.5,-170.0,142.0,0,outdoors,fieldturf,00-0034857,00-0030565,Josh Allen,Geno Smith,SEA00,Lumen Field
2024_08_CAR_DEN,2024,REG,8,2024-10-27,Sunday,16:25,CAR,14.0,DEN,28.0,Home,14.0,42.0,0.0,401671600,7,10,13.0,-110.0,-110.0,40.5,525.0,-750.0,0,outdoors,grass,00-0039150,00-0039732,Bryce Young,Bo Nix,DEN00,Empower Field at Mile High
2024_08_CHI_WAS,2024,REG,8,2024-10-27,Sunday,16:25,CHI,15.0,WAS,18.0,Home,3.0,33.0,0.0,401671599,14,7,1.5,-110.0,-110.0,46.5,102.0,-122.0,0,outdoors,grass,00-0039918,00-0039910,Caleb Williams,Jayden Daniels,WAS00,FedExField
2024_08_DAL_SF,2024,REG,8,2024-10-27,Sunday,20:20,DAL,24.0,SF,30.0,Home,6.0,54.0,0.0,401671795,14,7,5.5,-105.0,-115.0,48.0,195.0,-238.0,0,outdoors,grass,00-0033077,00-0037834,Dak Prescott,Brock Purdy,SFO01,Levi's Stadium
2024_08_GB_JAX,2024,REG,8,2024-10-27,Sunday,13:00,GB,30.0,JAX,27.0,Home,-3.0,57.0,0.0,401671707,7,7,-3.5,-115.0,-105.0,49.0,-192.0,160.0,0,outdoors,grass,00-0036264,00-0036971,Jordan Love,Trevor Lawrence,JAX00,TIAA Bank Stadium
2024_08_IND_HOU,2024,REG,8,2024-10-27,Sunday,13:00,IND,20.0,HOU,23.0,Home,3.0,43.0,0.0,401671856,7,7,5.0,-112.0,-108.0,45.0,185.0,-225.0,1,closed,astroturf,00-0026158,00-0039163,Joe Flacco,C.J. Stroud,HOU00,NRG Stadium
2024_08_KC_LV,2024,REG,8,2024-10-27,Sunday,16:25,KC,27.0,LV,20.0,Home,-7.0,47.0,0.0,401671671,7,7,-9.0,-112.0,-108.0,42.0,-440.0,340.0,1,dome,grass,00-0033873,00-0038579,Patrick Mahomes,Aidan O'Connell,VEG00,Allegiant Stadium
2024_08_NO_LAC,2024,REG,8,2024-10-27,Sunday,16:05,NO,8.0,LAC,26.0,Home,18.0,34.0,0.0,401671750,10,6,7.0,-110.0,-110.0,41.5,250.0,-310.0,0,dome,matrixturf,00-0039376,00-0036355,Spencer Rattler,Justin Herbert,LAX01,SoFi Stadium
2024_08_NYJ_NE,2024,REG,8,2024-10-27,Sunday,13:00,NYJ,22.0,NE,25.0,Home,3.0,47.0,0.0,401671618,7,7,-7.0,-110.0,-110.0,41.0,-305.0,245.0,1,outdoors,fieldturf,00-0023459,00-0039851,Aaron Rodgers,Drake Maye,BOS00,Gillette Stadium
2024_08_PHI_CIN,2024,REG,8,2024-10-27,Sunday,13:00,PHI,37.0,CIN,17.0,Home,-20.0,54.0,0.0,401671667,7,7,2.5,100.0,-120.0,47.5,124.0,-148.0,0,outdoors,fieldturf,00-0036389,00-0036442,Jalen Hurts,Joe Burrow,CIN00,Paycor Stadium
2024_08_TEN_DET,2024,REG,8,2024-10-27,Sunday,13:00,TEN,14.0,DET,52.0,Home,38.0,66.0,0.0,401671720,7,7,12.5,-105.0,-115.0,45.0,550.0,-800.0,0,dome,fieldturf,00-0034771,00-0033106,Mason Rudolph,Jared Goff,DET00,Ford Field
2024_08_NYG_PIT,2024,REG,8,2024-10-28,Monday,20:15,NYG,18.0,PIT,26.0,Home,8.0,44.0,0.0,401671685,8,8,6.0,-105.0,-115.0,37.5,220.0,-270.0,0,outdoors,grass,00-0035710,00-0029263,Daniel Jones,Russell Wilson,PIT00,Acrisure Stadium
2024_09_HOU_NYJ,2024,REG,9,2024-10-31,Thursday,20:15,HOU,13.0,NYJ,21.0,Home,8.0,34.0,0.0,401671809,4,4,2.5,100.0,-120.0,43.5,124.0,-148.0,0,outdoors,fieldturf,00-0039163,00-0023459,C.J. Stroud,Aaron Rodgers,NYC01,MetLife Stadium
2024_09_CHI_ARI,2024,REG,9,2024-11-03,Sunday,16:05,CHI,9.0,ARI,29.0,Home,20.0,38.0,0.0,401671661,7,7,1.5,-110.0,-110.0,44.5,100.0,-120.0,0,closed,grass,00-0039918,00-0035228,Caleb Williams,Kyler Murray,PHO00,State Farm Stadium
2024_09_DAL_ATL,2024,REG,9,2024-11-03,Sunday,13:00,DAL,21.0,ATL,27.0,Home,6.0,48.0,0.0,401671728,7,7,3.0,-105.0,-115.0,52.0,140.0,-166.0,0,closed,fieldturf,00-0033077,00-0029604,Dak Prescott,Kirk Cousins,ATL97,Mercedes-Benz Stadium
2024_09_DEN_BAL,2024,REG,9,2024-11-03,Sunday,13:00,DEN,10.0,BAL,41.0,Home,31.0,51.0,0.0,401671623,7,7,9.0,-115.0,-105.0,46.5,330.0,-440.0,0,outdoors,grass,00-0039732,00-0034796,Bo Nix,Lamar Jackson,BAL00,M&T Bank Stadium
2024_09_DET_GB,2024,REG,9,2024-11-03,Sunday,16:25,DET,24.0,GB,14.0,Home,-10.0,38.0,0.0,401671767,7,7,-2.5,-120.0,100.0,47.5,-155.0,130.0,1,outdoors,grass,00-0033106,00-0036264,Jared Goff,Jordan Love,GNB00,Lambeau Field
2024_09_IND_MIN,2024,REG,9,2024-11-03,Sunday,20:20,IND,13.0,MIN,21.0,Home,8.0,34.0,0.0,401671647,7,10,6.5,-110.0,-110.0,47.0,240.0,-298.0,0,dome,sportturf,00-0026158,00-0034869,Joe Flacco,Sam Darnold,MIN01,U.S. Bank Stadium
2024_09_JAX_PHI,2024,REG,9,2024-11-03,Sunday,16:05,JAX,23.0,PHI,28.0,Home,5.0,51.0,0.0,401671797,7,7,7.5,-112.0,-108.0,46.0,270.0,-340.0,0,outdoors,grass,00-0036971,00-0036389,Trevor Lawrence,Jalen Hurts,PHI00,Lincoln Financial Field
2024_09_LAC_CLE,2024,REG,9,2024-11-03,Sunday,13:00,LAC,27.0,CLE,10.0,Home,-17.0,37.0,0.0,401671629,7,7,-2.0,-110.0,-110.0,42.5,-130.0,110.0,0,outdoors,grass,00-0036355,00-0031503,Justin Herbert,Jameis Winston,CLE00,FirstEnergy Stadium
2024_09_LA_SEA,2024,REG,9,2024-11-03,Sunday,16:25,LA,26.0,SEA,20.0,Home,-6.0,46.0,1.0,401671776,10,7,-1.5,-112.0,-108.0,48.5,-125.0,105.0,1,outdoors,fieldturf,00-0026498,00-0030565,Matthew Stafford,Geno Smith,SEA00,Lumen Field
2024_09_LV_CIN,2024,REG,9,2024-11-03,Sunday,13:00,LV,24.0,CIN,41.0,Home,17.0,65.0,0.0,401671704,7,7,8.0,-110.0,-110.0,45.0,320.0,-410.0,0,outdoors,fieldturf,00-0035289,00-0036442,Gardner Minshew,Joe Burrow,CIN00,Paycor Stadium
2024_09_MIA_BUF,2024,REG,9,2024-11-03,Sunday,13:00,MIA,27.0,BUF,30.0,Home,3.0,57.0,0.0,401671493,7,7,6.5,-110.0,-110.0,49.0,230.0,-285.0,1,outdoors,a_turf,00-0036212,00-0034857,Tua Tagovailoa,Josh Allen,BUF00,New Era Field
2024_09_NE_TEN,2024,REG,9,2024-11-03,Sunday,13:00,NE,17.0,TEN,20.0,Home,3.0,37.0,1.0,401671822,7,7,3.0,-105.0,-115.0,38.5,136.0,-162.0,0,outdoors,grass,00-0039851,00-0034771,Drake Maye,Mason Rudolph,NAS00,Nissan Stadium
2024_09_NO_CAR,2024,REG,9,2024-11-03,Sunday,13:00,NO,22.0,CAR,23.0,Home,1.0,45.0,0.0,401671650,7,7,-7.0,-118.0,-102.0,43.5,-345.0,275.0,1,outdoors,grass,00-0031280,00-0039150,Derek Carr,Bryce Young,CAR00,Bank of America Stadium
2024_09_WAS_NYG,2024,REG,9,2024-11-03,Sunday,13:00,WAS,27.0,NYG,22.0,Home,-5.0,49.0,0.0,401671711,7,6,-4.5,-108.0,-112.0,44.5,-218.0,180.0,1,outdoors,fieldturf,00-0032268,00-0035710,Marcus Mariota,Daniel Jones,NYC01,MetLife Stadium
2024_09_TB_KC,2024,REG,9,2024-11-04,Monday,20:15,TB,24.0,KC,30.0,Home,6.0,54.0,1.0,401671688,8,8,9.0,-110.0,-110.0,45.5,330.0,-425.0,0,outdoors,grass,00-0034855,00-0033873,Baker Mayfield,Patrick Mahomes,KAN00,GEHA Field at Arrowhead Stadium
2024_10_CIN_BAL,2024,REG,10,2024-11-07,Thursday,20:15,CIN,34.0,BAL,35.0,Home,1.0,69.0,0.0,401671810,4,4,6.0,-108.0,-112.0,53.0,220.0,-270.0,1,outdoors,grass,00-0036442,00-0034796,Joe Burrow,Lamar Jackson,BAL00,M&T Bank Stadium
2024_10_ATL_NO,2024,REG,10,2024-11-10,Sunday,13:00,ATL,17.0,NO,20.0,Home,3.0,37.0,0.0,401671733,7,7,-3.5,-112.0,-108.0,46.5,-192.0,160.0,1,dome,sportturf,00-0029604,00-0031280,Kirk Cousins,Derek Carr,NOR00,Mercedes-Benz Superdome
2024_10_BUF_IND,2024,REG,10,2024-11-10,Sunday,13:00,BUF,30.0,IND,20.0,Home,-10.0,50.0,0.0,401671863,7,7,-4.5,-115.0,-105.0,46.5,-230.0,190.0,0,closed,fieldturf,00-0034857,00-0026158,Josh Allen,Joe Flacco,IND00,Lucas Oil Stadium
2024_10_DEN_KC,2024,REG,10,2024-11-10,Sunday,13:00,DEN,14.0,KC,16.0,Home,2.0,30.0,0.0,401671637,7,6,7.5,-115.0,-105.0,42.5,300.0,-380.0,1,outdoors,grass,00-0039732,00-0033873,Bo Nix,Patrick Mahomes,KAN00,GEHA Field at Arrowhead Stadium
2024_10_DET_HOU,2024,REG,10,2024-11-10,Sunday,20:20,DET,26.0,HOU,23.0,Home,-3.0,49.0,0.0,401671787,7,10,-4.5,-110.0,-110.0,49.0,-230.0,190.0,0,closed,astroturf,00-0033106,00-0039163,Jared Goff,C.J. Stroud,HOU00,NRG Stadium
2024_10_MIN_JAX,2024,REG,10,2024-11-10,Sunday,13:00,MIN,12.0,JAX,7.0,Home,-5.0,19.0,0.0,401671708,7,7,-7.0,-120.0,100.0,42.5,-345.0,280.0,0,outdoors,grass,00-0034869,00-0036972,Sam Darnold,Mac Jones,JAX00,TIAA Bank Stadium
2024_10_NE_CHI,2024,REG,10,2024-11-10,Sunday,13:00,NE,19.0,CHI,3.0,Home,-16.0,22.0,0.0,401671873,7,7,6.5,-110.0,-110.0,37.5,260.0,-325.0,0,outdoors,grass,00-0039851,00-0039918,Drake Maye,Caleb Williams,CHI98,Soldier Field
2024_10_NYG_CAR,2024,REG,10,2024-11-10,Sunday,09:30,NYG,17.0,CAR,20.0,Neutral,3.0,37.0,1.0,401671803,7,7,-6.5,-118.0,-102.0,40.5,-298.0,240.0,0,outdoors,,00-0035710,00-0027973,Daniel Jones,Andy Dalton,GER00,Allianz Arena
2024_10_NYJ_ARI,2024,REG,10,2024-11-10,Sunday,16:25,NYJ,6.0,ARI,31.0,Home,25.0,37.0,0.0,401671678,10,7,-2.0,-110.0,-110.0,45.5,-130.0,110.0,0,closed,grass,00-0023459,00-0035228,Aaron Rodgers,Kyler Murray,PHO00,State Farm Stadium
2024_10_PHI_DAL,2024,REG,10,2024-11-10,Sunday,16:25,PHI,34.0,DAL,6.0,Home,-28.0,40.0,0.0,401671676,7,7,-7.5,-108.0,-112.0,44.5,-360.0,285.0,1,closed,matrixturf,00-0036389,00-0033662,Jalen Hurts,Cooper Rush,DAL00,AT&T Stadium
2024_10_PIT_WAS,2024,REG,10,2024-11-10,Sunday,13:00,PIT,28.0,WAS,27.0,Home,-1.0,55.0,0.0,401671641,13,7,1.5,-110.0,-110.0,45.0,102.0,-122.0,0,outdoors,grass,00-0029263,00-0032268,Russell Wilson,Marcus Mariota,WAS00,FedExField
2024_10_SF_TB,2024,REG,10,2024-11-10,Sunday,13:00,SF,23.0,TB,20.0,Home,-3.0,43.0,0.0,401671742,14,6,-6.5,-118.0,-102.0,50.5,-298.0,240.0,0,outdoors,grass,00-0037834,00-0034855,Brock Purdy,Baker Mayfield,TAM00,Raymond James Stadium
2024_10_TEN_LAC,2024,REG,10,2024-11-10,Sunday,16:05,TEN,17.0,LAC,27.0,Home,10.0,44.0,0.0,401671751,7,7,8.0,-108.0,-112.0,40.0,300.0,-380.0,0,dome,matrixturf,00-0034771,00-0036355,Mason Rudolph,Justin Herbert,LAX01,SoFi Stadium
2024_10_MIA_LA,2024,REG,10,2024-11-11,Monday,20:15,MIA,23.0,LA,15.0,Home,-8.0,38.0,0.0,401671693,8,8,2.5,-102.0,-118.0,49.5,120.0,-142.0,0,dome,matrixturf,00-0036212,00-0026498,Tua Tagovailoa,Matthew Stafford,LAX01,SoFi Stadium
2024_11_WAS_PHI,2024,REG,11,2024-11-14,Thursday,20:15,WAS,18.0,PHI,26.0,Home,8.0,44.0,0.0,401671813,4,4,4.5,-110.0,-110.0,49.5,190.0,-230.0,1,outdoors,grass,00-0032268,00-0036389,Marcus Mariota,Jalen Hurts,PHI00,Lincoln Financial Field
2024_11_ATL_DEN,2024,REG,11,2024-11-17,Sunday,16:05,ATL,6.0,DEN,38.0,Home,32.0,44.0,0.0,401671748,7,7,2.0,-108.0,-112.0,44.5,114.0,-135.0,0,outdoors,grass,00-0029604,00-0039732,Kirk Cousins,Bo Nix,DEN00,Empower Field at Mile High
2024_11_BAL_PIT,2024,REG,11,2024-11-17,Sunday,13:00,BAL,16.0,PIT,18.0,Home,2.0,34.0,0.0,401671630,10,7,-3.0,-120.0,100.0,48.0,-175.0,145.0,1,outdoors,grass,00-0034796,00-0029263,Lamar Jackson,Russell Wilson,PIT00,Acrisure Stadium
2024_11_CIN_LAC,2024,REG,11,2024-11-17,Sunday,20:20,CIN,27.0,LAC,34.0,Home,7.0,61.0,0.0,401671675,10,7,1.0,-118.0,-102.0,48.0,-110.0,-110.0,0,dome,matrixturf,00-0036442,00-0036355,Joe Burrow,Justin Herbert,LAX01,SoFi Stadium
2024_11_CLE_NO,2024,REG,11,2024-11-17,Sunday,13:00,CLE,14.0,NO,35.0,Home,21.0,49.0,0.0,401671746,14,7,-1.0,-110.0,-110.0,44.0,-115.0,-105.0,0,dome,sportturf,00-0031503,00-0031280,Jameis Winston,Derek Carr,NOR00,Mercedes-Benz Superdome
2024_11_GB_CHI,2024,REG,11,2024-11-17,Sunday,13:00,GB,20.0,CHI,19.0,Home,-1.0,39.0,0.0,401671869,14,7,-6.0,-115.0,-105.0,41.0,-265.0,215.0,1,outdoors,grass,00-0036264,00-0039918,Jordan Love,Caleb Williams,CHI98,Soldier Field
2024_11_IND_NYJ,2024,REG,11,2024-11-17,Sunday,13:00,IND,28.0,NYJ,27.0,Home,-1.0,55.0,0.0,401671782,7,7,4.0,-110.0,-110.0,43.0,170.0,-205.0,0,outdoors,fieldturf,00-0026158,00-0023459,Joe Flacco,Aaron Rodgers,NYC01,MetLife Stadium
2024_11_JAX_DET,2024,REG,11,2024-11-17,Sunday,13:00,JAX,6.0,DET,52.0,Home,46.0,58.0,0.0,401671642,7,7,14.0,-105.0,-115.0,47.5,650.0,-1000.0,0,dome,fieldturf,00-0036972,00-0033106,Mac Jones,Jared Goff,DET00,Ford Field
2024_11_KC_BUF,2024,REG,11,2024-11-17,Sunday,16:25,KC,21.0,BUF,30.0,Home,9.0,51.0,0.0,401671665,7,7,2.5,-108.0,-112.0,46.5,120.0,-142.0,0,outdoors,a_turf,00-0033873,00-0034857,Patrick Mahomes,Josh Allen,BUF00,New Era Field
2024_11_LA_NE,2024,REG,11,2024-11-17,Sunday,13:00,LA,28.0,NE,22.0,Home,-6.0,50.0,0.0,401671701,6,7,-4.0,-108.0,-112.0,42.5,-198.0,164.0,0,outdoors,fieldturf,00-0026498,00-0039851,Matthew Stafford,Drake Maye,BOS00,Gillette Stadium
2024_11_LV_MIA,2024,REG,11,2024-11-17,Sunday,13:00,LV,19.0,MIA,34.0,Home,15.0,53.0,0.0,401671851,14,6,8.0,-105.0,-115.0,43.5,330.0,-425.0,0,outdoors,grass,00-0035289,00-0036212,Gardner Minshew,Tua Tagovailoa,MIA00,Hard Rock Stadium
2024_11_MIN_TEN,2024,REG,11,2024-11-17,Sunday,13:00,MIN,23.0,TEN,13.0,Home,-10.0,36.0,0.0,401671824,7,7,-6.0,-118.0,-102.0,40.0,-290.0,235.0,0,outdoors,grass,00-0034869,00-0034771,Sam Darnold,Mason Rudolph,NAS00,Nissan Stadium
2024_11_SEA_SF,2024,REG,11,2024-11-17,Sunday,16:05,SEA,20.0,SF,17.0,Home,-3.0,37.0,0.0,401671757,14,7,6.0,-110.0,-110.0,49.0,215.0,-265.0,1,outdoors,grass,00-0030565,00-0037834,Geno Smith,Brock Purdy,SFO01,Levi's Stadium
2024_11_HOU_DAL,2024,REG,11,2024-11-18,Monday,20:15,HOU,34.0,DAL,10.0,Home,-24.0,44.0,0.0,401671694,8,8,-7.5,100.0,-120.0,41.5,-360.0,285.0,0,closed,matrixturf,00-0039163,00-0033662,C.J. Stroud,Cooper Rush,DAL00,AT&T Stadium
2024_12_PIT_CLE,2024,REG,12,2024-11-21,Thursday,20:15,PIT,19.0,CLE,24.0,Home,5.0,43.0,0.0,401671875,4,4,-3.5,-115.0,-105.0,36.5,-205.0,170.0,1,outdoors,grass,00-0029263,00-0031503,Russell Wilson,Jameis Winston,CLE00,FirstEnergy Stadium
2024_12_ARI_SEA,2024,REG,12,2024-11-24,Sunday,16:25,ARI,6.0,SEA,16.0,Home,10.0,22.0,0.0,401671775,14,7,-1.0,-110.0,-110.0,46.5,-115.0,-105.0,1,outdoors,fieldturf,00-0035228,00-0030565,Kyler Murray,Geno Smith,SEA00,Lumen Field
2024_12_DAL_WAS,2024,REG,12,2024-11-24,Sunday,13:00,DAL,34.0,WAS,26.0,Home,-8.0,60.0,0.0,401671715,6,10,10.5,-112.0,-108.0,45.0,455.0,-625.0,1,outdoors,grass,00-0033662,00-0032268,Cooper Rush,Marcus Mariota,WAS00,FedExField
2024_12_DEN_LV,2024,REG,12,2024-11-24,Sunday,16:05,DEN,29.0,LV,19.0,Home,-10.0,48.0,0.0,401671656,7,7,-6.5,-105.0,-115.0,41.5,-278.0,225.0,1,dome,grass,00-0039732,00-0035289,Bo Nix,Gardner Minshew,VEG00,Allegiant Stadium
2024_12_DET_IND,2024,REG,12,2024-11-24,Sunday,13:00,DET,24.0,IND,6.0,Home,-18.0,30.0,0.0,401671866,7,7,-7.0,-122.0,102.0,50.5,-375.0,295.0,0,closed,fieldturf,00-0033106,00-0026158,Jared Goff,Joe Flacco,IND00,Lucas Oil Stadium
2024_12_KC_CAR,2024,REG,12,2024-11-24,Sunday,13:00,KC,30.0,CAR,27.0,Home,-3.0,57.0,0.0,401671651,7,14,-11.0,-112.0,-108.0,43.0,-700.0,500.0,0,outdoors,grass,00-0033873,00-0027973,Patrick Mahomes,Andy Dalton,CAR00,Bank of America Stadium
2024_12_MIN_CHI,2024,REG,12,2024-11-24,Sunday,13:00,MIN,30.0,CHI,27.0,Home,-3.0,57.0,1.0,401671870,7,7,-3.0,-120.0,100.0,39.5,-175.0,145.0,1,outdoors,grass,00-0034869,00-0039918,Sam Darnold,Caleb Williams,CHI98,Soldier Field
2024_12_NE_MIA,2024,REG,12,2024-11-24,Sunday,13:00,NE,15.0,MIA,34.0,Home,19.0,49.0,0.0,401671847,7,7,7.5,-115.0,-105.0,46.0,285.0,-360.0,1,outdoors,grass,00-0039851,00-0036212,Drake Maye,Tua Tagovailoa,MIA00,Hard Rock Stadium
2024_12_PHI_LA,2024,REG,12,2024-11-24,Sunday,20:20,PHI,37.0,LA,20.0,Home,-17.0,57.0,0.0,401671794,10,7,-3.0,-112.0,-108.0,49.0,-170.0,142.0,0,dome,matrixturf,00-0036389,00-0026498,Jalen Hurts,Matthew Stafford,LAX01,SoFi Stadium
2024_12_SF_GB,2024,REG,12,2024-11-24,Sunday,16:25,SF,10.0,GB,38.0,Home,28.0,48.0,0.0,401671768,7,7,6.5,-112.0,-108.0,44.5,235.0,-290.0,0,outdoors,grass,00-0032434,00-0036264,Brandon Allen,Jordan Love,GNB00,Lambeau Field
2024_12_TB_NYG,2024,REG,12,2024-11-24,Sunday,13:00,TB,30.0,NYG,7.0,Home,-23.0,37.0,0.0,401671638,14,14,-6.5,-108.0,-112.0,40.5,-298.0,240.0,0,outdoors,fieldturf,00-0034855,00-0038476,Baker Mayfield,Tommy DeVito,NYC01,MetLife Stadium
2024_12_TEN_HOU,2024,REG,12,2024-11-24,Sunday,13:00,TEN,32.0,HOU,27.0,Home,-5.0,59.0,0.0,401671858,7,6,8.0,-112.0,-108.0,40.5,295.0,-375.0,1,closed,astroturf,00-0034771,00-0039163,Mason Rudolph,C.J. Stroud,HOU00,NRG Stadium
2024_12_BAL_LAC,2024,REG,12,2024-11-25,Monday,20:15,BAL,30.0,LAC,23.0,Home,-7.0,53.0,0.0,401671689,8,8,-3.0,-110.0,-110.0,51.0,-166.0,140.0,0,dome,matrixturf,00-0034796,00-0036355,Lamar Jackson,Justin Herbert,LAX01,SoFi Stadium
2024_13_CHI_DET,2024,REG,13,2024-11-28,Thursday,12:30,CHI,20.0,DET,23.0,Home,3.0,43.0,0.0,401671492,4,4,9.5,-102.0,-118.0,47.5,390.0,-520.0,1,dome,fieldturf,00-0039918,00-0033106,Caleb Williams,Jared Goff,DET00,Ford Field
2024_13_MIA_GB,2024,REG,13,2024-11-28,Thursday,20:20,MIA,17.0,GB,30.0,Home,13.0,47.0,0.0,401671798,4,4,3.5,-115.0,-105.0,47.5,145.0,-175.0,0,outdoors,grass,00-0036212,00-0036264,Tua Tagovailoa,Jordan Love,GNB00,Lambeau Field
2024_13_NYG_DAL,2024,REG,13,2024-11-28,Thursday,16:30,NYG,20.0,DAL,27.0,Home,7.0,47.0,0.0,401671779,4,4,4.5,-110.0,-110.0,39.0,185.0,-218.0,1,closed,matrixturf,00-0035704,00-0033662,Drew Lock,Cooper Rush,DAL00,AT&T Stadium
2024_13_LV_KC,2024,REG,13,2024-11-29,Friday,15:00,LV,17.0,KC,19.0,Home,2.0,36.0,0.0,401671806,5,5,13.5,-108.0,-112.0,42.0,550.0,-800.0,1,outdoors,grass,00-0035289,00-0033873,Gardner Minshew,Patrick Mahomes,KAN00,GEHA Field at Arrowhead Stadium
2024_13_ARI_MIN,2024,REG,13,2024-12-01,Sunday,13:00,ARI,22.0,MIN,23.0,Home,1.0,45.0,0.0,401671726,7,7,3.5,-110.0,-110.0,45.5,154.0,-185.0,0,dome,sportturf,00-0035228,00-0034869,Kyler Murray,Sam Darnold,MIN01,U.S. Bank Stadium
2024_13_HOU_JAX,2024,REG,13,2024-12-01,Sunday,13:00,HOU,23.0,JAX,20.0,Home,-3.0,43.0,0.0,401671705,7,14,-3.5,-110.0,-110.0,44.5,-192.0,160.0,1,outdoors,grass,00-0039163,00-0036971,C.J. Stroud,Trevor Lawrence,JAX00,TIAA Bank Stadium
2024_13_IND_NE,2024,REG,13,2024-12-01,Sunday,13:00,IND,25.0,NE,24.0,Home,-1.0,49.0,0.0,401671620,7,7,-2.5,-115.0,-105.0,41.5,-135.0,114.0,0,outdoors,fieldturf,00-0026158,00-0039851,Joe Flacco,Drake Maye,BOS00,Gillette Stadium
2024_13_LAC_ATL,2024,REG,13,2024-12-01,Sunday,13:00,LAC,17.0,ATL,13.0,Home,-4.0,30.0,0.0,401671649,6,14,-1.0,-108.0,-112.0,47.0,-118.0,-102.0,0,closed,fieldturf,00-0036355,00-0029604,Justin Herbert,Kirk Cousins,ATL97,Mercedes-Benz Stadium
2024_13_LA_NO,2024,REG,13,2024-12-01,Sunday,16:05,LA,21.0,NO,14.0,Home,-7.0,35.0,0.0,401671753,7,14,-2.5,-115.0,-105.0,48.5,-142.0,120.0,0,dome,sportturf,00-0026498,00-0031280,Matthew Stafford,Derek Carr,NOR00,Mercedes-Benz Superdome
2024_13_PHI_BAL,2024,REG,13,2024-12-01,Sunday,16:25,PHI,24.0,BAL,19.0,Home,-5.0,43.0,0.0,401671666,7,6,3.0,-110.0,-110.0,50.0,136.0,-162.0,0,outdoors,grass,00-0036389,00-0034796,Jalen Hurts,Lamar Jackson,BAL00,M&T Bank Stadium
2024_13_PIT_CIN,2024,REG,13,2024-12-01,Sunday,13:00,PIT,44.0,CIN,38.0,Home,-6.0,82.0,0.0,401671627,10,14,3.0,-110.0,-110.0,46.0,130.0,-155.0,1,outdoors,fieldturf,00-0029263,00-0036442,Russell Wilson,Joe Burrow,CIN00,Paycor Stadium
2024_13_SEA_NYJ,2024,REG,13,2024-12-01,Sunday,13:00,SEA,26.0,NYJ,21.0,Home,-5.0,47.0,0.0,401671703,7,14,1.0,-110.0,-110.0,41.5,-105.0,-115.0,0,outdoors,fieldturf,00-0030565,00-0023459,Geno Smith,Aaron Rodgers,NYC01,MetLife Stadium
2024_13_SF_BUF,2024,REG,13,2024-12-01,Sunday,20:20,SF,10.0,BUF,35.0,Home,25.0,45.0,0.0,401671781,7,14,6.5,-102.0,-118.0,45.0,270.0,-340.0,0,outdoors,a_turf,00-0037834,00-0034857,Brock Purdy,Josh Allen,BUF00,New Era Field
2024_13_TB_CAR,2024,REG,13,2024-12-01,Sunday,16:05,TB,26.0,CAR,23.0,Home,-3.0,49.0,1.0,401671752,7,7,-6.5,-115.0,-105.0,46.0,-290.0,235.0,1,outdoors,grass,00-0034855,00-0027973,Baker Mayfield,Andy Dalton,CAR00,Bank of America Stadium
2024_13_TEN_WAS,2024,REG,13,2024-12-01,Sunday,13:00,TEN,19.0,WAS,42.0,Home,23.0,61.0,0.0,401671743,7,7,6.0,-112.0,-108.0,45.0,205.0,-250.0,0,outdoors,grass,00-0034771,00-0032268,Mason Rudolph,Marcus Mariota,WAS00,FedExField
2024_13_CLE_DEN,2024,REG,13,2024-12-02,Monday,20:15,CLE,32.0,DEN,41.0,Home,9.0,73.0,0.0,401671686,11,8,6.5,-108.0,-112.0,41.5,235.0,-290.0,0,outdoors,grass,00-0031503,00-0039732,Jameis Winston,Bo Nix,DEN00,Empower Field at Mile High
2024_14_GB_DET,2024,REG,14,2024-12-05,Thursday,20:15,GB,31.0,DET,34.0,Home,3.0,65.0,0.0,401671814,7,7,3.0,100.0,-120.0,53.0,142.0,-170.0,1,dome,fieldturf,00-0036264,00-0033106,Jordan Love,Jared Goff,DET00,Ford Field
2024_14_ATL_MIN,2024,REG,14,2024-12-08,Sunday,13:00,ATL,21.0,MIN,42.0,Home,21.0,63.0,0.0,401671648,7,7,6.0,-110.0,-110.0,46.5,205.0,-250.0,0,dome,sportturf,00-0029604,00-0034869,Kirk Cousins,Sam Darnold,MIN01,U.S. Bank Stadium
2024_14_BUF_LA,2024,REG,14,2024-12-08,Sunday,16:25,BUF,42.0,LA,44.0,Home,2.0,86.0,0.0,401671773,7,7,-3.5,-118.0,-102.0,49.5,-192.0,160.0,0,dome,matrixturf,00-0034857,00-0026498,Josh Allen,Matthew Stafford,LAX01,SoFi Stadium
2024_14_CAR_PHI,2024,REG,14,2024-12-08,Sunday,13:00,CAR,16.0,PHI,22.0,Home,6.0,38.0,0.0,401671713,7,7,14.0,-112.0,-108.0,44.5,625.0,-950.0,0,outdoors,grass,00-0027973,00-0036389,Andy Dalton,Jalen Hurts,PHI00,Lincoln Financial Field
2024_14_CHI_SF,2024,REG,14,2024-12-08,Sunday,16:25,CHI,13.0,SF,38.0,Home,25.0,51.0,0.0,401671774,10,7,3.0,-110.0,-110.0,43.5,136.0,-162.0,0,outdoors,grass,00-0039918,00-0037834,Caleb Williams,Brock Purdy,SFO01,Levi's Stadium
2024_14_CLE_PIT,2024,REG,14,2024-12-08,Sunday,13:00,CLE,14.0,PIT,27.0,Home,13.0,41.0,0.0,401671631,6,7,6.0,-112.0,-108.0,43.0,210.0,-258.0,1,outdoors,grass,00-0031503,00-0029263,Jameis Winston,Russell Wilson,PIT00,Acrisure Stadium
2024_14_JAX_TEN,2024,REG,14,2024-12-08,Sunday,13:00,JAX,10.0,TEN,6.0,Home,-4.0,16.0,0.0,401671821,7,7,3.0,-105.0,-115.0,40.0,142.0,-170.0,1,outdoors,grass,00-0036972,00-0034771,Mac Jones,Mason Rudolph,NAS00,Nissan Stadium
2024_14_LAC_KC,2024,REG,14,2024-12-08,Sunday,20:20,LAC,17.0,KC,19.0,Home,2.0,36.0,0.0,401671788,7,9,5.0,-115.0,-105.0,43.5,195.0,-238.0,1,outdoors,grass,00-0036355,00-0033873,Justin Herbert,Patrick Mahomes,KAN00,GEHA Field at Arrowhead Stadium
2024_14_LV_TB,2024,REG,14,2024-12-08,Sunday,13:00,LV,13.0,TB,28.0,Home,15.0,41.0,0.0,401671654,9,7,7.0,-115.0,-105.0,47.0,260.0,-325.0,0,outdoors,grass,00-0035289,00-0034855,Gardner Minshew,Baker Mayfield,TAM00,Raymond James Stadium
2024_14_NO_NYG,2024,REG,14,2024-12-08,Sunday,13:00,NO,14.0,NYG,11.0,Home,-3.0,25.0,0.0,401671601,7,10,-5.5,-115.0,-105.0,41.0,-245.0,200.0,0,outdoors,fieldturf,00-0031280,00-0038476,Derek Carr,Tommy DeVito,NYC01,MetLife Stadium
2024_14_NYJ_MIA,2024,REG,14,2024-12-08,Sunday,13:00,NYJ,26.0,MIA,32.0,Home,6.0,58.0,1.0,401671848,7,10,6.5,-108.0,-112.0,45.0,240.0,-298.0,1,outdoors,grass,00-0023459,00-0036212,Aaron Rodgers,Tua Tagovailoa,MIA00,Hard Rock Stadium
2024_14_SEA_ARI,2024,REG,14,2024-12-08,Sunday,16:05,SEA,30.0,ARI,18.0,Home,-12.0,48.0,0.0,401671660,7,7,3.0,-105.0,-115.0,45.5,145.0,-175.0,1,closed,grass,00-0030565,00-0035228,Geno Smith,Kyler Murray,PHO00,State Farm Stadium
2024_14_CIN_DAL,2024,REG,14,2024-12-09,Monday,20:15,CIN,27.0,DAL,20.0,Home,-7.0,47.0,0.0,401671690,8,11,-5.0,-110.0,-110.0,51.0,-230.0,190.0,0,closed,matrixturf,00-0036442,00-0033662,Joe Burrow,Cooper Rush,DAL00,AT&T Stadium
2024_15_LA_SF,2024,REG,15,2024-12-12,Thursday,20:15,LA,12.0,SF,6.0,Home,-6.0,18.0,0.0,401671818,4,4,3.0,-118.0,-102.0,48.5,130.0,-155.0,1,outdoors,grass,00-0026498,00-0037834,Matthew Stafford,Brock Purdy,SFO01,Levi's Stadium
2024_15_BAL_NYG,2024,REG,15,2024-12-15,Sunday,13:00,BAL,35.0,NYG,14.0,Home,-21.0,49.0,0.0,401671639,14,7,-16.5,-112.0,-108.0,43.5,-1800.0,1000.0,0,outdoors,fieldturf,00-0034796,00-0038476,Lamar Jackson,Tommy DeVito,NYC01,MetLife Stadium
2024_15_BUF_DET,2024,REG,15,2024-12-15,Sunday,16:25,BUF,48.0,DET,42.0,Home,-6.0,90.0,0.0,401671681,7,10,2.5,-110.0,-110.0,55.5,110.0,-130.0,0,dome,fieldturf,00-0034857,00-0033106,Josh Allen,Jared Goff,DET00,Ford Field
2024_15_CIN_TEN,2024,REG,15,2024-12-15,Sunday,13:00,CIN,37.0,TEN,27.0,Home,-10.0,64.0,0.0,401671825,6,7,-6.0,-110.0,-110.0,46.5,-250.0,205.0,0,outdoors,grass,00-0036442,00-0039152,Joe Burrow,Will Levis,NAS00,Nissan Stadium
2024_15_DAL_CAR,2024,REG,15,2024-12-15,Sunday,13:00,DAL,30.0,CAR,14.0,Home,-16.0,44.0,0.0,401671731,6,7,2.5,100.0,-120.0,42.0,120.0,-142.0,0,outdoors,grass,00-0033662,00-0039150,Cooper Rush,Bryce Young,CAR00,Bank of America Stadium
2024_15_GB_SEA,2024,REG,15,2024-12-15,Sunday,20:20,GB,30.0,SEA,13.0,Home,-17.0,43.0,0.0,401671796,10,7,-3.0,-110.0,-110.0,48.0,-162.0,136.0,0,outdoors,fieldturf,00-0036264,00-0030565,Jordan Love,Geno Smith,SEA00,Lumen Field
2024_15_IND_DEN,2024,REG,15,2024-12-15,Sunday,16:25,IND,13.0,DEN,31.0,Home,18.0,44.0,0.0,401671669,14,13,4.5,-105.0,-115.0,43.5,195.0,-238.0,0,outdoors,grass,00-0039164,00-0039732,Anthony Richardson,Bo Nix,DEN00,Empower Field at Mile High
2024_15_KC_CLE,2024,REG,15,2024-12-15,Sunday,13:00,KC,21.0,CLE,7.0,Home,-14.0,28.0,0.0,401671854,7,7,-4.5,-110.0,-110.0,41.5,-230.0,190.0,0,outdoors,grass,00-0033873,00-0031503,Patrick Mahomes,Jameis Winston,CLE00,FirstEnergy Stadium
2024_15_MIA_HOU,2024,REG,15,2024-12-15,Sunday,13:00,MIA,12.0,HOU,20.0,Home,8.0,32.0,0.0,401671860,7,14,2.5,-105.0,-115.0,46.5,130.0,-155.0,0,closed,astroturf,00-0036212,00-0039163,Tua Tagovailoa,C.J. Stroud,HOU00,NRG Stadium
2024_15_NE_ARI,2024,REG,15,2024-12-15,Sunday,16:25,NE,17.0,ARI,30.0,Home,13.0,47.0,0.0,401671677,14,7,6.0,-108.0,-112.0,46.5,210.0,-258.0,0,closed,grass,00-0039851,00-0035228,Drake Maye,Kyler Murray,PHO00,State Farm Stadium
2024_15_NYJ_JAX,2024,REG,15,2024-12-15,Sunday,13:00,NYJ,32.0,JAX,25.0,Home,-7.0,57.0,0.0,401671706,7,7,-3.5,-102.0,-118.0,41.5,-175.0,145.0,0,outdoors,grass,00-0023459,00-0036972,Aaron Rodgers,Mac Jones,JAX00,TIAA Bank Stadium
2024_15_PIT_PHI,2024,REG,15,2024-12-15,Sunday,16:25,PIT,13.0,PHI,27.0,Home,14.0,40.0,0.0,401671766,7,7,5.5,-110.0,-110.0,43.0,215.0,-265.0,0,outdoors,grass,00-0029263,00-0036389,Russell Wilson,Jalen Hurts,PHI00,Lincoln Financial Field
2024_15_TB_LAC,2024,REG,15,2024-12-15,Sunday,16:25,TB,40.0,LAC,17.0,Home,-23.0,57.0,0.0,401671762,7,7,3.0,-105.0,-115.0,46.0,136.0,-162.0,0,dome,matrixturf,00-0034855,00-0036355,Baker Mayfield,Justin Herbert,LAX01,SoFi Stadium
2024_15_WAS_NO,2024,REG,15,2024-12-15,Sunday,13:00,WAS,20.0,NO,19.0,Home,-1.0,39.0,0.0,401671737,14,7,-7.5,-112.0,-108.0,44.5,-375.0,295.0,0,dome,sportturf,00-0039910,00-0038998,Jayden Daniels,Jake Haener,NOR00,Mercedes-Benz Superdome
2024_15_ATL_LV,2024,REG,15,2024-12-16,Monday,20:30,ATL,15.0,LV,9.0,Home,-6.0,24.0,0.0,401671697,8,8,-6.5,-110.0,-110.0,44.5,-345.0,275.0,0,dome,grass,00-0029604,00-0038579,Kirk Cousins,Aidan O'Connell,VEG00,Allegiant Stadium
2024_15_CHI_MIN,2024,REG,15,2024-12-16,Monday,20:00,CHI,12.0,MIN,30.0,Home,18.0,42.0,0.0,401671489,8,8,7.0,-115.0,-105.0,43.5,260.0,-325.0,1,dome,sportturf,00-0039918,00-0034869,Caleb Williams,Sam Darnold,MIN01,U.S. Bank Stadium
2024_16_DEN_LAC,2024,REG,16,2024-12-19,Thursday,20:15,DEN,27.0,LAC,34.0,Home,7.0,61.0,0.0,401671749,4,4,3.0,-120.0,100.0,41.5,124.0,-148.0,1,dome,matrixturf,00-0039732,00-0036355,Bo Nix,Justin Herbert,LAX01,SoFi Stadium
2024_16_HOU_KC,2024,REG,16,2024-12-21,Saturday,13:00,HOU,19.0,KC,27.0,Home,8.0,46.0,0.0,401671780,6,6,3.5,-120.0,100.0,42.5,150.0,-180.0,0,outdoors,grass,00-0039163,00-0033873,C.J. Stroud,Patrick Mahomes,KAN00,GEHA Field at Arrowhead Stadium
2024_16_PIT_BAL,2024,REG,16,2024-12-21,Saturday,16:30,PIT,17.0,BAL,34.0,Home,17.0,51.0,0.0,401671778,6,6,7.0,-115.0,-105.0,44.5,275.0,-345.0,1,outdoors,grass,00-0029263,00-0034796,Russell Wilson,Lamar Jackson,BAL00,M&T Bank Stadium
2024_16_ARI_CAR,2024,REG,16,2024-12-22,Sunday,13:00,ARI,30.0,CAR,36.0,Home,6.0,66.0,1.0,401671732,7,7,-5.5,-110.0,-110.0,47.0,-245.0,200.0,0,outdoors,grass,00-0035228,00-0039150,Kyler Murray,Bryce Young,CAR00,Bank of America Stadium
2024_16_CLE_CIN,2024,REG,16,2024-12-22,Sunday,13:00,CLE,6.0,CIN,24.0,Home,18.0,30.0,0.0,401671811,7,7,10.0,-108.0,-112.0,46.5,425.0,-575.0,1,outdoors,fieldturf,00-0031503,00-0036442,Jameis Winston,Joe Burrow,CIN00,Paycor Stadium
2024_16_DET_CHI,2024,REG,16,2024-12-22,Sunday,13:00,DET,34.0,CHI,17.0,Home,-17.0,51.0,0.0,401671868,7,6,-7.0,-110.0,-110.0,47.5,-340.0,270.0,1,outdoors,grass,00-0033106,00-0039918,Jared Goff,Caleb Williams,CHI98,Soldier Field
2024_16_JAX_LV,2024,REG,16,2024-12-22,Sunday,16:25,JAX,14.0,LV,19.0,Home,5.0,33.0,0.0,401671673,7,6,2.5,-110.0,-110.0,41.5,110.0,-130.0,0,dome,grass,00-0036972,00-0038579,Mac Jones,Aidan O'Connell,VEG00,Allegiant Stadium
2024_16_LA_NYJ,2024,REG,16,2024-12-22,Sunday,13:00,LA,19.0,NYJ,9.0,Home,-10.0,28.0,0.0,401671621,10,7,-3.0,-105.0,-115.0,47.0,-162.0,136.0,0,outdoors,fieldturf,00-0026498,00-0023459,Matthew Stafford,Aaron Rodgers,NYC01,MetLife Stadium
2024_16_MIN_SEA,2024,REG,16,2024-12-22,Sunday,16:05,MIN,27.0,SEA,24.0,Home,-3.0,51.0,0.0,401671759,6,7,-2.5,-115.0,-105.0,43.0,-148.0,124.0,0,outdoors,fieldturf,00-0034869,00-0030565,Sam Darnold,Geno Smith,SEA00,Lumen Field
2024_16_NE_BUF,2024,REG,16,2024-12-22,Sunday,16:25,NE,21.0,BUF,24.0,Home,3.0,45.0,0.0,401671494,7,7,14.0,-110.0,-110.0,48.0,700.0,-1100.0,1,outdoors,a_turf,00-0039851,00-0034857,Drake Maye,Josh Allen,BUF00,New Era Field
2024_16_NYG_ATL,2024,REG,16,2024-12-22,Sunday,13:00,NYG,7.0,ATL,34.0,Home,27.0,41.0,0.0,401671729,7,6,9.5,-110.0,-110.0,42.5,410.0,-550.0,0,closed,fieldturf,00-0038476,00-0039917,Tommy DeVito,Michael Penix Jr.,ATL97,Mercedes-Benz Stadium
2024_16_PHI_WAS,2024,REG,16,2024-12-22,Sunday,13:00,PHI,33.0,WAS,36.0,Home,3.0,69.0,0.0,401671717,7,7,-4.0,-115.0,-105.0,47.0,-218.0,180.0,1,outdoors,grass,00-0036389,00-0039910,Jalen Hurts,Jayden Daniels,WAS00,FedExField
2024_16_SF_MIA,2024,REG,16,2024-12-22,Sunday,16:25,SF,17.0,MIA,29.0,Home,12.0,46.0,0.0,401671874,10,7,-2.0,-108.0,-112.0,44.0,-125.0,105.0,0,outdoors,grass,00-0037834,00-0036212,Brock Purdy,Tua Tagovailoa,MIA00,Hard Rock Stadium
2024_16_TB_DAL,2024,REG,16,2024-12-22,Sunday,20:20,TB,24.0,DAL,26.0,Home,2.0,50.0,0.0,401671790,7,7,-4.5,-105.0,-115.0,47.5,-218.0,180.0,0,closed,matrixturf,00-0034855,00-0033662,Baker Mayfield,Cooper Rush,DAL00,AT&T Stadium
2024_16_TEN_IND,2024,REG,16,2024-12-22,Sunday,13:00,TEN,30.0,IND,38.0,Home,8.0,68.0,0.0,401671862,7,7,4.0,-112.0,-108.0,42.5,164.0,-198.0,1,closed,fieldturf,00-0034771,00-0026158,Mason Rudolph,Joe Flacco,IND00,Lucas Oil Stadium
2024_16_NO_GB,2024,REG,16,2024-12-23,Monday,20:15,NO,0.0,GB,34.0,Home,34.0,34.0,0.0,401671692,8,8,14.0,-105.0,-115.0,44.0,625.0,-950.0,0,outdoors,grass,00-0038998,00-0036264,Jake Haener,Jordan Love,GNB00,Lambeau Field
2024_17_BAL_HOU,2024,REG,17,2024-12-25,Wednesday,16:30,BAL,31.0,HOU,2.0,Home,-29.0,33.0,0.0,401671800,4,4,-5.5,-108.0,-112.0,46.5,-245.0,200.0,0,closed,astroturf,00-0034796,00-0039163,Lamar Jackson,C.J. Stroud,HOU00,NRG Stadium
2024_17_KC_PIT,2024,REG,17,2024-12-25,Wednesday,13:00,KC,29.0,PIT,10.0,Home,-19.0,39.0,0.0,401671799,4,4,-3.0,-105.0,-115.0,43.5,-162.0,136.0,0,outdoors,grass,00-0033873,00-0029263,Patrick Mahomes,Russell Wilson,PIT00,Acrisure Stadium
2024_17_SEA_CHI,2024,REG,17,2024-12-26,Thursday,20:15,SEA,6.0,CHI,3.0,Home,-3.0,9.0,0.0,401671876,4,4,-3.5,-118.0,-102.0,43.5,-192.0,160.0,0,outdoors,grass,00-0030565,00-0039918,Geno Smith,Caleb Williams,CHI98,Soldier Field
2024_17_ARI_LA,2024,REG,17,2024-12-28,Saturday,20:15,ARI,9.0,LA,13.0,Home,4.0,22.0,0.0,401671829,6,6,6.5,100.0,-120.0,48.0,270.0,-340.0,1,dome,matrixturf,00-0035228,00-0026498,Kyler Murray,Matthew Stafford,LAX01,SoFi Stadium
2024_17_DEN_CIN,2024,REG,17,2024-12-28,Saturday,16:30,DEN,24.0,CIN,30.0,Home,6.0,54.0,1.0,401671835,9,6,3.5,-115.0,-105.0,50.5,145.0,-175.0,0,outdoors,fieldturf,00-0039732,00-0036442,Bo Nix,Joe Burrow,CIN00,Paycor Stadium
2024_17_LAC_NE,2024,REG,17,2024-12-28,Saturday,13:00,LAC,40.0,NE,7.0,Home,-33.0,47.0,0.0,401671832,9,6,-6.0,-118.0,-102.0,42.0,-305.0,245.0,0,outdoors,fieldturf,00-0036355,00-0039851,Justin Herbert,Drake Maye,BOS00,Gillette Stadium
2024_17_ATL_WAS,2024,REG,17,2024-12-29,Sunday,20:20,ATL,24.0,WAS,30.0,Home,6.0,54.0,1.0,401671842,7,7,3.5,-115.0,-105.0,46.5,160.0,-192.0,0,outdoors,grass,00-0039917,00-0039910,Michael Penix Jr.,Jayden Daniels,WAS00,FedExField
2024_17_CAR_TB,2024,REG,17,2024-12-29,Sunday,13:00,CAR,14.0,TB,48.0,Home,34.0,62.0,0.0,401671653,7,7,9.5,-105.0,-115.0,47.5,380.0,-500.0,1,outdoors,grass,00-0039150,00-0034855,Bryce Young,Baker Mayfield,TAM00,Raymond James Stadium
2024_17_DAL_PHI,2024,REG,17,2024-12-29,Sunday,13:00,DAL,7.0,PHI,41.0,Home,34.0,48.0,0.0,401671765,7,7,7.5,-112.0,-108.0,37.5,260.0,-325.0,1,outdoors,grass,00-0033662,00-0036389,Cooper Rush,Jalen Hurts,PHI00,Lincoln Financial Field
2024_17_GB_MIN,2024,REG,17,2024-12-29,Sunday,16:25,GB,25.0,MIN,27.0,Home,2.0,52.0,0.0,401671725,6,7,-1.0,-105.0,-115.0,49.0,-112.0,-108.0,1,dome,sportturf,00-0036264,00-0034869,Jordan Love,Sam Darnold,MIN01,U.S. Bank Stadium
2024_17_IND_NYG,2024,REG,17,2024-12-29,Sunday,13:00,IND,33.0,NYG,45.0,Home,12.0,78.0,0.0,401671846,7,7,-7.5,-112.0,-108.0,40.5,-410.0,320.0,0,outdoors,fieldturf,00-0026158,00-0038476,Joe Flacco,Tommy DeVito,NYC01,MetLife Stadium
2024_17_LV_NO,2024,REG,17,2024-12-29,Sunday,13:00,LV,25.0,NO,10.0,Home,-15.0,35.0,0.0,401671738,7,6,-2.0,-110.0,-110.0,37.5,-125.0,105.0,0,dome,sportturf,00-0038579,00-0038998,Aidan O'Connell,Jake Haener,NOR00,Mercedes-Benz Superdome
2024_17_MIA_CLE,2024,REG,17,2024-12-29,Sunday,16:05,MIA,20.0,CLE,3.0,Home,-17.0,23.0,0.0,401671877,7,7,-3.0,-115.0,-105.0,32.5,-170.0,142.0,0,outdoors,grass,00-0035993,00-0031503,Tyler Huntley,Jameis Winston,CLE00,FirstEnergy Stadium
2024_17_NYJ_BUF,2024,REG,17,2024-12-29,Sunday,13:00,NYJ,14.0,BUF,40.0,Home,26.0,54.0,0.0,401671495,7,7,10.0,-105.0,-115.0,44.5,390.0,-520.0,1,outdoors,a_turf,00-0023459,00-0034857,Aaron Rodgers,Josh Allen,BUF00,New Era Field
2024_17_TEN_JAX,2024,REG,17,2024-12-29,Sunday,13:00,TEN,13.0,JAX,20.0,Home,7.0,33.0,0.0,401671634,7,7,-1.0,-105.0,-115.0,38.0,-108.0,-112.0,1,outdoors,grass,00-0034771,00-0036972,Mason Rudolph,Mac Jones,JAX00,TIAA Bank Stadium
2024_17_DET_SF,2024,REG,17,2024-12-30,Monday,20:15,DET,40.0,SF,34.0,Home,-6.0,74.0,0.0,401671698,8,8,-4.0,-112.0,-108.0,50.5,-230.0,190.0,0,outdoors,grass,00-0033106,00-0037834,Jared Goff,Brock Purdy,SFO01,Levi's Stadium
2024_18_CIN_PIT,2024,REG,18,2025-01-04,Saturday,20:00,CIN,19.0,PIT,17.0,Home,-2.0,36.0,0.0,401671836,7,10,-2.5,-118.0,-102.0,48.5,-148.0,124.0,1,outdoors,grass,00-0036442,00-0029263,Joe Burrow,Russell Wilson,PIT00,Acrisure Stadium
2024_18_CLE_BAL,2024,REG,18,2025-01-04,Saturday,16:30,CLE,10.0,BAL,35.0,Home,25.0,45.0,0.0,401671834,6,10,19.5,-105.0,-115.0,42.5,1200.0,-2400.0,1,outdoors,grass,00-0038108,00-0034796,Bailey Zappe,Lamar Jackson,BAL00,M&T Bank Stadium
2024_18_BUF_NE,2024,REG,18,2025-01-05,Sunday,13:00,BUF,16.0,NE,23.0,Home,7.0,39.0,0.0,401671831,7,8,-3.0,-112.0,-108.0,36.5,-166.0,140.0,1,outdoors,fieldturf,00-0033869,00-0039398,Mitchell Trubisky,Joe Milton III,BOS00,Gillette Stadium
2024_18_CAR_ATL,2024,REG,18,2025-01-05,Sunday,13:00,CAR,44.0,ATL,38.0,Home,-6.0,82.0,1.0,401671827,7,7,7.5,-105.0,-115.0,48.5,300.0,-380.0,1,closed,fieldturf,00-0039150,00-0039917,Bryce Young,Michael Penix Jr.,ATL97,Mercedes-Benz Stadium
2024_18_CHI_GB,2024,REG,18,2025-01-05,Sunday,13:00,CHI,24.0,GB,22.0,Home,-2.0,46.0,0.0,401671844,10,7,10.0,-115.0,-105.0,41.5,320.0,-410.0,1,outdoors,grass,00-0039918,00-0036264,Caleb Williams,Jordan Love,GNB00,Lambeau Field
2024_18_HOU_TEN,2024,REG,18,2025-01-05,Sunday,13:00,HOU,23.0,TEN,14.0,Home,-9.0,37.0,0.0,401671826,11,7,2.5,-108.0,-112.0,36.5,120.0,-142.0,1,outdoors,grass,00-0036898,00-0034771,Davis Mills,Mason Rudolph,NAS00,Nissan Stadium
2024_18_JAX_IND,2024,REG,18,2025-01-05,Sunday,13:00,JAX,23.0,IND,26.0,Home,3.0,49.0,1.0,401671837,7,7,3.5,-110.0,-110.0,45.5,150.0,-180.0,1,closed,fieldturf,00-0036972,00-0026158,Mac Jones,Joe Flacco,IND00,Lucas Oil Stadium
2024_18_KC_DEN,2024,REG,18,2025-01-05,Sunday,16:25,KC,0.0,DEN,38.0,Home,38.0,38.0,0.0,401671838,11,8,10.5,-115.0,-105.0,40.5,370.0,-485.0,1,outdoors,grass,00-0032950,00-0039732,Carson Wentz,Bo Nix,DEN00,Empower Field at Mile High
2024_18_LAC_LV,2024,REG,18,2025-01-05,Sunday,16:25,LAC,34.0,LV,20.0,Home,-14.0,54.0,0.0,401671839,8,7,-7.0,-118.0,-102.0,42.5,-345.0,275.0,1,dome,grass,00-0036355,00-0038579,Justin Herbert,Aidan O'Connell,VEG00,Allegiant Stadium
2024_18_MIA_NYJ,2024,REG,18,2025-01-05,Sunday,16:25,MIA,20.0,NYJ,32.0,Home,12.0,52.0,0.0,401671833,7,7,1.5,-110.0,-110.0,39.5,102.0,-122.0,1,outdoors,fieldturf,00-0036212,00-0023459,Tua Tagovailoa,Aaron Rodgers,NYC01,MetLife Stadium
2024_18_MIN_DET,2024,REG,18,2025-01-05,Sunday,20:20,MIN,9.0,DET,31.0,Home,22.0,40.0,0.0,401671843,7,6,3.0,-118.0,-102.0,56.5,124.0,-148.0,1,dome,fieldturf,00-0034869,00-0033106,Sam Darnold,Jared Goff,DET00,Ford Field
2024_18_NO_TB,2024,REG,18,2025-01-05,Sunday,13:00,NO,19.0,TB,27.0,Home,8.0,46.0,0.0,401671828,7,7,14.5,-102.0,-118.0,44.5,675.0,-1050.0,1,outdoors,grass,00-0039376,00-0034855,Spencer Rattler,Baker Mayfield,TAM00,Raymond James Stadium
2024_18_NYG_PHI,2024,REG,18,2025-01-05,Sunday,13:00,NYG,13.0,PHI,20.0,Home,7.0,33.0,0.0,401671841,7,7,3.0,-110.0,-110.0,36.5,130.0,-155.0,1,outdoors,grass,00-0035704,00-0038400,Drew Lock,Tanner McKee,PHI00,Lincoln Financial Field
2024_18_SEA_LA,2024,REG,18,2025-01-05,Sunday,16:25,SEA,30.0,LA,25.0,Home,-5.0,55.0,0.0,401671830,10,8,-7.5,-110.0,-110.0,38.5,-360.0,285.0,1,dome,matrixturf,00-0030565,00-0031345,Geno Smith,Jimmy Garoppolo,LAX01,SoFi Stadium
2024_18_SF_ARI,2024,REG,18,2025-01-05,Sunday,16:25,SF,24.0,ARI,47.0,Home,23.0,71.0,0.0,401671845,6,8,4.5,-110.0,-110.0,42.5,160.0,-192.0,1,closed,grass,00-0033949,00-0035228,Joshua Dobbs,Kyler Murray,PHO00,State Farm Stadium
2024_18_WAS_DAL,2024,REG,18,2025-01-05,Sunday,13:00,WAS,23.0,DAL,19.0,Home,-4.0,42.0,0.0,401671840,7,7,-7.0,-108.0,-112.0,43.5,-310.0,250.0,1,closed,matrixturf,00-0039910,00-0037012,Jayden Daniels,Trey Lance,DAL00,AT&T Stadium
2024_19_LAC_HOU,2024,WC,19,2025-01-11,Saturday,16:30,LAC,12.0,HOU,32.0,Home,20.0,44.0,0.0,401671878,6,6,-3.0,-105.0,-115.0,41.5,-162.0,136.0,0,closed,astroturf,00-0036355,00-0039163,Justin Herbert,C.J. Stroud,HOU00,NRG Stadium
2024_19_PIT_BAL,2024,WC,19,2025-01-11,Saturday,20:00,PIT,14.0,BAL,28.0,Home,14.0,42.0,0.0,401671879,7,7,9.5,-112.0,-108.0,44.5,390.0,-520.0,1,outdoors,grass,00-0029263,00-0034796,Russell Wilson,Lamar Jackson,BAL00,M&T Bank Stadium
2024_19_DEN_BUF,2024,WC,19,2025-01-12,Sunday,13:00,DEN,7.0,BUF,31.0,Home,24.0,38.0,0.0,401671881,7,7,7.5,100.0,-120.0,48.5,330.0,-425.0,0,outdoors,a_turf,00-0039732,00-0034857,Bo Nix,Josh Allen,BUF00,New Era Field
2024_19_GB_PHI,2024,WC,19,2025-01-12,Sunday,16:30,GB,10.0,PHI,22.0,Home,12.0,32.0,0.0,401671880,7,7,5.5,-105.0,-115.0,45.5,205.0,-250.0,0,outdoors,grass,00-0036264,00-0036389,Jordan Love,Jalen Hurts,PHI00,Lincoln Financial Field
2024_19_WAS_TB,2024,WC,19,2025-01-12,Sunday,20:00,WAS,23.0,TB,20.0,Home,-3.0,43.0,0.0,401671883,7,7,3.0,-110.0,-110.0,51.5,136.0,-162.0,0,outdoors,grass,00-0039910,00-0034855,Jayden Daniels,Baker Mayfield,TAM00,Raymond James Stadium
2024_19_MIN_LA,2024,WC,19,2025-01-13,Monday,20:00,MIN,9.0,LA,27.0,Neutral,18.0,36.0,0.0,401671882,8,8,-2.5,-118.0,-102.0,47.5,-142.0,120.0,0,closed,grass,00-0034869,00-0026498,Sam Darnold,Matthew Stafford,PHO00,State Farm Stadium
2024_20_HOU_KC,2024,DIV,20,2025-01-18,Saturday,16:30,HOU,14.0,KC,23.0,Home,9.0,37.0,0.0,401671884,7,13,9.5,-110.0,-110.0,41.5,410.0,-550.0,0,outdoors,grass,00-0039163,00-0033873,C.J. Stroud,Patrick Mahomes,KAN00,GEHA Field at Arrowhead Stadium
2024_20_WAS_DET,2024,DIV,20,2025-01-18,Saturday,20:00,WAS,45.0,DET,31.0,Home,-14.0,76.0,0.0,401671885,6,13,8.5,-105.0,-115.0,55.5,390.0,-520.0,0,dome,fieldturf,00-0039910,00-0033106,Jayden Daniels,Jared Goff,DET00,Ford Field
2024_20_BAL_BUF,2024,DIV,20,2025-01-19,Sunday,18:30,BAL,25.0,BUF,27.0,Home,2.0,52.0,0.0,401671886,8,7,-1.5,-102.0,-118.0,51.5,-118.0,-102.0,0,outdoors,a_turf,00-0034796,00-0034857,Lamar Jackson,Josh Allen,BUF00,New Era Field
2024_20_LA_PHI,2024,DIV,20,2025-01-19,Sunday,15:00,LA,22.0,PHI,28.0,Home,6.0,50.0,0.0,401671937,6,7,7.0,-112.0,-108.0,43.5,260.0,-325.0,0,outdoors,grass,00-0026498,00-0036389,Matthew Stafford,Jalen Hurts,PHI00,Lincoln Financial Field
2024_21_BUF_KC,2024,CON,21,2025-01-26,Sunday,18:30,BUF,29.0,KC,32.0,Home,3.0,61.0,0.0,401671887,7,8,1.5,-115.0,-105.0,49.5,-102.0,-118.0,0,outdoors,grass,00-0034857,00-0033873,Josh Allen,Patrick Mahomes,KAN00,GEHA Field at Arrowhead Stadium
2024_21_WAS_PHI,2024,CON,21,2025-01-26,Sunday,15:00,WAS,23.0,PHI,55.0,Home,32.0,78.0,0.0,401671888,8,7,6.0,-110.0,-110.0,46.5,205.0,-250.0,1,outdoors,grass,00-0039910,00-0036389,Jayden Daniels,Jalen Hurts,PHI00,Lincoln Financial Field
2024_22_KC_PHI,2024,SB,22,2025-02-09,Sunday,18:30,KC,22.0,PHI,40.0,Neutral,18.0,62.0,0.0,401671889,14,14,-1.5,-105.0,-115.0,48.5,-120.0,100.0,0,dome,sportturf,00-0033873,00-0036389,Patrick Mahomes,Jalen Hurts,NOR00,Mercedes-Benz Superdome
2025_01_DAL_PHI,2025,REG,1,2025-09-04,Thursday,20:20,DAL,20.0,PHI,24.0,Home,4.0,44.0,0.0,401772510,7,7,8.5,-110.0,-110.0,47.5,330.0,-425.0,1,outdoors,grass,00-0033077,00-0036389,Dak Prescott,Jalen Hurts,PHI00,Lincoln Financial Field
2025_01_KC_LAC,2025,REG,1,2025-09-05,Friday,20:00,KC,21.0,LAC,27.0,Neutral,6.0,48.0,0.0,401772714,7,7,-3.0,-120.0,100.0,47.5,-175.0,145.0,1,dome,,00-0033873,00-0036355,Patrick Mahomes,Justin Herbert,LAX01,SoFi Stadium
2025_01_ARI_NO,2025,REG,1,2025-09-07,Sunday,13:00,ARI,20.0,NO,13.0,Home,-7.0,33.0,0.0,401772718,7,7,-6.0,-108.0,-112.0,44.5,-270.0,220.0,0,dome,sportturf,00-0035228,00-0039376,Kyler Murray,Spencer Rattler,NOR00,Mercedes-Benz Superdome
2025_01_BAL_BUF,2025,REG,1,2025-09-07,Sunday,20:20,BAL,40.0,BUF,41.0,Home,1.0,81.0,0.0,401772918,7,7,-1.5,-118.0,-102.0,50.5,-130.0,110.0,0,outdoors,a_turf,00-0034796,00-0034857,Lamar Jackson,Josh Allen,BUF00,New Era Field
2025_01_CAR_JAX,2025,REG,1,2025-09-07,Sunday,13:00,CAR,10.0,JAX,26.0,Home,16.0,36.0,0.0,401772828,7,7,4.5,-110.0,-110.0,45.5,170.0,-205.0,0,outdoors,grass,00-0039150,00-0036971,Bryce Young,Trevor Lawrence,JAX00,TIAA Bank Stadium
2025_01_CIN_CLE,2025,REG,1,2025-09-07,Sunday,13:00,CIN,17.0,CLE,16.0,Home,-1.0,33.0,0.0,401772829,7,7,-5.5,-105.0,-115.0,47.5,-238.0,195.0,1,outdoors,grass,00-0036442,00-0026158,Joe Burrow,Joe Flacco,CLE00,FirstEnergy Stadium
2025_01_DET_GB,2025,REG,1,2025-09-07,Sunday,16:25,DET,13.0,GB,27.0,Home,14.0,40.0,0.0,401772722,7,7,1.5,-115.0,-105.0,48.5,100.0,-120.0,1,outdoors,grass,00-0033106,00-0036264,Jared Goff,Jordan Love,GNB00,Lambeau Field
2025_01_HOU_LA,2025,REG,1,2025-09-07,Sunday,16:25,HOU,9.0,LA,14.0,Home,5.0,23.0,0.0,401772723,7,7,3.5,-118.0,-102.0,43.5,140.0,-166.0,0,dome,matrixturf,00-0039163,00-0026498,C.J. Stroud,Matthew Stafford,LAX01,SoFi Stadium
2025_01_LV_NE,2025,REG,1,2025-09-07,Sunday,13:00,LV,20.0,NE,13.0,Home,-7.0,33.0,0.0,401772720,7,7,2.5,100.0,-120.0,44.5,130.0,-155.0,0,outdoors,fieldturf,00-0030565,00-0039851,Geno Smith,Drake Maye,BOS00,Gillette Stadium
2025_01_MIA_IND,2025,REG,1,2025-09-07,Sunday,13:00,MIA,8.0,IND,33.0,Home,25.0,41.0,0.0,401772719,7,7,1.5,-118.0,-102.0,47.5,-108.0,-112.0,0,closed,fieldturf,00-0036212,00-0035710,Tua Tagovailoa,Daniel Jones,IND00,Lucas Oil Stadium
2025_01_NYG_WAS,2025,REG,1,2025-09-07,Sunday,13:00,NYG,6.0,WAS,21.0,Home,15.0,27.0,0.0,401772827,7,7,6.0,-108.0,-112.0,45.5,240.0,-298.0,1,outdoors,grass,00-0029263,00-0039910,Russell Wilson,Jayden Daniels,WAS00,FedExField
2025_01_PIT_NYJ,2025,REG,1,2025-09-07,Sunday,13:00,PIT,34.0,NYJ,32.0,Home,-2.0,66.0,0.0,401772721,7,7,-3.0,-110.0,-110.0,37.5,-155.0,130.0,0,outdoors,fieldturf,00-0023459,00-0036945,Aaron Rodgers,Justin Fields,NYC01,MetLife Stadium
2025_01_SF_SEA,2025,REG,1,2025-09-07,Sunday,16:05,SF,17.0,SEA,13.0,Home,-4.0,30.0,0.0,401772831,7,7,-2.5,-105.0,-115.0,43.5,-135.0,114.0,1,outdoors,fieldturf,00-0037834,00-0034869,Brock Purdy,Sam Darnold,SEA00,Lumen Field
2025_01_TB_ATL,2025,REG,1,2025-09-07,Sunday,13:00,TB,23.0,ATL,20.0,Home,-3.0,43.0,0.0,401772830,7,7,-1.5,-102.0,-118.0,47.5,-115.0,-105.0,1,closed,fieldturf,00-0034855,00-0039917,Baker Mayfield,Michael Penix,ATL97,Mercedes-Benz Stadium
2025_01_TEN_DEN,2025,REG,1,2025-09-07,Sunday,16:05,TEN,12.0,DEN,20.0,Home,8.0,32.0,0.0,401772832,7,7,8.5,-105.0,-115.0,42.5,350.0,-455.0,0,outdoors,grass,00-0040676,00-0039732,Cam Ward,Bo Nix,DEN00,Empower Field at Mile High
2025_01_MIN_CHI,2025,REG,1,2025-09-08,Monday,20:15,MIN,27.0,CHI,24.0,Home,-3.0,51.0,0.0,401772810,7,7,-1.5,100.0,-120.0,43.5,-112.0,-108.0,1,outdoors,grass,00-0039923,00-0039918,J.J. McCarthy,Caleb Williams,CHI98,Soldier Field
2025_02_WAS_GB,2025,REG,2,2025-09-11,Thursday,20:15,WAS,18.0,GB,27.0,Home,9.0,45.0,0.0,401772936,4,4,3.5,-118.0,-102.0,48.5,154.0,-185.0,0,outdoors,grass,00-0039910,00-0036264,Jayden Daniels,Jordan Love,GNB00,Lambeau Field
2025_02_ATL_MIN,2025,REG,2,2025-09-14,Sunday,20:20,ATL,22.0,MIN,6.0,Home,-16.0,28.0,0.0,401772919,7,6,3.5,-115.0,-105.0,44.5,150.0,-180.0,0,dome,sportturf,00-0039917,00-0039923,Michael Penix,J.J. McCarthy,MIN01,U.S. Bank Stadium
2025_02_BUF_NYJ,2025,REG,2,2025-09-14,Sunday,13:00,BUF,30.0,NYJ,10.0,Home,-20.0,40.0,0.0,401772727,7,7,-6.0,-112.0,-108.0,47.5,-290.0,235.0,1,outdoors,fieldturf,00-0034857,00-0036945,Josh Allen,Justin Fields,NYC01,MetLife Stadium
2025_02_CAR_ARI,2025,REG,2,2025-09-14,Sunday,16:05,CAR,22.0,ARI,27.0,Home,5.0,49.0,0.0,401772730,7,7,7.0,-110.0,-110.0,45.5,250.0,-310.0,0,closed,grass,00-0039150,00-0035228,Bryce Young,Kyler Murray,PHO00,State Farm Stadium
2025_02_CHI_DET,2025,REG,2,2025-09-14,Sunday,13:00,CHI,21.0,DET,52.0,Home,31.0,73.0,0.0,401772835,6,7,6.0,-110.0,-110.0,46.5,220.0,-270.0,1,dome,fieldturf,00-0039918,00-0033106,Caleb Williams,Jared Goff,DET00,Ford Field
2025_02_CLE_BAL,2025,REG,2,2025-09-14,Sunday,13:00,CLE,17.0,BAL,41.0,Home,24.0,58.0,0.0,401772726,7,7,12.5,-105.0,-115.0,46.5,600.0,-900.0,1,outdoors,grass,00-0026158,00-0034796,Joe Flacco,Lamar Jackson,BAL00,M&T Bank Stadium
2025_02_DEN_IND,2025,REG,2,2025-09-14,Sunday,16:05,DEN,28.0,IND,29.0,Home,1.0,57.0,0.0,401772729,7,7,-2.5,-105.0,-115.0,43.5,-130.0,110.0,0,closed,fieldturf,00-0039732,00-0035710,Bo Nix,Daniel Jones,IND00,Lucas Oil Stadium
2025_02_JAX_CIN,2025,REG,2,2025-09-14,Sunday,13:00,JAX,27.0,CIN,31.0,Home,4.0,58.0,0.0,401772725,7,7,3.5,-115.0,-105.0,49.5,160.0,-192.0,0,outdoors,fieldturf,00-0036971,00-0036442,Trevor Lawrence,Joe Burrow,CIN00,Paycor Stadium
2025_02_LA_TEN,2025,REG,2,2025-09-14,Sunday,13:00,LA,33.0,TEN,19.0,Home,-14.0,52.0,0.0,401772724,7,7,-5.5,-108.0,-112.0,41.5,-250.0,205.0,0,outdoors,grass,00-0026498,00-0040676,Matthew Stafford,Cam Ward,NAS00,Nissan Stadium
2025_02_NE_MIA,2025,REG,2,2025-09-14,Sunday,13:00,NE,33.0,MIA,27.0,Home,-6.0,60.0,0.0,401772728,7,7,1.5,-110.0,-110.0,43.5,105.0,-125.0,1,outdoors,grass,00-0039851,00-0036212,Drake Maye,Tua Tagovailoa,MIA00,Hard Rock Stadium
2025_02_NYG_DAL,2025,REG,2,2025-09-14,Sunday,13:00,NYG,37.0,DAL,40.0,Home,3.0,77.0,1.0,401772834,7,10,4.5,100.0,-120.0,44.5,195.0,-238.0,1,closed,matrixturf,00-0029263,00-0033077,Russell Wilson,Dak Prescott,DAL00,AT&T Stadium
2025_02_PHI_KC,2025,REG,2,2025-09-14,Sunday,16:25,PHI,20.0,KC,17.0,Home,-3.0,37.0,0.0,401772837,10,9,-1.5,-110.0,-110.0,46.5,-122.0,102.0,0,outdoors,grass,00-0036389,00-0033873,Jalen Hurts,Patrick Mahomes,KAN00,GEHA Field at Arrowhead Stadium
2025_02_SEA_PIT,2025,REG,2,2025-09-14,Sunday,13:00,SEA,31.0,PIT,17.0,Home,-14.0,48.0,0.0,401772836,7,7,3.5,-110.0,-110.0,40.5,160.0,-192.0,0,outdoors,grass,00-0034869,00-0023459,Sam Darnold,Aaron Rodgers,PIT00,Acrisure Stadium
2025_02_SF_NO,2025,REG,2,2025-09-14,Sunday,13:00,SF,26.0,NO,21.0,Home,-5.0,47.0,0.0,401772833,7,7,-3.0,-110.0,-110.0,40.5,-166.0,140.0,0,dome,sportturf,00-0036972,00-0039376,Mac Jones,Spencer Rattler,NOR00,Mercedes-Benz Superdome
2025_02_LAC_LV,2025,REG,2,2025-09-15,Monday,22:00,LAC,20.0,LV,9.0,Home,-11.0,29.0,0.0,401772811,10,8,-3.5,-105.0,-115.0,46.5,-198.0,164.0,1,dome,grass,00-0036355,00-0030565,Justin Herbert,Geno Smith,VEG00,Allegiant Stadium
2025_02_TB_HOU,2025,REG,2,2025-09-15,Monday,19:00,TB,20.0,HOU,19.0,Home,-1.0,39.0,0.0,401772715,8,8,2.5,-110.0,-110.0,42.5,114.0,-135.0,0,closed,astroturf,00-0034855,00-0039163,Baker Mayfield,C.J. Stroud,HOU00,NRG Stadium
2025_03_MIA_BUF,2025,REG,3,2025-09-18,Thursday,20:15,MIA,21.0,BUF,31.0,Home,10.0,52.0,0.0,401772937,4,4,12.5,-110.0,-110.0,50.5,550.0,-800.0,1,outdoors,a_turf,00-0036212,00-0034857,Tua Tagovailoa,Josh Allen,BUF00,New Era Field
2025_03_ARI_SF,2025,REG,3,2025-09-21,Sunday,16:25,ARI,15.0,SF,16.0,Home,1.0,31.0,0.0,401772843,7,7,1.5,-112.0,-108.0,44.5,105.0,-125.0,1,outdoors,grass,00-0035228,00-0036972,Kyler Murray,Mac Jones,SFO01,Levi's Stadium
2025_03_ATL_CAR,2025,REG,3,2025-09-21,Sunday,13:00,ATL,0.0,CAR,30.0,Home,30.0,30.0,0.0,401772838,7,7,-5.5,-105.0,-115.0,44.5,-225.0,185.0,1,outdoors,grass,00-0039917,00-0039150,Michael Penix,Bryce Young,CAR00,Bank of America Stadium
2025_03_CIN_MIN,2025,REG,3,2025-09-21,Sunday,13:00,CIN,10.0,MIN,48.0,Home,38.0,58.0,0.0,401772731,7,7,3.0,-110.0,-110.0,41.5,136.0,-162.0,0,dome,sportturf,00-0035100,00-0032950,Jake Browning,Carson Wentz,MIN01,U.S. Bank Stadium
2025_03_DAL_CHI,2025,REG,3,2025-09-21,Sunday,16:25,DAL,14.0,CHI,31.0,Home,17.0,45.0,0.0,401772844,7,7,-1.5,-115.0,-105.0,49.5,-125.0,105.0,0,outdoors,grass,00-0033077,00-0039918,Dak Prescott,Caleb Williams,CHI98,Soldier Field
2025_03_DEN_LAC,2025,REG,3,2025-09-21,Sunday,16:05,DEN,20.0,LAC,23.0,Home,3.0,43.0,0.0,401772735,7,6,2.5,100.0,-120.0,45.5,130.0,-155.0,1,dome,matrixturf,00-0039732,00-0036355,Bo Nix,Justin Herbert,LAX01,SoFi Stadium
2025_03_GB_CLE,2025,REG,3,2025-09-21,Sunday,13:00,GB,10.0,CLE,13.0,Home,3.0,23.0,0.0,401772842,10,7,-8.5,-102.0,-118.0,41.5,-470.0,360.0,0,outdoors,grass,00-0036264,00-0026158,Jordan Love,Joe Flacco,CLE00,FirstEnergy Stadium
2025_03_HOU_JAX,2025,REG,3,2025-09-21,Sunday,13:00,HOU,10.0,JAX,17.0,Home,7.0,27.0,0.0,401772734,6,7,1.5,-108.0,-112.0,43.5,105.0,-125.0,1,outdoors,grass,00-0039163,00-0036971,C.J. Stroud,Trevor Lawrence,JAX00,TIAA Bank Stadium
2025_03_IND_TEN,2025,REG,3,2025-09-21,Sunday,13:00,IND,41.0,TEN,20.0,Home,-21.0,61.0,0.0,401772733,7,7,-6.0,-108.0,-112.0,43.5,-245.0,200.0,1,outdoors,grass,00-0035710,00-0040676,Daniel Jones,Cam Ward,NAS00,Nissan Stadium
2025_03_KC_NYG,2025,REG,3,2025-09-21,Sunday,20:20,KC,22.0,NYG,9.0,Home,-13.0,31.0,0.0,401772920,7,7,-6.0,-115.0,-105.0,44.5,-325.0,260.0,0,outdoors,fieldturf,00-0033873,00-0029263,Patrick Mahomes,Russell Wilson,NYC01,MetLife Stadium
2025_03_LA_PHI,2025,REG,3,2025-09-21,Sunday,13:00,LA,26.0,PHI,33.0,Home,7.0,59.0,0.0,401772839,7,7,3.5,-108.0,-112.0,45.5,164.0,-198.0,0,outdoors,grass,00-0026498,00-0036389,Matthew Stafford,Jalen Hurts,PHI00,Lincoln Financial Field
2025_03_LV_WAS,2025,REG,3,2025-09-21,Sunday,13:00,LV,24.0,WAS,41.0,Home,17.0,65.0,0.0,401772841,6,10,2.5,100.0,-120.0,43.5,130.0,-155.0,0,outdoors,grass,00-0030565,00-0032268,Geno Smith,Marcus Mariota,WAS00,FedExField
2025_03_NO_SEA,2025,REG,3,2025-09-21,Sunday,16:05,NO,13.0,SEA,44.0,Home,31.0,57.0,0.0,401772736,7,7,7.5,-115.0,-105.0,41.5,295.0,-375.0,0,outdoors,fieldturf,00-0039376,00-0034869,Spencer Rattler,Sam Darnold,SEA00,Lumen Field
2025_03_NYJ_TB,2025,REG,3,2025-09-21,Sunday,13:00,NYJ,27.0,TB,29.0,Home,2.0,56.0,0.0,401772840,7,6,6.5,-105.0,-115.0,43.5,275.0,-345.0,0,outdoors,grass,00-0028118,00-0034855,Tyrod Taylor,Baker Mayfield,TAM00,Raymond James Stadium
2025_03_PIT_NE,2025,REG,3,2025-09-21,Sunday,13:00,PIT,21.0,NE,14.0,Home,-7.0,35.0,0.0,401772732,7,7,-1.5,-105.0,-115.0,44.5,-120.0,100.0,0,outdoors,fieldturf,00-0023459,00-0039851,Aaron Rodgers,Drake Maye,BOS00,Gillette Stadium
2025_03_DET_BAL,2025,REG,3,2025-09-22,Monday,20:15,DET,38.0,BAL,30.0,Home,-8.0,68.0,0.0,401772812,8,8,4.5,-105.0,-115.0,53.5,200.0,-245.0,0,outdoors,grass,00-0033106,00-0034796,Jared Goff,Lamar Jackson,BAL00,M&T Bank Stadium
2025_04_SEA_ARI,2025,REG,4,2025-09-25,Thursday,20:15,SEA,23.0,ARI,20.0,Home,-3.0,43.0,0.0,401772938,4,4,-1.5,-110.0,-110.0,43.5,-125.0,105.0,1,closed,grass,00-0034869,00-0035228,Sam Darnold,Kyler Murray,PHO00,State Farm Stadium
2025_04_BAL_KC,2025,REG,4,2025-09-28,Sunday,16:25,BAL,20.0,KC,37.0,Home,17.0,57.0,0.0,401772741,6,7,-2.5,-120.0,100.0,48.5,-148.0,124.0,0,outdoors,grass,00-0034796,00-0033873,Lamar Jackson,Patrick Mahomes,KAN00,GEHA Field at Arrowhead Stadium
2025_04_CAR_NE,2025,REG,4,2025-09-28,Sunday,13:00,CAR,13.0,NE,42.0,Home,29.0,55.0,0.0,401772847,7,7,5.5,-108.0,-112.0,42.5,215.0,-265.0,0,outdoors,fieldturf,00-0039150,00-0039851,Bryce Young,Drake Maye,BOS00,Gillette Stadium
2025_04_CHI_LV,2025,REG,4,2025-09-28,Sunday,16:25,CHI,25.0,LV,24.0,Home,-1.0,49.0,0.0,401772742,7,7,1.5,-110.0,-110.0,47.5,105.0,-125.0,0,dome,grass,00-0039918,00-0030565,Caleb Williams,Geno Smith,VEG00,Allegiant Stadium
2025_04_CLE_DET,2025,REG,4,2025-09-28,Sunday,13:00,CLE,10.0,DET,34.0,Home,24.0,44.0,0.0,401772846,7,6,10.0,-108.0,-112.0,44.5,410.0,-550.0,0,dome,fieldturf,00-0026158,00-0033106,Joe Flacco,Jared Goff,DET00,Ford Field
2025_04_GB_DAL,2025,REG,4,2025-09-28,Sunday,20:20,GB,40.0,DAL,40.0,Home,0.0,80.0,1.0,401772921,7,7,-7.0,-105.0,-115.0,47.5,-345.0,275.0,0,closed,matrixturf,00-0036264,00-0033077,Jordan Love,Dak Prescott,DAL00,AT&T Stadium
2025_04_IND_LA,2025,REG,4,2025-09-28,Sunday,16:05,IND,20.0,LA,27.0,Home,7.0,47.0,0.0,401772849,7,7,3.5,-105.0,-115.0,49.5,154.0,-185.0,0,dome,matrixturf,00-0035710,00-0026498,Daniel Jones,Matthew Stafford,LAX01,SoFi Stadium
2025_04_JAX_SF,2025,REG,4,2025-09-28,Sunday,16:05,JAX,26.0,SF,21.0,Home,-5.0,47.0,0.0,401772848,7,7,3.5,-120.0,100.0,45.5,150.0,-180.0,0,outdoors,grass,00-0036971,00-0037834,Trevor Lawrence,Brock Purdy,SFO01,Levi's Stadium
2025_04_LAC_NYG,2025,REG,4,2025-09-28,Sunday,13:00,LAC,18.0,NYG,21.0,Home,3.0,39.0,0.0,401772737,7,7,-6.0,-112.0,-108.0,43.5,-285.0,230.0,0,outdoors,fieldturf,00-0036355,00-0040691,Justin Herbert,Jaxson Dart,NYC01,MetLife Stadium
2025_04_MIN_PIT,2025,REG,4,2025-09-28,Sunday,09:30,MIN,21.0,PIT,24.0,Neutral,3.0,45.0,0.0,401772632,7,7,-2.5,-125.0,105.0,41.5,-148.0,124.0,0,outdoors,grass,00-0032950,00-0023459,Carson Wentz,Aaron Rodgers,PIT00,Acrisure Stadium
2025_04_NO_BUF,2025,REG,4,2025-09-28,Sunday,13:00,NO,19.0,BUF,31.0,Home,12.0,50.0,0.0,401772740,7,10,15.5,-115.0,-105.0,48.5,800.0,-1350.0,0,outdoors,a_turf,00-0039376,00-0034857,Spencer Rattler,Josh Allen,BUF00,New Era Field
2025_04_PHI_TB,2025,REG,4,2025-09-28,Sunday,13:00,PHI,31.0,TB,25.0,Home,-6.0,56.0,0.0,401772845,7,7,-3.5,-102.0,-118.0,44.5,-185.0,154.0,0,outdoors,grass,00-0036389,00-0034855,Jalen Hurts,Baker Mayfield,TAM00,Raymond James Stadium
2025_04_TEN_HOU,2025,REG,4,2025-09-28,Sunday,13:00,TEN,0.0,HOU,26.0,Home,26.0,26.0,0.0,401772738,7,7,7.5,-115.0,-105.0,39.5,340.0,-440.0,1,closed,astroturf,00-0040676,00-0039163,Cam Ward,C.J. Stroud,HOU00,NRG Stadium
2025_04_WAS_ATL,2025,REG,4,2025-09-28,Sunday,13:00,WAS,27.0,ATL,34.0,Home,7.0,61.0,0.0,401772739,7,7,2.5,-110.0,-110.0,43.5,120.0,-142.0,0,closed,fieldturf,00-0039910,00-0039917,Jayden Daniels,Michael Penix,ATL97,Mercedes-Benz Stadium
2025_04_CIN_DEN,2025,REG,4,2025-09-29,Monday,20:15,CIN,3.0,DEN,28.0,Home,25.0,31.0,0.0,401772716,8,8,7.5,-115.0,-105.0,44.5,360.0,-470.0,0,outdoors,grass,00-0035100,00-0039732,Jake Browning,Bo Nix,DEN00,Empower Field at Mile High
2025_04_NYJ_MIA,2025,REG,4,2025-09-29,Monday,19:15,NYJ,21.0,MIA,27.0,Home,6.0,48.0,0.0,401772813,8,11,2.5,-105.0,-115.0,44.5,124.0,-148.0,1,outdoors,grass,00-0036945,00-0036212,Justin Fields,Tua Tagovailoa,MIA00,Hard Rock Stadium
2025_05_SF_LA,2025,REG,5,2025-10-02,Thursday,20:15,SF,26.0,LA,23.0,Home,-3.0,49.0,1.0,401772939,4,4,8.5,-110.0,-110.0,43.5,340.0,-440.0,1,dome,matrixturf,00-0036972,00-0026498,Mac Jones,Matthew Stafford,LAX01,SoFi Stadium
2025_05_DAL_NYJ,2025,REG,5,2025-10-05,Sunday,13:00,DAL,37.0,NYJ,22.0,Home,-15.0,59.0,0.0,401772850,7,6,1.5,-120.0,100.0,48.5,-105.0,-115.0,0,outdoors,fieldturf,00-0033077,00-0036945,Dak Prescott,Justin Fields,NYC01,MetLife Stadium
2025_05_DEN_PHI,2025,REG,5,2025-10-05,Sunday,13:00,DEN,21.0,PHI,17.0,Home,-4.0,38.0,0.0,401772745,6,7,3.5,-105.0,-115.0,44.5,180.0,-218.0,0,outdoors,grass,00-0039732,00-0036389,Bo Nix,Jalen Hurts,PHI00,Lincoln Financial Field
2025_05_DET_CIN,2025,REG,5,2025-10-05,Sunday,16:25,DET,37.0,CIN,24.0,Home,-13.0,61.0,0.0,401772854,7,6,-10.5,-102.0,-118.0,49.5,-575.0,425.0,0,outdoors,fieldturf,00-0033106,00-0035100,Jared Goff,Jake Browning,CIN00,Paycor Stadium
2025_05_HOU_BAL,2025,REG,5,2025-10-05,Sunday,13:00,HOU,44.0,BAL,10.0,Home,-34.0,54.0,0.0,401772743,7,7,-2.5,-118.0,-102.0,41.5,-148.0,124.0,0,outdoors,grass,00-0039163,00-0033662,C.J. Stroud,Cooper Rush,BAL00,M&T Bank Stadium
2025_05_LV_IND,2025,REG,5,2025-10-05,Sunday,13:00,LV,6.0,IND,40.0,Home,34.0,46.0,0.0,401772851,7,7,7.0,100.0,-120.0,46.5,285.0,-360.0,0,closed,fieldturf,00-0030565,00-0035710,Geno Smith,Daniel Jones,IND00,Lucas Oil Stadium
2025_05_MIA_CAR,2025,REG,5,2025-10-05,Sunday,13:00,MIA,24.0,CAR,27.0,Home,3.0,51.0,0.0,401772852,6,7,-1.5,-105.0,-115.0,44.5,-120.0,100.0,0,outdoors,grass,00-0036212,00-0039150,Tua Tagovailoa,Bryce Young,CAR00,Bank of America Stadium
2025_05_MIN_CLE,2025,REG,5,2025-10-05,Sunday,09:30,MIN,21.0,CLE,17.0,Neutral,-4.0,38.0,0.0,401772633,7,7,-3.5,-110.0,-110.0,35.5,-198.0,164.0,0,outdoors,grass,00-0032950,00-0040704,Carson Wentz,Dillon Gabriel,CLE00,FirstEnergy Stadium
2025_05_NE_BUF,2025,REG,5,2025-10-05,Sunday,20:20,NE,23.0,BUF,20.0,Home,-3.0,43.0,0.0,401772922,7,7,7.5,-105.0,-115.0,49.5,310.0,-395.0,1,outdoors,a_turf,00-0039851,00-0034857,Drake Maye,Josh Allen,BUF00,New Era Field
2025_05_NYG_NO,2025,REG,5,2025-10-05,Sunday,13:00,NYG,14.0,NO,26.0,Home,12.0,40.0,0.0,401772744,7,7,1.5,-115.0,-105.0,41.5,100.0,-120.0,0,dome,sportturf,00-0040691,00-0039376,Jaxson Dart,Spencer Rattler,NOR00,Mercedes-Benz Superdome
2025_05_TB_SEA,2025,REG,5,2025-10-05,Sunday,16:05,TB,38.0,SEA,35.0,Home,-3.0,73.0,0.0,401772746,7,10,3.5,-115.0,-105.0,44.5,150.0,-180.0,0,outdoors,fieldturf,00-0034855,00-0034869,Baker Mayfield,Sam Darnold,SEA00,Lumen Field
2025_05_TEN_ARI,2025,REG,5,2025-10-05,Sunday,16:05,TEN,22.0,ARI,21.0,Home,-1.0,43.0,0.0,401772747,7,10,7.5,-108.0,-112.0,41.5,330.0,-425.0,0,closed,grass,00-0040676,00-0035228,Cam Ward,Kyler Murray,PHO00,State Farm Stadium
2025_05_WAS_LAC,2025,REG,5,2025-10-05,Sunday,16:25,WAS,27.0,LAC,10.0,Home,-17.0,37.0,0.0,401772853,7,7,2.5,100.0,-120.0,47.5,130.0,-155.0,0,dome,matrixturf,00-0039910,00-0036355,Jayden Daniels,Justin Herbert,LAX01,SoFi Stadium
2025_05_KC_JAX,2025,REG,5,2025-10-06,Monday,20:15,KC,28.0,JAX,31.0,Home,3.0,59.0,0.0,401772814,8,8,-3.5,-110.0,-110.0,45.5,-198.0,164.0,0,outdoors,grass,00-0033873,00-0036971,Patrick Mahomes,Trevor Lawrence,JAX00,TIAA Bank Stadium
2025_06_PHI_NYG,2025,REG,6,2025-10-09,Thursday,20:15,PHI,17.0,NYG,34.0,Home,17.0,51.0,0.0,401772940,4,4,-7.0,-120.0,100.0,40.5,-395.0,310.0,1,outdoors,fieldturf,00-0036389,00-0040691,Jalen Hurts,Jaxson Dart,NYC01,MetLife Stadium
2025_06_ARI_IND,2025,REG,6,2025-10-12,Sunday,13:00,ARI,27.0,IND,31.0,Home,4.0,58.0,0.0,401772856,7,7,8.5,-110.0,-110.0,46.5,360.0,-470.0,0,closed,fieldturf,00-0033119,00-0035710,Jacoby Brissett,Daniel Jones,IND00,Lucas Oil Stadium
2025_06_CIN_GB,2025,REG,6,2025-10-12,Sunday,16:25,CIN,18.0,GB,27.0,Home,9.0,45.0,0.0,401772752,7,14,14.0,-110.0,-110.0,44.5,650.0,-1000.0,0,outdoors,grass,00-0026158,00-0036264,Joe Flacco,Jordan Love,GNB00,Lambeau Field
2025_06_CLE_PIT,2025,REG,6,2025-10-12,Sunday,13:00,CLE,9.0,PIT,23.0,Home,14.0,32.0,0.0,401772748,7,14,5.5,100.0,-120.0,37.5,225.0,-278.0,1,outdoors,grass,00-0040704,00-0023459,Dillon Gabriel,Aaron Rodgers,PIT00,Acrisure Stadium
2025_06_DAL_CAR,2025,REG,6,2025-10-12,Sunday,13:00,DAL,27.0,CAR,30.0,Home,3.0,57.0,0.0,401772858,7,7,-3.0,-118.0,-102.0,47.5,-175.0,145.0,0,outdoors,grass,00-0033077,00-0039150,Dak Prescott,Bryce Young,CAR00,Bank of America Stadium
2025_06_DEN_NYJ,2025,REG,6,2025-10-12,Sunday,09:30,DEN,13.0,NYJ,11.0,Neutral,-2.0,24.0,0.0,401772634,7,7,-7.5,100.0,-120.0,43.5,-395.0,310.0,0,outdoors,grass,00-0039732,00-0036945,Bo Nix,Justin Fields,NYC01,MetLife Stadium
2025_06_DET_KC,2025,REG,6,2025-10-12,Sunday,20:20,DET,17.0,KC,30.0,Home,13.0,47.0,0.0,401772923,7,6,2.5,-105.0,-115.0,51.5,120.0,-142.0,0,outdoors,grass,00-0033106,00-0033873,Jared Goff,Patrick Mahomes,KAN00,GEHA Field at Arrowhead Stadium
2025_06_LAC_MIA,2025,REG,6,2025-10-12,Sunday,13:00,LAC,29.0,MIA,27.0,Home,-2.0,56.0,0.0,401772750,7,7,-3.5,-115.0,-105.0,45.5,-205.0,170.0,0,outdoors,grass,00-0036355,00-0036212,Justin Herbert,Tua Tagovailoa,MIA00,Hard Rock Stadium
2025_06_LA_BAL,2025,REG,6,2025-10-12,Sunday,13:00,LA,17.0,BAL,3.0,Home,-14.0,20.0,0.0,401772855,10,7,-7.0,-105.0,-115.0,43.5,-355.0,280.0,0,outdoors,grass,00-0026498,00-0033662,Matthew Stafford,Cooper Rush,BAL00,M&T Bank Stadium
2025_06_NE_NO,2025,REG,6,2025-10-12,Sunday,13:00,NE,25.0,NO,19.0,Home,-6.0,44.0,0.0,401772751,7,7,-3.5,-105.0,-115.0,46.5,-192.0,160.0,0,dome,sportturf,00-0039851,00-0039376,Drake Maye,Spencer Rattler,NOR00,Mercedes-Benz Superdome
2025_06_SEA_JAX,2025,REG,6,2025-10-12,Sunday,13:00,SEA,20.0,JAX,12.0,Home,-8.0,32.0,0.0,401772857,7,6,-1.5,100.0,-120.0,47.5,-115.0,-105.0,0,outdoors,grass,00-0034869,00-0036971,Sam Darnold,Trevor Lawrence,JAX00,TIAA Bank Stadium
2025_06_SF_TB,2025,REG,6,2025-10-12,Sunday,16:25,SF,19.0,TB,30.0,Home,11.0,49.0,0.0,401772749,10,7,3.5,-105.0,-115.0,46.5,160.0,-192.0,0,outdoors,grass,00-0036972,00-0034855,Mac Jones,Baker Mayfield,TAM00,Raymond James Stadium
2025_06_TEN_LV,2025,REG,6,2025-10-12,Sunday,16:05,TEN,10.0,LV,20.0,Home,10.0,30.0,0.0,401772859,7,7,3.5,-110.0,-110.0,41.5,154.0,-185.0,0,dome,grass,00-0040676,00-0030565,Cam Ward,Geno Smith,VEG00,Allegiant Stadium
2025_06_BUF_ATL,2025,REG,6,2025-10-13,Monday,19:15,BUF,14.0,ATL,24.0,Home,10.0,38.0,0.0,401772815,8,15,-3.5,-120.0,100.0,49.5,-205.0,170.0,0,closed,fieldturf,00-0034857,00-0039917,Josh Allen,Michael Penix,ATL97,Mercedes-Benz Stadium
2025_06_CHI_WAS,2025,REG,6,2025-10-13,Monday,20:15,CHI,25.0,WAS,24.0,Home,-1.0,49.0,0.0,401772717,15,8,5.5,-108.0,-112.0,49.5,210.0,-258.0,0,outdoors,grass,00-0039918,00-0039910,Caleb Williams,Jayden Daniels,WAS00,FedExField
2025_07_PIT_CIN,2025,REG,7,2025-10-16,Thursday,20:15,PIT,31.0,CIN,33.0,Home,2.0,64.0,0.0,401772941,4,4,-5.5,-105.0,-115.0,45.5,-245.0,200.0,1,outdoors,fieldturf,00-0023459,00-0026158,Aaron Rodgers,Joe Flacco,CIN00,Paycor Stadium
2025_07_ATL_SF,2025,REG,7,2025-10-19,Sunday,20:20,ATL,10.0,SF,20.0,Home,10.0,30.0,0.0,401772924,6,7,1.5,-120.0,100.0,46.5,-105.0,-115.0,0,outdoors,grass,00-0039917,00-0036972,Michael Penix,Mac Jones,SFO01,Levi's Stadium
2025_07_CAR_NYJ,2025,REG,7,2025-10-19,Sunday,13:00,CAR,13.0,NYJ,6.0,Home,-7.0,19.0,0.0,401772860,7,7,1.5,-125.0,105.0,39.5,-108.0,-112.0,0,outdoors,fieldturf,00-0039150,00-0036945,Bryce Young,Justin Fields,NYC01,MetLife Stadium
2025_07_GB_ARI,2025,REG,7,2025-10-19,Sunday,16:25,GB,27.0,ARI,23.0,Home,-4.0,50.0,0.0,401772863,7,7,-7.0,-115.0,-105.0,44.5,-395.0,310.0,0,closed,grass,00-0036264,00-0033119,Jordan Love,Jacoby Brissett,PHO00,State Farm Stadium
2025_07_IND_LAC,2025,REG,7,2025-10-19,Sunday,16:05,IND,38.0,LAC,24.0,Home,-14.0,62.0,0.0,401772756,7,7,2.5,-108.0,-112.0,48.5,114.0,-135.0,0,dome,matrixturf,00-0035710,00-0036355,Daniel Jones,Justin Herbert,LAX01,SoFi Stadium
2025_07_LA_JAX,2025,REG,7,2025-10-19,Sunday,09:30,LA,35.0,JAX,7.0,Neutral,-28.0,42.0,0.0,401772635,7,7,-3.0,-115.0,-105.0,44.5,-166.0,140.0,0,outdoors,grass,00-0026498,00-0036971,Matthew Stafford,Trevor Lawrence,JAX00,TIAA Bank Stadium
2025_07_LV_KC,2025,REG,7,2025-10-19,Sunday,13:00,LV,0.0,KC,31.0,Home,31.0,31.0,0.0,401772753,7,7,13.5,-115.0,-105.0,44.5,625.0,-950.0,1,outdoors,grass,00-0030565,00-0033873,Geno Smith,Patrick Mahomes,KAN00,GEHA Field at Arrowhead Stadium
2025_07_MIA_CLE,2025,REG,7,2025-10-19,Sunday,13:00,MIA,6.0,CLE,31.0,Home,25.0,37.0,0.0,401772754,7,7,2.5,-102.0,-118.0,34.5,124.0,-148.0,0,outdoors,grass,00-0036212,00-0040704,Tua Tagovailoa,Dillon Gabriel,CLE00,FirstEnergy Stadium
2025_07_NE_TEN,2025,REG,7,2025-10-19,Sunday,13:00,NE,31.0,TEN,13.0,Home,-18.0,44.0,0.0,401772755,7,7,-6.5,-108.0,-112.0,40.5,-290.0,235.0,0,outdoors,grass,00-0039851,00-0040676,Drake Maye,Cam Ward,NAS00,Nissan Stadium
2025_07_NO_CHI,2025,REG,7,2025-10-19,Sunday,13:00,NO,14.0,CHI,26.0,Home,12.0,40.0,0.0,401772861,7,6,4.5,-120.0,100.0,43.5,185.0,-225.0,0,outdoors,grass,00-0039376,00-0039918,Spencer Rattler,Caleb Williams,CHI98,Soldier Field
2025_07_NYG_DEN,2025,REG,7,2025-10-19,Sunday,16:05,NYG,32.0,DEN,33.0,Home,1.0,65.0,0.0,401772757,10,7,7.5,-105.0,-115.0,39.5,330.0,-425.0,0,outdoors,grass,00-0040691,00-0039732,Jaxson Dart,Bo Nix,DEN00,Empower Field at Mile High
2025_07_PHI_MIN,2025,REG,7,2025-10-19,Sunday,13:00,PHI,28.0,MIN,22.0,Home,-6.0,50.0,0.0,401772862,10,14,-2.5,-110.0,-110.0,43.5,-148.0,124.0,0,dome,sportturf,00-0036389,00-0032950,Jalen Hurts,Carson Wentz,MIN01,U.S. Bank Stadium
2025_07_WAS_DAL,2025,REG,7,2025-10-19,Sunday,16:25,WAS,22.0,DAL,44.0,Home,22.0,66.0,0.0,401772864,6,7,1.5,-108.0,-112.0,54.5,105.0,-125.0,1,closed,matrixturf,00-0039910,00-0033077,Jayden Daniels,Dak Prescott,DAL00,AT&T Stadium
2025_07_HOU_SEA,2025,REG,7,2025-10-20,Monday,22:00,HOU,19.0,SEA,27.0,Home,8.0,46.0,0.0,401772826,15,8,3.0,-110.0,-110.0,41.5,140.0,-166.0,0,outdoors,fieldturf,00-0039163,00-0034869,C.J. Stroud,Sam Darnold,SEA00,Lumen Field
2025_07_TB_DET,2025,REG,7,2025-10-20,Monday,19:00,TB,9.0,DET,24.0,Home,15.0,33.0,0.0,401772816,8,8,6.0,-112.0,-108.0,54.5,225.0,-278.0,0,dome,fieldturf,00-0034855,00-0033106,Baker Mayfield,Jared Goff,DET00,Ford Field
2025_08_MIN_LAC,2025,REG,8,2025-10-23,Thursday,20:15,MIN,10.0,LAC,37.0,Home,27.0,47.0,0.0,401772942,4,4,3.0,100.0,-120.0,45.5,142.0,-170.0,0,dome,matrixturf,00-0032950,00-0036355,Carson Wentz,Justin Herbert,LAX01,SoFi Stadium
2025_08_BUF_CAR,2025,REG,8,2025-10-26,Sunday,13:00,BUF,40.0,CAR,9.0,Home,-31.0,49.0,0.0,401772865,13,7,-7.0,-115.0,-105.0,47.5,-395.0,310.0,0,outdoors,grass,00-0034857,00-0039150,Josh Allen,Bryce Young,CAR00,Bank of America Stadium
2025_08_CHI_BAL,2025,REG,8,2025-10-26,Sunday,13:00,CHI,16.0,BAL,30.0,Home,14.0,46.0,0.0,401772759,7,14,2.5,-102.0,-118.0,45.5,124.0,-148.0,0,outdoors,grass,00-0039918,00-0035993,Caleb Williams,Tyler Huntley,BAL00,M&T Bank Stadium
2025_08_CLE_NE,2025,REG,8,2025-10-26,Sunday,13:00,CLE,13.0,NE,32.0,Home,19.0,45.0,0.0,401772868,7,7,7.0,-115.0,-105.0,40.5,300.0,-380.0,0,outdoors,fieldturf,00-0040704,00-0039851,Dillon Gabriel,Drake Maye,BOS00,Gillette Stadium
2025_08_DAL_DEN,2025,REG,8,2025-10-26,Sunday,16:25,DAL,24.0,DEN,44.0,Home,20.0,68.0,0.0,401772762,7,7,3.5,-110.0,-110.0,51.5,160.0,-192.0,0,outdoors,grass,00-0033077,00-0039732,Dak Prescott,Bo Nix,DEN00,Empower Field at Mile High
2025_08_GB_PIT,2025,REG,8,2025-10-26,Sunday,20:20,GB,35.0,PIT,25.0,Home,-10.0,60.0,0.0,401772925,7,10,-3.0,100.0,-120.0,46.5,-155.0,130.0,0,outdoors,grass,00-0036264,00-0023459,Jordan Love,Aaron Rodgers,PIT00,Acrisure Stadium
2025_08_MIA_ATL,2025,REG,8,2025-10-26,Sunday,13:00,MIA,34.0,ATL,10.0,Home,-24.0,44.0,0.0,401772760,7,7,7.0,-115.0,-105.0,44.5,280.0,-355.0,0,closed,fieldturf,00-0036212,00-0029604,Tua Tagovailoa,Kirk Cousins,ATL97,Mercedes-Benz Stadium
2025_08_NYG_PHI,2025,REG,8,2025-10-26,Sunday,13:00,NYG,20.0,PHI,38.0,Home,18.0,58.0,0.0,401772867,7,7,7.0,-102.0,-118.0,43.5,300.0,-380.0,1,outdoors,grass,00-0040691,00-0036389,Jaxson Dart,Jalen Hurts,PHI00,Lincoln Financial Field
2025_08_NYJ_CIN,2025,REG,8,2025-10-26,Sunday,13:00,NYJ,39.0,CIN,38.0,Home,-1.0,77.0,0.0,401772758,7,10,5.5,-112.0,-108.0,43.5,210.0,-258.0,0,outdoors,fieldturf,00-0036945,00-0026158,Justin Fields,Joe Flacco,CIN00,Paycor Stadium
2025_08_SF_HOU,2025,REG,8,2025-10-26,Sunday,13:00,SF,15.0,HOU,26.0,Home,11.0,41.0,0.0,401772866,7,6,2.5,100.0,-120.0,41.5,130.0,-155.0,0,closed,astroturf,00-0036972,00-0039163,Mac Jones,C.J. Stroud,HOU00,NRG Stadium
2025_08_TB_NO,2025,REG,8,2025-10-26,Sunday,16:05,TB,23.0,NO,3.0,Home,-20.0,26.0,0.0,401772869,6,7,-4.5,-105.0,-115.0,46.5,-218.0,180.0,1,dome,sportturf,00-0034855,00-0039376,Baker Mayfield,Spencer Rattler,NOR00,Mercedes-Benz Superdome
2025_08_TEN_IND,2025,REG,8,2025-10-26,Sunday,16:25,TEN,14.0,IND,38.0,Home,24.0,52.0,0.0,401772761,7,7,15.5,-115.0,-105.0,47.5,950.0,-1650.0,1,closed,fieldturf,00-0040676,00-0035710,Cam Ward,Daniel Jones,IND00,Lucas Oil Stadium
2025_08_WAS_KC,2025,REG,8,2025-10-27,Monday,20:15,WAS,7.0,KC,28.0,Home,21.0,35.0,0.0,401772817,8,8,10.5,-105.0,-115.0,48.5,500.0,-700.0,0,outdoors,grass,00-0039910,00-0033873,Jayden Daniels,Patrick Mahomes,KAN00,GEHA Field at Arrowhead Stadium
2025_09_BAL_MIA,2025,REG,9,2025-10-30,Thursday,20:15,BAL,28.0,MIA,6.0,Home,-22.0,34.0,0.0,401772943,4,4,-7.5,-120.0,100.0,51.5,-455.0,350.0,0,outdoors,grass,00-0034796,00-0036212,Lamar Jackson,Tua Tagovailoa,MIA00,Hard Rock Stadium
2025_09_ATL_NE,2025,REG,9,2025-11-02,Sunday,13:00,ATL,23.0,NE,24.0,Home,1.0,47.0,0.0,401772763,7,7,5.5,-110.0,-110.0,45.5,205.0,-250.0,0,outdoors,fieldturf,00-0039917,00-0039851,Michael Penix,Drake Maye,BOS00,Gillette Stadium
2025_09_CAR_GB,2025,REG,9,2025-11-02,Sunday,13:00,CAR,16.0,GB,13.0,Home,-3.0,29.0,0.0,401772872,7,7,12.5,-102.0,-118.0,43.5,650.0,-1000.0,0,outdoors,grass,00-0039150,00-0036264,Bryce Young,Jordan Love,GNB00,Lambeau Field
2025_09_CHI_CIN,2025,REG,9,2025-11-02,Sunday,13:00,CHI,47.0,CIN,42.0,Home,-5.0,89.0,0.0,401772765,7,7,-3.0,-105.0,-115.0,51.5,-162.0,136.0,0,outdoors,fieldturf,00-0039918,00-0026158,Caleb Williams,Joe Flacco,CIN00,Paycor Stadium
2025_09_DEN_HOU,2025,REG,9,2025-11-02,Sunday,13:00,DEN,18.0,HOU,15.0,Home,-3.0,33.0,0.0,401772870,7,7,1.5,-110.0,-110.0,40.5,105.0,-125.0,0,closed,astroturf,00-0039732,00-0039163,Bo Nix,C.J. Stroud,HOU00,NRG Stadium
2025_09_IND_PIT,2025,REG,9,2025-11-02,Sunday,13:00,IND,20.0,PIT,27.0,Home,7.0,47.0,0.0,401772766,7,7,-3.5,100.0,-120.0,51.5,-185.0,154.0,0,outdoors,grass,00-0035710,00-0023459,Daniel Jones,Aaron Rodgers,PIT00,Acrisure Stadium
2025_09_JAX_LV,2025,REG,9,2025-11-02,Sunday,16:05,JAX,30.0,LV,29.0,Home,-1.0,59.0,1.0,401772873,14,14,-2.5,-105.0,-115.0,43.5,-130.0,110.0,0,dome,grass,00-0036971,00-0030565,Trevor Lawrence,Geno Smith,VEG00,Allegiant Stadium
2025_09_KC_BUF,2025,REG,9,2025-11-02,Sunday,16:25,KC,21.0,BUF,28.0,Home,7.0,49.0,0.0,401772768,6,7,-2.5,-105.0,-115.0,53.5,-135.0,114.0,0,outdoors,a_turf,00-0033873,00-0034857,Patrick Mahomes,Josh Allen,BUF00,New Era Field
2025_09_LAC_TEN,2025,REG,9,2025-11-02,Sunday,13:00,LAC,27.0,TEN,20.0,Home,-7.0,47.0,0.0,401772764,10,7,-10.0,-112.0,-108.0,44.5,-650.0,470.0,0,outdoors,grass,00-0036355,00-0040676,Justin Herbert,Cam Ward,NAS00,Nissan Stadium
2025_09_MIN_DET,2025,REG,9,2025-11-02,Sunday,13:00,MIN,27.0,DET,24.0,Home,-3.0,51.0,0.0,401772871,10,13,9.5,-108.0,-112.0,47.5,410.0,-550.0,1,dome,fieldturf,00-0039923,00-0033106,J.J. McCarthy,Jared Goff,DET00,Ford Field
2025_09_NO_LA,2025,REG,9,2025-11-02,Sunday,16:05,NO,10.0,LA,34.0,Home,24.0,44.0,0.0,401772874,7,14,14.0,-105.0,-115.0,44.5,750.0,-1200.0,0,dome,matrixturf,00-0040743,00-0026498,Tyler Shough,Matthew Stafford,LAX01,SoFi Stadium
2025_09_SEA_WAS,2025,REG,9,2025-11-02,Sunday,20:20,SEA,38.0,WAS,14.0,Home,-24.0,52.0,0.0,401772926,13,6,-2.5,-120.0,100.0,47.5,-148.0,124.0,0,outdoors,grass,00-0034869,00-0039910,Sam Darnold,Jayden Daniels,WAS00,FedExField
2025_09_SF_NYG,2025,REG,9,2025-11-02,Sunday,13:00,SF,34.0,NYG,24.0,Home,-10.0,58.0,0.0,401772767,7,7,-2.5,-120.0,100.0,47.5,-148.0,124.0,0,outdoors,fieldturf,00-0036972,00-0040691,Mac Jones,Jaxson Dart,NYC01,MetLife Stadium
2025_09_ARI_DAL,2025,REG,9,2025-11-03,Monday,20:15,ARI,27.0,DAL,17.0,Home,-10.0,44.0,0.0,401772818,15,8,3.5,-115.0,-105.0,53.5,145.0,-175.0,0,closed,matrixturf,00-0033119,00-0033077,Jacoby Brissett,Dak Prescott,DAL00,AT&T Stadium
2025_10_LV_DEN,2025,REG,10,2025-11-06,Thursday,20:15,LV,7.0,DEN,10.0,Home,3.0,17.0,0.0,401772944,4,4,9.5,-112.0,-108.0,42.5,380.0,-500.0,1,outdoors,grass,00-0030565,00-0039732,Geno Smith,Bo Nix,DEN00,Empower Field at Mile High
2025_10_ARI_SEA,2025,REG,10,2025-11-09,Sunday,16:05,ARI,22.0,SEA,44.0,Home,22.0,66.0,0.0,401772773,6,7,7.0,-115.0,-105.0,44.5,270.0,-340.0,1,outdoors,fieldturf,00-0033119,00-0034869,Jacoby Brissett,Sam Darnold,SEA00,Lumen Field
2025_10_ATL_IND,2025,REG,10,2025-11-09,Sunday,09:30,ATL,25.0,IND,31.0,Neutral,6.0,56.0,1.0,401772636,7,7,6.5,-112.0,-108.0,48.5,250.0,-310.0,0,closed,grass,00-0039917,00-0035710,Michael Penix,Daniel Jones,IND00,Lucas Oil Stadium
2025_10_BAL_MIN,2025,REG,10,2025-11-09,Sunday,13:00,BAL,27.0,MIN,19.0,Home,-8.0,46.0,0.0,401772876,10,7,-4.5,-105.0,-115.0,48.5,-230.0,190.0,0,dome,sportturf,00-0034796,00-0039923,Lamar Jackson,J.J. McCarthy,MIN01,U.S. Bank Stadium
2025_10_BUF_MIA,2025,REG,10,2025-11-09,Sunday,13:00,BUF,13.0,MIA,30.0,Home,17.0,43.0,0.0,401772771,7,10,-8.5,-105.0,-115.0,50.5,-455.0,350.0,1,outdoors,grass,00-0034857,00-0036212,Josh Allen,Tua Tagovailoa,MIA00,Hard Rock Stadium
2025_10_CLE_NYJ,2025,REG,10,2025-11-09,Sunday,13:00,CLE,20.0,NYJ,27.0,Home,7.0,47.0,0.0,401772769,14,14,-1.5,-115.0,-105.0,37.5,-130.0,110.0,0,outdoors,fieldturf,00-0040704,00-0028118,Dillon Gabriel,Tyrod Taylor,NYC01,MetLife Stadium
2025_10_DET_WAS,2025,REG,10,2025-11-09,Sunday,16:25,DET,44.0,WAS,22.0,Home,-22.0,66.0,0.0,401772878,7,7,-8.5,-105.0,-115.0,49.5,-455.0,350.0,0,outdoors,grass,00-0033106,00-0032268,Jared Goff,Marcus Mariota,WAS00,FedExField
2025_10_JAX_HOU,2025,REG,10,2025-11-09,Sunday,13:00,JAX,29.0,HOU,36.0,Home,7.0,65.0,0.0,401772770,7,7,-1.5,100.0,-120.0,37.5,-115.0,-105.0,1,closed,astroturf,00-0036971,00-0036898,Trevor Lawrence,Davis Mills,HOU00,NRG Stadium
2025_10_LA_SF,2025,REG,10,2025-11-09,Sunday,16:25,LA,42.0,SF,26.0,Home,-16.0,68.0,0.0,401772879,7,7,-5.5,-115.0,-105.0,49.5,-258.0,210.0,1,outdoors,grass,00-0026498,00-0036972,Matthew Stafford,Mac Jones,SFO01,Levi's Stadium
2025_10_NE_TB,2025,REG,10,2025-11-09,Sunday,13:00,NE,28.0,TB,23.0,Home,-5.0,51.0,0.0,401772772,7,14,2.5,100.0,-120.0,48.5,124.0,-148.0,0,outdoors,grass,00-0039851,00-0034855,Drake Maye,Baker Mayfield,TAM00,Raymond James Stadium
2025_10_NO_CAR,2025,REG,10,2025-11-09,Sunday,13:00,NO,17.0,CAR,7.0,Home,-10.0,24.0,0.0,401772877,7,7,5.5,-112.0,-108.0,38.5,200.0,-245.0,1,outdoors,grass,00-0040743,00-0039150,Tyler Shough,Bryce Young,CAR00,Bank of America Stadium
2025_10_NYG_CHI,2025,REG,10,2025-11-09,Sunday,13:00,NYG,20.0,CHI,24.0,Home,4.0,44.0,0.0,401772875,7,7,4.5,-108.0,-112.0,45.5,180.0,-218.0,0,outdoors,grass,00-0040691,00-0039918,Jaxson Dart,Caleb Williams,CHI98,Soldier Field
2025_10_PIT_LAC,2025,REG,10,2025-11-09,Sunday,20:20,PIT,10.0,LAC,25.0,Home,15.0,35.0,0.0,401772927,7,7,3.0,-118.0,-102.0,45.5,136.0,-162.0,0,dome,matrixturf,00-0023459,00-0036355,Aaron Rodgers,Justin Herbert,LAX01,SoFi Stadium
2025_10_PHI_GB,2025,REG,10,2025-11-10,Monday,20:15,PHI,10.0,GB,7.0,Home,-3.0,17.0,0.0,401772630,15,8,1.5,-122.0,102.0,45.5,-110.0,-110.0,0,outdoors,grass,00-0036389,00-0036264,Jalen Hurts,Jordan Love,GNB00,Lambeau Field
2025_11_NYJ_NE,2025,REG,11,2025-11-13,Thursday,20:15,NYJ,14.0,NE,27.0,Home,13.0,41.0,0.0,401772945,4,4,12.5,-105.0,-115.0,43.5,625.0,-950.0,1,outdoors,fieldturf,00-0028118,00-0039851,Tyrod Taylor,Drake Maye,BOS00,Gillette Stadium
2025_11_BAL_CLE,2025,REG,11,2025-11-16,Sunday,16:25,BAL,23.0,CLE,16.0,Home,-7.0,39.0,0.0,401772777,7,7,-7.5,-105.0,-115.0,37.5,-440.0,340.0,1,outdoors,grass,00-0034796,00-0040704,Lamar Jackson,Dillon Gabriel,CLE00,FirstEnergy Stadium
2025_11_CAR_ATL,2025,REG,11,2025-11-16,Sunday,13:00,CAR,30.0,ATL,27.0,Home,-3.0,57.0,1.0,401772882,7,7,4.5,-118.0,-102.0,42.5,180.0,-218.0,1,closed,fieldturf,00-0039150,00-0039917,Bryce Young,Michael Penix,ATL97,Mercedes-Benz Stadium
2025_11_CHI_MIN,2025,REG,11,2025-11-16,Sunday,13:00,CHI,19.0,MIN,17.0,Home,-2.0,36.0,0.0,401772880,7,7,3.0,-115.0,-105.0,47.5,124.0,-148.0,1,dome,sportturf,00-0039918,00-0039923,Caleb Williams,J.J. McCarthy,MIN01,U.S. Bank Stadium
2025_11_CIN_PIT,2025,REG,11,2025-11-16,Sunday,13:00,CIN,12.0,PIT,34.0,Home,22.0,46.0,0.0,401772774,14,7,5.5,-108.0,-112.0,48.5,205.0,-250.0,1,outdoors,grass,00-0026158,00-0023459,Joe Flacco,Aaron Rodgers,PIT00,Acrisure Stadium
2025_11_DET_PHI,2025,REG,11,2025-11-16,Sunday,20:20,DET,9.0,PHI,16.0,Home,7.0,25.0,0.0,401772928,7,6,2.5,-102.0,-118.0,46.5,130.0,-155.0,0,outdoors,grass,00-0033106,00-0036389,Jared Goff,Jalen Hurts,PHI00,Lincoln Financial Field
2025_11_GB_NYG,2025,REG,11,2025-11-16,Sunday,13:00,GB,27.0,NYG,20.0,Home,-7.0,47.0,0.0,401772883,6,7,-7.5,-110.0,-110.0,41.5,-440.0,340.0,0,outdoors,fieldturf,00-0036264,00-0031503,Jordan Love,Jameis Winston,NYC01,MetLife Stadium
2025_11_HOU_TEN,2025,REG,11,2025-11-16,Sunday,13:00,HOU,16.0,TEN,13.0,Home,-3.0,29.0,0.0,401772881,7,14,-5.5,-108.0,-112.0,37.5,-265.0,215.0,1,outdoors,grass,00-0036898,00-0040676,Davis Mills,Cam Ward,NAS00,Nissan Stadium
2025_11_KC_DEN,2025,REG,11,2025-11-16,Sunday,16:25,KC,19.0,DEN,22.0,Home,3.0,41.0,0.0,401772778,14,10,-3.5,-120.0,100.0,44.5,-218.0,180.0,1,outdoors,grass,00-0033873,00-0039732,Patrick Mahomes,Bo Nix,DEN00,Empower Field at Mile High
2025_11_LAC_JAX,2025,REG,11,2025-11-16,Sunday,13:00,LAC,6.0,JAX,35.0,Home,29.0,41.0,0.0,401772775,7,7,-3.0,-105.0,-115.0,43.5,-155.0,130.0,0,outdoors,grass,00-0036355,00-0036971,Justin Herbert,Trevor Lawrence,JAX00,TIAA Bank Stadium
2025_11_SEA_LA,2025,REG,11,2025-11-16,Sunday,16:05,SEA,19.0,LA,21.0,Home,2.0,40.0,0.0,401772884,7,7,3.0,100.0,-120.0,49.5,145.0,-175.0,1,dome,matrixturf,00-0034869,00-0026498,Sam Darnold,Matthew Stafford,LAX01,SoFi Stadium
2025_11_SF_ARI,2025,REG,11,2025-11-16,Sunday,16:05,SF,41.0,ARI,22.0,Home,-19.0,63.0,0.0,401772885,7,7,-3.5,-105.0,-115.0,48.5,-192.0,160.0,1,closed,grass,00-0037834,00-0033119,Brock Purdy,Jacoby Brissett,PHO00,State Farm Stadium
2025_11_TB_BUF,2025,REG,11,2025-11-16,Sunday,13:00,TB,32.0,BUF,44.0,Home,12.0,76.0,0.0,401772776,7,7,6.0,-108.0,-112.0,46.5,230.0,-285.0,0,outdoors,a_turf,00-0034855,00-0034857,Baker Mayfield,Josh Allen,BUF00,New Era Field
2025_11_WAS_MIA,2025,REG,11,2025-11-16,Sunday,09:30,WAS,13.0,MIA,16.0,Neutral,3.0,29.0,1.0,401772631,7,7,2.5,100.0,-120.0,47.5,124.0,-148.0,0,outdoors,grass,00-0032268,00-0036212,Marcus Mariota,Tua Tagovailoa,MIA00,Hard Rock Stadium
2025_11_DAL_LV,2025,REG,11,2025-11-17,Monday,20:15,DAL,33.0,LV,16.0,Home,-17.0,49.0,0.0,401772819,14,11,-3.5,-115.0,-105.0,48.5,-198.0,164.0,0,dome,grass,00-0033077,00-0030565,Dak Prescott,Geno Smith,VEG00,Allegiant Stadium
2025_12_BUF_HOU,2025,REG,12,2025-11-20,Thursday,20:15,BUF,19.0,HOU,23.0,Home,4.0,42.0,0.0,401772946,4,4,-5.5,-108.0,-112.0,43.5,-258.0,210.0,0,closed,astroturf,00-0034857,00-0036898,Josh Allen,Davis Mills,HOU00,NRG Stadium
2025_12_ATL_NO,2025,REG,12,2025-11-23,Sunday,16:25,ATL,24.0,NO,10.0,Home,-14.0,34.0,0.0,401772889,7,14,1.5,-112.0,-108.0,41.5,102.0,-122.0,1,dome,sportturf,00-0029604,00-0040743,Kirk Cousins,Tyler Shough,NOR00,Mercedes-Benz Superdome
2025_12_CLE_LV,2025,REG,12,2025-11-23,Sunday,16:05,CLE,24.0,LV,10.0,Home,-14.0,34.0,0.0,401772784,7,6,3.0,-105.0,-115.0,35.5,136.0,-162.0,0,dome,grass,00-0040668,00-0030565,Shedeur Sanders,Geno Smith,VEG00,Allegiant Stadium
2025_12_IND_KC,2025,REG,12,2025-11-23,Sunday,13:00,IND,20.0,KC,23.0,Home,3.0,43.0,1.0,401772779,14,7,3.5,100.0,-120.0,50.5,180.0,-218.0,0,outdoors,grass,00-0035710,00-0033873,Daniel Jones,Patrick Mahomes,KAN00,GEHA Field at Arrowhead Stadium
2025_12_JAX_ARI,2025,REG,12,2025-11-23,Sunday,16:05,JAX,27.0,ARI,24.0,Home,-3.0,51.0,1.0,401772783,7,7,-2.5,-108.0,-112.0,47.5,-135.0,114.0,0,closed,grass,00-0036971,00-0033119,Trevor Lawrence,Jacoby Brissett,PHO00,State Farm Stadium
2025_12_MIN_GB,2025,REG,12,2025-11-23,Sunday,13:00,MIN,6.0,GB,23.0,Home,17.0,29.0,0.0,401772887,7,7,6.5,-112.0,-108.0,41.5,235.0,-290.0,1,outdoors,grass,00-0039923,00-0036264,J.J. McCarthy,Jordan Love,GNB00,Lambeau Field
2025_12_NE_CIN,2025,REG,12,2025-11-23,Sunday,13:00,NE,26.0,CIN,20.0,Home,-6.0,46.0,0.0,401772781,10,7,-7.5,-108.0,-112.0,50.5,-395.0,310.0,0,outdoors,fieldturf,00-0039851,00-0026158,Drake Maye,Joe Flacco,CIN00,Paycor Stadium
2025_12_NYG_DET,2025,REG,12,2025-11-23,Sunday,13:00,NYG,27.0,DET,34.0,Home,7.0,61.0,1.0,401772888,7,7,14.0,-115.0,-105.0,50.5,675.0,-1050.0,0,dome,fieldturf,00-0031503,00-0033106,Jameis Winston,Jared Goff,DET00,Ford Field
2025_12_NYJ_BAL,2025,REG,12,2025-11-23,Sunday,13:00,NYJ,10.0,BAL,23.0,Home,13.0,33.0,0.0,401772782,10,7,14.0,-110.0,-110.0,44.5,675.0,-1050.0,0,outdoors,grass,00-0028118,00-0034796,Tyrod Taylor,Lamar Jackson,BAL00,M&T Bank Stadium
2025_12_PHI_DAL,2025,REG,12,2025-11-23,Sunday,16:25,PHI,21.0,DAL,24.0,Home,3.0,45.0,0.0,401772890,7,6,-3.0,-105.0,-115.0,47.5,-162.0,136.0,1,closed,matrixturf,00-0036389,00-0033077,Jalen Hurts,Dak Prescott,DAL00,AT&T Stadium
2025_12_PIT_CHI,2025,REG,12,2025-11-23,Sunday,13:00,PIT,28.0,CHI,31.0,Home,3.0,59.0,0.0,401772780,7,7,3.0,-115.0,-105.0,46.5,130.0,-155.0,0,outdoors,grass,00-0034771,00-0039918,Mason Rudolph,Caleb Williams,CHI98,Soldier Field
2025_12_SEA_TEN,2025,REG,12,2025-11-23,Sunday,13:00,SEA,30.0,TEN,24.0,Home,-6.0,54.0,0.0,401772886,7,7,-12.5,-115.0,-105.0,41.5,-950.0,625.0,0,outdoors,grass,00-0034869,00-0040676,Sam Darnold,Cam Ward,NAS00,Nissan Stadium
2025_12_TB_LA,2025,REG,12,2025-11-23,Sunday,20:20,TB,7.0,LA,34.0,Home,27.0,41.0,0.0,401772929,7,7,7.0,-110.0,-110.0,49.5,295.0,-375.0,0,dome,matrixturf,00-0034855,00-0026498,Baker Mayfield,Matthew Stafford,LAX01,SoFi Stadium
2025_12_CAR_SF,2025,REG,12,2025-11-24,Monday,20:15,CAR,9.0,SF,20.0,Home,11.0,29.0,0.0,401772820,8,8,7.5,-115.0,-105.0,48.5,310.0,-395.0,0,outdoors,grass,00-0039150,00-0037834,Bryce Young,Brock Purdy,SFO01,Levi's Stadium
2025_13_CIN_BAL,2025,REG,13,2025-11-27,Thursday,20:20,CIN,32.0,BAL,14.0,Home,-18.0,46.0,0.0,401772930,4,4,7.0,100.0,-120.0,52.5,295.0,-375.0,1,outdoors,grass,00-0036442,00-0034796,Joe Burrow,Lamar Jackson,BAL00,M&T Bank Stadium
2025_13_GB_DET,2025,REG,13,2025-11-27,Thursday,13:00,GB,31.0,DET,24.0,Home,-7.0,55.0,0.0,401772891,4,4,2.5,105.0,-125.0,48.5,130.0,-155.0,1,dome,fieldturf,00-0036264,00-0033106,Jordan Love,Jared Goff,DET00,Ford Field
2025_13_KC_DAL,2025,REG,13,2025-11-27,Thursday,16:30,KC,28.0,DAL,31.0,Home,3.0,59.0,0.0,401772694,4,4,-3.5,-105.0,-115.0,53.5,-185.0,154.0,0,closed,matrixturf,00-0033873,00-0033077,Patrick Mahomes,Dak Prescott,DAL00,AT&T Stadium
2025_13_CHI_PHI,2025,REG,13,2025-11-28,Friday,15:00,CHI,24.0,PHI,15.0,Home,-9.0,39.0,0.0,401772621,5,5,7.0,-105.0,-115.0,43.5,270.0,-340.0,0,outdoors,grass,00-0039918,00-0036389,Caleb Williams,Jalen Hurts,PHI00,Lincoln Financial Field
2025_13_ARI_TB,2025,REG,13,2025-11-30,Sunday,13:00,ARI,17.0,TB,20.0,Home,3.0,37.0,0.0,401772895,7,7,4.5,-115.0,-105.0,44.5,164.0,-198.0,0,outdoors,grass,00-0033119,00-0034855,Jacoby Brissett,Baker Mayfield,TAM00,Raymond James Stadium
2025_13_ATL_NYJ,2025,REG,13,2025-11-30,Sunday,13:00,ATL,24.0,NYJ,27.0,Home,3.0,51.0,0.0,401772893,7,7,-3.0,-112.0,-108.0,38.5,-166.0,140.0,0,outdoors,fieldturf,00-0029604,00-0028118,Kirk Cousins,Tyrod Taylor,NYC01,MetLife Stadium
2025_13_BUF_PIT,2025,REG,13,2025-11-30,Sunday,16:25,BUF,26.0,PIT,7.0,Home,-19.0,33.0,0.0,401772789,10,7,-3.0,-115.0,-105.0,44.5,-166.0,140.0,0,outdoors,grass,00-0034857,00-0023459,Josh Allen,Aaron Rodgers,PIT00,Acrisure Stadium
2025_13_DEN_WAS,2025,REG,13,2025-11-30,Sunday,20:20,DEN,27.0,WAS,26.0,Home,-1.0,53.0,1.0,401772931,14,14,-6.5,-105.0,-115.0,43.5,-310.0,250.0,0,outdoors,grass,00-0039732,00-0032268,Bo Nix,Marcus Mariota,WAS00,FedExField
2025_13_HOU_IND,2025,REG,13,2025-11-30,Sunday,13:00,HOU,20.0,IND,16.0,Home,-4.0,36.0,0.0,401772787,10,7,3.0,-105.0,-115.0,44.5,142.0,-170.0,1,closed,fieldturf,00-0039163,00-0035710,C.J. Stroud,Daniel Jones,IND00,Lucas Oil Stadium
2025_13_JAX_TEN,2025,REG,13,2025-11-30,Sunday,13:00,JAX,25.0,TEN,3.0,Home,-22.0,28.0,0.0,401772786,7,7,-6.0,-108.0,-112.0,42.5,-270.0,220.0,1,outdoors,grass,00-0036971,00-0040676,Trevor Lawrence,Cam Ward,NAS00,Nissan Stadium
2025_13_LA_CAR,2025,REG,13,2025-11-30,Sunday,13:00,LA,28.0,CAR,31.0,Home,3.0,59.0,0.0,401772894,7,6,-10.0,-110.0,-110.0,44.5,-575.0,425.0,0,outdoors,grass,00-0026498,00-0039150,Matthew Stafford,Bryce Young,CAR00,Bank of America Stadium
2025_13_LV_LAC,2025,REG,13,2025-11-30,Sunday,16:25,LV,14.0,LAC,31.0,Home,17.0,45.0,0.0,401772788,7,14,10.0,-115.0,-105.0,40.5,440.0,-600.0,1,dome,matrixturf,00-0030565,00-0036355,Geno Smith,Justin Herbert,LAX01,SoFi Stadium
2025_13_MIN_SEA,2025,REG,13,2025-11-30,Sunday,16:05,MIN,0.0,SEA,26.0,Home,26.0,26.0,0.0,401772896,7,7,12.5,-110.0,-110.0,42.5,600.0,-900.0,0,outdoors,fieldturf,00-0040494,00-0034869,Max Brosmer,Sam Darnold,SEA00,Lumen Field
2025_13_NO_MIA,2025,REG,13,2025-11-30,Sunday,13:00,NO,17.0,MIA,21.0,Home,4.0,38.0,0.0,401772892,7,14,5.5,-110.0,-110.0,41.5,205.0,-250.0,0,outdoors,grass,00-0040743,00-0036212,Tyler Shough,Tua Tagovailoa,MIA00,Hard Rock Stadium
2025_13_SF_CLE,2025,REG,13,2025-11-30,Sunday,13:00,SF,26.0,CLE,8.0,Home,-18.0,34.0,0.0,401772785,6,7,-5.5,-108.0,-112.0,35.5,-250.0,205.0,0,outdoors,grass,00-0037834,00-0040668,Brock Purdy,Shedeur Sanders,CLE00,FirstEnergy Stadium
2025_13_NYG_NE,2025,REG,13,2025-12-01,Monday,20:15,NYG,15.0,NE,33.0,Home,18.0,48.0,0.0,401772821,8,8,7.0,-105.0,-115.0,46.5,295.0,-375.0,0,outdoors,fieldturf,00-0040691,00-0039851,Jaxson Dart,Drake Maye,BOS00,Gillette Stadium
2025_14_DAL_DET,2025,REG,14,2025-12-04,Thursday,20:15,DAL,30.0,DET,44.0,Home,14.0,74.0,0.0,401772947,7,7,3.5,-110.0,-110.0,55.5,160.0,-192.0,0,dome,fieldturf,00-0033077,00-0033106,Dak Prescott,Jared Goff,DET00,Ford Field
2025_14_CHI_GB,2025,REG,14,2025-12-07,Sunday,16:25,CHI,21.0,GB,28.0,Home,7.0,49.0,0.0,401772897,9,10,6.5,-105.0,-115.0,44.5,245.0,-305.0,1,outdoors,grass,00-0039918,00-0036264,Caleb Williams,Jordan Love,GNB00,Lambeau Field
2025_14_CIN_BUF,2025,REG,14,2025-12-07,Sunday,13:00,CIN,34.0,BUF,39.0,Home,5.0,73.0,0.0,401772902,10,7,6.0,-108.0,-112.0,54.5,230.0,-285.0,0,outdoors,a_turf,00-0036442,00-0034857,Joe Burrow,Josh Allen,BUF00,New Era Field
2025_14_DEN_LV,2025,REG,14,2025-12-07,Sunday,16:05,DEN,24.0,LV,17.0,Home,-7.0,41.0,0.0,401772794,7,7,-8.5,-110.0,-110.0,40.5,-470.0,360.0,1,dome,grass,00-0039732,00-0030565,Bo Nix,Geno Smith,VEG00,Allegiant Stadium
2025_14_HOU_KC,2025,REG,14,2025-12-07,Sunday,20:20,HOU,20.0,KC,10.0,Home,-10.0,30.0,0.0,401772932,7,10,4.5,-115.0,-105.0,41.5,180.0,-218.0,0,outdoors,grass,00-0039163,00-0033873,C.J. Stroud,Patrick Mahomes,KAN00,GEHA Field at Arrowhead Stadium
2025_14_IND_JAX,2025,REG,14,2025-12-07,Sunday,13:00,IND,19.0,JAX,36.0,Home,17.0,55.0,0.0,401772793,7,7,-2.5,-112.0,-108.0,44.5,-135.0,114.0,1,outdoors,grass,00-0035710,00-0036971,Daniel Jones,Trevor Lawrence,JAX00,TIAA Bank Stadium
2025_14_LA_ARI,2025,REG,14,2025-12-07,Sunday,16:25,LA,45.0,ARI,17.0,Home,-28.0,62.0,0.0,401772901,7,7,-9.5,-110.0,-110.0,49.5,-500.0,380.0,1,closed,grass,00-0026498,00-0033119,Matthew Stafford,Jacoby Brissett,PHO00,State Farm Stadium
2025_14_MIA_NYJ,2025,REG,14,2025-12-07,Sunday,13:00,MIA,34.0,NYJ,10.0,Home,-24.0,44.0,0.0,401772790,7,7,-2.5,-115.0,-105.0,41.5,-148.0,124.0,1,outdoors,fieldturf,00-0036212,00-0028118,Tua Tagovailoa,Tyrod Taylor,NYC01,MetLife Stadium
2025_14_NO_TB,2025,REG,14,2025-12-07,Sunday,13:00,NO,24.0,TB,20.0,Home,-4.0,44.0,0.0,401772792,7,7,7.5,-102.0,-118.0,41.5,330.0,-425.0,1,outdoors,grass,00-0040743,00-0034855,Tyler Shough,Baker Mayfield,TAM00,Raymond James Stadium
2025_14_PIT_BAL,2025,REG,14,2025-12-07,Sunday,13:00,PIT,27.0,BAL,22.0,Home,-5.0,49.0,0.0,401772791,7,10,5.5,100.0,-120.0,43.5,220.0,-270.0,1,outdoors,grass,00-0023459,00-0034796,Aaron Rodgers,Lamar Jackson,BAL00,M&T Bank Stadium
2025_14_SEA_ATL,2025,REG,14,2025-12-07,Sunday,13:00,SEA,37.0,ATL,9.0,Home,-28.0,46.0,0.0,401772900,7,7,-7.0,100.0,-120.0,44.5,-355.0,280.0,0,closed,fieldturf,00-0034869,00-0029604,Sam Darnold,Kirk Cousins,ATL97,Mercedes-Benz Stadium
2025_14_TEN_CLE,2025,REG,14,2025-12-07,Sunday,13:00,TEN,31.0,CLE,29.0,Home,-2.0,60.0,0.0,401772898,7,7,4.5,-120.0,100.0,33.5,170.0,-205.0,0,outdoors,grass,00-0040676,00-0040668,Cam Ward,Shedeur Sanders,CLE00,FirstEnergy Stadium
2025_14_WAS_MIN,2025,REG,14,2025-12-07,Sunday,13:00,WAS,0.0,MIN,31.0,Home,31.0,31.0,0.0,401772899,7,7,-1.5,-102.0,-118.0,43.5,-115.0,-105.0,0,dome,sportturf,00-0032268,00-0039923,Marcus Mariota,J.J. McCarthy,MIN01,U.S. Bank Stadium
2025_14_PHI_LAC,2025,REG,14,2025-12-08,Monday,20:15,PHI,19.0,LAC,22.0,Home,3.0,41.0,1.0,401772822,10,8,-1.5,-105.0,-115.0,41.5,-120.0,100.0,0,dome,matrixturf,00-0036389,00-0036355,Jalen Hurts,Justin Herbert,LAX01,SoFi Stadium
2025_15_ATL_TB,2025,REG,15,2025-12-11,Thursday,20:15,ATL,29.0,TB,28.0,Home,-1.0,57.0,0.0,401772948,4,4,6.0,-112.0,-108.0,43.5,225.0,-278.0,1,outdoors,grass,00-0029604,00-0034855,Kirk Cousins,Baker Mayfield,TAM00,Raymond James Stadium
2025_15_ARI_HOU,2025,REG,15,2025-12-14,Sunday,13:00,ARI,20.0,HOU,40.0,Home,20.0,60.0,0.0,401772903,7,7,10.5,-110.0,-110.0,42.5,455.0,-625.0,0,closed,astroturf,00-0033119,00-0039163,Jacoby Brissett,C.J. Stroud,HOU00,NRG Stadium
2025_15_BAL_CIN,2025,REG,15,2025-12-14,Sunday,13:00,BAL,24.0,CIN,0.0,Home,-24.0,24.0,0.0,401772796,7,7,-2.5,-125.0,105.0,51.5,-162.0,136.0,1,outdoors,fieldturf,00-0034796,00-0036442,Lamar Jackson,Joe Burrow,CIN00,Paycor Stadium
2025_15_BUF_NE,2025,REG,15,2025-12-14,Sunday,13:00,BUF,35.0,NE,31.0,Home,-4.0,66.0,0.0,401772795,7,13,-2.5,-110.0,-110.0,49.5,-142.0,120.0,1,outdoors,fieldturf,00-0034857,00-0039851,Josh Allen,Drake Maye,BOS00,Gillette Stadium
2025_15_CAR_NO,2025,REG,15,2025-12-14,Sunday,16:25,CAR,17.0,NO,20.0,Home,3.0,37.0,0.0,401772908,14,7,-2.5,-118.0,-102.0,41.5,-148.0,124.0,1,dome,sportturf,00-0039150,00-0040743,Bryce Young,Tyler Shough,NOR00,Mercedes-Benz Superdome
2025_15_CLE_CHI,2025,REG,15,2025-12-14,Sunday,13:00,CLE,3.0,CHI,31.0,Home,28.0,34.0,0.0,401772904,7,7,7.5,-112.0,-108.0,38.5,295.0,-375.0,0,outdoors,grass,00-0040668,00-0039918,Shedeur Sanders,Caleb Williams,CHI98,Soldier Field
2025_15_DET_LA,2025,REG,15,2025-12-14,Sunday,16:25,DET,34.0,LA,41.0,Home,7.0,75.0,0.0,401772909,10,7,5.5,-105.0,-115.0,54.5,200.0,-245.0,0,dome,matrixturf,00-0033106,00-0026498,Jared Goff,Matthew Stafford,LAX01,SoFi Stadium
2025_15_GB_DEN,2025,REG,15,2025-12-14,Sunday,16:25,GB,26.0,DEN,34.0,Home,8.0,60.0,0.0,401772800,7,7,-1.5,-108.0,-112.0,42.5,-122.0,102.0,0,outdoors,grass,00-0036264,00-0039732,Jordan Love,Bo Nix,DEN00,Empower Field at Mile High
2025_15_IND_SEA,2025,REG,15,2025-12-14,Sunday,16:25,IND,16.0,SEA,18.0,Home,2.0,34.0,0.0,401772799,7,7,13.5,-105.0,-115.0,41.5,650.0,-1000.0,0,outdoors,fieldturf,00-0022942,00-0034869,Philip Rivers,Sam Darnold,SEA00,Lumen Field
2025_15_LAC_KC,2025,REG,15,2025-12-14,Sunday,13:00,LAC,16.0,KC,13.0,Home,-3.0,29.0,0.0,401772798,6,7,5.5,100.0,-120.0,41.5,210.0,-258.0,1,outdoors,grass,00-0036355,00-0033873,Justin Herbert,Patrick Mahomes,KAN00,GEHA Field at Arrowhead Stadium
2025_15_LV_PHI,2025,REG,15,2025-12-14,Sunday,13:00,LV,0.0,PHI,31.0,Home,31.0,31.0,0.0,401772906,7,6,12.5,-108.0,-112.0,37.5,650.0,-1000.0,0,outdoors,grass,00-0038102,00-0036389,Kenny Pickett,Jalen Hurts,PHI00,Lincoln Financial Field
2025_15_MIN_DAL,2025,REG,15,2025-12-14,Sunday,20:20,MIN,34.0,DAL,26.0,Home,-8.0,60.0,0.0,401772933,7,10,5.5,-110.0,-110.0,47.5,215.0,-265.0,0,closed,matrixturf,00-0039923,00-0033077,J.J. McCarthy,Dak Prescott,DAL00,AT&T Stadium
2025_15_NYJ_JAX,2025,REG,15,2025-12-14,Sunday,13:00,NYJ,20.0,JAX,48.0,Home,28.0,68.0,0.0,401772797,7,7,13.5,-105.0,-115.0,40.5,675.0,-1050.0,0,outdoors,grass,00-0040398,00-0036971,Brady Cook,Trevor Lawrence,JAX00,TIAA Bank Stadium
2025_15_TEN_SF,2025,REG,15,2025-12-14,Sunday,16:25,TEN,24.0,SF,37.0,Home,13.0,61.0,0.0,401772907,7,14,12.5,-108.0,-112.0,44.5,600.0,-900.0,0,outdoors,grass,00-0040676,00-0037834,Cam Ward,Brock Purdy,SFO01,Levi's Stadium
2025_15_WAS_NYG,2025,REG,15,2025-12-14,Sunday,13:00,WAS,29.0,NYG,21.0,Home,-8.0,50.0,0.0,401772905,7,13,2.5,-105.0,-115.0,46.5,124.0,-148.0,1,outdoors,fieldturf,00-0032268,00-0040691,Marcus Mariota,Jaxson Dart,NYC01,MetLife Stadium
2025_15_MIA_PIT,2025,REG,15,2025-12-15,Monday,20:15,MIA,15.0,PIT,28.0,Home,13.0,43.0,0.0,401772823,8,8,3.0,-102.0,-118.0,42.5,145.0,-175.0,0,outdoors,grass,00-0036212,00-0023459,Tua Tagovailoa,Aaron Rodgers,PIT00,Acrisure Stadium
2025_16_LA_SEA,2025,REG,16,2025-12-18,Thursday,20:15,LA,37.0,SEA,38.0,Home,1.0,75.0,1.0,401772949,4,4,1.5,-110.0,-110.0,42.5,102.0,-122.0,1,outdoors,fieldturf,00-0026498,00-0034869,Matthew Stafford,Sam Darnold,SEA00,Lumen Field
2025_16_GB_CHI,2025,REG,16,2025-12-20,Saturday,20:20,GB,16.0,CHI,22.0,Home,6.0,38.0,1.0,401772613,6,6,1.5,-115.0,-105.0,45.5,-102.0,-118.0,1,outdoors,grass,00-0036264,00-0039918,Jordan Love,Caleb Williams,CHI98,Soldier Field
2025_16_PHI_WAS,2025,REG,16,2025-12-20,Saturday,17:00,PHI,29.0,WAS,18.0,Home,-11.0,47.0,0.0,401772612,6,6,-7.0,-120.0,100.0,43.5,-380.0,300.0,1,outdoors,grass,00-0036389,00-0032268,Jalen Hurts,Marcus Mariota,WAS00,FedExField
2025_16_ATL_ARI,2025,REG,16,2025-12-21,Sunday,16:05,ATL,26.0,ARI,19.0,Home,-7.0,45.0,0.0,401772914,10,7,-2.5,-115.0,-105.0,48.5,-148.0,124.0,0,closed,grass,00-0029604,00-0033119,Kirk Cousins,Jacoby Brissett,PHO00,State Farm Stadium
2025_16_BUF_CLE,2025,REG,16,2025-12-21,Sunday,13:00,BUF,23.0,CLE,20.0,Home,-3.0,43.0,0.0,401772802,7,7,-10.5,-110.0,-110.0,41.5,-575.0,425.0,0,outdoors,grass,00-0034857,00-0040668,Josh Allen,Shedeur Sanders,CLE00,FirstEnergy Stadium
2025_16_CIN_MIA,2025,REG,16,2025-12-21,Sunday,13:00,CIN,45.0,MIA,21.0,Home,-24.0,66.0,0.0,401772934,7,6,-3.5,-120.0,100.0,48.5,-205.0,170.0,0,outdoors,grass,00-0036442,00-0040234,Joe Burrow,Quinn Ewers,MIA00,Hard Rock Stadium
2025_16_JAX_DEN,2025,REG,16,2025-12-21,Sunday,16:05,JAX,34.0,DEN,20.0,Home,-14.0,54.0,0.0,401772913,7,7,3.5,-120.0,100.0,46.5,145.0,-175.0,0,outdoors,grass,00-0036971,00-0039732,Trevor Lawrence,Bo Nix,DEN00,Empower Field at Mile High
2025_16_KC_TEN,2025,REG,16,2025-12-21,Sunday,13:00,KC,9.0,TEN,26.0,Home,17.0,35.0,0.0,401772803,7,7,-3.5,100.0,-120.0,37.5,-185.0,154.0,0,outdoors,grass,00-0035289,00-0040676,Gardner Minshew,Cam Ward,NAS00,Nissan Stadium
2025_16_LAC_DAL,2025,REG,16,2025-12-21,Sunday,13:00,LAC,34.0,DAL,17.0,Home,-17.0,51.0,0.0,401772910,7,7,1.5,-115.0,-105.0,50.5,102.0,-122.0,0,closed,matrixturf,00-0036355,00-0033077,Justin Herbert,Dak Prescott,DAL00,AT&T Stadium
2025_16_LV_HOU,2025,REG,16,2025-12-21,Sunday,16:25,LV,21.0,HOU,23.0,Home,2.0,44.0,0.0,401772805,7,7,14.5,-115.0,-105.0,39.5,900.0,-1600.0,0,closed,astroturf,00-0030565,00-0039163,Geno Smith,C.J. Stroud,HOU00,NRG Stadium
2025_16_MIN_NYG,2025,REG,16,2025-12-21,Sunday,13:00,MIN,16.0,NYG,13.0,Home,-3.0,29.0,0.0,401772911,7,7,-2.5,-118.0,-102.0,41.5,-148.0,124.0,0,outdoors,fieldturf,00-0039923,00-0040691,J.J. McCarthy,Jaxson Dart,NYC01,MetLife Stadium
2025_16_NE_BAL,2025,REG,16,2025-12-21,Sunday,20:20,NE,28.0,BAL,24.0,Home,-4.0,52.0,0.0,401772804,7,7,3.5,-115.0,-105.0,48.5,154.0,-185.0,0,outdoors,grass,00-0039851,00-0034796,Drake Maye,Lamar Jackson,BAL00,M&T Bank Stadium
2025_16_NYJ_NO,2025,REG,16,2025-12-21,Sunday,13:00,NYJ,6.0,NO,29.0,Home,23.0,35.0,0.0,401772801,7,7,6.5,-105.0,-115.0,39.5,240.0,-298.0,0,dome,sportturf,00-0028118,00-0040743,Tyrod Taylor,Tyler Shough,NOR00,Mercedes-Benz Superdome
2025_16_PIT_DET,2025,REG,16,2025-12-21,Sunday,16:25,PIT,29.0,DET,24.0,Home,-5.0,53.0,0.0,401772806,6,7,7.5,-105.0,-115.0,52.5,330.0,-425.0,0,dome,fieldturf,00-0023459,00-0033106,Aaron Rodgers,Jared Goff,DET00,Ford Field
2025_16_TB_CAR,2025,REG,16,2025-12-21,Sunday,13:00,TB,20.0,CAR,23.0,Home,3.0,43.0,0.0,401772912,10,7,-3.0,100.0,-120.0,44.5,-155.0,130.0,1,outdoors,grass,00-0034855,00-0039150,Baker Mayfield,Bryce Young,CAR00,Bank of America Stadium
2025_16_SF_IND,2025,REG,16,2025-12-22,Monday,20:15,SF,48.0,IND,27.0,Home,-21.0,75.0,0.0,401772824,8,8,-4.5,-105.0,-115.0,46.5,-225.0,185.0,0,closed,fieldturf,00-0037834,00-0022942,Brock Purdy,Philip Rivers,IND00,Lucas Oil Stadium
2025_17_DAL_WAS,2025,REG,17,2025-12-25,Thursday,13:00,DAL,30.0,WAS,23.0,Home,-7.0,53.0,0.0,401772710,4,5,-8.5,-120.0,100.0,50.5,-500.0,380.0,1,outdoors,grass,00-0033077,00-0026300,Dak Prescott,Josh Johnson,WAS00,FedExField
2025_17_DEN_KC,2025,REG,17,2025-12-25,Thursday,20:15,DEN,20.0,KC,13.0,Home,-7.0,33.0,0.0,401772622,4,4,-13.5,-105.0,-115.0,37.5,-1100.0,700.0,1,outdoors,grass,00-0039732,00-0037324,Bo Nix,Chris Oladokun,KAN00,GEHA Field at Arrowhead Stadium
2025_17_DET_MIN,2025,REG,17,2025-12-25,Thursday,16:30,DET,10.0,MIN,23.0,Home,13.0,33.0,0.0,401772711,4,4,-7.0,-120.0,100.0,45.5,-360.0,285.0,1,dome,sportturf,00-0033106,00-0040494,Jared Goff,Max Brosmer,MIN01,U.S. Bank Stadium
2025_17_BAL_GB,2025,REG,17,2025-12-27,Saturday,20:00,BAL,41.0,GB,24.0,Home,-17.0,65.0,0.0,401772953,6,7,2.5,-108.0,-112.0,38.5,120.0,-142.0,0,outdoors,grass,00-0035993,00-0038128,Tyler Huntley,Malik Willis,GNB00,Lambeau Field
2025_17_HOU_LAC,2025,REG,17,2025-12-27,Saturday,16:30,HOU,20.0,LAC,16.0,Home,-4.0,36.0,0.0,401772951,6,6,1.5,-115.0,-105.0,40.5,-102.0,-118.0,0,dome,matrixturf,00-0039163,00-0036355,C.J. Stroud,Justin Herbert,LAX01,SoFi Stadium
2025_17_ARI_CIN,2025,REG,17,2025-12-28,Sunday,13:00,ARI,14.0,CIN,37.0,Home,23.0,51.0,0.0,401772954,7,7,7.0,-110.0,-110.0,52.5,275.0,-345.0,0,outdoors,fieldturf,00-0033119,00-0036442,Jacoby Brissett,Joe Burrow,CIN00,Paycor Stadium
2025_17_CHI_SF,2025,REG,17,2025-12-28,Sunday,20:20,CHI,38.0,SF,42.0,Home,4.0,80.0,0.0,401772935,8,6,3.5,-105.0,-115.0,51.5,170.0,-205.0,0,outdoors,grass,00-0039918,00-0037834,Caleb Williams,Brock Purdy,SFO01,Levi's Stadium
2025_17_JAX_IND,2025,REG,17,2025-12-28,Sunday,13:00,JAX,23.0,IND,17.0,Home,-6.0,40.0,0.0,401772915,7,6,-3.5,-115.0,-105.0,48.5,-225.0,185.0,1,closed,fieldturf,00-0036971,00-0022942,Trevor Lawrence,Philip Rivers,IND00,Lucas Oil Stadium
2025_17_NE_NYJ,2025,REG,17,2025-12-28,Sunday,13:00,NE,42.0,NYJ,10.0,Home,-32.0,52.0,0.0,401772808,7,7,-12.5,-120.0,100.0,42.5,-950.0,625.0,1,outdoors,fieldturf,00-0039851,00-0028118,Drake Maye,Tyrod Taylor,NYC01,MetLife Stadium
2025_17_NO_TEN,2025,REG,17,2025-12-28,Sunday,13:00,NO,34.0,TEN,26.0,Home,-8.0,60.0,0.0,401772809,7,7,-1.5,-110.0,-110.0,39.5,-120.0,100.0,0,outdoors,grass,00-0040743,00-0040676,Tyler Shough,Cam Ward,NAS00,Nissan Stadium
2025_17_NYG_LV,2025,REG,17,2025-12-28,Sunday,16:05,NYG,34.0,LV,10.0,Home,-24.0,44.0,0.0,401772950,7,7,-3.0,-102.0,-118.0,40.5,-162.0,136.0,0,dome,grass,00-0040691,00-0030565,Jaxson Dart,Geno Smith,VEG00,Allegiant Stadium
2025_17_PHI_BUF,2025,REG,17,2025-12-28,Sunday,16:25,PHI,13.0,BUF,12.0,Home,-1.0,25.0,0.0,401772917,8,7,3.0,-108.0,-112.0,45.5,142.0,-170.0,0,outdoors,a_turf,00-0036389,00-0034857,Jalen Hurts,Josh Allen,BUF00,New Era Field
2025_17_PIT_CLE,2025,REG,17,2025-12-28,Sunday,13:00,PIT,6.0,CLE,13.0,Home,7.0,19.0,0.0,401772807,7,7,-4.5,-108.0,-112.0,35.5,-205.0,170.0,1,outdoors,grass,00-0023459,00-0040668,Aaron Rodgers,Shedeur Sanders,CLE00,FirstEnergy Stadium
2025_17_SEA_CAR,2025,REG,17,2025-12-28,Sunday,13:00,SEA,27.0,CAR,10.0,Home,-17.0,37.0,0.0,401772952,10,7,-6.5,-118.0,-102.0,42.5,-305.0,245.0,0,outdoors,grass,00-0034869,00-0039150,Sam Darnold,Bryce Young,CAR00,Bank of America Stadium
2025_17_TB_MIA,2025,REG,17,2025-12-28,Sunday,13:00,TB,17.0,MIA,20.0,Home,3.0,37.0,0.0,401772916,7,7,-5.5,-108.0,-112.0,44.5,-250.0,205.0,0,outdoors,grass,00-0034855,00-0040234,Baker Mayfield,Quinn Ewers,MIA00,Hard Rock Stadium
2025_17_LA_ATL,2025,REG,17,2025-12-29,Monday,20:15,LA,24.0,ATL,27.0,Home,3.0,51.0,0.0,401772825,11,8,-7.5,-102.0,-118.0,48.5,-380.0,300.0,0,closed,fieldturf,00-0026498,00-0029604,Matthew Stafford,Kirk Cousins,ATL97,Mercedes-Benz Stadium
2025_18_CAR_TB,2025,REG,18,2026-01-03,Saturday,16:30,CAR,14.0,TB,16.0,Home,2.0,30.0,0.0,401772969,6,6,3.0,-115.0,-105.0,43.5,130.0,-155.0,1,outdoors,grass,00-0039150,00-0034855,Bryce Young,Baker Mayfield,TAM00,Raymond James Stadium
2025_18_SEA_SF,2025,REG,18,2026-01-03,Saturday,20:00,SEA,13.0,SF,3.0,Home,-10.0,16.0,0.0,401772961,6,6,-2.5,-120.0,100.0,47.5,-148.0,124.0,1,outdoors,grass,00-0034869,00-0037834,Sam Darnold,Brock Purdy,SFO01,Levi's Stadium
2025_18_ARI_LA,2025,REG,18,2026-01-04,Sunday,16:25,ARI,20.0,LA,37.0,Home,17.0,57.0,0.0,401772955,7,6,14.5,-115.0,-105.0,49.5,800.0,-1350.0,1,dome,matrixturf,00-0033119,00-0026498,Jacoby Brissett,Matthew Stafford,LAX01,SoFi Stadium
2025_18_BAL_PIT,2025,REG,18,2026-01-04,Sunday,20:20,BAL,24.0,PIT,26.0,Home,2.0,50.0,0.0,401772960,8,7,-4.5,-105.0,-115.0,41.5,-225.0,185.0,1,outdoors,grass,00-0034796,00-0023459,Lamar Jackson,Aaron Rodgers,PIT00,Acrisure Stadium
2025_18_CLE_CIN,2025,REG,18,2026-01-04,Sunday,13:00,CLE,20.0,CIN,18.0,Home,-2.0,38.0,0.0,401772964,7,7,9.5,-112.0,-108.0,47.5,350.0,-455.0,1,outdoors,fieldturf,00-0040668,00-0036442,Shedeur Sanders,Joe Burrow,CIN00,Paycor Stadium
2025_18_DAL_NYG,2025,REG,18,2026-01-04,Sunday,13:00,DAL,17.0,NYG,34.0,Home,17.0,51.0,0.0,401772963,10,7,-3.0,-115.0,-105.0,50.5,-166.0,140.0,1,outdoors,fieldturf,00-0033077,00-0040691,Dak Prescott,Jaxson Dart,NYC01,MetLife Stadium
2025_18_DET_CHI,2025,REG,18,2026-01-04,Sunday,16:25,DET,19.0,CHI,16.0,Home,-3.0,35.0,0.0,401772965,10,7,3.5,-110.0,-110.0,51.5,150.0,-180.0,1,outdoors,grass,00-0033106,00-0039918,Jared Goff,Caleb Williams,CHI98,Soldier Field
2025_18_GB_MIN,2025,REG,18,2026-01-04,Sunday,13:00,GB,3.0,MIN,16.0,Home,13.0,19.0,0.0,401772968,8,10,12.5,-108.0,-112.0,37.5,470.0,-650.0,1,dome,sportturf,00-0038582,00-0039923,Clayton Tune,J.J. McCarthy,MIN01,U.S. Bank Stadium
2025_18_IND_HOU,2025,REG,18,2026-01-04,Sunday,13:00,IND,30.0,HOU,38.0,Home,8.0,68.0,0.0,401772962,7,8,9.5,-110.0,-110.0,37.5,400.0,-535.0,1,closed,astroturf,00-0040206,00-0039163,Riley Leonard,C.J. Stroud,HOU00,NRG Stadium
2025_18_KC_LV,2025,REG,18,2026-01-04,Sunday,16:25,KC,12.0,LV,14.0,Home,2.0,26.0,0.0,401772957,10,7,-3.5,-112.0,-108.0,36.5,-225.0,185.0,1,dome,grass,00-0037324,00-0038102,Chris Oladokun,Kenny Pickett,VEG00,Allegiant Stadium
2025_18_LAC_DEN,2025,REG,18,2026-01-04,Sunday,16:25,LAC,3.0,DEN,19.0,Home,16.0,22.0,0.0,401772956,8,10,14.5,-108.0,-112.0,37.5,900.0,-1600.0,1,outdoors,grass,00-0037012,00-0039732,Trey Lance,Bo Nix,DEN00,Empower Field at Mile High
2025_18_MIA_NE,2025,REG,18,2026-01-04,Sunday,16:25,MIA,10.0,NE,38.0,Home,28.0,48.0,0.0,401772958,7,7,14.0,-112.0,-108.0,44.5,650.0,-1000.0,1,outdoors,fieldturf,00-0040234,00-0039851,Quinn Ewers,Drake Maye,BOS00,Gillette Stadium
2025_18_NO_ATL,2025,REG,18,2026-01-04,Sunday,13:00,NO,17.0,ATL,19.0,Home,2.0,36.0,0.0,401772966,7,6,4.5,-115.0,-105.0,43.5,170.0,-205.0,1,closed,fieldturf,00-0040743,00-0029604,Tyler Shough,Kirk Cousins,ATL97,Mercedes-Benz Stadium
2025_18_NYJ_BUF,2025,REG,18,2026-01-04,Sunday,16:25,NYJ,8.0,BUF,35.0,Home,27.0,43.0,0.0,401772967,7,7,12.5,-112.0,-108.0,39.5,550.0,-800.0,1,outdoors,a_turf,00-0040398,00-0033869,Brady Cook,Mitchell Trubisky,BUF00,New Era Field
2025_18_TEN_JAX,2025,REG,18,2026-01-04,Sunday,13:00,TEN,7.0,JAX,41.0,Home,34.0,48.0,0.0,401772970,7,7,12.5,-110.0,-110.0,46.5,525.0,-750.0,1,outdoors,grass,00-0040676,00-0036971,Cam Ward,Trevor Lawrence,JAX00,TIAA Bank Stadium
2025_18_WAS_PHI,2025,REG,18,2026-01-04,Sunday,16:25,WAS,24.0,PHI,17.0,Home,-7.0,41.0,0.0,401772959,10,7,3.0,-105.0,-115.0,38.5,150.0,-180.0,1,outdoors,grass,00-0026300,00-0038400,Josh Johnson,Tanner McKee,PHI00,Lincoln Financial Field
2025_19_GB_CHI,2025,WC,19,2026-01-10,Saturday,20:00,GB,27.0,CHI,31.0,Home,4.0,58.0,0.0,401772981,6,6,-2.5,-108.0,-112.0,45.5,-135.0,114.0,1,outdoors,grass,00-0036264,00-0039918,Jordan Love,Caleb Williams,CHI98,Soldier Field
2025_19_LA_CAR,2025,WC,19,2026-01-10,Saturday,16:30,LA,34.0,CAR,31.0,Home,-3.0,65.0,0.0,401772979,6,7,-10.0,-108.0,-112.0,44.5,-550.0,410.0,0,outdoors,grass,00-0026498,00-0039150,Matthew Stafford,Bryce Young,CAR00,Bank of America Stadium
2025_19_BUF_JAX,2025,WC,19,2026-01-11,Sunday,13:00,BUF,27.0,JAX,24.0,Home,-3.0,51.0,0.0,401772977,7,7,1.5,-110.0,-110.0,51.5,102.0,-122.0,0,outdoors,grass,00-0034857,00-0036971,Josh Allen,Trevor Lawrence,JAX00,TIAA Bank Stadium
2025_19_LAC_NE,2025,WC,19,2026-01-11,Sunday,20:00,LAC,3.0,NE,16.0,Home,13.0,19.0,0.0,401772978,7,7,3.5,-105.0,-115.0,45.5,164.0,-198.0,0,outdoors,fieldturf,00-0036355,00-0039851,Justin Herbert,Drake Maye,BOS00,Gillette Stadium
2025_19_SF_PHI,2025,WC,19,2026-01-11,Sunday,16:30,SF,23.0,PHI,19.0,Home,-4.0,42.0,0.0,401772980,8,7,6.0,-115.0,-105.0,44.5,215.0,-265.0,0,outdoors,grass,00-0037834,00-0036389,Brock Purdy,Jalen Hurts,PHI00,Lincoln Financial Field
2025_19_HOU_PIT,2025,WC,19,2026-01-12,Monday,20:00,HOU,30.0,PIT,6.0,Home,-24.0,36.0,0.0,401772976,8,8,-3.0,-105.0,-115.0,38.5,-155.0,130.0,0,outdoors,grass,00-0039163,00-0023459,C.J. Stroud,Aaron Rodgers,PIT00,Acrisure Stadium
2025_20_BUF_DEN,2025,DIV,20,2026-01-17,Saturday,16:30,BUF,30.0,DEN,33.0,Home,3.0,63.0,1.0,401772982,6,13,1.5,-112.0,-108.0,45.5,100.0,-120.0,0,outdoors,grass,00-0034857,00-0039732,Josh Allen,Bo Nix,DEN00,Empower Field at Mile High
2025_20_SF_SEA,2025,DIV,20,2026-01-17,Saturday,20:00,SF,6.0,SEA,41.0,Home,35.0,47.0,0.0,401772984,6,14,6.5,-102.0,-118.0,44.5,245.0,-305.0,1,outdoors,fieldturf,00-0037834,00-0034869,Brock Purdy,Sam Darnold,SEA00,Lumen Field
2025_20_HOU_NE,2025,DIV,20,2026-01-18,Sunday,15:00,HOU,16.0,NE,28.0,Home,12.0,44.0,0.0,401772983,6,7,3.0,102.0,-122.0,40.5,150.0,-180.0,0,outdoors,fieldturf,00-0039163,00-0039851,C.J. Stroud,Drake Maye,BOS00,Gillette Stadium
2025_20_LA_CHI,2025,DIV,20,2026-01-18,Sunday,18:30,LA,20.0,CHI,17.0,Home,-3.0,37.0,1.0,401772985,8,8,-3.5,-118.0,-102.0,49.5,-205.0,170.0,0,outdoors,grass,00-0026498,00-0039918,Matthew Stafford,Caleb Williams,CHI98,Soldier Field
2025_21_LA_SEA,2025,CON,21,2026-01-25,Sunday,18:30,LA,27.0,SEA,31.0,Home,4.0,58.0,0.0,401772987,7,8,2.5,-115.0,-105.0,45.5,120.0,-142.0,1,outdoors,fieldturf,00-0026498,00-0034869,Matthew Stafford,Sam Darnold,SEA00,Lumen Field
2025_21_NE_DEN,2025,CON,21,2026-01-25,Sunday,15:00,NE,10.0,DEN,7.0,Home,-3.0,17.0,0.0,401772986,7,8,-3.5,-115.0,-105.0,43.5,-205.0,170.0,0,outdoors,grass,00-0039851,00-0035264,Drake Maye,Jarrett Stidham,DEN00,Empower Field at Mile High
2025_22_SEA_NE,2025,SB,22,2026-02-08,Sunday,18:30,SEA,29.0,NE,13.0,Neutral,-16.0,42.0,0.0,401772988,14,14,-4.5,-115.0,-105.0,45.5,-238.0,195.0,0,outdoors,grass,00-0034869,00-0039851,Sam Darnold,Drake Maye,SFO01,Levi's Stadium
2026_01_NE_SEA,2026,REG,1,2026-09-09,Wednesday,20:20,NE,10.0,SEA,13.0,Home,3.0,23.0,0.0,401872656,7,7,3.0,-102.0,-118.0,44.5,140.0,-166.0,0,outdoors,fieldturf,00-0039851,00-0034869,Drake Maye,Sam Darnold,SEA00,Lumen Field
2026_01_SF_LA,2026,REG,1,2026-09-10,Thursday,20:35,SF,27.0,LA,7.0,Neutral,-20.0,34.0,0.0,401872657,7,7,3.5,-105.0,-115.0,47.5,180.0,-218.0,1,dome,grass,00-0037834,00-0026498,Brock Purdy,Matthew Stafford,MEL00,Melbourne Cricket Ground
2026_01_ARI_LAC,2026,REG,1,2026-09-13,Sunday,16:25,ARI,26.0,LAC,14.0,Home,-12.0,40.0,0.0,401872926,7,7,8.5,-102.0,-118.0,47.5,350.0,-455.0,0,dome,matrixturf,00-0033119,00-0036355,Jacoby Brissett,Justin Herbert,LAX01,SoFi Stadium
2026_01_ATL_PIT,2026,REG,1,2026-09-13,Sunday,13:00,ATL,13.0,PIT,20.0,Home,7.0,33.0,0.0,401872658,7,7,6.5,-108.0,-112.0,40.5,240.0,-298.0,0,outdoors,grass,00-0033662,00-0023459,Cooper Rush,Aaron Rodgers,PIT00,Acrisure Stadium
2026_01_BAL_IND,2026,REG,1,2026-09-13,Sunday,13:00,BAL,41.0,IND,23.0,Home,-18.0,64.0,0.0,401872659,7,7,-3.0,-108.0,-112.0,48.5,-162.0,136.0,0,closed,fieldturf,00-0034796,00-0035710,Lamar Jackson,Daniel Jones,IND00,Lucas Oil Stadium
2026_01_BUF_HOU,2026,REG,1,2026-09-13,Sunday,13:00,BUF,36.0,HOU,31.0,Home,-5.0,67.0,0.0,401872660,7,7,-1.5,-105.0,-115.0,44.5,-112.0,-108.0,0,closed,astroturf,00-0034857,00-0039163,Josh Allen,C.J. Stroud,HOU00,Reliant Stadium
2026_01_CHI_CAR,2026,REG,1,2026-09-13,Sunday,13:00,CHI,59.0,CAR,37.0,Home,-22.0,96.0,0.0,401872661,7,7,-3.0,-112.0,-108.0,47.5,-166.0,140.0,0,outdoors,grass,00-0039918,00-0039150,Caleb Williams,Bryce Young,CAR00,Bank of America Stadium
2026_01_CLE_JAX,2026,REG,1,2026-09-13,Sunday,13:00,CLE,10.0,JAX,34.0,Home,24.0,44.0,0.0,401872922,7,7,8.5,-105.0,-115.0,40.5,360.0,-470.0,0,outdoors,grass,00-0033537,00-0036971,Deshaun Watson,Trevor Lawrence,JAX00,EverBank Stadium
2026_01_DAL_NYG,2026,REG,1,2026-09-13,Sunday,20:20,DAL,20.0,NYG,28.0,Home,8.0,48.0,0.0,401872930,7,7,-3.0,-112.0,-108.0,47.5,-166.0,140.0,1,outdoors,fieldturf,00-0033077,00-0040691,Dak Prescott,Jaxson Dart,NYC01,MetLife Stadium
2026_01_GB_MIN,2026,REG,1,2026-09-13,Sunday,16:25,GB,22.0,MIN,39.0,Home,17.0,61.0,0.0,401872927,7,7,1.5,-105.0,-115.0,46.5,105.0,-125.0,1,dome,sportturf,00-0036264,00-0035228,Jordan Love,Kyler Murray,MIN01,U.S. Bank Stadium
2026_01_MIA_LV,2026,REG,1,2026-09-13,Sunday,16:25,MIA,13.0,LV,27.0,Home,14.0,40.0,0.0,401872928,7,7,3.0,-110.0,-110.0,40.5,142.0,-170.0,0,dome,grass,00-0038128,00-0029604,Malik Willis,Kirk Cousins,VEG00,Allegiant Stadium
2026_01_NO_DET,2026,REG,1,2026-09-13,Sunday,13:00,NO,30.0,DET,31.0,Home,1.0,61.0,1.0,401872923,7,7,7.0,-110.0,-110.0,49.5,260.0,-325.0,0,dome,fieldturf,00-0040743,00-0033106,Tyler Shough,Jared Goff,DET00,Ford Field
2026_01_NYJ_TEN,2026,REG,1,2026-09-13,Sunday,13:00,NYJ,23.0,TEN,10.0,Home,-13.0,33.0,0.0,401872924,7,7,1.5,-115.0,-105.0,39.5,-102.0,-118.0,0,outdoors,grass,00-0030565,00-0040676,Geno Smith,Cam Ward,NAS00,Nissan Stadium
2026_01_TB_CIN,2026,REG,1,2026-09-13,Sunday,13:00,TB,27.0,CIN,33.0,Home,6.0,60.0,0.0,401872925,7,7,3.5,-102.0,-118.0,50.5,170.0,-205.0,0,outdoors,fieldturf,00-0034855,00-0036442,Baker Mayfield,Joe Burrow,CIN00,Paycor Stadium
2026_01_WAS_PHI,2026,REG,1,2026-09-13,Sunday,16:25,WAS,22.0,PHI,24.0,Home,2.0,46.0,0.0,401872929,7,7,6.0,-110.0,-110.0,43.5,200.0,-245.0,1,outdoors,grass,00-0039910,00-0036389,Jayden Daniels,Jalen Hurts,PHI00,Lincoln Financial Field
2026_01_DEN_KC,2026,REG,1,2026-09-14,Monday,20:15,DEN,10.0,KC,31.0,Home,21.0,41.0,0.0,401872931,7,7,2.5,-112.0,-108.0,42.5,110.0,-130.0,1,outdoors,grass,00-0039732,00-0033873,Bo Nix,Patrick Mahomes,KAN00,GEHA Field at Arrowhead Stadium
2026_02_DET_BUF,2026,REG,2,2026-09-17,Thursday,20:15,DET,31.0,BUF,41.0,Home,10.0,72.0,0.0,401872932,4,4,5.5,-115.0,-105.0,54.5,195.0,-238.0,0,outdoors,grass,00-0033106,00-0034857,Jared Goff,Josh Allen,BUF00,Highmark Stadium
2026_02_CAR_ATL,2026,REG,2,2026-09-20,Sunday,13:00,CAR,34.0,ATL,3.0,Home,-31.0,37.0,0.0,401872933,7,7,-2.5,-120.0,100.0,43.5,-155.0,130.0,1,closed,fieldturf,00-0039150,00-0036212,Bryce Young,Tua Tagovailoa,ATL97,Mercedes-Benz Stadium
2026_02_CIN_HOU,2026,REG,2,2026-09-20,Sunday,13:00,CIN,20.0,HOU,6.0,Home,-14.0,26.0,0.0,401872934,7,7,3.0,-118.0,-102.0,45.5,124.0,-148.0,0,closed,astroturf,00-0036442,00-0039163,Joe Burrow,C.J. Stroud,HOU00,Reliant Stadium
2026_02_CLE_TB,2026,REG,2,2026-09-20,Sunday,13:00,CLE,23.0,TB,19.0,Home,-4.0,42.0,0.0,401872935,7,7,8.5,-115.0,-105.0,41.5,330.0,-425.0,0,outdoors,grass,00-0033537,00-0034855,Deshaun Watson,Baker Mayfield,TAM00,Raymond James Stadium
2026_02_GB_NYJ,2026,REG,2,2026-09-20,Sunday,13:00,GB,20.0,NYJ,17.0,Home,-3.0,37.0,1.0,401872936,7,7,-3.5,-108.0,-112.0,44.5,-185.0,154.0,0,outdoors,fieldturf,00-0036264,00-0030565,Jordan Love,Geno Smith,NYC01,MetLife Stadium
2026_02_IND_KC,2026,REG,2,2026-09-20,Sunday,20:20,IND,30.0,KC,33.0,Home,3.0,63.0,1.0,401872945,7,6,6.0,-112.0,-108.0,46.5,215.0,-265.0,0,outdoors,grass,00-0035710,00-0033873,Daniel Jones,Patrick Mahomes,KAN00,GEHA Field at Arrowhead Stadium
2026_02_JAX_DEN,2026,REG,2,2026-09-20,Sunday,16:05,JAX,13.0,DEN,20.0,Home,7.0,33.0,0.0,401872940,7,6,2.5,-105.0,-115.0,45.5,124.0,-148.0,0,outdoors,grass,00-0036971,00-0039732,Trevor Lawrence,Bo Nix,DEN00,Empower Field at Mile High
2026_02_LV_LAC,2026,REG,2,2026-09-20,Sunday,16:05,LV,26.0,LAC,14.0,Home,-12.0,40.0,0.0,401872941,7,7,6.5,102.0,-122.0,43.5,260.0,-325.0,1,dome,matrixturf,00-0029604,00-0036355,Kirk Cousins,Justin Herbert,LAX01,SoFi Stadium
2026_02_MIA_SF,2026,REG,2,2026-09-20,Sunday,16:25,MIA,13.0,SF,35.0,Home,22.0,48.0,0.0,401872942,7,10,12.5,-105.0,-115.0,44.5,600.0,-900.0,0,outdoors,grass,00-0038128,00-0037834,Malik Willis,Brock Purdy,SFO01,Levi's Stadium
2026_02_MIN_CHI,2026,REG,2,2026-09-20,Sunday,13:00,MIN,9.0,CHI,3.0,Home,-6.0,12.0,0.0,401872937,7,7,4.5,-108.0,-112.0,46.5,180.0,-218.0,1,outdoors,grass,00-0032950,00-0039918,Carson Wentz,Caleb Williams,CHI98,Soldier Field
2026_02_NO_BAL,2026,REG,2,2026-09-20,Sunday,13:00,NO,24.0,BAL,17.0,Home,-7.0,41.0,0.0,401872938,7,7,8.5,-115.0,-105.0,45.5,295.0,-375.0,0,outdoors,grass,00-0040743,00-0034796,Tyler Shough,Lamar Jackson,BAL00,M&T Bank Stadium
2026_02_PHI_TEN,2026,REG,2,2026-09-20,Sunday,13:00,PHI,24.0,TEN,20.0,Home,-4.0,44.0,0.0,401872939,7,7,-7.0,-115.0,-105.0,39.5,-325.0,260.0,0,outdoors,grass,00-0036389,00-0040676,Jalen Hurts,Cam Ward,NAS00,Nissan Stadium
2026_02_PIT_NE,2026,REG,2,2026-09-20,Sunday,13:00,PIT,3.0,NE,20.0,Home,17.0,23.0,0.0,401872946,7,11,4.5,-102.0,-118.0,41.5,185.0,-225.0,0,outdoors,fieldturf,00-0023459,00-0039851,Aaron Rodgers,Drake Maye,BOS00,Gillette Stadium
2026_02_SEA_ARI,2026,REG,2,2026-09-20,Sunday,16:25,SEA,31.0,ARI,7.0,Home,-24.0,38.0,0.0,401872943,11,7,-3.5,-120.0,100.0,40.5,-218.0,180.0,1,closed,grass,00-0035704,00-0033119,Drew Lock,Jacoby Brissett,PHO00,State Farm Stadium
2026_02_WAS_DAL,2026,REG,2,2026-09-20,Sunday,16:25,WAS,20.0,DAL,37.0,Home,17.0,57.0,0.0,401872944,7,7,3.5,100.0,-120.0,51.5,180.0,-218.0,1,closed,matrixturf,00-0039910,00-0033077,Jayden Daniels,Dak Prescott,DAL00,AT&T Stadium
2026_02_NYG_LA,2026,REG,2,2026-09-21,Monday,20:15,NYG,6.0,LA,28.0,Home,22.0,34.0,0.0,401872947,8,11,6.5,-105.0,-115.0,47.5,240.0,-298.0,0,dome,matrixturf,00-0040691,00-0026498,Jaxson Dart,Matthew Stafford,LAX01,SoFi Stadium
2026_03_ATL_GB,2026,REG,3,2026-09-24,Thursday,20:15,ATL,35.0,GB,14.0,Home,-21.0,49.0,0.0,401872948,4,4,4.5,-108.0,-112.0,43.5,190.0,-230.0,0,outdoors,grass,00-0039917,00-0036264,Michael Penix Jr.,Jordan Love,GNB00,Lambeau Field
2026_03_ARI_SF,2026,REG,3,2026-09-27,Sunday,16:05,ARI,30.0,SF,36.0,Home,6.0,66.0,0.0,401872958,7,7,7.5,-110.0,-110.0,48.5,310.0,-395.0,1,outdoors,grass,00-0033119,00-0037834,Jacoby Brissett,Brock Purdy,SFO01,Levi's Stadium
2026_03_BAL_DAL,2026,REG,3,2026-09-27,Sunday,16:25,BAL,34.0,DAL,31.0,Neutral,-3.0,65.0,0.0,401872960,7,7,-3.0,-120.0,100.0,53.5,-170.0,142.0,0,open,grass,00-0034796,00-0033077,Lamar Jackson,Dak Prescott,RIO00,Maracana Stadium
2026_03_CAR_CLE,2026,REG,3,2026-09-27,Sunday,13:00,CAR,18.0,CLE,21.0,Home,3.0,39.0,0.0,401872949,7,7,-2.5,-108.0,-112.0,41.5,-135.0,114.0,0,outdoors,grass,00-0039150,00-0033537,Bryce Young,Deshaun Watson,CLE00,Huntington Bank Field
2026_03_CIN_PIT,2026,REG,3,2026-09-27,Sunday,13:00,CIN,27.0,PIT,30.0,Home,3.0,57.0,0.0,401872950,7,7,-3.5,-102.0,-118.0,42.5,-180.0,150.0,1,outdoors,grass,00-0036442,00-0023459,Joe Burrow,Aaron Rodgers,PIT00,Acrisure Stadium
2026_03_HOU_IND,2026,REG,3,2026-09-27,Sunday,13:00,HOU,17.0,IND,19.0,Home,2.0,36.0,0.0,401872951,7,7,-1.5,-112.0,-108.0,41.5,-125.0,105.0,1,open,fieldturf,00-0039163,00-0035710,C.J. Stroud,Daniel Jones,IND00,Lucas Oil Stadium
2026_03_KC_MIA,2026,REG,3,2026-09-27,Sunday,13:00,KC,24.0,MIA,10.0,Home,-14.0,34.0,0.0,401872952,7,7,-10.0,-108.0,-112.0,45.5,-600.0,440.0,0,outdoors,grass,00-0033873,00-0038128,Patrick Mahomes,Malik Willis,MIA00,Hard Rock Stadium
2026_03_LAC_BUF,2026,REG,3,2026-09-27,Sunday,13:00,LAC,16.0,BUF,24.0,Home,8.0,40.0,0.0,401872953,7,10,7.0,-108.0,-112.0,50.5,260.0,-325.0,0,outdoors,grass,00-0036355,00-0034857,Justin Herbert,Josh Allen,BUF00,Highmark Stadium
2026_03_LA_DEN,2026,REG,3,2026-09-27,Sunday,20:20,LA,26.0,DEN,30.0,Home,4.0,56.0,0.0,401872962,6,7,1.5,-122.0,102.0,43.5,-108.0,-112.0,0,outdoors,grass,00-0026498,00-0039732,Matthew Stafford,Bo Nix,DEN00,Empower Field at Mile High
2026_03_LV_NO,2026,REG,3,2026-09-27,Sunday,16:25,LV,35.0,NO,27.0,Home,-8.0,62.0,0.0,401872961,7,7,3.5,-112.0,-108.0,43.5,160.0,-192.0,0,dome,sportturf,00-0029604,00-0040743,Kirk Cousins,Tyler Shough,NOR00,Caesars Superdome
2026_03_MIN_TB,2026,REG,3,2026-09-27,Sunday,16:05,MIN,23.0,TB,16.0,Home,-7.0,39.0,0.0,401872959,7,7,-1.5,-102.0,-118.0,42.5,-112.0,-108.0,0,outdoors,grass,00-0035228,00-0034855,Kyler Murray,Baker Mayfield,TAM00,Raymond James Stadium
2026_03_NE_JAX,2026,REG,3,2026-09-27,Sunday,13:00,NE,6.0,JAX,35.0,Home,29.0,41.0,0.0,401872957,7,7,3.0,-115.0,-105.0,46.5,136.0,-162.0,0,outdoors,grass,00-0039851,00-0036971,Drake Maye,Trevor Lawrence,JAX00,EverBank Stadium
2026_03_NYJ_DET,2026,REG,3,2026-09-27,Sunday,13:00,NYJ,24.0,DET,31.0,Home,7.0,55.0,0.0,401872954,7,10,7.0,-110.0,-110.0,49.5,260.0,-325.0,0,dome,fieldturf,00-0030565,00-0033106,Geno Smith,Jared Goff,DET00,Ford Field
2026_03_SEA_WAS,2026,REG,3,2026-09-27,Sunday,13:00,SEA,31.0,WAS,33.0,Home,2.0,64.0,0.0,401872955,7,7,-8.5,-105.0,-115.0,40.5,-410.0,320.0,0,outdoors,grass,00-0035704,00-0039910,Drew Lock,Jayden Daniels,WAS00,Northwest Stadium
2026_03_TEN_NYG,2026,REG,3,2026-09-27,Sunday,13:00,TEN,7.0,NYG,12.0,Home,5.0,19.0,0.0,401872956,7,6,2.5,-110.0,-110.0,37.5,110.0,-130.0,0,outdoors,fieldturf,00-0040676,00-0031503,Cam Ward,Jameis Winston,NYC01,MetLife Stadium
2026_03_PHI_CHI,2026,REG,3,2026-09-28,Monday,20:15,PHI,7.0,CHI,27.0,Home,20.0,34.0,0.0,401872963,8,8,-3.5,-112.0,-108.0,42.5,-198.0,164.0,0,outdoors,grass,00-0036389,00-0028986,Jalen Hurts,Case Keenum,CHI98,Soldier Field
2026_04_PIT_CLE,2026,REG,4,2026-10-01,Thursday,20:15,PIT,24.0,CLE,27.0,Home,3.0,51.0,0.0,401872964,4,4,-2.5,-120.0,100.0,38.5,-148.0,124.0,1,outdoors,grass,00-0023459,00-0033537,Aaron Rodgers,Deshaun Watson,CLE00,Huntington Bank Field
2026_04_ARI_NYG,2026,REG,4,2026-10-04,Sunday,13:00,ARI,,NYG,,Home,,,,401872966,7,7,-2.5,-112.0,-108.0,43.5,-135.0,114.0,0,outdoors,fieldturf,00-0033119,00-0031503,Jacoby Brissett,Jameis Winston,NYC01,MetLife Stadium
2026_04_DAL_HOU,2026,REG,4,2026-10-04,Sunday,13:00,DAL,,HOU,,Home,,,,401872967,7,7,3.0,-118.0,-102.0,48.5,124.0,-148.0,0,,astroturf,00-0033077,00-0039163,Dak Prescott,C.J. Stroud,HOU00,Reliant Stadium
2026_04_DEN_SF,2026,REG,4,2026-10-04,Sunday,16:25,DEN,,SF,,Home,,,,401872975,7,7,3.0,-115.0,-105.0,48.5,136.0,-162.0,0,outdoors,grass,00-0039732,00-0037834,Bo Nix,Brock Purdy,SFO01,Levi's Stadium
2026_04_DET_CAR,2026,REG,4,2026-10-04,Sunday,20:20,DET,,CAR,,Home,,,,401872978,7,7,-3.5,-120.0,100.0,51.5,-198.0,164.0,0,outdoors,grass,00-0033106,00-0039150,Jared Goff,Bryce Young,CAR00,Bank of America Stadium
2026_04_GB_TB,2026,REG,4,2026-10-04,Sunday,13:00,GB,,TB,,Home,,,,401872968,10,7,-3.0,-110.0,-110.0,38.5,-162.0,136.0,0,outdoors,grass,00-0036264,00-0041251,Jordan Love,Jalon Daniels,TAM00,Raymond James Stadium
2026_04_IND_WAS,2026,REG,4,2026-10-04,Sunday,09:30,IND,,WAS,,Neutral,,,,401872965,7,7,-4.5,-118.0,-102.0,46.5,-230.0,190.0,0,outdoors,grass,00-0035710,00-0032268,Daniel Jones,Marcus Mariota,LON02,Tottenham Hotspur Stadium
2026_04_JAX_CIN,2026,REG,4,2026-10-04,Sunday,13:00,JAX,,CIN,,Home,,,,401872969,7,7,2.5,-105.0,-115.0,51.5,120.0,-142.0,0,outdoors,fieldturf,00-0036971,00-0036442,Trevor Lawrence,Joe Burrow,CIN00,Paycor Stadium
2026_04_KC_LV,2026,REG,4,2026-10-04,Sunday,16:25,KC,,LV,,Home,,,,401872976,7,7,-4.5,-120.0,100.0,47.5,-225.0,185.0,1,dome,grass,00-0033873,00-0029604,Patrick Mahomes,Kirk Cousins,VEG00,Allegiant Stadium
2026_04_LAC_SEA,2026,REG,4,2026-10-04,Sunday,16:25,LAC,,SEA,,Home,,,,401872977,7,7,7.0,-108.0,-112.0,42.5,285.0,-360.0,0,outdoors,fieldturf,00-0036355,00-0035704,Justin Herbert,Drew Lock,SEA00,Lumen Field
2026_04_LA_PHI,2026,REG,4,2026-10-04,Sunday,13:00,LA,,PHI,,Home,,,,401872970,7,6,-3.5,-120.0,100.0,42.5,-198.0,164.0,0,outdoors,grass,00-0026498,00-0036389,Matthew Stafford,Jalen Hurts,PHI00,Lincoln Financial Field
2026_04_MIA_MIN,2026,REG,4,2026-10-04,Sunday,16:05,MIA,,MIN,,Home,,,,401872974,7,7,10.0,-115.0,-105.0,38.5,400.0,-535.0,0,dome,sportturf,00-0038128,00-0035228,Malik Willis,Kyler Murray,MIN01,U.S. Bank Stadium
2026_04_NE_BUF,2026,REG,4,2026-10-04,Sunday,13:00,NE,,BUF,,Home,,,,401872971,7,7,7.0,-112.0,-108.0,49.5,260.0,-325.0,1,outdoors,a_turf,00-0039851,00-0034857,Drake Maye,Josh Allen,BUF00,Highmark Stadium
2026_04_NYJ_CHI,2026,REG,4,2026-10-04,Sunday,13:00,NYJ,,CHI,,Home,,,,401872972,7,6,3.5,-105.0,-115.0,43.5,164.0,-198.0,0,outdoors,grass,00-0030565,00-0028986,Geno Smith,Case Keenum,CHI98,Soldier Field
2026_04_TEN_BAL,2026,REG,4,2026-10-04,Sunday,13:00,TEN,,BAL,,Home,,,,401872973,7,7,11.5,-110.0,-110.0,42.5,550.0,-800.0,0,outdoors,grass,00-0040676,00-0034796,Cam Ward,Lamar Jackson,BAL00,M&T Bank Stadium
2026_04_ATL_NO,2026,REG,4,2026-10-05,Monday,20:15,ATL,,NO,,Home,,,,401872979,11,8,1.5,-105.0,-115.0,47.5,110.0,-130.0,1,dome,sportturf,00-0039917,00-0040743,Michael Penix Jr.,Tyler Shough,NOR00,Caesars Superdome
2026_05_TB_DAL,2026,REG,5,2026-10-08,Thursday,20:15,TB,,DAL,,Home,,,,401872980,4,4,9.5,-110.0,-110.0,47.5,400.0,-535.0,0,,matrixturf,00-0041251,00-0033077,Jalon Daniels,Dak Prescott,DAL00,AT&T Stadium
2026_05_BAL_ATL,2026,REG,5,2026-10-11,Sunday,20:20,BAL,,ATL,,Home,,,,401872993,7,6,-6.0,-110.0,-110.0,49.5,-278.0,225.0,0,,fieldturf,00-0034796,00-0039917,Lamar Jackson,Michael Penix Jr.,ATL97,Mercedes-Benz Stadium
2026_05_CHI_GB,2026,REG,5,2026-10-11,Sunday,13:00,CHI,,GB,,Home,,,,401872990,7,7,2.5,-110.0,-110.0,45.5,114.0,-135.0,1,outdoors,grass,00-0028986,00-0036264,Case Keenum,Jordan Love,GNB00,Lambeau Field
2026_05_CIN_MIA,2026,REG,5,2026-10-11,Sunday,13:00,CIN,,MIA,,Home,,,,401872982,7,7,-8.5,-110.0,-110.0,46.5,-470.0,360.0,0,outdoors,grass,00-0036442,00-0038128,Joe Burrow,Malik Willis,MIA00,Hard Rock Stadium
2026_05_CLE_NYJ,2026,REG,5,2026-10-11,Sunday,13:00,CLE,,NYJ,,Home,,,,401872983,10,7,1.5,-106.0,-114.0,40.5,108.0,-126.0,0,outdoors,fieldturf,00-0033537,00-0030565,Deshaun Watson,Geno Smith,NYC01,MetLife Stadium
2026_05_DEN_LAC,2026,REG,5,2026-10-11,Sunday,16:05,DEN,,LAC,,Home,,,,401872989,7,7,-2.5,-110.0,-110.0,43.5,-135.0,114.0,1,dome,matrixturf,00-0039732,00-0036355,Bo Nix,Justin Herbert,LAX01,SoFi Stadium
2026_05_DET_ARI,2026,REG,5,2026-10-11,Sunday,16:25,DET,,ARI,,Home,,,,401872991,7,7,-5.5,-110.0,-110.0,52.5,-245.0,200.0,0,,grass,00-0033106,00-0033119,Jared Goff,Jacoby Brissett,PHO00,State Farm Stadium
2026_05_HOU_TEN,2026,REG,5,2026-10-11,Sunday,13:00,HOU,,TEN,,Home,,,,401872984,7,7,-6.5,-110.0,-110.0,39.5,-305.0,245.0,1,outdoors,grass,00-0039163,00-0040676,C.J. Stroud,Cam Ward,NAS00,Nissan Stadium
2026_05_IND_PIT,2026,REG,5,2026-10-11,Sunday,13:00,IND,,PIT,,Home,,,,401872985,7,10,,,,,,,0,outdoors,grass,00-0035710,00-0023459,Daniel Jones,Aaron Rodgers,PIT00,Acrisure Stadium
2026_05_LV_NE,2026,REG,5,2026-10-11,Sunday,13:00,LV,,NE,,Home,,,,401872986,7,7,3.5,-105.0,-115.0,44.5,164.0,-198.0,0,outdoors,fieldturf,00-0029604,00-0039851,Kirk Cousins,Drake Maye,BOS00,Gillette Stadium
2026_05_MIN_NO,2026,REG,5,2026-10-11,Sunday,13:00,MIN,,NO,,Home,,,,401872987,7,6,-2.5,-110.0,-110.0,44.5,-142.0,120.0,0,dome,sportturf,00-0035228,00-0040743,Kyler Murray,Tyler Shough,NOR00,Caesars Superdome
2026_05_NYG_WAS,2026,REG,5,2026-10-11,Sunday,13:00,NYG,,WAS,,Home,,,,401872988,7,7,,,,,,,1,outdoors,grass,00-0031503,00-0039910,Jameis Winston,Jayden Daniels,WAS00,Northwest Stadium
2026_05_PHI_JAX,2026,REG,5,2026-10-11,Sunday,09:30,PHI,,JAX,,Home,,,,401872981,7,7,3.0,-110.0,-110.0,44.5,136.0,-162.0,0,outdoors,grass,00-0036389,00-0036971,Jalen Hurts,Trevor Lawrence,JAX00,Tottenham Hotspur Stadium
2026_05_SF_SEA,2026,REG,5,2026-10-11,Sunday,16:25,SF,,SEA,,Home,,,,401872992,7,7,3.0,-108.0,-112.0,47.5,145.0,-175.0,1,outdoors,fieldturf,00-0037834,00-0035704,Brock Purdy,Drew Lock,SEA00,Lumen Field
2026_05_BUF_LA,2026,REG,5,2026-10-12,Monday,20:15,BUF,,LA,,Home,,,,401872994,8,8,2.5,-110.0,-110.0,52.5,114.0,-135.0,0,dome,matrixturf,00-0034857,00-0026498,Josh Allen,Matthew Stafford,LAX01,SoFi Stadium
2026_06_SEA_DEN,2026,REG,6,2026-10-15,Thursday,20:15,SEA,,DEN,,Home,,,,401872995,4,4,,,,,,,0,outdoors,grass,,,,,DEN00,Empower Field at Mile High
2026_06_ARI_LA,2026,REG,6,2026-10-18,Sunday,16:05,ARI,,LA,,Home,,,,401873004,7,6,,,,,,,1,dome,matrixturf,,,,,LAX01,SoFi Stadium
2026_06_BAL_CLE,2026,REG,6,2026-10-18,Sunday,13:00,BAL,,CLE,,Home,,,,401872997,7,7,,,,,,,1,outdoors,grass,,,,,CLE00,Huntington Bank Field
2026_06_BUF_LV,2026,REG,6,2026-10-18,Sunday,16:25,BUF,,LV,,Home,,,,401873005,6,7,,,,,,,0,dome,grass,,,,,VEG00,Allegiant Stadium
2026_06_CAR_PHI,2026,REG,6,2026-10-18,Sunday,13:00,CAR,,PHI,,Home,,,,401872998,14,7,,,,,,,0,outdoors,grass,,,,,PHI00,Lincoln Financial Field
2026_06_CHI_ATL,2026,REG,6,2026-10-18,Sunday,13:00,CHI,,ATL,,Home,,,,401872999,7,7,,,,,,,0,,fieldturf,,,,,ATL97,Mercedes-Benz Stadium
2026_06_DAL_GB,2026,REG,6,2026-10-18,Sunday,20:20,DAL,,GB,,Home,,,,401873007,10,7,,,,,,,0,outdoors,grass,,,,,GNB00,Lambeau Field
2026_06_HOU_JAX,2026,REG,6,2026-10-18,Sunday,09:30,HOU,,JAX,,Neutral,,,,401872996,7,7,,,,,,,1,outdoors,grass,,,,,LON00,Wembley Stadium
2026_06_LAC_KC,2026,REG,6,2026-10-18,Sunday,16:25,LAC,,KC,,Home,,,,401873006,7,14,,,,,,,1,outdoors,grass,,,,,KAN00,GEHA Field at Arrowhead Stadium
2026_06_NO_NYG,2026,REG,6,2026-10-18,Sunday,13:00,NO,,NYG,,Home,,,,401873000,7,7,,,,,,,0,outdoors,fieldturf,,,,,NYC01,MetLife Stadium
2026_06_NYJ_NE,2026,REG,6,2026-10-18,Sunday,13:00,NYJ,,NE,,Home,,,,401873001,7,7,,,,,,,1,outdoors,fieldturf,,,,,BOS00,Gillette Stadium
2026_06_PIT_TB,2026,REG,6,2026-10-18,Sunday,13:00,PIT,,TB,,Home,,,,401873002,7,10,,,,,,,0,outdoors,grass,,,,,TAM00,Raymond James Stadium
2026_06_TEN_IND,2026,REG,6,2026-10-18,Sunday,13:00,TEN,,IND,,Home,,,,401873003,7,7,,,,,,,1,,fieldturf,,,,,IND00,Lucas Oil Stadium
2026_06_WAS_SF,2026,REG,6,2026-10-19,Monday,20:15,WAS,,SF,,Home,,,,401873008,8,8,,,,,,,0,outdoors,grass,,,,,SFO01,Levi's Stadium
2026_07_NE_CHI,2026,REG,7,2026-10-22,Thursday,20:15,NE,,CHI,,Home,,,,401873010,4,4,,,,,,,0,outdoors,grass,,,,,CHI98,Soldier Field
2026_07_CIN_BAL,2026,REG,7,2026-10-25,Sunday,13:00,CIN,,BAL,,Home,,,,401873012,14,7,,,,,,,1,outdoors,grass,,,,,BAL00,M&T Bank Stadium
2026_07_CLE_TEN,2026,REG,7,2026-10-25,Sunday,13:00,CLE,,TEN,,Home,,,,401873013,7,7,,,,,,,0,outdoors,grass,,,,,NAS00,Nissan Stadium
2026_07_DEN_ARI,2026,REG,7,2026-10-25,Sunday,16:05,DEN,,ARI,,Home,,,,401873019,10,7,,,,,,,0,,grass,,,,,PHO00,State Farm Stadium
2026_07_GB_DET,2026,REG,7,2026-10-25,Sunday,16:25,GB,,DET,,Home,,,,401873020,7,14,,,,,,,1,dome,fieldturf,,,,,DET00,Ford Field
2026_07_IND_MIN,2026,REG,7,2026-10-25,Sunday,13:00,IND,,MIN,,Home,,,,401873014,7,14,,,,,,,0,dome,sportturf,,,,,MIN01,U.S. Bank Stadium
2026_07_KC_SEA,2026,REG,7,2026-10-25,Sunday,20:20,KC,,SEA,,Home,,,,401873022,7,10,,,,,,,0,outdoors,fieldturf,,,,,SEA00,Lumen Field
2026_07_LA_LV,2026,REG,7,2026-10-25,Sunday,16:25,LA,,LV,,Home,,,,401873021,7,7,,,,,,,0,dome,grass,,,,,VEG00,Allegiant Stadium
2026_07_MIA_NYJ,2026,REG,7,2026-10-25,Sunday,13:00,MIA,,NYJ,,Home,,,,401873015,14,7,,,,,,,1,outdoors,fieldturf,,,,,NYC01,MetLife Stadium
2026_07_NYG_HOU,2026,REG,7,2026-10-25,Sunday,13:00,NYG,,HOU,,Home,,,,401873016,7,7,,,,,,,0,,astroturf,,,,,HOU00,Reliant Stadium
2026_07_PIT_NO,2026,REG,7,2026-10-25,Sunday,09:30,PIT,,NO,,Neutral,,,,401873011,7,7,,,,,,,0,dome,sportturf,,,,,PAR00,Stade de France
2026_07_SF_ATL,2026,REG,7,2026-10-25,Sunday,13:00,SF,,ATL,,Home,,,,401873017,6,7,,,,,,,0,,fieldturf,,,,,ATL97,Mercedes-Benz Stadium
2026_07_TB_CAR,2026,REG,7,2026-10-25,Sunday,13:00,TB,,CAR,,Home,,,,401873018,7,7,,,,,,,1,outdoors,grass,,,,,CAR00,Bank of America Stadium
2026_07_DAL_PHI,2026,REG,7,2026-10-26,Monday,20:15,DAL,,PHI,,Home,,,,401873009,8,8,,,,,,,1,outdoors,grass,,,,,PHI00,Lincoln Financial Field
2026_08_CAR_GB,2026,REG,8,2026-10-29,Thursday,20:15,CAR,,GB,,Home,,,,401873023,4,4,,,,,,,0,outdoors,grass,,,,,GNB00,Lambeau Field
2026_08_ARI_DAL,2026,REG,8,2026-11-01,Sunday,13:00,ARI,,DAL,,Home,,,,401873024,7,6,,,,,,,0,,matrixturf,,,,,DAL00,AT&T Stadium
2026_08_ATL_TB,2026,REG,8,2026-11-01,Sunday,13:00,ATL,,TB,,Home,,,,401873025,7,7,,,,,,,1,outdoors,grass,,,,,TAM00,Raymond James Stadium
2026_08_BAL_BUF,2026,REG,8,2026-11-01,Sunday,13:00,BAL,,BUF,,Home,,,,401873026,7,14,,,,,,,0,outdoors,a_turf,,,,,BUF00,Highmark Stadium
2026_08_CLE_PIT,2026,REG,8,2026-11-01,Sunday,13:00,CLE,,PIT,,Home,,,,401873027,7,7,,,,,,,1,outdoors,grass,,,,,PIT00,Acrisure Stadium
2026_08_IND_JAX,2026,REG,8,2026-11-01,Sunday,13:00,IND,,JAX,,Home,,,,401873028,7,14,,,,,,,1,outdoors,grass,,,,,JAX00,EverBank Stadium
2026_08_KC_DEN,2026,REG,8,2026-11-01,Sunday,16:25,KC,,DEN,,Home,,,,401873033,7,7,,,,,,,1,outdoors,grass,,,,,DEN00,Empower Field at Mile High
2026_08_LAC_LA,2026,REG,8,2026-11-01,Sunday,16:05,LAC,,LA,,Home,,,,401873032,14,7,,,,,,,0,dome,matrixturf,,,,,LAX01,SoFi Stadium
2026_08_LV_NYJ,2026,REG,8,2026-11-01,Sunday,13:00,LV,,NYJ,,Home,,,,401873029,7,7,,,,,,,0,outdoors,fieldturf,,,,,NYC01,MetLife Stadium
2026_08_MIN_DET,2026,REG,8,2026-11-01,Sunday,13:00,MIN,,DET,,Home,,,,401873030,7,7,,,,,,,1,dome,fieldturf,,,,,DET00,Ford Field
2026_08_NE_MIA,2026,REG,8,2026-11-01,Sunday,16:25,NE,,MIA,,Home,,,,401873034,10,7,,,,,,,1,outdoors,grass,,,,,MIA00,Hard Rock Stadium
2026_08_PHI_WAS,2026,REG,8,2026-11-01,Sunday,20:20,PHI,,WAS,,Home,,,,401873035,6,13,,,,,,,1,outdoors,grass,,,,,WAS00,Northwest Stadium
2026_08_TEN_CIN,2026,REG,8,2026-11-01,Sunday,13:00,TEN,,CIN,,Home,,,,401873031,7,7,,,,,,,0,outdoors,fieldturf,,,,,CIN00,Paycor Stadium
2026_08_CHI_SEA,2026,REG,8,2026-11-02,Monday,20:15,CHI,,SEA,,Home,,,,401873036,11,8,,,,,,,0,outdoors,fieldturf,,,,,SEA00,Lumen Field
2026_09_JAX_BAL,2026,REG,9,2026-11-05,Thursday,20:15,JAX,,BAL,,Home,,,,401873037,4,4,,,,,,,0,outdoors,grass,,,,,BAL00,M&T Bank Stadium
2026_09_ARI_SEA,2026,REG,9,2026-11-08,Sunday,16:25,ARI,,SEA,,Home,,,,401873048,7,6,,,,,,,1,outdoors,fieldturf,,,,,SEA00,Lumen Field
2026_09_CIN_ATL,2026,REG,9,2026-11-08,Sunday,09:30,CIN,,ATL,,Neutral,,,,401873038,7,7,,,,,,,0,,fieldturf,,,,,MAD01,Bernabeu
2026_09_CLE_NO,2026,REG,9,2026-11-08,Sunday,13:00,CLE,,NO,,Home,,,,401873039,7,14,,,,,,,0,dome,sportturf,,,,,NOR00,Caesars Superdome
2026_09_DAL_IND,2026,REG,9,2026-11-08,Sunday,13:00,DAL,,IND,,Home,,,,401873040,7,7,,,,,,,0,,fieldturf,,,,,IND00,Lucas Oil Stadium
2026_09_DEN_CAR,2026,REG,9,2026-11-08,Sunday,13:00,DEN,,CAR,,Home,,,,401873041,7,10,,,,,,,0,outdoors,grass,,,,,CAR00,Bank of America Stadium
2026_09_DET_MIA,2026,REG,9,2026-11-08,Sunday,13:00,DET,,MIA,,Home,,,,401873042,7,7,,,,,,,0,outdoors,grass,,,,,MIA00,Hard Rock Stadium
2026_09_GB_NE,2026,REG,9,2026-11-08,Sunday,16:25,GB,,NE,,Home,,,,401873049,10,7,,,,,,,0,outdoors,fieldturf,,,,,BOS00,Gillette Stadium
2026_09_HOU_LAC,2026,REG,9,2026-11-08,Sunday,16:05,HOU,,LAC,,Home,,,,401873046,14,7,,,,,,,0,dome,matrixturf,,,,,LAX01,SoFi Stadium
2026_09_LA_WAS,2026,REG,9,2026-11-08,Sunday,13:00,LA,,WAS,,Home,,,,401873043,7,7,,,,,,,0,outdoors,grass,,,,,WAS00,Northwest Stadium
2026_09_LV_SF,2026,REG,9,2026-11-08,Sunday,16:05,LV,,SF,,Home,,,,401873047,7,14,,,,,,,0,outdoors,grass,,,,,SFO01,Levi's Stadium
2026_09_NYG_PHI,2026,REG,9,2026-11-08,Sunday,13:00,NYG,,PHI,,Home,,,,401873044,14,7,,,,,,,1,outdoors,grass,,,,,PHI00,Lincoln Financial Field
2026_09_NYJ_KC,2026,REG,9,2026-11-08,Sunday,13:00,NYJ,,KC,,Home,,,,401873045,7,7,,,,,,,0,outdoors,grass,,,,,KAN00,GEHA Field at Arrowhead Stadium
2026_09_TB_CHI,2026,REG,9,2026-11-08,Sunday,20:20,TB,,CHI,,Home,,,,401873050,7,6,,,,,,,0,outdoors,grass,,,,,CHI98,Soldier Field
2026_09_BUF_MIN,2026,REG,9,2026-11-09,Monday,20:15,BUF,,MIN,,Home,,,,401873051,8,8,,,,,,,0,dome,sportturf,,,,,MIN01,U.S. Bank Stadium
2026_10_WAS_NYG,2026,REG,10,2026-11-12,Thursday,20:15,WAS,,NYG,,Home,,,,401873052,4,4,,,,,,,1,outdoors,fieldturf,,,,,NYC01,MetLife Stadium
2026_10_BUF_NYJ,2026,REG,10,2026-11-15,Sunday,13:00,BUF,,NYJ,,Home,,,,401873054,6,7,,,,,,,1,outdoors,fieldturf,,,,,NYC01,MetLife Stadium
2026_10_CAR_NO,2026,REG,10,2026-11-15,Sunday,13:00,CAR,,NO,,Home,,,,401873055,7,7,,,,,,,1,dome,sportturf,,,,,NOR00,Caesars Superdome
2026_10_HOU_CLE,2026,REG,10,2026-11-15,Sunday,13:00,HOU,,CLE,,Home,,,,401873056,7,7,,,,,,,0,outdoors,grass,,,,,CLE00,Huntington Bank Field
2026_10_JAX_TEN,2026,REG,10,2026-11-15,Sunday,13:00,JAX,,TEN,,Home,,,,401873057,10,14,,,,,,,1,outdoors,grass,,,,,NAS00,Nissan Stadium
2026_10_KC_ATL,2026,REG,10,2026-11-15,Sunday,13:00,KC,,ATL,,Home,,,,401873058,7,7,,,,,,,0,,fieldturf,,,,,ATL97,Mercedes-Benz Stadium
2026_10_LA_ARI,2026,REG,10,2026-11-15,Sunday,16:05,LA,,ARI,,Home,,,,401873061,7,7,,,,,,,1,,grass,,,,,PHO00,State Farm Stadium
2026_10_MIA_IND,2026,REG,10,2026-11-15,Sunday,13:00,MIA,,IND,,Home,,,,401873059,7,7,,,,,,,0,,fieldturf,,,,,IND00,Lucas Oil Stadium
2026_10_MIN_GB,2026,REG,10,2026-11-15,Sunday,13:00,MIN,,GB,,Home,,,,401873060,6,7,,,,,,,1,outdoors,grass,,,,,GNB00,Lambeau Field
2026_10_NE_DET,2026,REG,10,2026-11-15,Sunday,09:30,NE,,DET,,Neutral,,,,401873053,7,7,,,,,,,0,dome,fieldturf,,,,,MUN01,FC Bayern Munich Stadium
2026_10_PIT_CIN,2026,REG,10,2026-11-15,Sunday,20:20,PIT,,CIN,,Home,,,,401873064,14,7,,,,,,,1,outdoors,fieldturf,,,,,CIN00,Paycor Stadium
2026_10_SEA_LV,2026,REG,10,2026-11-15,Sunday,16:05,SEA,,LV,,Home,,,,401873062,7,7,,,,,,,0,dome,grass,,,,,VEG00,Allegiant Stadium
2026_10_SF_DAL,2026,REG,10,2026-11-15,Sunday,16:25,SF,,DAL,,Home,,,,401873063,7,7,,,,,,,0,,matrixturf,,,,,DAL00,AT&T Stadium
2026_10_LAC_BAL,2026,REG,10,2026-11-16,Monday,20:15,LAC,,BAL,,Home,,,,401873065,8,11,,,,,,,0,outdoors,grass,,,,,BAL00,M&T Bank Stadium
2026_11_IND_HOU,2026,REG,11,2026-11-19,Thursday,20:15,IND,,HOU,,Home,,,,401873066,4,4,,,,,,,1,,astroturf,,,,,HOU00,Reliant Stadium
2026_11_ARI_KC,2026,REG,11,2026-11-22,Sunday,13:00,ARI,,KC,,Home,,,,401873067,7,7,,,,,,,0,outdoors,grass,,,,,KAN00,GEHA Field at Arrowhead Stadium
2026_11_BAL_CAR,2026,REG,11,2026-11-22,Sunday,13:00,BAL,,CAR,,Home,,,,401873068,6,7,,,,,,,0,outdoors,grass,,,,,CAR00,Bank of America Stadium
2026_11_JAX_NYG,2026,REG,11,2026-11-22,Sunday,13:00,JAX,,NYG,,Home,,,,401873069,7,10,,,,,,,0,outdoors,fieldturf,,,,,NYC01,MetLife Stadium
2026_11_LV_DEN,2026,REG,11,2026-11-22,Sunday,16:25,LV,,DEN,,Home,,,,401873075,7,14,,,,,,,1,outdoors,grass,,,,,DEN00,Empower Field at Mile High
2026_11_MIA_BUF,2026,REG,11,2026-11-22,Sunday,13:00,MIA,,BUF,,Home,,,,401873070,7,7,,,,,,,1,outdoors,a_turf,,,,,BUF00,Highmark Stadium
2026_11_MIN_SF,2026,REG,11,2026-11-22,Sunday,20:20,MIN,,SF,,Neutral,,,,401873077,7,7,,,,,,,0,outdoors,grass,,,,,MEX00,Estadio Banorte
2026_11_NO_CHI,2026,REG,11,2026-11-22,Sunday,13:00,NO,,CHI,,Home,,,,401873071,7,14,,,,,,,0,outdoors,grass,,,,,CHI98,Soldier Field
2026_11_NYJ_LAC,2026,REG,11,2026-11-22,Sunday,16:05,NYJ,,LAC,,Home,,,,401873074,7,6,,,,,,,0,dome,matrixturf,,,,,LAX01,SoFi Stadium
2026_11_PIT_PHI,2026,REG,11,2026-11-22,Sunday,16:25,PIT,,PHI,,Home,,,,401873076,7,14,,,,,,,0,outdoors,grass,,,,,PHI00,Lincoln Financial Field
2026_11_TB_DET,2026,REG,11,2026-11-22,Sunday,13:00,TB,,DET,,Home,,,,401873072,14,7,,,,,,,0,dome,fieldturf,,,,,DET00,Ford Field
2026_11_TEN_DAL,2026,REG,11,2026-11-22,Sunday,13:00,TEN,,DAL,,Home,,,,401873073,7,7,,,,,,,0,,matrixturf,,,,,DAL00,AT&T Stadium
2026_11_CIN_WAS,2026,REG,11,2026-11-23,Monday,20:15,CIN,,WAS,,Home,,,,401873078,8,11,,,,,,,0,outdoors,grass,,,,,WAS00,Northwest Stadium
2026_12_GB_LA,2026,REG,12,2026-11-25,Wednesday,20:00,GB,,LA,,Home,,,,401873079,10,10,,,,,,,0,dome,matrixturf,,,,,LAX01,SoFi Stadium
2026_12_CHI_DET,2026,REG,12,2026-11-26,Thursday,13:00,CHI,,DET,,Home,,,,401873081,4,4,,,,,,,1,dome,fieldturf,,,,,DET00,Ford Field
2026_12_KC_BUF,2026,REG,12,2026-11-26,Thursday,20:20,KC,,BUF,,Home,,,,401873082,4,4,,,,,,,0,outdoors,a_turf,,,,,BUF00,Highmark Stadium
2026_12_PHI_DAL,2026,REG,12,2026-11-26,Thursday,16:30,PHI,,DAL,,Home,,,,401873080,4,4,,,,,,,1,,matrixturf,,,,,DAL00,AT&T Stadium
2026_12_DEN_PIT,2026,REG,12,2026-11-27,Friday,15:00,DEN,,PIT,,Home,,,,401873083,5,5,,,,,,,0,outdoors,grass,,,,,PIT00,Acrisure Stadium
2026_12_ATL_MIN,2026,REG,12,2026-11-29,Sunday,13:00,ATL,,MIN,,Home,,,,401873084,14,7,,,,,,,0,dome,sportturf,,,,,MIN01,U.S. Bank Stadium
2026_12_BAL_HOU,2026,REG,12,2026-11-29,Sunday,13:00,BAL,,HOU,,Home,,,,401873085,7,10,,,,,,,0,,astroturf,,,,,HOU00,Reliant Stadium
2026_12_LV_CLE,2026,REG,12,2026-11-29,Sunday,13:00,LV,,CLE,,Home,,,,401873086,7,14,,,,,,,0,outdoors,grass,,,,,CLE00,Huntington Bank Field
2026_12_NE_LAC,2026,REG,12,2026-11-29,Sunday,20:20,NE,,LAC,,Home,,,,401873093,14,7,,,,,,,0,dome,matrixturf,,,,,LAX01,SoFi Stadium
2026_12_NO_CIN,2026,REG,12,2026-11-29,Sunday,13:00,NO,,CIN,,Home,,,,401873087,7,6,,,,,,,0,outdoors,fieldturf,,,,,CIN00,Paycor Stadium
2026_12_NYG_IND,2026,REG,12,2026-11-29,Sunday,13:00,NYG,,IND,,Home,,,,401873088,7,10,,,,,,,0,,fieldturf,,,,,IND00,Lucas Oil Stadium
2026_12_NYJ_MIA,2026,REG,12,2026-11-29,Sunday,13:00,NYJ,,MIA,,Home,,,,401873089,7,7,,,,,,,1,outdoors,grass,,,,,MIA00,Hard Rock Stadium
2026_12_SEA_SF,2026,REG,12,2026-11-29,Sunday,16:25,SEA,,SF,,Home,,,,401873091,14,7,,,,,,,1,outdoors,grass,,,,,SFO01,Levi's Stadium
2026_12_TEN_JAX,2026,REG,12,2026-11-29,Sunday,16:05,TEN,,JAX,,Home,,,,401873090,7,7,,,,,,,1,outdoors,grass,,,,,JAX00,EverBank Stadium
2026_12_WAS_ARI,2026,REG,12,2026-11-29,Sunday,16:25,WAS,,ARI,,Home,,,,401873092,6,7,,,,,,,0,,grass,,,,,PHO00,State Farm Stadium
2026_12_CAR_TB,2026,REG,12,2026-11-30,Monday,20:15,CAR,,TB,,Home,,,,401873094,8,8,,,,,,,1,outdoors,grass,,,,,TAM00,Raymond James Stadium
2026_13_KC_LA,2026,REG,13,2026-12-03,Thursday,20:15,KC,,LA,,Home,,,,401873096,7,8,,,,,,,0,dome,matrixturf,,,,,LAX01,SoFi Stadium
2026_13_BUF_NE,2026,REG,13,2026-12-06,Sunday,16:25,BUF,,NE,,Home,,,,401873105,10,7,,,,,,,1,outdoors,fieldturf,,,,,BOS00,Gillette Stadium
2026_13_CAR_MIN,2026,REG,13,2026-12-06,Sunday,16:25,CAR,,MIN,,Home,,,,401873106,6,7,,,,,,,0,dome,sportturf,,,,,MIN01,U.S. Bank Stadium
2026_13_CIN_CLE,2026,REG,13,2026-12-06,Sunday,13:00,CIN,,CLE,,Home,,,,401873097,7,7,,,,,,,1,outdoors,grass,,,,,CLE00,Huntington Bank Field
2026_13_DET_ATL,2026,REG,13,2026-12-06,Sunday,13:00,DET,,ATL,,Home,,,,401873098,10,7,,,,,,,0,,fieldturf,,,,,ATL97,Mercedes-Benz Stadium
2026_13_GB_NO,2026,REG,13,2026-12-06,Sunday,13:00,GB,,NO,,Home,,,,401873099,11,7,,,,,,,0,dome,sportturf,,,,,NOR00,Caesars Superdome
2026_13_HOU_PIT,2026,REG,13,2026-12-06,Sunday,20:20,HOU,,PIT,,Home,,,,401873107,7,9,,,,,,,0,outdoors,grass,,,,,PIT00,Acrisure Stadium
2026_13_JAX_CHI,2026,REG,13,2026-12-06,Sunday,13:00,JAX,,CHI,,Home,,,,401873100,7,10,,,,,,,0,outdoors,grass,,,,,CHI98,Soldier Field
2026_13_LAC_TB,2026,REG,13,2026-12-06,Sunday,13:00,LAC,,TB,,Home,,,,401873101,7,6,,,,,,,0,outdoors,grass,,,,,TAM00,Raymond James Stadium
2026_13_MIA_DEN,2026,REG,13,2026-12-06,Sunday,16:05,MIA,,DEN,,Home,,,,401873103,7,9,,,,,,,0,outdoors,grass,,,,,DEN00,Empower Field at Mile High
2026_13_PHI_ARI,2026,REG,13,2026-12-06,Sunday,16:05,PHI,,ARI,,Home,,,,401873104,10,7,,,,,,,0,,grass,,,,,PHO00,State Farm Stadium
2026_13_SF_NYG,2026,REG,13,2026-12-06,Sunday,13:00,SF,,NYG,,Home,,,,401873095,7,7,,,,,,,0,outdoors,fieldturf,,,,,NYC01,MetLife Stadium
2026_13_WAS_TEN,2026,REG,13,2026-12-06,Sunday,13:00,WAS,,TEN,,Home,,,,401873102,7,7,,,,,,,0,outdoors,grass,,,,,NAS00,Nissan Stadium
2026_13_DAL_SEA,2026,REG,13,2026-12-07,Monday,20:15,DAL,,SEA,,Home,,,,401873108,11,8,,,,,,,0,outdoors,fieldturf,,,,,SEA00,Lumen Field
2026_14_MIN_NE,2026,REG,14,2026-12-10,Thursday,20:15,MIN,,NE,,Home,,,,401873109,4,4,,,,,,,0,outdoors,fieldturf,,,,,BOS00,Gillette Stadium
2026_14_ATL_CLE,2026,REG,14,2026-12-13,Sunday,13:00,ATL,,CLE,,Home,,,,401873110,7,7,,,,,,,0,outdoors,grass,,,,,CLE00,Huntington Bank Field
2026_14_BUF_GB,2026,REG,14,2026-12-13,Sunday,20:20,BUF,,GB,,Home,,,,401873122,7,7,,,,,,,0,outdoors,grass,,,,,GNB00,Lambeau Field
2026_14_CHI_MIA,2026,REG,14,2026-12-13,Sunday,13:00,CHI,,MIA,,Home,,,,401873111,7,7,,,,,,,0,outdoors,grass,,,,,MIA00,Hard Rock Stadium
2026_14_DEN_NYJ,2026,REG,14,2026-12-13,Sunday,13:00,DEN,,NYJ,,Home,,,,401873112,7,14,,,,,,,0,outdoors,fieldturf,,,,,NYC01,MetLife Stadium
2026_14_HOU_WAS,2026,REG,14,2026-12-13,Sunday,13:00,HOU,,WAS,,Home,,,,401873113,7,7,,,,,,,0,outdoors,grass,,,,,WAS00,Northwest Stadium
2026_14_IND_PHI,2026,REG,14,2026-12-13,Sunday,13:00,IND,,PHI,,Home,,,,401873114,14,7,,,,,,,0,outdoors,grass,,,,,PHI00,Lincoln Financial Field
2026_14_KC_CIN,2026,REG,14,2026-12-13,Sunday,16:25,KC,,CIN,,Home,,,,401873119,10,7,,,,,,,0,outdoors,fieldturf,,,,,CIN00,Paycor Stadium
2026_14_LAC_LV,2026,REG,14,2026-12-13,Sunday,16:05,LAC,,LV,,Home,,,,401873118,7,14,,,,,,,1,dome,grass,,,,,VEG00,Allegiant Stadium
2026_14_LA_SF,2026,REG,14,2026-12-13,Sunday,16:25,LA,,SF,,Home,,,,401873120,10,7,,,,,,,1,outdoors,grass,,,,,SFO01,Levi's Stadium
2026_14_NO_CAR,2026,REG,14,2026-12-13,Sunday,13:00,NO,,CAR,,Home,,,,401873115,7,7,,,,,,,1,outdoors,grass,,,,,CAR00,Bank of America Stadium
2026_14_NYG_SEA,2026,REG,14,2026-12-13,Sunday,16:25,NYG,,SEA,,Home,,,,401873121,7,6,,,,,,,0,outdoors,fieldturf,,,,,SEA00,Lumen Field
2026_14_TB_BAL,2026,REG,14,2026-12-13,Sunday,13:00,TB,,BAL,,Home,,,,401873116,7,14,,,,,,,0,outdoors,grass,,,,,BAL00,M&T Bank Stadium
2026_14_TEN_DET,2026,REG,14,2026-12-13,Sunday,13:00,TEN,,DET,,Home,,,,401873117,7,7,,,,,,,0,dome,fieldturf,,,,,DET00,Ford Field
2026_14_PIT_JAX,2026,REG,14,2026-12-14,Monday,20:15,PIT,,JAX,,Home,,,,401873123,8,8,,,,,,,0,outdoors,grass,,,,,JAX00,EverBank Stadium
2026_15_SF_LAC,2026,REG,15,2026-12-17,Thursday,20:15,SF,,LAC,,Home,,,,401873124,4,4,,,,,,,0,dome,matrixturf,,,,,LAX01,SoFi Stadium
2026_15_CHI_BUF,2026,REG,15,2026-12-19,Saturday,20:20,CHI,,BUF,,Home,,,,401873126,6,6,,,,,,,0,outdoors,a_turf,,,,,BUF00,Highmark Stadium
2026_15_SEA_PHI,2026,REG,15,2026-12-19,Saturday,17:00,SEA,,PHI,,Home,,,,401873125,6,6,,,,,,,0,outdoors,grass,,,,,PHI00,Lincoln Financial Field
2026_15_ATL_WAS,2026,REG,15,2026-12-20,Sunday,13:00,ATL,,WAS,,Home,,,,401873127,7,7,,,,,,,0,outdoors,grass,,,,,WAS00,Northwest Stadium
2026_15_BAL_PIT,2026,REG,15,2026-12-20,Sunday,13:00,BAL,,PIT,,Home,,,,401873128,7,6,,,,,,,1,outdoors,grass,,,,,PIT00,Acrisure Stadium
2026_15_CIN_CAR,2026,REG,15,2026-12-20,Sunday,13:00,CIN,,CAR,,Home,,,,401873129,7,7,,,,,,,0,outdoors,grass,,,,,CAR00,Bank of America Stadium
2026_15_CLE_NYG,2026,REG,15,2026-12-20,Sunday,13:00,CLE,,NYG,,Home,,,,401873130,7,7,,,,,,,0,outdoors,fieldturf,,,,,NYC01,MetLife Stadium
2026_15_DAL_LA,2026,REG,15,2026-12-20,Sunday,16:25,DAL,,LA,,Home,,,,401873136,13,7,,,,,,,0,dome,matrixturf,,,,,LAX01,SoFi Stadium
2026_15_DEN_LV,2026,REG,15,2026-12-20,Sunday,16:25,DEN,,LV,,Home,,,,401873137,7,7,,,,,,,1,dome,grass,,,,,VEG00,Allegiant Stadium
2026_15_DET_MIN,2026,REG,15,2026-12-20,Sunday,20:20,DET,,MIN,,Home,,,,401873138,7,10,,,,,,,1,dome,sportturf,,,,,MIN01,U.S. Bank Stadium
2026_15_IND_TEN,2026,REG,15,2026-12-20,Sunday,13:00,IND,,TEN,,Home,,,,401873131,7,7,,,,,,,1,outdoors,grass,,,,,NAS00,Nissan Stadium
2026_15_JAX_HOU,2026,REG,15,2026-12-20,Sunday,13:00,JAX,,HOU,,Home,,,,401873132,6,7,,,,,,,1,,astroturf,,,,,HOU00,Reliant Stadium
2026_15_MIA_GB,2026,REG,15,2026-12-20,Sunday,13:00,MIA,,GB,,Home,,,,401873133,7,7,,,,,,,0,outdoors,grass,,,,,GNB00,Lambeau Field
2026_15_NO_TB,2026,REG,15,2026-12-20,Sunday,13:00,NO,,TB,,Home,,,,401873134,7,7,,,,,,,1,outdoors,grass,,,,,TAM00,Raymond James Stadium
2026_15_NYJ_ARI,2026,REG,15,2026-12-20,Sunday,16:05,NYJ,,ARI,,Home,,,,401873135,7,14,,,,,,,0,,grass,,,,,PHO00,State Farm Stadium
2026_15_NE_KC,2026,REG,15,2026-12-21,Monday,20:15,NE,,KC,,Home,,,,401873139,11,8,,,,,,,0,outdoors,grass,,,,,KAN00,GEHA Field at Arrowhead Stadium
2026_16_HOU_PHI,2026,REG,16,2026-12-24,Thursday,20:15,HOU,,PHI,,Home,,,,401873140,4,5,,,,,,,0,outdoors,grass,,,,,PHI00,Lincoln Financial Field
2026_16_BUF_DEN,2026,REG,16,2026-12-25,Friday,16:30,BUF,,DEN,,Home,,,,401873142,6,5,,,,,,,0,outdoors,grass,,,,,DEN00,Empower Field at Mile High
2026_16_GB_CHI,2026,REG,16,2026-12-25,Friday,13:00,GB,,CHI,,Home,,,,401873141,5,6,,,,,,,1,outdoors,grass,,,,,CHI98,Soldier Field
2026_16_LA_SEA,2026,REG,16,2026-12-25,Friday,20:15,LA,,SEA,,Home,,,,401873143,5,6,,,,,,,1,outdoors,fieldturf,,,,,SEA00,Lumen Field
2026_16_ARI_NO,2026,REG,16,2026-12-27,Sunday,13:00,ARI,,NO,,Home,,,,401873148,7,7,,,,,,,0,dome,sportturf,,,,,NOR00,Caesars Superdome
2026_16_CAR_PIT,2026,REG,16,2026-12-27,Sunday,13:00,CAR,,PIT,,Home,,,,401873144,7,7,,,,,,,0,outdoors,grass,,,,,PIT00,Acrisure Stadium
2026_16_CIN_IND,2026,REG,16,2026-12-27,Sunday,13:00,CIN,,IND,,Home,,,,401873145,7,7,,,,,,,0,,fieldturf,,,,,IND00,Lucas Oil Stadium
2026_16_CLE_BAL,2026,REG,16,2026-12-27,Sunday,13:00,CLE,,BAL,,Home,,,,401873149,7,7,,,,,,,1,outdoors,grass,,,,,BAL00,M&T Bank Stadium
2026_16_JAX_DAL,2026,REG,16,2026-12-27,Sunday,20:20,JAX,,DAL,,Home,,,,401873154,7,7,,,,,,,0,,matrixturf,,,,,DAL00,AT&T Stadium
2026_16_LAC_MIA,2026,REG,16,2026-12-27,Sunday,13:00,LAC,,MIA,,Home,,,,401873150,10,7,,,,,,,0,outdoors,grass,,,,,MIA00,Hard Rock Stadium
2026_16_NE_NYJ,2026,REG,16,2026-12-27,Sunday,13:00,NE,,NYJ,,Home,,,,401873151,6,7,,,,,,,1,outdoors,fieldturf,,,,,NYC01,MetLife Stadium
2026_16_SF_KC,2026,REG,16,2026-12-27,Sunday,16:25,SF,,KC,,Home,,,,401873153,10,6,,,,,,,0,outdoors,grass,,,,,KAN00,GEHA Field at Arrowhead Stadium
2026_16_TB_ATL,2026,REG,16,2026-12-27,Sunday,13:00,TB,,ATL,,Home,,,,401873146,7,7,,,,,,,1,,fieldturf,,,,,ATL97,Mercedes-Benz Stadium
2026_16_TEN_LV,2026,REG,16,2026-12-27,Sunday,16:05,TEN,,LV,,Home,,,,401873152,7,7,,,,,,,0,dome,grass,,,,,VEG00,Allegiant Stadium
2026_16_WAS_MIN,2026,REG,16,2026-12-27,Sunday,13:00,WAS,,MIN,,Home,,,,401873147,7,7,,,,,,,0,dome,sportturf,,,,,MIN01,U.S. Bank Stadium
2026_16_NYG_DET,2026,REG,16,2026-12-28,Monday,20:15,NYG,,DET,,Home,,,,401873155,8,8,,,,,,,0,dome,fieldturf,,,,,DET00,Ford Field
2026_17_BAL_CIN,2026,REG,17,2026-12-31,Thursday,20:15,BAL,,CIN,,Home,,,,401873156,4,4,,,,,,,1,outdoors,fieldturf,,,,,CIN00,Paycor Stadium
2026_17_BUF_MIA,2026,REG,17,2027-01-03,Sunday,13:00,BUF,,MIA,,Home,,,,401873161,9,7,,,,,,,1,outdoors,grass,,,,,MIA00,Hard Rock Stadium
2026_17_DEN_NE,2026,REG,17,2027-01-03,Sunday,13:00,DEN,,NE,,Home,,,,401873157,9,7,,,,,,,0,outdoors,fieldturf,,,,,BOS00,Gillette Stadium
2026_17_DET_CHI,2026,REG,17,2027-01-03,Sunday,16:25,DET,,CHI,,Home,,,,401873169,6,9,,,,,,,1,outdoors,grass,,,,,CHI98,Soldier Field
2026_17_IND_CLE,2026,REG,17,2027-01-03,Sunday,13:00,IND,,CLE,,Home,,,,401873162,7,7,,,,,,,0,outdoors,grass,,,,,CLE00,Huntington Bank Field
2026_17_KC_LAC,2026,REG,17,2027-01-03,Sunday,13:00,KC,,LAC,,Home,,,,401873158,7,7,,,,,,,1,dome,matrixturf,,,,,LAX01,SoFi Stadium
2026_17_LA_TB,2026,REG,17,2027-01-03,Sunday,13:00,LA,,TB,,Home,,,,401873159,9,7,,,,,,,0,outdoors,grass,,,,,TAM00,Raymond James Stadium
2026_17_LV_ARI,2026,REG,17,2027-01-03,Sunday,16:05,LV,,ARI,,Home,,,,401873168,7,7,,,,,,,0,,grass,,,,,PHO00,State Farm Stadium
2026_17_MIN_NYJ,2026,REG,17,2027-01-03,Sunday,13:00,MIN,,NYJ,,Home,,,,401873163,7,7,,,,,,,0,outdoors,fieldturf,,,,,NYC01,MetLife Stadium
2026_17_NO_ATL,2026,REG,17,2027-01-03,Sunday,13:00,NO,,ATL,,Home,,,,401873164,7,7,,,,,,,1,,fieldturf,,,,,ATL97,Mercedes-Benz Stadium
2026_17_NYG_DAL,2026,REG,17,2027-01-03,Sunday,13:00,NYG,,DAL,,Home,,,,401873165,6,7,,,,,,,1,,matrixturf,,,,,DAL00,AT&T Stadium
2026_17_PHI_SF,2026,REG,17,2027-01-03,Sunday,20:20,PHI,,SF,,Home,,,,401873170,10,7,,,,,,,0,outdoors,grass,,,,,SFO01,Levi's Stadium
2026_17_PIT_TEN,2026,REG,17,2027-01-03,Sunday,13:00,PIT,,TEN,,Home,,,,401873166,7,7,,,,,,,0,outdoors,grass,,,,,NAS00,Nissan Stadium
2026_17_SEA_CAR,2026,REG,17,2027-01-03,Sunday,13:00,SEA,,CAR,,Home,,,,401873167,9,7,,,,,,,0,outdoors,grass,,,,,CAR00,Bank of America Stadium
2026_17_WAS_JAX,2026,REG,17,2027-01-03,Sunday,13:00,WAS,,JAX,,Home,,,,401873160,7,7,,,,,,,0,outdoors,grass,,,,,JAX00,EverBank Stadium
2026_17_HOU_GB,2026,REG,17,2027-01-04,Monday,20:15,HOU,,GB,,Home,,,,401873171,11,10,,,,,,,0,outdoors,grass,,,,,GNB00,Lambeau Field
2026_18_ATL_CAR,2026,REG,18,2027-01-10,Sunday,13:00,ATL,,CAR,,Home,,,,401873172,7,7,,,,,,,1,outdoors,grass,,,,,CAR00,Bank of America Stadium
2026_18_CHI_MIN,2026,REG,18,2027-01-10,Sunday,13:00,CHI,,MIN,,Home,,,,401873173,7,7,,,,,,,1,dome,sportturf,,,,,MIN01,U.S. Bank Stadium
2026_18_CLE_CIN,2026,REG,18,2027-01-10,Sunday,13:00,CLE,,CIN,,Home,,,,401873174,7,10,,,,,,,1,outdoors,fieldturf,,,,,CIN00,Paycor Stadium
2026_18_DAL_WAS,2026,REG,18,2027-01-10,Sunday,13:00,DAL,,WAS,,Home,,,,401873175,7,7,,,,,,,1,outdoors,grass,,,,,WAS00,Northwest Stadium
2026_18_DET_GB,2026,REG,18,2027-01-10,Sunday,13:00,DET,,GB,,Home,,,,401873176,7,6,,,,,,,1,outdoors,grass,,,,,GNB00,Lambeau Field
2026_18_JAX_IND,2026,REG,18,2027-01-10,Sunday,13:00,JAX,,IND,,Home,,,,401873177,7,7,,,,,,,1,,fieldturf,,,,,IND00,Lucas Oil Stadium
2026_18_LAC_DEN,2026,REG,18,2027-01-10,Sunday,13:00,LAC,,DEN,,Home,,,,401873179,7,7,,,,,,,1,outdoors,grass,,,,,DEN00,Empower Field at Mile High
2026_18_LV_KC,2026,REG,18,2027-01-10,Sunday,13:00,LV,,KC,,Home,,,,401873178,7,7,,,,,,,1,outdoors,grass,,,,,KAN00,GEHA Field at Arrowhead Stadium
2026_18_MIA_NE,2026,REG,18,2027-01-10,Sunday,13:00,MIA,,NE,,Home,,,,401873180,7,7,,,,,,,1,outdoors,fieldturf,,,,,BOS00,Gillette Stadium
2026_18_NYJ_BUF,2026,REG,18,2027-01-10,Sunday,13:00,NYJ,,BUF,,Home,,,,401873181,7,7,,,,,,,1,outdoors,a_turf,,,,,BUF00,Highmark Stadium
2026_18_PHI_NYG,2026,REG,18,2027-01-10,Sunday,13:00,PHI,,NYG,,Home,,,,401873182,7,7,,,,,,,1,outdoors,fieldturf,,,,,NYC01,MetLife Stadium
2026_18_PIT_BAL,2026,REG,18,2027-01-10,Sunday,13:00,PIT,,BAL,,Home,,,,401873183,7,10,,,,,,,1,outdoors,grass,,,,,BAL00,M&T Bank Stadium
2026_18_SEA_LA,2026,REG,18,2027-01-10,Sunday,13:00,SEA,,LA,,Home,,,,401873185,7,7,,,,,,,1,dome,matrixturf,,,,,LAX01,SoFi Stadium
2026_18_SF_ARI,2026,REG,18,2027-01-10,Sunday,13:00,SF,,ARI,,Home,,,,401873184,7,7,,,,,,,1,,grass,,,,,PHO00,State Farm Stadium
2026_18_TB_NO,2026,REG,18,2027-01-10,Sunday,13:00,TB,,NO,,Home,,,,401873186,7,7,,,,,,,1,dome,sportturf,,,,,NOR00,Caesars Superdome
2026_18_TEN_HOU,2026,REG,18,2027-01-10,Sunday,13:00,TEN,,HOU,,Home,,,,401873187,7,6,,,,,,,1,,astroturf,,,,,HOU00,Reliant Stadium
