game_id,season,week,gameday,team,opp,is_home,plays,epa,pass_plays,pass_epa,rush_plays,rush_epa,success,plays_c,epa_c,st_epa
2016_01_BUF_BAL,2016,1,2016-09-11,BAL,BUF,1,65,-5.13562,39,5.82665,26,-10.96227,26.0,61,-4.17199,5.06602
2016_01_BUF_BAL,2016,1,2016-09-11,BUF,BAL,0,49,-8.08665,28,-1.90802,21,-6.17862,17.0,49,-8.08665,-5.06602
2016_01_CAR_DEN,2016,1,2016-09-08,CAR,DEN,0,69,2.88778,38,1.13045,31,1.75732,29.0,69,2.88778,-0.50633
2016_01_CAR_DEN,2016,1,2016-09-08,DEN,CAR,1,56,1.51936,32,0.28732,24,1.23204,28.0,56,1.51936,0.50633
2016_01_CHI_HOU,2016,1,2016-09-11,CHI,HOU,0,57,-10.58225,37,-3.89638,20,-6.68588,22.0,46,-7.18847,-3.04513
2016_01_CHI_HOU,2016,1,2016-09-11,HOU,CHI,1,73,-1.86496,39,5.1569,34,-7.02186,28.0,64,0.77398,3.04513
2016_01_CIN_NYJ,2016,1,2016-09-11,CIN,NYJ,0,56,9.7429,38,9.61162,18,0.13128,27.0,56,9.7429,-0.69758
2016_01_CIN_NYJ,2016,1,2016-09-11,NYJ,CIN,1,71,2.777,43,2.53111,28,0.24588,29.0,71,2.777,0.69758
2016_01_CLE_PHI,2016,1,2016-09-11,CLE,PHI,0,52,-15.62058,33,-7.31411,19,-8.30647,18.0,36,-5.7079,0.76092
2016_01_CLE_PHI,2016,1,2016-09-11,PHI,CLE,1,77,2.80191,42,4.55764,35,-1.75573,33.0,53,4.11417,-0.76092
2016_01_DET_IND,2016,1,2016-09-11,DET,IND,0,64,23.85359,42,21.30712,22,2.54647,39.0,62,25.12975,1.7183
2016_01_DET_IND,2016,1,2016-09-11,IND,DET,1,69,16.94428,52,17.21939,17,-0.27511,34.0,68,15.64012,-1.7183
2016_01_GB_JAX,2016,1,2016-09-11,GB,JAX,0,62,11.54708,40,12.01815,22,-0.47107,29.0,62,11.54708,-4.66719
2016_01_GB_JAX,2016,1,2016-09-11,JAX,GB,1,71,2.55902,45,7.68752,26,-5.1285,30.0,71,2.55902,4.66719
2016_01_LA_SF,2016,1,2016-09-12,LA,SF,0,60,-28.64566,39,-24.53424,21,-4.11142,16.0,34,-19.45847,-0.03609
2016_01_LA_SF,2016,1,2016-09-12,SF,LA,1,80,3.0102,44,2.64176,36,0.36844,31.0,32,5.79117,0.03609
2016_01_MIA_SEA,2016,1,2016-09-11,MIA,SEA,0,54,-9.99212,34,-5.47323,20,-4.51889,16.0,53,-10.10785,-2.4327
2016_01_MIA_SEA,2016,1,2016-09-11,SEA,MIA,1,82,-12.13702,51,-0.76813,31,-11.3689,39.0,82,-12.13702,2.4327
2016_01_MIN_TEN,2016,1,2016-09-11,MIN,TEN,0,62,-0.39383,35,8.7868,27,-9.18063,24.0,53,1.38973,0.03842
2016_01_MIN_TEN,2016,1,2016-09-11,TEN,MIN,1,66,-16.0217,44,2.71288,22,-18.73458,34.0,50,-14.74997,-0.03842
2016_01_NE_ARI,2016,1,2016-09-11,ARI,NE,1,61,9.67184,42,7.57318,19,2.09866,33.0,61,9.67184,-9.72161
2016_01_NE_ARI,2016,1,2016-09-11,NE,ARI,0,70,6.85359,40,14.53072,30,-7.67713,30.0,70,6.85359,9.72161
2016_01_NYG_DAL,2016,1,2016-09-11,DAL,NYG,1,76,-0.71031,46,1.89884,30,-2.60915,30.0,76,-0.71031,7.13346
2016_01_NYG_DAL,2016,1,2016-09-11,NYG,DAL,0,56,5.50073,31,7.405,25,-1.90427,26.0,56,5.50073,-7.13346
2016_01_OAK_NO,2016,1,2016-09-11,LV,NO,0,69,18.25104,43,16.1703,26,2.08074,33.0,64,13.74408,4.26352
2016_01_OAK_NO,2016,1,2016-09-11,NO,LV,1,67,17.47986,45,19.36718,22,-1.88732,35.0,58,17.41356,-4.26352
2016_01_PIT_WAS,2016,1,2016-09-12,PIT,WAS,0,67,21.08947,38,14.94651,29,6.14296,39.0,45,10.62626,1.24123
2016_01_PIT_WAS,2016,1,2016-09-12,WAS,PIT,1,58,-0.75884,45,2.12836,13,-2.8872,33.0,32,-1.62261,-1.24123
2016_01_SD_KC,2016,1,2016-09-11,KC,LAC,1,71,8.68806,54,6.42537,17,2.26269,37.0,42,2.0601,6.69523
2016_01_SD_KC,2016,1,2016-09-11,LAC,KC,0,72,13.89007,40,10.39514,32,3.49493,39.0,33,16.63976,-6.69523
2016_01_TB_ATL,2016,1,2016-09-11,ATL,TB,1,63,0.2835,44,7.17634,19,-6.89285,26.0,49,-1.78199,-0.34434
2016_01_TB_ATL,2016,1,2016-09-11,TB,ATL,0,62,12.55219,36,19.27472,26,-6.72253,29.0,53,14.44735,0.34434
2016_02_ATL_OAK,2016,2,2016-09-18,ATL,LV,0,65,22.62181,36,20.94543,29,1.67638,40.0,54,19.00771,4.10887
2016_02_ATL_OAK,2016,2,2016-09-18,LV,ATL,1,75,14.01593,50,13.48225,25,0.53369,41.0,66,8.04082,-4.10887
2016_02_BAL_CLE,2016,2,2016-09-18,BAL,CLE,0,75,-2.12821,48,6.38644,27,-8.51465,30.0,74,-2.30095,13.34196
2016_02_BAL_CLE,2016,2,2016-09-18,CLE,BAL,1,62,3.81633,39,7.50558,23,-3.68925,19.0,49,5.92458,-13.34196
2016_02_CIN_PIT,2016,2,2016-09-18,CIN,PIT,0,76,-3.29512,60,2.61277,16,-5.90789,28.0,62,-13.70219,-4.5581
2016_02_CIN_PIT,2016,2,2016-09-18,PIT,CIN,1,74,-0.89023,39,7.33211,35,-8.22234,30.0,59,-1.11817,4.5581
2016_02_DAL_WAS,2016,2,2016-09-18,DAL,WAS,0,68,12.72962,39,19.25993,29,-6.5303,33.0,65,15.39634,-2.83883
2016_02_DAL_WAS,2016,2,2016-09-18,WAS,DAL,1,66,3.81109,50,6.09785,16,-2.28676,32.0,66,3.81109,2.83883
2016_02_GB_MIN,2016,2,2016-09-18,GB,MIN,0,71,-5.1139,50,5.10833,21,-10.22223,29.0,71,-5.1139,-2.82346
2016_02_GB_MIN,2016,2,2016-09-18,MIN,GB,1,57,-2.42259,36,7.30944,21,-9.73203,21.0,51,-1.95041,2.82346
2016_02_IND_DEN,2016,2,2016-09-18,DEN,IND,1,70,5.02015,39,7.46356,31,-2.44341,38.0,65,7.17948,-4.36113
2016_02_IND_DEN,2016,2,2016-09-18,IND,DEN,0,71,-11.25426,52,-9.62712,19,-1.62714,29.0,61,-12.9041,4.36113
2016_02_JAX_SD,2016,2,2016-09-18,JAX,LAC,0,66,-7.13138,57,-5.92623,9,-1.20515,30.0,11,-4.98942,-7.609
2016_02_JAX_SD,2016,2,2016-09-18,LAC,JAX,1,68,10.00153,32,9.42784,36,0.57368,31.0,20,6.6005,7.609
2016_02_KC_HOU,2016,2,2016-09-18,HOU,KC,1,70,-12.6337,36,0.11369,34,-12.74739,25.0,56,-4.15067,-4.58702
2016_02_KC_HOU,2016,2,2016-09-18,KC,HOU,0,64,-23.24154,45,-8.39297,19,-14.84857,21.0,54,-26.54923,4.58702
2016_02_MIA_NE,2016,2,2016-09-18,MIA,NE,0,63,3.30308,51,12.29231,12,-8.98922,38.0,8,-3.61655,1.92936
2016_02_MIA_NE,2016,2,2016-09-18,NE,MIA,1,79,12.53708,43,13.32926,36,-0.79219,37.0,25,17.30083,-1.92936
2016_02_NO_NYG,2016,2,2016-09-18,NO,NYG,0,62,-4.92181,48,-1.88305,14,-3.03876,27.0,62,-4.92181,-5.63729
2016_02_NO_NYG,2016,2,2016-09-18,NYG,NO,1,75,-6.81053,47,2.68767,28,-9.49821,35.0,75,-6.81053,5.63729
2016_02_NYJ_BUF,2016,2,2016-09-15,BUF,NYJ,1,52,6.72467,35,13.27907,17,-6.55441,23.0,41,0.60716,-0.07815
2016_02_NYJ_BUF,2016,2,2016-09-15,NYJ,BUF,0,73,20.57177,40,20.88263,33,-0.31085,37.0,67,19.3049,0.07815
2016_02_PHI_CHI,2016,2,2016-09-19,CHI,PHI,1,52,-17.2504,34,-12.77196,18,-4.47844,26.0,37,-11.60978,-4.45094
2016_02_PHI_CHI,2016,2,2016-09-19,PHI,CHI,0,68,2.25522,40,3.12742,28,-0.87221,28.0,51,-1.38673,4.45094
2016_02_SEA_LA,2016,2,2016-09-18,LA,SEA,1,60,-1.86053,36,2.88465,24,-4.74518,21.0,57,0.12999,2.28769
2016_02_SEA_LA,2016,2,2016-09-18,SEA,LA,0,67,-5.24258,46,-2.17067,21,-3.07191,25.0,67,-5.24258,-2.28769
2016_02_SF_CAR,2016,2,2016-09-18,CAR,SF,1,82,6.22767,45,10.8732,37,-4.64553,34.0,51,4.42201,-5.88898
2016_02_SF_CAR,2016,2,2016-09-18,SF,CAR,0,65,-17.02824,41,-4.96139,24,-12.06686,21.0,38,-9.49422,5.88898
2016_02_TB_ARI,2016,2,2016-09-18,ARI,TB,1,66,9.74452,36,13.02408,30,-3.27956,24.0,34,1.926,3.52507
2016_02_TB_ARI,2016,2,2016-09-18,TB,ARI,0,78,-21.6955,60,-19.59797,18,-2.09754,31.0,29,-12.98737,-3.52507
2016_02_TEN_DET,2016,2,2016-09-18,DET,TEN,1,79,-3.28696,54,1.9537,25,-5.24066,30.0,74,-1.40285,6.99454
2016_02_TEN_DET,2016,2,2016-09-18,TEN,DET,0,65,11.60878,41,9.5785,24,2.03028,35.0,64,10.42032,-6.99454
2016_03_ARI_BUF,2016,3,2016-09-25,ARI,BUF,0,82,-22.48036,59,-11.34223,23,-11.13814,33.0,39,-10.44988,2.63379
2016_03_ARI_BUF,2016,3,2016-09-25,BUF,ARI,1,62,-4.78387,32,-8.4776,30,3.69374,24.0,40,3.44156,-2.63379
2016_03_ATL_NO,2016,3,2016-09-26,ATL,NO,0,62,28.1665,35,15.96261,27,12.2039,34.0,48,27.38064,5.97384
2016_03_ATL_NO,2016,3,2016-09-26,NO,ATL,1,80,3.95506,58,-2.18848,22,6.14354,41.0,45,-8.0948,-5.97384
2016_03_BAL_JAX,2016,3,2016-09-25,BAL,JAX,0,66,-11.1234,46,-11.37639,20,0.253,28.0,66,-11.1234,1.28375
2016_03_BAL_JAX,2016,3,2016-09-25,JAX,BAL,1,66,-15.43637,46,-9.51632,20,-5.92006,24.0,66,-15.43637,-1.28375
2016_03_CHI_DAL,2016,3,2016-09-25,CHI,DAL,0,63,-2.59231,50,-1.50621,13,-1.0861,27.0,13,-2.92425,3.10118
2016_03_CHI_DAL,2016,3,2016-09-25,DAL,CHI,1,68,12.84904,29,12.41218,39,0.43686,41.0,30,11.84189,-3.10118
2016_03_CLE_MIA,2016,3,2016-09-25,CLE,MIA,0,80,3.46822,48,-0.87125,32,4.33947,35.0,79,2.68201,-11.42541
2016_03_CLE_MIA,2016,3,2016-09-25,MIA,CLE,1,66,-5.10973,41,-5.2198,25,0.11007,29.0,65,-7.13461,11.42541
2016_03_DEN_CIN,2016,3,2016-09-25,CIN,DEN,1,66,-2.26592,41,-1.48966,25,-0.77626,26.0,53,2.44387,-4.13258
2016_03_DEN_CIN,2016,3,2016-09-25,DEN,CIN,0,65,8.0577,45,15.98852,20,-7.93082,29.0,62,10.80408,4.13258
2016_03_DET_GB,2016,3,2016-09-25,DET,GB,0,68,13.82326,47,18.92353,21,-5.10027,34.0,23,-5.86104,-3.84031
2016_03_DET_GB,2016,3,2016-09-25,GB,DET,1,51,16.47855,31,16.89346,20,-0.4149,24.0,15,15.55818,3.84031
2016_03_HOU_NE,2016,3,2016-09-22,HOU,NE,0,71,-17.91917,45,-13.58036,26,-4.33881,32.0,35,-5.87264,-15.98692
2016_03_HOU_NE,2016,3,2016-09-22,NE,HOU,1,60,-2.22249,25,-3.23193,35,1.00944,23.0,32,2.89761,15.98692
2016_03_LA_TB,2016,3,2016-09-25,LA,TB,0,64,1.29008,30,-2.21212,34,3.5022,27.0,64,1.29008,5.26616
2016_03_LA_TB,2016,3,2016-09-25,TB,LA,1,87,-0.86674,66,-1.59748,21,0.73074,42.0,75,-6.85305,-5.26616
2016_03_MIN_CAR,2016,3,2016-09-25,CAR,MIN,1,77,-16.16174,50,-14.48777,27,-1.67397,28.0,60,-10.91256,-4.67857
2016_03_MIN_CAR,2016,3,2016-09-25,MIN,CAR,0,52,-5.72107,30,-0.70777,22,-5.0133,17.0,39,-5.51304,4.67857
2016_03_NYJ_KC,2016,3,2016-09-25,KC,NYJ,1,60,-7.23199,35,8.84101,25,-16.073,22.0,29,2.1446,5.28016
2016_03_NYJ_KC,2016,3,2016-09-25,NYJ,KC,0,68,-24.13437,46,-26.95726,22,2.82289,28.0,30,-13.37317,-5.28016
2016_03_OAK_TEN,2016,3,2016-09-25,LV,TEN,0,64,0.06644,40,2.17249,24,-2.10605,23.0,51,0.18884,-1.44497
2016_03_OAK_TEN,2016,3,2016-09-25,TEN,LV,1,68,-10.66147,39,-13.79729,29,3.13582,27.0,66,-13.48289,1.44497
2016_03_PIT_PHI,2016,3,2016-09-25,PHI,PIT,1,65,20.00147,35,21.33638,30,-1.33491,29.0,37,15.54254,4.193
2016_03_PIT_PHI,2016,3,2016-09-25,PIT,PHI,0,60,-12.96648,51,-10.92168,9,-2.04481,19.0,27,1.24875,-4.193
2016_03_SD_IND,2016,3,2016-09-25,IND,LAC,1,71,-5.77014,44,-2.49916,27,-3.27098,33.0,68,-3.92042,2.00145
2016_03_SD_IND,2016,3,2016-09-25,LAC,IND,0,59,-2.48966,43,1.84097,16,-4.33064,24.0,58,-2.47325,-2.00145
2016_03_SF_SEA,2016,3,2016-09-25,SEA,SF,1,68,4.82245,35,12.86141,33,-8.03896,28.0,28,8.86579,9.03937
2016_03_SF_SEA,2016,3,2016-09-25,SF,SEA,0,56,-7.45156,27,-8.46875,29,1.01719,18.0,21,-5.17916,-9.03937
2016_03_WAS_NYG,2016,3,2016-09-25,NYG,WAS,1,67,2.17947,44,3.1515,23,-0.97203,32.0,67,2.17947,-1.99
2016_03_WAS_NYG,2016,3,2016-09-25,WAS,NYG,0,69,10.06305,41,14.98206,28,-4.91902,30.0,69,10.06305,1.99
2016_04_BUF_NE,2016,4,2016-10-02,BUF,NE,0,78,7.48227,45,10.76431,33,-3.28203,35.0,42,9.50795,0.09274
2016_04_BUF_NE,2016,4,2016-10-02,NE,BUF,1,56,-13.53354,35,-7.29885,21,-6.23468,16.0,33,-8.09315,-0.09274
2016_04_CAR_ATL,2016,4,2016-10-02,ATL,CAR,1,65,19.38799,42,24.60287,23,-5.21489,32.0,40,12.13738,-2.15872
2016_04_CAR_ATL,2016,4,2016-10-02,CAR,ATL,0,69,-0.26302,54,5.09843,15,-5.36145,30.0,30,-5.16768,2.15872
2016_04_CLE_WAS,2016,4,2016-10-02,CLE,WAS,0,71,0.9762,44,7.00525,27,-6.02905,37.0,55,3.91212,-0.88599
2016_04_CLE_WAS,2016,4,2016-10-02,WAS,CLE,1,62,9.65073,33,6.31106,29,3.33968,33.0,57,10.85185,0.88599
2016_04_DAL_SF,2016,4,2016-10-02,DAL,SF,0,73,18.41378,37,11.60235,36,6.81143,40.0,70,18.29927,-4.29888
2016_04_DAL_SF,2016,4,2016-10-02,SF,DAL,1,52,0.15108,25,-0.58126,27,0.73233,24.0,51,1.52033,4.29888
2016_04_DEN_TB,2016,4,2016-10-02,DEN,TB,0,69,5.01419,39,11.64811,30,-6.63391,31.0,42,5.7551,-0.4739
2016_04_DEN_TB,2016,4,2016-10-02,TB,DEN,1,70,-22.39165,48,-9.5363,22,-12.85534,21.0,45,-12.12635,0.4739
2016_04_DET_CHI,2016,4,2016-10-02,CHI,DET,1,66,5.93777,39,15.04568,27,-9.10791,34.0,54,7.63865,-10.8104
2016_04_DET_CHI,2016,4,2016-10-02,DET,CHI,0,62,-9.37842,43,-1.62947,19,-7.74895,28.0,50,-9.30428,10.8104
2016_04_IND_JAX,2016,4,2016-10-02,IND,JAX,0,77,5.73814,55,4.40002,22,1.33812,36.0,58,-3.14832,1.78305
2016_04_IND_JAX,2016,4,2016-10-02,JAX,IND,1,72,10.36551,47,10.39364,25,-0.02813,33.0,44,12.74456,-1.78305
2016_04_KC_PIT,2016,4,2016-10-02,KC,PIT,0,75,-5.37847,58,-1.03814,17,-4.34032,30.0,14,-13.08825,-3.57469
2016_04_KC_PIT,2016,4,2016-10-02,PIT,KC,1,56,20.97472,31,19.72274,25,1.25198,27.0,12,4.27707,3.57469
2016_04_LA_ARI,2016,4,2016-10-02,ARI,LA,1,76,-9.38331,51,-3.71864,25,-5.66467,33.0,76,-9.38331,-2.16956
2016_04_LA_ARI,2016,4,2016-10-02,LA,ARI,0,58,-6.03736,37,4.64471,21,-10.68207,19.0,55,-4.08469,2.16956
2016_04_MIA_CIN,2016,4,2016-09-29,CIN,MIA,1,66,-2.70901,33,8.17928,33,-10.88829,25.0,45,3.73406,3.69222
2016_04_MIA_CIN,2016,4,2016-09-29,MIA,CIN,0,45,-13.99144,31,-10.71275,14,-3.27869,13.0,30,-6.94209,-3.69222
2016_04_NO_SD,2016,4,2016-10-02,LAC,NO,1,70,-2.42555,48,5.39433,22,-7.81987,27.0,64,4.90966,-0.0849
2016_04_NO_SD,2016,4,2016-10-02,NO,LAC,0,69,3.33061,38,8.44075,31,-5.11014,31.0,60,2.50163,0.0849
2016_04_NYG_MIN,2016,4,2016-10-03,MIN,NYG,1,72,3.40161,40,10.35348,32,-6.95187,28.0,37,7.07084,1.9498
2016_04_NYG_MIN,2016,4,2016-10-03,NYG,MIN,0,66,-14.30932,46,-11.97184,20,-2.33748,24.0,41,-12.25173,-1.9498
2016_04_OAK_BAL,2016,4,2016-10-02,BAL,LV,1,86,-4.21988,59,-6.65734,27,2.43746,35.0,86,-4.21988,-6.30326
2016_04_OAK_BAL,2016,4,2016-10-02,LV,BAL,0,57,-4.24131,39,4.37639,18,-8.6177,18.0,54,-2.40967,6.30326
2016_04_SEA_NYJ,2016,4,2016-10-02,NYJ,SEA,1,71,-1.62464,50,6.25792,21,-7.88256,26.0,55,-0.94727,-2.28481
2016_04_SEA_NYJ,2016,4,2016-10-02,SEA,NYJ,0,57,12.82698,35,16.92954,22,-4.10256,26.0,40,16.67481,2.28481
2016_04_TEN_HOU,2016,4,2016-10-02,HOU,TEN,1,64,-1.98351,40,3.47593,24,-5.45943,32.0,56,4.00405,4.89808
2016_04_TEN_HOU,2016,4,2016-10-02,TEN,HOU,0,67,-0.90255,38,-1.73523,29,0.83268,26.0,66,-0.87086,-4.89808
2016_05_ARI_SF,2016,5,2016-10-06,ARI,SF,0,66,-1.04063,31,-6.5389,35,5.49827,27.0,51,-5.14767,8.59027
2016_05_ARI_SF,2016,5,2016-10-06,SF,ARI,1,78,-6.92172,47,-5.67235,31,-1.24937,34.0,59,-11.61699,-8.59027
2016_05_ATL_DEN,2016,5,2016-10-09,ATL,DEN,0,66,0.9301,34,1.63708,32,-0.70698,27.0,50,6.1359,6.86354
2016_05_ATL_DEN,2016,5,2016-10-09,DEN,ATL,1,69,-3.76812,50,-6.82552,19,3.05739,29.0,33,-8.63978,-6.86354
2016_05_BUF_LA,2016,5,2016-10-09,BUF,LA,0,54,2.19759,29,0.82627,25,1.37132,22.0,50,5.38411,-5.05921
2016_05_BUF_LA,2016,5,2016-10-09,LA,BUF,1,67,-12.70469,37,-8.61468,30,-4.09001,31.0,63,-7.34395,5.05921
2016_05_CHI_IND,2016,5,2016-10-09,CHI,IND,0,65,11.53971,46,9.58633,19,1.95339,32.0,65,11.53971,-11.2248
2016_05_CHI_IND,2016,5,2016-10-09,IND,CHI,1,66,5.81917,49,8.00097,17,-2.18179,30.0,65,6.5471,11.2248
2016_05_CIN_DAL,2016,5,2016-10-09,CIN,DAL,0,70,10.31047,55,9.84493,15,0.46554,40.0,19,1.04748,-10.16199
2016_05_CIN_DAL,2016,5,2016-10-09,DAL,CIN,1,53,16.75308,29,9.59502,24,7.15806,30.0,23,12.30274,10.16199
2016_05_HOU_MIN,2016,5,2016-10-09,HOU,MIN,0,64,-11.00745,50,-11.07244,14,0.06498,24.0,9,-6.57845,-7.24317
2016_05_HOU_MIN,2016,5,2016-10-09,MIN,HOU,1,72,5.8415,34,12.85573,38,-7.01423,33.0,25,7.98506,7.24317
2016_05_NE_CLE,2016,5,2016-10-09,CLE,NE,1,60,-5.76749,41,1.9146,19,-7.68208,20.0,26,-2.15656,-1.30946
2016_05_NE_CLE,2016,5,2016-10-09,NE,CLE,0,78,17.10131,46,25.72158,32,-8.62027,31.0,27,22.46155,1.30946
2016_05_NYG_GB,2016,5,2016-10-09,GB,NYG,1,77,-0.4095,50,-0.40668,27,-0.00282,30.0,60,0.51025,-6.81645
2016_05_NYG_GB,2016,5,2016-10-09,NYG,GB,0,56,-11.31506,42,-9.2826,14,-2.03246,20.0,45,-16.63534,6.81645
2016_05_NYJ_PIT,2016,5,2016-10-09,NYJ,PIT,0,58,-0.47708,42,0.537,16,-1.01408,29.0,46,3.25035,-7.65483
2016_05_NYJ_PIT,2016,5,2016-10-09,PIT,NYJ,1,75,10.38861,52,19.26988,23,-8.88127,38.0,56,7.19654,7.65483
2016_05_PHI_DET,2016,5,2016-10-09,DET,PHI,1,58,3.65388,35,5.26649,23,-1.61261,25.0,58,3.65388,-1.72962
2016_05_PHI_DET,2016,5,2016-10-09,PHI,DET,0,61,4.80216,40,4.45741,21,0.34474,30.0,61,4.80216,1.72962
2016_05_SD_OAK,2016,5,2016-10-09,LAC,LV,0,52,2.41094,32,12.29304,20,-9.88211,24.0,51,2.45595,-1.01872
2016_05_SD_OAK,2016,5,2016-10-09,LV,LAC,1,71,6.00237,47,8.01089,24,-2.00852,35.0,69,6.78908,1.01872
2016_05_TB_CAR,2016,5,2016-10-10,CAR,TB,1,54,-0.90292,29,-4.45023,25,3.54731,32.0,54,-0.90292,-5.14285
2016_05_TB_CAR,2016,5,2016-10-10,TB,CAR,0,71,2.92414,36,4.30559,35,-1.38144,31.0,71,2.92414,5.14285
2016_05_TEN_MIA,2016,5,2016-10-09,MIA,TEN,1,44,-12.06077,26,-10.60033,18,-1.46044,17.0,39,-7.07318,7.40431
2016_05_TEN_MIA,2016,5,2016-10-09,TEN,MIA,0,72,11.57631,34,6.00005,38,5.57625,35.0,61,13.21277,-7.40431
2016_05_WAS_BAL,2016,5,2016-10-09,BAL,WAS,1,72,-10.95262,52,-9.73544,20,-1.21718,28.0,72,-10.95262,-1.05844
2016_05_WAS_BAL,2016,5,2016-10-09,WAS,BAL,0,64,-3.17547,44,4.69776,20,-7.87323,33.0,64,-3.17547,1.05844
2016_06_ATL_SEA,2016,6,2016-10-16,ATL,SEA,0,67,2.85656,48,4.25324,19,-1.39668,28.0,64,0.60602,3.6098
2016_06_ATL_SEA,2016,6,2016-10-16,SEA,ATL,1,63,8.51681,42,10.51984,21,-2.00304,33.0,62,9.27674,-3.6098
2016_06_BAL_NYG,2016,6,2016-10-16,BAL,NYG,0,83,1.98146,57,3.23213,26,-1.25067,32.0,83,1.98146,1.17864
2016_06_BAL_NYG,2016,6,2016-10-16,NYG,BAL,1,67,4.65192,50,11.7708,17,-7.11888,28.0,67,4.65192,-1.17864
2016_06_CAR_NO,2016,6,2016-10-16,CAR,NO,0,79,11.9556,53,11.8736,26,0.082,38.0,57,5.43629,2.08924
2016_06_CAR_NO,2016,6,2016-10-16,NO,CAR,1,72,17.07077,51,20.69384,21,-3.62307,34.0,48,20.54675,-2.08924
2016_06_CIN_NE,2016,6,2016-10-16,CIN,NE,0,68,8.41248,37,12.26979,31,-3.85731,30.0,60,7.98148,-5.82673
2016_06_CIN_NE,2016,6,2016-10-16,NE,CIN,1,64,18.6789,41,21.53072,23,-2.85181,29.0,45,11.79113,5.82673
2016_06_CLE_TEN,2016,6,2016-10-16,CLE,TEN,0,66,7.83112,49,12.72875,17,-4.89763,25.0,44,-4.30206,3.73447
2016_06_CLE_TEN,2016,6,2016-10-16,TEN,CLE,1,61,9.40469,32,10.83582,29,-1.43113,28.0,50,4.70266,-3.73447
2016_06_DAL_GB,2016,6,2016-10-16,DAL,GB,0,64,8.21752,30,7.93115,34,0.28636,33.0,39,9.15032,-2.04144
2016_06_DAL_GB,2016,6,2016-10-16,GB,DAL,1,70,-11.5644,48,3.05855,22,-14.62294,30.0,56,-15.48821,2.04144
2016_06_DEN_SD,2016,6,2016-10-13,DEN,LAC,0,74,-13.78504,57,-14.97548,17,1.19044,29.0,29,-13.45114,4.35664
2016_06_DEN_SD,2016,6,2016-10-13,LAC,DEN,1,66,-3.23287,34,4.96742,32,-8.20029,24.0,42,4.9191,-4.35664
2016_06_IND_HOU,2016,6,2016-10-16,HOU,IND,1,69,3.89199,41,4.95391,28,-1.06192,33.0,55,0.82464,-3.22754
2016_06_IND_HOU,2016,6,2016-10-16,IND,HOU,0,71,1.22833,44,3.38572,27,-2.15738,33.0,60,0.3759,3.22754
2016_06_JAX_CHI,2016,6,2016-10-16,CHI,JAX,1,80,-1.17945,53,0.52675,27,-1.7062,30.0,72,1.58421,-2.8847
2016_06_JAX_CHI,2016,6,2016-10-16,JAX,CHI,0,59,-1.21172,40,4.15867,19,-5.37039,28.0,54,-5.6372,2.8847
2016_06_KC_OAK,2016,6,2016-10-16,KC,LV,0,62,16.91013,25,9.76088,37,7.14925,30.0,34,17.82846,0.39821
2016_06_KC_OAK,2016,6,2016-10-16,LV,KC,1,54,-12.18952,39,-10.68543,15,-1.50409,25.0,34,-2.89428,-0.39821
2016_06_LA_DET,2016,6,2016-10-16,DET,LA,1,60,19.99162,38,24.67302,22,-4.6814,30.0,60,19.99162,1.65732
2016_06_LA_DET,2016,6,2016-10-16,LA,DET,0,58,19.98164,38,24.51427,20,-4.53263,35.0,58,19.98164,-1.65732
2016_06_NYJ_ARI,2016,6,2016-10-17,ARI,NYJ,1,75,17.08167,40,14.46502,35,2.61665,40.0,44,5.76227,-0.99514
2016_06_NYJ_ARI,2016,6,2016-10-17,NYJ,ARI,0,55,-14.78628,42,-11.79071,13,-2.99557,17.0,33,-10.07238,0.99514
2016_06_PHI_WAS,2016,6,2016-10-16,PHI,WAS,0,52,-6.89354,29,-4.38563,23,-2.50791,19.0,50,-6.95803,7.70399
2016_06_PHI_WAS,2016,6,2016-10-16,WAS,PHI,1,73,9.37419,41,5.81874,32,3.55545,36.0,65,9.7073,-7.70399
2016_06_PIT_MIA,2016,6,2016-10-16,MIA,PIT,1,69,15.54657,33,8.14449,36,7.40209,34.0,45,10.94955,-1.82822
2016_06_PIT_MIA,2016,6,2016-10-16,PIT,MIA,0,53,-4.51563,37,-7.88992,16,3.37429,22.0,32,-5.81498,1.82822
2016_06_SF_BUF,2016,6,2016-10-16,BUF,SF,1,78,13.00872,38,8.93911,40,4.06961,39.0,60,7.78092,5.48647
2016_06_SF_BUF,2016,6,2016-10-16,SF,BUF,0,60,-7.10901,36,2.28716,24,-9.39617,24.0,47,1.78356,-5.48647
2016_07_BAL_NYJ,2016,7,2016-10-23,BAL,NYJ,0,57,-22.28542,46,-16.44633,11,-5.83909,16.0,47,-17.93207,10.65314
2016_07_BAL_NYJ,2016,7,2016-10-23,NYJ,BAL,1,68,-3.96856,30,3.45629,38,-7.42485,28.0,55,1.48671,-10.65314
2016_07_BUF_MIA,2016,7,2016-10-23,BUF,MIA,0,56,3.08492,40,3.30989,16,-0.22497,21.0,41,-2.91148,3.08631
2016_07_BUF_MIA,2016,7,2016-10-23,MIA,BUF,1,71,10.79409,31,4.31285,40,6.48125,29.0,71,10.79409,-3.08631
2016_07_CHI_GB,2016,7,2016-10-20,CHI,GB,0,47,-10.88428,30,-8.85699,17,-2.02729,14.0,38,-6.48706,6.40191
2016_07_CHI_GB,2016,7,2016-10-20,GB,CHI,1,86,14.35022,65,15.76523,21,-1.41501,42.0,67,7.65642,-6.40191
2016_07_CLE_CIN,2016,7,2016-10-23,CIN,CLE,1,61,25.00834,31,12.42936,30,12.57898,30.0,36,25.61106,-8.10908
2016_07_CLE_CIN,2016,7,2016-10-23,CLE,CIN,0,64,2.98255,39,0.82135,25,2.16121,28.0,44,11.63849,8.10908
2016_07_HOU_DEN,2016,7,2016-10-24,DEN,HOU,1,63,3.13675,27,1.24416,36,1.89258,29.0,46,5.91226,0.00275
2016_07_HOU_DEN,2016,7,2016-10-24,HOU,DEN,0,70,-16.18907,46,-12.61158,24,-3.5775,28.0,47,-5.35798,-0.00275
2016_07_IND_TEN,2016,7,2016-10-23,IND,TEN,0,68,18.58091,48,18.46507,20,0.11584,38.0,68,18.58091,4.03134
2016_07_IND_TEN,2016,7,2016-10-23,TEN,IND,1,72,8.75979,44,6.77595,28,1.98385,40.0,67,7.27745,-4.03134
2016_07_MIN_PHI,2016,7,2016-10-23,MIN,PHI,0,75,-24.5586,49,-21.21783,26,-3.34077,28.0,43,-25.03084,-9.63776
2016_07_MIN_PHI,2016,7,2016-10-23,PHI,MIN,1,56,-21.12122,30,-6.64736,26,-14.47386,22.0,40,-15.89823,9.63776
2016_07_NE_PIT,2016,7,2016-10-23,NE,PIT,0,56,11.4176,31,7.85856,25,3.55904,29.0,49,15.73215,-4.53525
2016_07_NE_PIT,2016,7,2016-10-23,PIT,NE,1,72,-5.67348,49,-3.12438,23,-2.54909,29.0,54,-0.15189,4.53525
2016_07_NO_KC,2016,7,2016-10-23,KC,NO,1,50,9.37588,25,10.53617,25,-1.16029,24.0,37,13.28107,0.42087
2016_07_NO_KC,2016,7,2016-10-23,NO,KC,0,74,7.54222,51,12.55358,23,-5.01135,42.0,62,1.57697,-0.42087
2016_07_NYG_LA,2016,7,2016-10-23,LA,NYG,1,79,-14.92003,59,-14.28005,20,-0.63999,32.0,78,-17.50373,-0.03758
2016_07_NYG_LA,2016,7,2016-10-23,NYG,LA,0,55,-9.08067,37,-6.81658,18,-2.2641,22.0,52,-7.60722,0.03758
2016_07_OAK_JAX,2016,7,2016-10-23,JAX,LV,1,67,-7.2748,55,-6.54977,12,-0.72503,24.0,39,-6.40326,-11.67342
2016_07_OAK_JAX,2016,7,2016-10-23,LV,JAX,0,71,4.70452,39,1.02328,32,3.68124,30.0,52,2.49214,11.67342
2016_07_SD_ATL,2016,7,2016-10-23,ATL,LAC,1,65,-0.44828,40,1.76697,25,-2.21525,30.0,65,-0.44828,-1.2717
2016_07_SD_ATL,2016,7,2016-10-23,LAC,ATL,0,74,6.79109,49,7.07578,25,-0.2847,37.0,68,0.63247,1.2717
2016_07_SEA_ARI,2016,7,2016-10-23,ARI,SEA,1,95,-9.60636,57,-0.83197,38,-8.77439,40.0,92,-9.07605,-7.72932
2016_07_SEA_ARI,2016,7,2016-10-23,SEA,ARI,0,63,-16.67355,44,-11.34177,19,-5.33179,23.0,63,-16.67355,7.72932
2016_07_TB_SF,2016,7,2016-10-23,SF,TB,1,70,-8.23686,47,-6.64159,23,-1.59527,29.0,47,-9.06946,-0.94813
2016_07_TB_SF,2016,7,2016-10-23,TB,SF,0,74,12.9874,33,14.32986,41,-1.34246,38.0,53,6.21035,0.94813
2016_07_WAS_DET,2016,7,2016-10-23,DET,WAS,1,53,6.70838,35,10.33338,18,-3.625,24.0,53,6.70838,1.60817
2016_07_WAS_DET,2016,7,2016-10-23,WAS,DET,0,73,7.01785,44,12.31323,29,-5.29539,39.0,72,7.08319,-1.60817
2016_08_ARI_CAR,2016,8,2016-10-30,ARI,CAR,0,70,-8.08964,59,-4.73628,11,-3.35336,30.0,21,-20.51856,-5.92334
2016_08_ARI_CAR,2016,8,2016-10-30,CAR,ARI,1,67,-2.49902,29,2.52959,38,-5.02861,29.0,14,1.82865,5.92334
2016_08_DET_HOU,2016,8,2016-10-30,DET,HOU,0,61,-1.30398,47,0.33177,14,-1.63575,26.0,46,-8.70059,-10.09655
2016_08_DET_HOU,2016,8,2016-10-30,HOU,DET,1,64,-0.90446,35,0.89137,29,-1.79583,28.0,38,3.57756,10.09655
2016_08_GB_ATL,2016,8,2016-10-30,ATL,GB,1,61,17.82484,42,15.84898,19,1.97585,32.0,61,17.82484,-0.25711
2016_08_GB_ATL,2016,8,2016-10-30,GB,ATL,0,61,14.14823,48,15.58491,13,-1.43668,29.0,61,14.14823,0.25711
2016_08_JAX_TEN,2016,8,2016-10-27,JAX,TEN,0,71,6.66944,61,10.75979,10,-4.09035,33.0,14,-7.63608,-7.85897
2016_08_JAX_TEN,2016,8,2016-10-27,TEN,JAX,1,67,15.48592,27,16.50045,40,-1.01453,28.0,27,10.47268,7.85897
2016_08_KC_IND,2016,8,2016-10-30,IND,KC,1,65,-13.06154,51,-8.37525,14,-4.68629,27.0,40,-13.45996,1.11822
2016_08_KC_IND,2016,8,2016-10-30,KC,IND,0,73,10.69977,48,15.48982,25,-4.79005,29.0,53,10.28113,-1.11822
2016_08_MIN_CHI,2016,8,2016-10-31,CHI,MIN,1,61,7.60594,33,8.13752,28,-0.53158,27.0,35,6.97458,0.91717
2016_08_MIN_CHI,2016,8,2016-10-31,MIN,CHI,0,61,-3.6721,43,-0.29559,18,-3.37651,23.0,33,-8.11533,-0.91717
2016_08_NE_BUF,2016,8,2016-10-30,BUF,NE,1,77,8.09907,53,-2.72756,24,10.82662,31.0,41,1.12104,-9.83487
2016_08_NE_BUF,2016,8,2016-10-30,NE,BUF,0,67,21.7554,45,25.50835,22,-3.75294,30.0,34,11.14968,9.83487
2016_08_NYJ_CLE,2016,8,2016-10-30,CLE,NYJ,1,71,3.60402,55,6.29893,16,-2.69491,28.0,54,2.53509,1.62949
2016_08_NYJ_CLE,2016,8,2016-10-30,NYJ,CLE,0,71,15.60849,39,8.37568,32,7.23281,28.0,62,16.6411,-1.62949
2016_08_OAK_TB,2016,8,2016-10-30,LV,TB,0,94,17.66668,69,18.89118,25,-1.2245,39.0,93,18.82546,-4.53471
2016_08_OAK_TB,2016,8,2016-10-30,TB,LV,1,67,-0.98867,43,1.31867,24,-2.30734,25.0,67,-0.98867,4.53471
2016_08_PHI_DAL,2016,8,2016-10-30,DAL,PHI,1,78,6.03239,46,3.29514,32,2.73725,32.0,74,3.9261,-2.41733
2016_08_PHI_DAL,2016,8,2016-10-30,PHI,DAL,0,76,-4.51384,51,1.6683,25,-6.18214,34.0,71,3.78351,2.41733
2016_08_SD_DEN,2016,8,2016-10-30,DEN,LAC,1,63,-16.5529,39,-12.33833,24,-4.21457,22.0,50,-0.70912,4.53417
2016_08_SD_DEN,2016,8,2016-10-30,LAC,DEN,0,79,-23.01499,52,-22.04284,27,-0.97215,26.0,66,-21.16828,-4.53417
2016_08_SEA_NO,2016,8,2016-10-30,NO,SEA,1,75,-0.02224,40,13.17229,35,-13.19453,35.0,73,2.06015,0.3654
2016_08_SEA_NO,2016,8,2016-10-30,SEA,NO,0,53,-1.83694,38,-0.77533,15,-1.06161,25.0,53,-1.83694,-0.3654
2016_08_WAS_CIN,2016,8,2016-10-30,CIN,WAS,1,88,12.46655,54,9.03812,34,3.42843,49.0,88,12.46655,4.05485
2016_08_WAS_CIN,2016,8,2016-10-30,WAS,CIN,0,90,18.85139,59,23.75938,31,-4.90799,41.0,89,19.02685,-4.05485
2016_09_ATL_TB,2016,9,2016-11-03,ATL,TB,0,70,23.17615,38,21.00082,32,2.17534,37.0,52,17.21399,4.00878
2016_09_ATL_TB,2016,9,2016-11-03,TB,ATL,1,78,2.25387,56,20.59053,22,-18.33665,37.0,45,-6.41879,-4.00878
2016_09_BUF_SEA,2016,9,2016-11-07,BUF,SEA,0,84,10.56707,49,8.84687,35,1.7202,43.0,84,10.56707,-3.3413
2016_09_BUF_SEA,2016,9,2016-11-07,SEA,BUF,1,46,10.43392,34,14.06962,12,-3.6357,24.0,44,9.98997,3.3413
2016_09_CAR_LA,2016,9,2016-11-06,CAR,LA,0,63,-3.10459,39,1.3664,24,-4.47098,23.0,56,-1.69635,0.27365
2016_09_CAR_LA,2016,9,2016-11-06,LA,CAR,1,68,-8.26639,51,-3.52147,17,-4.74492,26.0,52,-14.17828,-0.27365
2016_09_DAL_CLE,2016,9,2016-11-06,CLE,DAL,1,44,-1.38328,32,-1.07071,12,-0.31258,18.0,30,4.32207,-6.26141
2016_09_DAL_CLE,2016,9,2016-11-06,DAL,CLE,0,70,28.68513,31,27.15154,39,1.53359,42.0,36,20.01032,6.26141
2016_09_DEN_OAK,2016,9,2016-11-06,DEN,LV,0,54,-1.3354,42,1.90939,12,-3.24479,19.0,42,-3.78305,-0.73527
2016_09_DEN_OAK,2016,9,2016-11-06,LV,DEN,1,82,10.3945,42,5.32677,40,5.06772,40.0,62,10.90342,0.73527
2016_09_DET_MIN,2016,9,2016-11-06,DET,MIN,0,65,-1.55332,40,1.57873,25,-3.13205,27.0,65,-1.55332,8.9243
2016_09_DET_MIN,2016,9,2016-11-06,MIN,DET,1,69,0.20976,44,4.83865,25,-4.62888,33.0,69,0.20976,-8.9243
2016_09_IND_GB,2016,9,2016-11-06,GB,IND,1,67,6.97361,53,7.81722,14,-0.84361,32.0,54,-5.17243,-9.98074
2016_09_IND_GB,2016,9,2016-11-06,IND,GB,0,65,5.70481,42,4.18779,23,1.51702,31.0,48,6.11122,9.98074
2016_09_JAX_KC,2016,9,2016-11-06,JAX,KC,0,77,-8.19629,49,3.51158,28,-11.70787,35.0,65,-18.43856,-15.99609
2016_09_JAX_KC,2016,9,2016-11-06,KC,JAX,1,55,-16.30824,36,-13.43898,19,-2.86926,16.0,43,-10.71228,15.99609
2016_09_NO_SF,2016,9,2016-11-06,NO,SF,0,84,27.54819,44,15.90772,40,11.64047,43.0,64,23.93591,-10.72674
2016_09_NO_SF,2016,9,2016-11-06,SF,NO,1,60,-9.23764,44,2.80269,16,-12.04033,25.0,45,-1.51976,10.72674
2016_09_NYJ_MIA,2016,9,2016-11-06,MIA,NYJ,1,63,0.62246,32,1.2827,31,-0.66024,26.0,58,-0.86244,8.15473
2016_09_NYJ_MIA,2016,9,2016-11-06,NYJ,MIA,0,58,4.64085,40,3.41879,18,1.22206,28.0,58,4.64085,-8.15473
2016_09_PHI_NYG,2016,9,2016-11-06,NYG,PHI,1,62,-5.16951,40,0.07309,22,-5.2426,25.0,52,4.11487,-0.57528
2016_09_PHI_NYG,2016,9,2016-11-06,PHI,NYG,0,75,-8.06957,49,-0.9998,26,-7.06977,29.0,72,-13.74034,0.57528
2016_09_PIT_BAL,2016,9,2016-11-06,BAL,PIT,1,66,-17.33571,39,-7.35531,27,-9.9804,21.0,53,-10.8399,5.9453
2016_09_PIT_BAL,2016,9,2016-11-06,PIT,BAL,0,68,-12.86229,51,-4.84213,17,-8.02016,22.0,29,-18.8875,-5.9453
2016_09_TEN_SD,2016,9,2016-11-06,LAC,TEN,1,77,19.32346,40,16.26585,37,3.05761,36.0,62,19.78844,-2.85513
2016_09_TEN_SD,2016,9,2016-11-06,TEN,LAC,0,64,2.25788,44,6.74062,20,-4.48274,34.0,47,-0.78639,2.85513
2016_10_ATL_PHI,2016,10,2016-11-13,ATL,PHI,0,50,-3.01152,37,-1.39062,13,-1.6209,16.0,47,-2.11762,2.46969
2016_10_ATL_PHI,2016,10,2016-11-13,PHI,ATL,1,74,7.39207,40,4.58815,34,2.80392,39.0,70,10.46597,-2.46969
2016_10_CHI_TB,2016,10,2016-11-13,CHI,TB,0,56,-24.59547,37,-21.80475,19,-2.79072,18.0,30,-22.15083,1.07108
2016_10_CHI_TB,2016,10,2016-11-13,TB,CHI,1,75,5.054,43,12.89494,32,-7.84094,31.0,32,1.57177,-1.07108
2016_10_CIN_NYG,2016,10,2016-11-14,CIN,NYG,0,58,-6.96078,35,-1.79829,23,-5.16249,18.0,58,-6.96078,3.65753
2016_10_CIN_NYG,2016,10,2016-11-14,NYG,CIN,1,73,-3.74817,49,-4.60174,24,0.85356,31.0,73,-3.74817,-3.65753
2016_10_CLE_BAL,2016,10,2016-11-10,BAL,CLE,1,78,3.58411,46,6.98905,32,-3.40494,35.0,59,-0.26929,2.46092
2016_10_CLE_BAL,2016,10,2016-11-10,CLE,BAL,0,50,-18.19669,37,-15.40337,13,-2.79332,18.0,37,-12.38941,-2.46092
2016_10_DAL_PIT,2016,10,2016-11-13,DAL,PIT,0,63,18.46276,34,14.72974,29,3.73302,34.0,63,18.46276,5.0693
2016_10_DAL_PIT,2016,10,2016-11-13,PIT,DAL,1,70,15.37818,51,20.72613,19,-5.34795,37.0,68,15.43115,-5.0693
2016_10_DEN_NO,2016,10,2016-11-13,DEN,NO,0,81,-2.5611,48,3.97297,33,-6.53408,33.0,81,-2.5611,1.94648
2016_10_DEN_NO,2016,10,2016-11-13,NO,DEN,1,51,-8.55782,31,-5.92221,20,-2.63561,24.0,51,-8.55782,-1.94648
2016_10_GB_TEN,2016,10,2016-11-13,GB,TEN,0,77,4.21825,64,6.72285,13,-2.50461,32.0,12,-6.98412,-6.0014
2016_10_GB_TEN,2016,10,2016-11-13,TEN,GB,1,58,19.74903,29,22.2695,29,-2.52047,24.0,12,17.72412,6.0014
2016_10_HOU_JAX,2016,10,2016-11-13,HOU,JAX,0,63,2.21117,33,-0.69672,30,2.90789,23.0,52,5.15527,-2.21311
2016_10_HOU_JAX,2016,10,2016-11-13,JAX,HOU,1,77,-7.06606,54,5.72167,23,-12.78774,33.0,63,-13.00043,2.21311
2016_10_KC_CAR,2016,10,2016-11-13,CAR,KC,1,72,-2.28269,43,-1.37933,29,-0.90335,31.0,48,5.66466,-6.22354
2016_10_KC_CAR,2016,10,2016-11-13,KC,CAR,0,63,-2.22219,46,-7.26936,17,5.04717,27.0,48,-9.43415,6.22354
2016_10_LA_NYJ,2016,10,2016-11-13,LA,NYJ,0,66,-5.68324,36,-1.0872,30,-4.59604,22.0,66,-5.68324,8.69882
2016_10_LA_NYJ,2016,10,2016-11-13,NYJ,LA,1,60,-5.16231,35,-4.29853,25,-0.86379,20.0,60,-5.16231,-8.69882
2016_10_MIA_SD,2016,10,2016-11-13,LAC,MIA,1,77,-6.03788,53,1.26105,24,-7.29893,30.0,75,-5.53659,6.87423
2016_10_MIA_SD,2016,10,2016-11-13,MIA,LAC,0,50,11.21619,27,14.25543,23,-3.03924,23.0,50,11.21619,-6.87423
2016_10_MIN_WAS,2016,10,2016-11-13,MIN,WAS,0,67,3.10135,45,11.20187,22,-8.10052,33.0,66,4.20151,-4.60671
2016_10_MIN_WAS,2016,10,2016-11-13,WAS,MIN,1,62,6.67587,35,10.24417,27,-3.5683,28.0,62,6.67587,4.60671
2016_10_SEA_NE,2016,10,2016-11-13,NE,SEA,1,66,6.53879,38,11.16757,28,-4.62879,34.0,66,6.53879,-0.3838
2016_10_SEA_NE,2016,10,2016-11-13,SEA,NE,0,69,21.5574,44,21.65433,25,-0.09693,36.0,67,21.38978,0.3838
2016_10_SF_ARI,2016,10,2016-11-13,ARI,SF,1,78,-4.37401,55,1.94718,23,-6.32119,37.0,73,4.85418,0.24266
2016_10_SF_ARI,2016,10,2016-11-13,SF,ARI,0,63,-3.99397,40,3.65762,23,-7.65159,22.0,63,-3.99397,-0.24266
2016_11_ARI_MIN,2016,11,2016-11-20,ARI,MIN,0,74,-10.47256,47,-12.16698,27,1.69442,33.0,61,-10.11147,-5.1298
2016_11_ARI_MIN,2016,11,2016-11-20,MIN,ARI,1,57,-6.59872,34,-1.73367,23,-4.86505,23.0,46,0.43824,5.1298
2016_11_BAL_DAL,2016,11,2016-11-20,BAL,DAL,0,55,6.40793,40,4.91394,15,1.49398,28.0,39,0.55695,-1.32624
2016_11_BAL_DAL,2016,11,2016-11-20,DAL,BAL,1,71,13.88117,41,19.53204,30,-5.65087,37.0,60,11.58398,1.32624
2016_11_BUF_CIN,2016,11,2016-11-20,BUF,CIN,0,65,-2.64951,35,-7.29203,30,4.64253,31.0,65,-2.64951,2.96791
2016_11_BUF_CIN,2016,11,2016-11-20,CIN,BUF,1,72,-8.83534,46,-8.01507,26,-0.82027,31.0,72,-8.83534,-2.96791
2016_11_CHI_NYG,2016,11,2016-11-20,CHI,NYG,0,63,2.27058,38,3.12844,25,-0.85786,24.0,63,2.27058,0.97801
2016_11_CHI_NYG,2016,11,2016-11-20,NYG,CHI,1,64,7.25738,39,7.9719,25,-0.71452,26.0,64,7.25738,-0.97801
2016_11_GB_WAS,2016,11,2016-11-20,GB,WAS,0,68,12.03518,51,16.46714,17,-4.43196,30.0,54,12.13501,-4.6514
2016_11_GB_WAS,2016,11,2016-11-20,WAS,GB,1,62,30.21424,35,24.44074,27,5.77349,31.0,58,23.7726,4.6514
2016_11_HOU_OAK,2016,11,2016-11-21,HOU,LV,0,76,8.58757,45,15.11016,31,-6.52259,33.0,76,8.58757,-6.51387
2016_11_HOU_OAK,2016,11,2016-11-21,LV,HOU,1,51,12.42735,33,17.45456,18,-5.02721,21.0,45,9.82648,6.51387
2016_11_JAX_DET,2016,11,2016-11-20,DET,JAX,1,56,-10.53963,37,3.181,19,-13.72063,21.0,53,-10.40235,0.01844
2016_11_JAX_DET,2016,11,2016-11-20,JAX,DET,0,65,-12.66398,38,-0.94436,27,-11.71962,25.0,62,-10.97069,-0.01844
2016_11_MIA_LA,2016,11,2016-11-20,LA,MIA,1,61,-13.41682,36,-12.86013,25,-0.55668,18.0,52,-10.04626,0.51964
2016_11_MIA_LA,2016,11,2016-11-20,MIA,LA,0,60,-9.64925,42,-8.34058,18,-1.30867,23.0,55,-11.47018,-0.51964
2016_11_NE_SF,2016,11,2016-11-20,NE,SF,0,75,16.13813,46,13.18916,29,2.94896,35.0,56,7.48219,4.61812
2016_11_NE_SF,2016,11,2016-11-20,SF,NE,1,63,-0.85897,38,2.93991,25,-3.79888,26.0,48,-4.86711,-4.61812
2016_11_NO_CAR,2016,11,2016-11-17,CAR,NO,1,62,-6.34875,35,-2.02054,27,-4.32821,21.0,38,-5.73066,7.77989
2016_11_NO_CAR,2016,11,2016-11-17,NO,CAR,0,74,4.0477,50,3.09922,24,0.94849,36.0,42,-7.13,-7.77989
2016_11_PHI_SEA,2016,11,2016-11-20,PHI,SEA,0,79,-9.19927,53,-8.82548,26,-0.3738,31.0,43,-5.57693,1.11604
2016_11_PHI_SEA,2016,11,2016-11-20,SEA,PHI,1,64,7.01744,40,8.22479,24,-1.20735,23.0,42,9.81155,-1.11604
2016_11_PIT_CLE,2016,11,2016-11-20,CLE,PIT,1,66,-7.36353,56,-3.54346,10,-3.82007,20.0,38,-7.67532,-0.66511
2016_11_PIT_CLE,2016,11,2016-11-20,PIT,CLE,0,68,8.95107,39,4.42892,29,4.52215,33.0,57,10.5885,0.66511
2016_11_TB_KC,2016,11,2016-11-20,KC,TB,1,52,6.85971,33,8.93349,19,-2.07378,30.0,50,4.9412,-1.78551
2016_11_TB_KC,2016,11,2016-11-20,TB,KC,0,77,11.98822,46,18.41835,31,-6.43013,39.0,76,12.43178,1.78551
2016_11_TEN_IND,2016,11,2016-11-20,IND,TEN,1,56,7.21223,35,11.72203,21,-4.5098,22.0,30,11.76045,-0.89663
2016_11_TEN_IND,2016,11,2016-11-20,TEN,IND,0,72,-0.40194,47,9.8496,25,-10.25154,32.0,46,-6.14566,0.89663
2016_12_ARI_ATL,2016,12,2016-11-27,ARI,ATL,0,65,-1.82237,50,2.4769,15,-4.29927,27.0,45,-0.9752,-4.63809
2016_12_ARI_ATL,2016,12,2016-11-27,ATL,ARI,1,68,12.53144,42,12.07435,26,0.45709,40.0,52,7.14562,4.63809
2016_12_CAR_OAK,2016,12,2016-11-27,CAR,LV,0,63,5.03095,36,1.39009,27,3.64086,26.0,60,4.84693,-5.70067
2016_12_CAR_OAK,2016,12,2016-11-27,LV,CAR,1,71,-1.57216,42,8.51148,29,-10.08364,32.0,69,3.25732,5.70067
2016_12_CIN_BAL,2016,12,2016-11-27,BAL,CIN,1,68,-9.7634,40,-3.11942,28,-6.64398,28.0,52,-4.04345,8.05545
2016_12_CIN_BAL,2016,12,2016-11-27,CIN,BAL,0,75,-4.71612,57,4.06136,18,-8.77748,29.0,69,-14.58071,-8.05545
2016_12_GB_PHI,2016,12,2016-11-28,GB,PHI,0,68,21.77674,44,26.80101,24,-5.02427,34.0,50,21.20407,-0.61105
2016_12_GB_PHI,2016,12,2016-11-28,PHI,GB,1,59,0.23965,45,0.34869,14,-0.10904,29.0,52,1.57266,0.61105
2016_12_JAX_BUF,2016,12,2016-11-27,BUF,JAX,1,53,9.22557,29,9.62486,24,-0.39929,23.0,47,8.88226,2.15888
2016_12_JAX_BUF,2016,12,2016-11-27,JAX,BUF,0,67,6.20079,34,5.99882,33,0.20198,28.0,67,6.20079,-2.15888
2016_12_KC_DEN,2016,12,2016-11-27,DEN,KC,1,79,11.62562,45,18.99845,34,-7.37284,31.0,78,12.05232,-14.55513
2016_12_KC_DEN,2016,12,2016-11-27,KC,DEN,0,82,-7.66784,56,-6.51142,26,-1.15643,34.0,73,-10.80991,14.55513
2016_12_LA_NO,2016,12,2016-11-27,LA,NO,0,52,-12.49691,35,-7.95525,17,-4.54166,22.0,34,-2.57151,4.44764
2016_12_LA_NO,2016,12,2016-11-27,NO,LA,1,73,20.33705,40,15.77562,33,4.56143,34.0,46,13.50365,-4.44764
2016_12_MIN_DET,2016,12,2016-11-24,DET,MIN,1,58,-3.97841,43,0.40651,15,-4.38492,24.0,58,-3.97841,0.79318
2016_12_MIN_DET,2016,12,2016-11-24,MIN,DET,0,58,-3.1521,40,-3.01946,18,-0.13264,25.0,58,-3.1521,-0.79318
2016_12_NE_NYJ,2016,12,2016-11-27,NE,NYJ,0,69,10.46816,51,8.40943,18,2.05873,31.0,66,8.13301,-0.14904
2016_12_NE_NYJ,2016,12,2016-11-27,NYJ,NE,1,56,-3.202,35,-1.21524,21,-1.98676,25.0,56,-3.202,0.14904
2016_12_NYG_CLE,2016,12,2016-11-27,CLE,NYG,1,74,-23.09447,53,-14.95103,21,-8.14345,30.0,59,-21.69262,4.68011
2016_12_NYG_CLE,2016,12,2016-11-27,NYG,CLE,0,54,0.70949,30,6.1796,24,-5.4701,19.0,47,-1.33884,-4.68011
2016_12_PIT_IND,2016,12,2016-11-24,IND,PIT,1,64,-9.80109,42,-3.86071,22,-5.94038,21.0,45,-7.89041,0.35117
2016_12_PIT_IND,2016,12,2016-11-24,PIT,IND,0,54,16.7322,23,11.06299,31,5.66921,25.0,33,14.5796,-0.35117
2016_12_SD_HOU,2016,12,2016-11-27,HOU,LAC,1,68,-11.27889,43,-1.23213,25,-10.04676,29.0,49,-5.81963,4.34049
2016_12_SD_HOU,2016,12,2016-11-27,LAC,HOU,0,56,4.3962,35,7.08343,21,-2.68723,27.0,48,7.03347,-4.34049
2016_12_SEA_TB,2016,12,2016-11-27,SEA,TB,0,63,-18.90404,47,-18.93938,16,0.03534,23.0,53,-18.1645,3.53785
2016_12_SEA_TB,2016,12,2016-11-27,TB,SEA,1,64,-4.67347,32,6.5704,32,-11.24387,28.0,55,4.06717,-3.53785
2016_12_SF_MIA,2016,12,2016-11-27,MIA,SF,1,59,11.83293,35,14.21414,24,-2.3812,26.0,47,9.83499,-1.19856
2016_12_SF_MIA,2016,12,2016-11-27,SF,MIA,0,77,5.80382,57,6.33797,20,-0.53414,35.0,52,-6.27948,1.19856
2016_12_TEN_CHI,2016,12,2016-11-27,CHI,TEN,1,80,0.89895,57,6.78255,23,-5.8836,36.0,49,-8.00106,3.45034
2016_12_TEN_CHI,2016,12,2016-11-27,TEN,CHI,0,57,12.9673,30,13.62488,27,-0.65759,30.0,35,13.29024,-3.45034
2016_12_WAS_DAL,2016,12,2016-11-24,DAL,WAS,1,53,16.18394,27,13.53147,26,2.65247,28.0,47,16.88959,11.99057
2016_12_WAS_DAL,2016,12,2016-11-24,WAS,DAL,0,74,24.13034,55,25.65823,19,-1.52789,36.0,56,11.53837,-11.99057
2016_13_BUF_OAK,2016,13,2016-12-04,BUF,LV,0,72,5.84039,44,-6.71098,28,12.55137,38.0,54,5.81948,-4.25881
2016_13_BUF_OAK,2016,13,2016-12-04,LV,BUF,1,70,7.74013,37,9.18768,33,-1.44755,29.0,60,5.30392,4.25881
2016_13_CAR_SEA,2016,13,2016-12-04,CAR,SEA,0,58,-16.63068,36,-6.70037,22,-9.9303,17.0,23,-10.24644,-3.40337
2016_13_CAR_SEA,2016,13,2016-12-04,SEA,CAR,1,71,17.53667,44,10.35512,27,7.18155,36.0,33,4.48804,3.40337
2016_13_DAL_MIN,2016,13,2016-12-01,DAL,MIN,0,51,-12.47868,26,-2.74105,25,-9.73763,19.0,47,-10.31357,10.48465
2016_13_DAL_MIN,2016,13,2016-12-01,MIN,DAL,1,73,-5.85168,54,-1.01467,19,-4.83701,36.0,65,-6.88576,-10.48465
2016_13_DEN_JAX,2016,13,2016-12-04,DEN,JAX,0,55,-13.42118,29,-8.94153,26,-4.47965,17.0,43,-5.89552,-1.2532
2016_13_DEN_JAX,2016,13,2016-12-04,JAX,DEN,1,84,-26.65395,48,-22.2149,36,-4.43905,24.0,77,-34.0796,1.2532
2016_13_DET_NO,2016,13,2016-12-04,DET,NO,0,69,16.66603,49,18.58939,20,-1.92336,38.0,57,19.18874,0.37435
2016_13_DET_NO,2016,13,2016-12-04,NO,DET,1,61,-10.31976,47,-7.50723,14,-2.81254,24.0,39,-5.69029,-0.37435
2016_13_HOU_GB,2016,13,2016-12-04,GB,HOU,1,58,-1.17783,34,8.2777,24,-9.45553,25.0,49,-4.20945,6.40859
2016_13_HOU_GB,2016,13,2016-12-04,HOU,GB,0,66,-3.23708,42,-0.52091,24,-2.71617,28.0,58,-9.50285,-6.40859
2016_13_IND_NYJ,2016,13,2016-12-05,IND,NYJ,0,70,17.71815,36,27.58645,34,-9.8683,32.0,30,11.28316,8.7285
2016_13_IND_NYJ,2016,13,2016-12-05,NYJ,IND,1,51,-16.40758,39,-11.73708,12,-4.67049,19.0,22,-4.96738,-8.7285
2016_13_KC_ATL,2016,13,2016-12-04,ATL,KC,1,71,8.0088,44,6.93669,27,1.07212,42.0,71,8.0088,6.4838
2016_13_KC_ATL,2016,13,2016-12-04,KC,ATL,0,47,13.63838,27,9.62976,20,4.00862,23.0,47,13.63838,-6.4838
2016_13_LA_NE,2016,13,2016-12-04,LA,NE,0,50,-19.98238,38,-18.01099,12,-1.97139,10.0,17,-12.98605,3.19461
2016_13_LA_NE,2016,13,2016-12-04,NE,LA,1,77,-0.18975,48,-0.93943,29,0.74968,32.0,31,5.73868,-3.19461
2016_13_MIA_BAL,2016,13,2016-12-04,BAL,MIA,1,68,11.8896,51,6.53965,17,5.34995,36.0,27,10.54229,5.16674
2016_13_MIA_BAL,2016,13,2016-12-04,MIA,BAL,0,61,-14.77326,43,-9.84382,18,-4.92944,25.0,19,-2.28207,-5.16674
2016_13_NYG_PIT,2016,13,2016-12-04,NYG,PIT,0,59,-14.26182,46,-15.75428,13,1.49245,28.0,35,-7.81666,1.28842
2016_13_NYG_PIT,2016,13,2016-12-04,PIT,NYG,1,71,-0.47488,40,10.69408,31,-11.16896,27.0,46,11.7523,-1.28842
2016_13_PHI_CIN,2016,13,2016-12-04,CIN,PHI,1,63,10.4699,31,15.91592,32,-5.44601,30.0,19,7.98037,3.48648
2016_13_PHI_CIN,2016,13,2016-12-04,PHI,CIN,0,79,-4.04134,63,-1.29788,16,-2.74346,35.0,30,-4.70261,-3.48648
2016_13_SF_CHI,2016,13,2016-12-04,CHI,SF,1,61,3.74854,24,7.81312,37,-4.06458,24.0,38,9.88762,-1.32205
2016_13_SF_CHI,2016,13,2016-12-04,SF,CHI,0,57,-17.18076,27,-15.98212,30,-1.19864,18.0,38,-7.52514,1.32205
2016_13_TB_SD,2016,13,2016-12-04,LAC,TB,1,55,-1.74978,33,-3.9518,22,2.20202,26.0,55,-1.74978,-1.4517
2016_13_TB_SD,2016,13,2016-12-04,TB,LAC,0,61,7.58331,34,11.14535,27,-3.56203,28.0,58,8.29189,1.4517
2016_13_WAS_ARI,2016,13,2016-12-04,ARI,WAS,1,74,14.10659,51,13.36366,23,0.74293,36.0,74,14.10659,-7.91926
2016_13_WAS_ARI,2016,13,2016-12-04,WAS,ARI,0,59,4.03401,42,0.97672,17,3.05728,27.0,54,1.7488,7.91926
2016_14_ARI_MIA,2016,14,2016-12-11,ARI,MIA,0,68,-12.4938,42,-6.76839,26,-5.72541,32.0,49,-16.32728,0.08146
2016_14_ARI_MIA,2016,14,2016-12-11,MIA,ARI,1,60,-8.8432,29,9.19103,31,-18.03423,22.0,51,-4.0253,-0.08146
2016_14_ATL_LA,2016,14,2016-12-11,ATL,LA,0,58,8.49903,33,12.85673,25,-4.3577,22.0,20,3.9993,3.41743
2016_14_ATL_LA,2016,14,2016-12-11,LA,ATL,1,72,-23.93413,49,-21.1475,23,-2.78663,28.0,23,-14.706,-3.41743
2016_14_BAL_NE,2016,14,2016-12-12,BAL,NE,0,70,0.55001,55,4.06685,15,-3.51684,28.0,49,-1.31013,7.61192
2016_14_BAL_NE,2016,14,2016-12-12,NE,BAL,1,68,9.36499,42,11.78862,26,-2.42363,31.0,44,8.64353,-7.61192
2016_14_CHI_DET,2016,14,2016-12-11,CHI,DET,0,56,3.91336,37,4.35998,19,-0.44662,25.0,56,3.91336,-2.93639
2016_14_CHI_DET,2016,14,2016-12-11,DET,CHI,1,71,-0.07613,46,4.40199,25,-4.47813,31.0,71,-0.07613,2.93639
2016_14_CIN_CLE,2016,14,2016-12-11,CIN,CLE,0,71,8.79868,34,4.48139,37,4.31729,39.0,30,9.36795,2.41261
2016_14_CIN_CLE,2016,14,2016-12-11,CLE,CIN,1,54,-6.62693,34,-12.52047,20,5.89354,18.0,25,-9.72912,-2.41261
2016_14_DAL_NYG,2016,14,2016-12-11,DAL,NYG,0,66,-23.3016,41,-24.92418,25,1.62258,17.0,64,-17.99207,-7.47658
2016_14_DAL_NYG,2016,14,2016-12-11,NYG,DAL,1,65,-21.61428,33,-11.85164,32,-9.76264,19.0,62,-20.00891,7.47658
2016_14_DEN_TEN,2016,14,2016-12-11,DEN,TEN,0,66,-9.9904,57,0.16324,9,-10.15364,27.0,54,-16.1145,-1.76719
2016_14_DEN_TEN,2016,14,2016-12-11,TEN,DEN,1,64,-8.2195,27,-12.11047,37,3.89097,24.0,44,-0.33112,1.76719
2016_14_HOU_IND,2016,14,2016-12-11,HOU,IND,0,69,-0.98725,28,-1.73849,41,0.75124,34.0,69,-0.98725,6.03509
2016_14_HOU_IND,2016,14,2016-12-11,IND,HOU,1,65,-3.33032,50,-6.30732,15,2.977,28.0,65,-3.33032,-6.03509
2016_14_MIN_JAX,2016,14,2016-12-11,JAX,MIN,1,67,1.00126,45,5.0689,22,-4.06764,23.0,59,1.50863,-6.81482
2016_14_MIN_JAX,2016,14,2016-12-11,MIN,JAX,0,64,4.18218,38,16.29864,26,-12.11646,26.0,63,2.23998,6.81482
2016_14_NO_TB,2016,14,2016-12-11,NO,TB,0,61,-9.00195,43,-5.87135,18,-3.13059,24.0,61,-9.00195,1.71728
2016_14_NO_TB,2016,14,2016-12-11,TB,NO,1,64,-0.22667,34,7.21622,30,-7.44289,31.0,61,1.84229,-1.71728
2016_14_NYJ_SF,2016,14,2016-12-11,NYJ,SF,0,83,2.41589,46,-4.96795,37,7.38384,35.0,70,-6.67427,5.36263
2016_14_NYJ_SF,2016,14,2016-12-11,SF,NYJ,1,57,-4.49807,30,-7.84207,27,3.344,21.0,29,5.5574,-5.36263
2016_14_OAK_KC,2016,14,2016-12-08,KC,LV,1,52,-7.76702,28,-0.61086,24,-7.15616,18.0,41,-2.84873,-1.69912
2016_14_OAK_KC,2016,14,2016-12-08,LV,KC,0,76,-16.45472,46,-17.4836,30,1.02889,26.0,64,-22.89387,1.69912
2016_14_PIT_BUF,2016,14,2016-12-11,BUF,PIT,1,52,-0.23881,36,1.96999,16,-2.2088,18.0,35,-7.70147,-6.37043
2016_14_PIT_BUF,2016,14,2016-12-11,PIT,BUF,0,72,5.02996,31,-6.06173,41,11.0917,38.0,49,8.41866,6.37043
2016_14_SD_CAR,2016,14,2016-12-11,CAR,LAC,1,69,-10.67929,33,-8.53326,36,-2.14602,25.0,29,0.51779,7.78208
2016_14_SD_CAR,2016,14,2016-12-11,LAC,CAR,0,64,-11.61024,44,-8.03171,20,-3.57854,22.0,18,-17.8396,-7.78208
2016_14_SEA_GB,2016,14,2016-12-11,GB,SEA,1,56,9.55597,28,12.60258,28,-3.04661,26.0,24,10.04078,-0.92919
2016_14_SEA_GB,2016,14,2016-12-11,SEA,GB,0,71,-22.40234,48,-21.37572,23,-1.02662,34.0,30,-9.36473,0.92919
2016_14_WAS_PHI,2016,14,2016-12-11,PHI,WAS,1,78,-0.38336,53,6.30381,25,-6.68717,35.0,78,-0.38336,6.39846
2016_14_WAS_PHI,2016,14,2016-12-11,WAS,PHI,0,45,11.97712,25,7.11418,20,4.86294,21.0,45,11.97712,-6.39846
2016_15_CAR_WAS,2016,15,2016-12-19,CAR,WAS,0,72,3.01364,41,3.32953,31,-0.31589,30.0,48,3.21012,-0.79091
2016_15_CAR_WAS,2016,15,2016-12-19,WAS,CAR,1,63,-16.23321,51,-9.67918,12,-6.55403,26.0,49,-15.60468,0.79091
2016_15_CLE_BUF,2016,15,2016-12-18,BUF,CLE,1,67,16.69751,31,10.25904,36,6.43847,38.0,39,15.34394,0.65841
2016_15_CLE_BUF,2016,15,2016-12-18,CLE,BUF,0,58,-0.92346,40,2.32949,18,-3.25294,22.0,32,-4.22291,-0.65841
2016_15_DET_NYG,2016,15,2016-12-18,DET,NYG,0,62,-9.05155,45,1.61791,17,-10.66946,24.0,49,-5.1947,-0.61796
2016_15_DET_NYG,2016,15,2016-12-18,NYG,DET,1,64,0.0281,31,4.1919,33,-4.1638,29.0,57,1.06357,0.61796
2016_15_GB_CHI,2016,15,2016-12-18,CHI,GB,1,66,5.39743,46,6.16527,20,-0.76783,36.0,59,-0.91886,2.10205
2016_15_GB_CHI,2016,15,2016-12-18,GB,CHI,0,60,11.73193,39,1.38742,21,10.34451,27.0,59,14.24532,-2.10205
2016_15_IND_MIN,2016,15,2016-12-18,IND,MIN,0,70,12.63824,31,16.17284,39,-3.5346,35.0,39,9.86799,-1.05794
2016_15_IND_MIN,2016,15,2016-12-18,MIN,IND,1,58,-17.88132,49,-10.443,9,-7.43832,27.0,12,-9.56414,1.05794
2016_15_JAX_HOU,2016,15,2016-12-18,HOU,JAX,1,82,-12.41298,53,-4.05083,29,-8.36215,34.0,82,-12.41298,-6.06032
2016_15_JAX_HOU,2016,15,2016-12-18,JAX,HOU,0,53,-16.7616,34,-12.37394,19,-4.38766,15.0,53,-16.7616,6.06032
2016_15_LA_SEA,2016,15,2016-12-15,LA,SEA,0,61,-19.63811,44,-12.73507,17,-6.90304,21.0,36,-12.99251,2.55683
2016_15_LA_SEA,2016,15,2016-12-15,SEA,LA,1,59,12.70543,33,15.8614,26,-3.15597,25.0,45,7.52277,-2.55683
2016_15_MIA_NYJ,2016,15,2016-12-17,MIA,NYJ,0,48,9.83891,20,15.80298,28,-5.96407,18.0,31,7.42859,-1.07308
2016_15_MIA_NYJ,2016,15,2016-12-17,NYJ,MIA,1,76,-21.35168,55,-18.89757,21,-2.45412,28.0,45,-13.58769,1.07308
2016_15_NE_DEN,2016,15,2016-12-18,DEN,NE,1,62,-20.66032,45,-16.36761,17,-4.29272,24.0,50,-17.38399,-5.72941
2016_15_NE_DEN,2016,15,2016-12-18,NE,DEN,0,74,-5.99588,35,0.30076,39,-6.29664,29.0,57,-4.1028,5.72941
2016_15_NO_ARI,2016,15,2016-12-18,ARI,NO,1,59,15.16502,43,8.39814,16,6.76688,36.0,52,8.48362,-6.59941
2016_15_NO_ARI,2016,15,2016-12-18,NO,ARI,0,84,19.31079,54,15.95929,30,3.3515,43.0,74,16.63519,6.59941
2016_15_OAK_SD,2016,15,2016-12-18,LAC,LV,1,55,-6.10156,33,2.4253,22,-8.52686,21.0,55,-6.10156,-6.05213
2016_15_OAK_SD,2016,15,2016-12-18,LV,LAC,0,59,-1.32411,35,6.81484,24,-8.13894,26.0,59,-1.32411,6.05213
2016_15_PHI_BAL,2016,15,2016-12-18,BAL,PHI,1,56,-3.17596,33,-5.90606,23,2.7301,21.0,49,2.15927,-1.89959
2016_15_PHI_BAL,2016,15,2016-12-18,PHI,BAL,0,84,-3.65715,48,-3.52413,36,-0.13302,37.0,76,-0.14204,1.89959
2016_15_PIT_CIN,2016,15,2016-12-18,CIN,PIT,1,58,-0.34632,30,0.37114,28,-0.71746,26.0,55,2.02974,-1.71857
2016_15_PIT_CIN,2016,15,2016-12-18,PIT,CIN,0,70,13.77042,43,15.79609,27,-2.02567,37.0,66,11.91141,1.71857
2016_15_SF_ATL,2016,15,2016-12-18,ATL,SF,1,67,21.49789,26,23.79182,41,-2.29392,37.0,12,6.93036,6.45701
2016_15_SF_ATL,2016,15,2016-12-18,SF,ATL,0,55,-3.45799,36,0.79649,19,-4.25448,22.0,13,-9.35348,-6.45701
2016_15_TB_DAL,2016,15,2016-12-18,DAL,TB,1,73,2.06164,44,1.35153,29,0.71011,36.0,69,3.72443,-1.66676
2016_15_TB_DAL,2016,15,2016-12-18,TB,DAL,0,61,-6.88716,42,-1.64601,19,-5.24114,24.0,58,-7.01878,1.66676
2016_15_TEN_KC,2016,15,2016-12-18,KC,TEN,1,58,-3.46358,32,-1.41693,26,-2.04665,22.0,52,2.69031,-0.48893
2016_15_TEN_KC,2016,15,2016-12-18,TEN,KC,0,63,-1.58922,35,-7.84385,28,6.25462,31.0,63,-1.58922,0.48893
2016_16_ARI_SEA,2016,16,2016-12-24,ARI,SEA,0,59,6.20821,30,11.4181,29,-5.20988,27.0,56,7.70664,0.83139
2016_16_ARI_SEA,2016,16,2016-12-24,SEA,ARI,1,82,-0.81471,55,7.79385,27,-8.60856,32.0,71,-3.14715,-0.83139
2016_16_ATL_CAR,2016,16,2016-12-24,ATL,CAR,0,63,15.32806,40,11.59463,23,3.73342,32.0,39,9.96801,-1.94331
2016_16_ATL_CAR,2016,16,2016-12-24,CAR,ATL,1,68,-12.42578,49,-17.26526,19,4.83948,25.0,38,-15.2336,1.94331
2016_16_BAL_PIT,2016,16,2016-12-25,BAL,PIT,0,75,4.78815,48,4.77275,27,0.0154,28.0,74,4.69588,3.38222
2016_16_BAL_PIT,2016,16,2016-12-25,PIT,BAL,1,55,11.3513,34,6.18873,21,5.16257,36.0,55,11.3513,-3.38222
2016_16_CIN_HOU,2016,16,2016-12-24,CIN,HOU,0,63,-9.39524,44,-5.68033,19,-3.7149,27.0,63,-9.39524,-2.64423
2016_16_CIN_HOU,2016,16,2016-12-24,HOU,CIN,1,64,-8.57221,41,-4.16347,23,-4.40874,23.0,64,-8.57221,2.64423
2016_16_DEN_KC,2016,16,2016-12-25,DEN,KC,0,61,-14.74721,46,-14.36077,15,-0.38645,22.0,47,-9.71108,3.13757
2016_16_DEN_KC,2016,16,2016-12-25,KC,DEN,1,75,11.54792,40,6.39066,35,5.15726,33.0,34,9.12204,-3.13757
2016_16_DET_DAL,2016,16,2016-12-26,DAL,DET,1,57,25.21203,29,20.94203,28,4.27,31.0,41,22.94163,0.00313
2016_16_DET_DAL,2016,16,2016-12-26,DET,DAL,0,71,1.42323,51,-3.8422,20,5.26543,32.0,46,6.45395,-0.00313
2016_16_IND_OAK,2016,16,2016-12-24,IND,LV,0,54,3.63538,34,9.29323,20,-5.65785,31.0,29,-3.3486,3.9339
2016_16_IND_OAK,2016,16,2016-12-24,LV,IND,1,73,15.57539,38,13.18276,35,2.39264,35.0,42,15.39688,-3.9339
2016_16_MIA_BUF,2016,16,2016-12-24,BUF,MIA,1,91,16.609,46,19.63182,45,-3.02282,48.0,87,15.13739,-7.51105
2016_16_MIA_BUF,2016,16,2016-12-24,MIA,BUF,0,67,17.90889,29,7.24996,38,10.65893,31.0,67,17.90889,7.51105
2016_16_MIN_GB,2016,16,2016-12-24,GB,MIN,1,59,8.78002,45,13.89146,14,-5.11144,25.0,33,15.04158,1.10247
2016_16_MIN_GB,2016,16,2016-12-24,MIN,GB,0,77,1.09841,57,6.35126,20,-5.25285,35.0,31,0.81459,-1.10247
2016_16_NYG_PHI,2016,16,2016-12-22,NYG,PHI,0,89,-4.17714,63,-3.31149,26,-0.86565,38.0,85,-6.55748,1.28434
2016_16_NYG_PHI,2016,16,2016-12-22,PHI,NYG,1,54,-1.40723,28,6.18056,26,-7.58779,21.0,50,0.55174,-1.28434
2016_16_NYJ_NE,2016,16,2016-12-24,NE,NYJ,1,71,13.1198,34,17.41552,37,-4.29572,31.0,25,0.98023,7.22046
2016_16_NYJ_NE,2016,16,2016-12-24,NYJ,NE,0,56,-19.84694,28,-15.20393,28,-4.64301,21.0,22,-14.00533,-7.22046
2016_16_SD_CLE,2016,16,2016-12-24,CLE,LAC,1,71,2.25682,45,4.26239,26,-2.00557,25.0,71,2.25682,5.09039
2016_16_SD_CLE,2016,16,2016-12-24,LAC,CLE,0,67,5.78105,47,12.07498,20,-6.29393,25.0,67,5.78105,-5.09039
2016_16_SF_LA,2016,16,2016-12-24,LA,SF,1,58,-10.9342,31,-8.76426,27,-2.16995,18.0,50,-11.56557,4.05777
2016_16_SF_LA,2016,16,2016-12-24,SF,LA,0,72,-4.26875,47,3.45857,25,-7.72732,31.0,57,-11.86543,-4.05777
2016_16_TB_NO,2016,16,2016-12-24,NO,TB,1,67,10.85917,39,8.97064,28,1.88853,37.0,54,17.02434,2.64365
2016_16_TB_NO,2016,16,2016-12-24,TB,NO,0,61,7.64977,43,7.17747,18,0.4723,32.0,44,-1.15407,-2.64365
2016_16_TEN_JAX,2016,16,2016-12-24,JAX,TEN,1,71,6.48029,45,14.26322,26,-7.78293,36.0,49,5.35406,3.28749
2016_16_TEN_JAX,2016,16,2016-12-24,TEN,JAX,0,68,-11.43714,49,-6.76691,19,-4.67024,27.0,33,-5.13501,-3.28749
2016_16_WAS_CHI,2016,16,2016-12-24,CHI,WAS,1,70,-0.91635,44,-4.53115,26,3.61479,37.0,40,7.72321,-1.92696
2016_16_WAS_CHI,2016,16,2016-12-24,WAS,CHI,0,66,25.14059,32,12.02656,34,13.11404,36.0,46,25.47684,1.92696
2016_17_ARI_LA,2016,17,2017-01-01,ARI,LA,0,70,2.30173,45,5.02313,25,-2.72139,28.0,44,2.20207,-2.80723
2016_17_ARI_LA,2016,17,2017-01-01,LA,ARI,1,61,-44.42943,38,-36.77001,23,-7.65942,18.0,31,-21.51949,2.80723
2016_17_BAL_CIN,2016,17,2017-01-01,BAL,CIN,0,73,-10.20523,56,-13.22917,17,3.02394,33.0,35,-3.41036,0.75378
2016_17_BAL_CIN,2016,17,2017-01-01,CIN,BAL,1,65,8.84248,31,4.49066,34,4.35182,32.0,21,12.49004,-0.75378
2016_17_BUF_NYJ,2016,17,2017-01-01,BUF,NYJ,0,63,-25.29307,37,-14.29782,26,-10.99525,22.0,40,-12.94962,-5.38034
2016_17_BUF_NYJ,2016,17,2017-01-01,NYJ,BUF,1,61,-7.02683,31,5.34876,30,-12.37559,22.0,47,0.91438,5.38034
2016_17_CAR_TB,2016,17,2017-01-01,CAR,TB,0,69,-9.85167,37,-7.20634,32,-2.64533,29.0,69,-9.85167,-2.17954
2016_17_CAR_TB,2016,17,2017-01-01,TB,CAR,1,62,-10.67977,40,-8.91769,22,-1.76208,21.0,62,-10.67977,2.17954
2016_17_CHI_MIN,2016,17,2017-01-01,CHI,MIN,0,60,-15.56637,23,-8.94195,37,-6.62442,30.0,37,-2.55676,-6.11098
2016_17_CHI_MIN,2016,17,2017-01-01,MIN,CHI,1,60,8.52653,36,10.33041,24,-1.80388,27.0,32,10.88598,6.11098
2016_17_CLE_PIT,2016,17,2017-01-01,CLE,PIT,0,78,3.17843,46,5.22596,32,-2.04753,39.0,71,9.66391,0.51382
2016_17_CLE_PIT,2016,17,2017-01-01,PIT,CLE,1,71,3.25903,43,9.62206,28,-6.36303,27.0,71,3.25903,-0.51382
2016_17_DAL_PHI,2016,17,2017-01-01,DAL,PHI,0,55,-12.29206,37,-7.64638,18,-4.64567,22.0,48,-8.99832,4.71307
2016_17_DAL_PHI,2016,17,2017-01-01,PHI,DAL,1,76,2.96179,47,5.16045,29,-2.19866,37.0,73,1.14667,-4.71307
2016_17_GB_DET,2016,17,2017-01-01,DET,GB,1,66,8.16952,45,8.92538,21,-0.75586,31.0,58,4.85266,-0.25447
2016_17_GB_DET,2016,17,2017-01-01,GB,DET,0,71,21.85539,49,17.85632,22,3.99907,43.0,64,19.74732,0.25447
2016_17_HOU_TEN,2016,17,2017-01-01,HOU,TEN,0,72,-2.49244,52,0.48614,20,-2.97857,29.0,47,-12.45194,-8.29036
2016_17_HOU_TEN,2016,17,2017-01-01,TEN,HOU,1,60,-3.96871,32,-1.86536,28,-2.10336,20.0,40,-4.2422,8.29036
2016_17_JAX_IND,2016,17,2017-01-01,IND,JAX,1,69,-3.56414,48,0.62027,21,-4.18441,32.0,69,-3.56414,2.84381
2016_17_JAX_IND,2016,17,2017-01-01,JAX,IND,0,73,2.61359,43,0.25377,30,2.35982,36.0,59,3.08186,-2.84381
2016_17_KC_SD,2016,17,2017-01-01,KC,LAC,0,61,7.86359,34,14.69885,27,-6.83526,31.0,48,21.98903,12.85623
2016_17_KC_SD,2016,17,2017-01-01,LAC,KC,1,66,5.35867,40,2.89567,26,2.463,32.0,40,-0.37352,-12.85623
2016_17_NE_MIA,2016,17,2017-01-01,MIA,NE,1,59,-10.14581,35,-3.09981,24,-7.046,26.0,31,-1.35551,2.42995
2016_17_NE_MIA,2016,17,2017-01-01,NE,MIA,0,66,18.29254,37,16.26518,29,2.02736,37.0,39,21.68311,-2.42995
2016_17_NO_ATL,2016,17,2017-01-01,ATL,NO,1,61,23.01823,39,21.34626,22,1.67197,31.0,16,19.13789,-6.28152
2016_17_NO_ATL,2016,17,2017-01-01,NO,ATL,0,74,14.33853,51,7.32458,23,7.01395,34.0,31,3.0434,6.28152
2016_17_NYG_WAS,2016,17,2017-01-01,NYG,WAS,0,71,-7.05843,30,-2.55663,41,-4.5018,24.0,68,-5.12854,1.72471
2016_17_NYG_WAS,2016,17,2017-01-01,WAS,NYG,1,55,-17.4535,39,-11.31745,16,-6.13604,20.0,54,-10.65899,-1.72471
2016_17_OAK_DEN,2016,17,2017-01-01,DEN,LV,1,72,0.44111,33,9.26745,39,-8.82635,26.0,31,10.19538,-5.5019
2016_17_OAK_DEN,2016,17,2017-01-01,LV,DEN,0,53,-24.11119,37,-15.82483,16,-8.28635,20.0,22,-6.69013,5.5019
2016_17_SEA_SF,2016,17,2017-01-01,SEA,SF,0,63,5.83946,41,6.27397,22,-0.43452,26.0,60,6.4712,-4.13159
2016_17_SEA_SF,2016,17,2017-01-01,SF,SEA,1,60,-10.27537,29,2.98303,31,-13.2584,25.0,60,-10.27537,4.13159
2016_18_DET_SEA,2016,18,2017-01-07,DET,SEA,0,52,-10.85546,39,-7.81967,13,-3.03579,19.0,41,-7.07353,3.15069
2016_18_DET_SEA,2016,18,2017-01-07,SEA,DET,1,70,15.80713,35,12.20809,35,3.59904,33.0,54,6.91372,-3.15069
2016_18_MIA_PIT,2016,18,2017-01-08,MIA,PIT,0,65,-12.10183,45,-4.99095,20,-7.11088,24.0,33,-5.24487,6.33542
2016_18_MIA_PIT,2016,18,2017-01-08,PIT,MIA,1,55,9.27756,23,4.55855,32,4.71902,26.0,22,20.00164,-6.33542
2016_18_NYG_GB,2016,18,2017-01-08,GB,NYG,1,70,9.8839,46,16.36613,24,-6.48223,30.0,49,0.18561,7.91075
2016_18_NYG_GB,2016,18,2017-01-08,NYG,GB,0,63,-7.94512,47,-4.34753,16,-3.5976,24.0,46,0.65015,-7.91075
2016_18_OAK_HOU,2016,18,2017-01-07,HOU,LV,1,71,-5.62918,32,5.10657,39,-10.73575,25.0,41,-0.62795,-1.63397
2016_18_OAK_HOU,2016,18,2017-01-07,LV,HOU,0,73,-23.40246,52,-20.67013,21,-2.73233,21.0,33,-19.77891,1.63397
2016_19_GB_DAL,2016,19,2017-01-15,DAL,GB,1,66,10.60801,44,8.50391,22,2.1041,36.0,56,4.20099,2.36283
2016_19_GB_DAL,2016,19,2017-01-15,GB,DAL,0,66,20.16147,50,18.34564,16,1.81584,33.0,55,26.20506,-2.36283
2016_19_HOU_NE,2016,19,2017-01-14,HOU,NE,0,69,-22.37487,47,-19.99695,22,-2.37792,24.0,56,-19.2486,1.33099
2016_19_HOU_NE,2016,19,2017-01-14,NE,HOU,1,66,-2.51219,43,0.61404,23,-3.12624,26.0,43,2.4861,-1.33099
2016_19_PIT_KC,2016,19,2017-01-15,KC,PIT,1,54,-1.53404,41,-0.97535,13,-0.55869,22.0,54,-1.53404,-0.65943
2016_19_PIT_KC,2016,19,2017-01-15,PIT,KC,0,63,2.05963,32,-4.12714,31,6.18676,31.0,63,2.05963,0.65943
2016_19_SEA_ATL,2016,19,2017-01-14,ATL,SEA,1,68,17.72061,41,16.69872,27,1.02189,36.0,38,12.53646,0.22159
2016_19_SEA_ATL,2016,19,2017-01-14,SEA,ATL,0,54,-3.09228,39,-0.54777,15,-2.54451,22.0,26,4.18013,-0.22159
2016_20_GB_ATL,2016,20,2017-01-22,ATL,GB,1,71,29.38665,42,35.78458,29,-6.39793,36.0,31,11.47606,6.32074
2016_20_GB_ATL,2016,20,2017-01-22,GB,ATL,0,66,10.55541,52,13.94351,14,-3.3881,31.0,13,-1.02582,-6.32074
2016_20_PIT_NE,2016,20,2017-01-22,NE,PIT,1,69,17.84966,45,19.89029,24,-2.04063,35.0,44,11.17072,5.51929
2016_20_PIT_NE,2016,20,2017-01-22,PIT,NE,0,68,-1.42374,48,3.00986,20,-4.4336,31.0,47,2.84489,-5.51929
2016_21_NE_ATL,2016,21,2017-02-05,ATL,NE,1,48,5.09492,29,4.35145,19,0.74347,24.0,22,9.41523,0.59463
2016_21_NE_ATL,2016,21,2017-02-05,NE,ATL,0,97,8.96649,73,14.5529,24,-5.5864,47.0,45,-5.69316,-0.59463
2017_01_ARI_DET,2017,1,2017-09-10,ARI,DET,0,74,-20.41914,56,-12.04607,18,-8.37307,30.0,61,-18.42158,-4.70236
2017_01_ARI_DET,2017,1,2017-09-10,DET,ARI,1,69,-7.78035,43,1.516,26,-9.29635,28.0,67,-7.23797,4.70236
2017_01_ATL_CHI,2017,1,2017-09-10,ATL,CHI,0,57,13.515,35,18.75185,22,-5.23685,27.0,57,13.515,-2.72758
2017_01_ATL_CHI,2017,1,2017-09-10,CHI,ATL,1,67,0.24746,47,-6.67266,20,6.92012,26.0,67,0.24746,2.72758
2017_01_BAL_CIN,2017,1,2017-09-10,BAL,CIN,0,66,-2.31808,22,1.64761,44,-3.96569,24.0,27,2.34181,-1.57027
2017_01_BAL_CIN,2017,1,2017-09-10,CIN,BAL,1,61,-31.21641,38,-29.53287,23,-1.68355,17.0,36,-20.00197,1.57027
2017_01_CAR_SF,2017,1,2017-09-10,CAR,SF,0,63,-0.89557,28,6.12275,35,-7.01832,25.0,33,-3.43998,1.32175
2017_01_CAR_SF,2017,1,2017-09-10,SF,CAR,1,57,-22.73225,40,-14.21708,17,-8.51516,22.0,34,-20.17303,-1.32175
2017_01_IND_LA,2017,1,2017-09-10,IND,LA,0,49,-28.56791,27,-25.62127,22,-2.94664,16.0,23,-13.54523,-6.40385
2017_01_IND_LA,2017,1,2017-09-10,LA,IND,1,62,3.58453,31,10.5291,31,-6.94457,24.0,21,1.31992,6.40385
2017_01_JAX_HOU,2017,1,2017-09-10,HOU,JAX,1,79,-33.05244,58,-30.48861,21,-2.56382,30.0,38,-20.28652,5.98203
2017_01_JAX_HOU,2017,1,2017-09-10,JAX,HOU,0,62,6.25582,23,5.00464,39,1.25118,29.0,43,5.96994,-5.98203
2017_01_KC_NE,2017,1,2017-09-07,KC,NE,0,65,23.27391,40,20.09457,25,3.17934,36.0,60,17.02793,-1.51465
2017_01_KC_NE,2017,1,2017-09-07,NE,KC,1,80,0.36785,45,5.84345,35,-5.4756,35.0,75,4.13688,1.51465
2017_01_LAC_DEN,2017,1,2017-09-11,DEN,LAC,1,67,-0.52194,37,6.87371,30,-7.39565,28.0,49,8.41458,3.24746
2017_01_LAC_DEN,2017,1,2017-09-11,LAC,DEN,0,58,1.35051,36,7.87127,22,-6.52076,26.0,43,3.42644,-3.24746
2017_01_NO_MIN,2017,1,2017-09-11,MIN,NO,1,63,18.86057,35,21.1999,28,-2.33933,26.0,38,16.59489,0.12962
2017_01_NO_MIN,2017,1,2017-09-11,NO,MIN,0,62,8.42272,41,11.68546,21,-3.26274,31.0,38,1.32178,-0.12962
2017_01_NYG_DAL,2017,1,2017-09-10,DAL,NYG,1,73,5.40032,43,8.13922,30,-2.7389,35.0,43,4.77082,3.21213
2017_01_NYG_DAL,2017,1,2017-09-10,NYG,DAL,0,56,-8.90529,45,-7.63074,11,-1.27455,25.0,24,-8.71976,-3.21213
2017_01_NYJ_BUF,2017,1,2017-09-10,BUF,NYJ,1,74,5.83543,34,9.06623,40,-3.2308,28.0,63,9.86215,-10.24546
2017_01_NYJ_BUF,2017,1,2017-09-10,NYJ,BUF,0,56,-12.63253,41,-12.72861,15,0.09607,18.0,51,-7.05054,10.24546
2017_01_OAK_TEN,2017,1,2017-09-10,LV,TEN,0,65,9.85675,38,8.56919,27,1.28756,29.0,51,10.14765,6.36633
2017_01_OAK_TEN,2017,1,2017-09-10,TEN,LV,1,64,3.56175,44,3.9163,20,-0.35456,27.0,52,0.96071,-6.36633
2017_01_PHI_WAS,2017,1,2017-09-10,PHI,WAS,0,67,-6.08673,45,7.24807,22,-13.3348,27.0,67,-6.08673,8.46698
2017_01_PHI_WAS,2017,1,2017-09-10,WAS,PHI,1,63,-15.08845,49,-11.65382,14,-3.43463,24.0,57,-14.02268,-8.46698
2017_01_PIT_CLE,2017,1,2017-09-10,CLE,PIT,1,65,-4.36267,43,3.375,22,-7.73767,27.0,57,-8.14693,-3.46563
2017_01_PIT_CLE,2017,1,2017-09-10,PIT,CLE,0,57,0.648,40,6.27486,17,-5.62685,21.0,42,5.23344,3.46563
2017_01_SEA_GB,2017,1,2017-09-10,GB,SEA,1,79,0.60747,57,6.20477,22,-5.59731,36.0,58,-1.35293,-2.12471
2017_01_SEA_GB,2017,1,2017-09-10,SEA,GB,0,49,-11.88828,33,-7.02012,16,-4.86816,20.0,47,-14.2291,2.12471
2017_02_ARI_IND,2017,2,2017-09-17,ARI,IND,0,64,-2.69987,40,1.33638,24,-4.03625,25.0,60,-5.56867,-1.13913
2017_02_ARI_IND,2017,2,2017-09-17,IND,ARI,1,71,-11.44017,44,-6.63611,27,-4.80406,26.0,68,-9.49922,1.13913
2017_02_BUF_CAR,2017,2,2017-09-17,BUF,CAR,0,54,-14.27489,37,-5.28583,17,-8.98906,18.0,54,-14.27489,-0.96827
2017_02_BUF_CAR,2017,2,2017-09-17,CAR,BUF,1,68,-7.63979,43,1.703,25,-9.3428,27.0,67,-6.87289,0.96827
2017_02_CHI_TB,2017,2,2017-09-17,CHI,TB,0,64,-17.18679,48,-8.69827,16,-8.48852,27.0,21,-6.91334,-6.67202
2017_02_CHI_TB,2017,2,2017-09-17,TB,CHI,1,69,1.34336,36,6.41897,33,-5.07561,31.0,26,3.83606,6.67202
2017_02_CLE_BAL,2017,2,2017-09-17,BAL,CLE,1,67,-2.30331,36,6.66895,31,-8.97225,29.0,39,2.88744,-1.95682
2017_02_CLE_BAL,2017,2,2017-09-17,CLE,BAL,0,71,-14.77911,54,-12.48055,17,-2.29856,23.0,44,-13.91099,1.95682
2017_02_DAL_DEN,2017,2,2017-09-17,DAL,DEN,0,71,-20.92513,60,-17.6496,11,-3.27553,30.0,24,-3.9217,6.28492
2017_02_DAL_DEN,2017,2,2017-09-17,DEN,DAL,1,76,5.80901,40,7.36652,36,-1.5575,40.0,51,13.18376,-6.28492
2017_02_DET_NYG,2017,2,2017-09-18,DET,NYG,0,62,-7.54465,30,1.47624,32,-9.02089,21.0,50,-3.70959,10.29963
2017_02_DET_NYG,2017,2,2017-09-18,NYG,DET,1,56,-15.90324,37,-8.44908,19,-7.45417,18.0,36,-10.35541,-10.29963
2017_02_GB_ATL,2017,2,2017-09-17,ATL,GB,1,58,11.33174,32,9.12289,26,2.20885,31.0,34,10.83648,2.13097
2017_02_GB_ATL,2017,2,2017-09-17,GB,ATL,0,74,6.01476,60,7.01932,14,-1.00456,40.0,32,-1.70159,-2.13097
2017_02_HOU_CIN,2017,2,2017-09-14,CIN,HOU,1,64,-19.58529,40,-10.49691,24,-9.08838,20.0,63,-19.5958,4.21515
2017_02_HOU_CIN,2017,2,2017-09-14,HOU,CIN,0,66,-7.69547,35,1.56357,31,-9.25904,27.0,63,-5.94448,-4.21515
2017_02_MIA_LAC,2017,2,2017-09-17,LAC,MIA,1,58,9.31456,43,10.54706,15,-1.23249,31.0,58,9.31456,-6.34282
2017_02_MIA_LAC,2017,2,2017-09-17,MIA,LAC,0,67,8.65103,36,8.29244,31,0.35859,28.0,67,8.65103,6.34282
2017_02_MIN_PIT,2017,2,2017-09-17,MIN,PIT,0,66,-15.54716,44,-12.78337,22,-2.76379,22.0,47,-12.82954,1.16837
2017_02_MIN_PIT,2017,2,2017-09-17,PIT,MIN,1,72,5.23705,41,9.82379,31,-4.58674,31.0,46,5.7224,-1.16837
2017_02_NE_NO,2017,2,2017-09-17,NE,NO,0,76,24.39433,44,28.12514,32,-3.73082,40.0,38,23.53693,-0.92537
2017_02_NE_NO,2017,2,2017-09-17,NO,NE,1,64,-0.07355,47,0.13054,17,-0.20409,28.0,39,-4.89819,0.92537
2017_02_NYJ_OAK,2017,2,2017-09-17,LV,NYJ,1,57,23.4613,29,18.56141,28,4.89989,29.0,40,15.23317,2.61109
2017_02_NYJ_OAK,2017,2,2017-09-17,NYJ,LV,0,56,3.17713,33,3.55596,23,-0.37883,30.0,37,4.84331,-2.61109
2017_02_PHI_KC,2017,2,2017-09-17,KC,PHI,1,53,8.57427,36,5.2356,17,3.33868,23.0,47,3.87734,4.77225
2017_02_PHI_KC,2017,2,2017-09-17,PHI,KC,0,72,8.0073,58,11.181,14,-3.1737,36.0,58,2.86857,-4.77225
2017_02_SF_SEA,2017,2,2017-09-17,SEA,SF,1,78,-3.24522,48,0.82387,30,-4.06909,28.0,78,-3.24522,-3.97646
2017_02_SF_SEA,2017,2,2017-09-17,SF,SEA,0,49,-12.51649,29,-15.90884,20,3.39235,14.0,49,-12.51649,3.97646
2017_02_TEN_JAX,2017,2,2017-09-17,JAX,TEN,1,66,-12.73888,42,-11.05519,24,-1.68369,28.0,42,-20.36276,-5.46578
2017_02_TEN_JAX,2017,2,2017-09-17,TEN,JAX,0,66,9.27812,32,1.79184,34,7.48628,33.0,44,-4.85978,5.46578
2017_02_WAS_LA,2017,2,2017-09-17,LA,WAS,1,50,-1.01041,31,3.09939,19,-4.1098,20.0,50,-1.01041,1.51898
2017_02_WAS_LA,2017,2,2017-09-17,WAS,LA,0,71,10.21837,32,6.62849,39,3.58988,33.0,68,14.22157,-1.51898
2017_03_ATL_DET,2017,3,2017-09-24,ATL,DET,0,67,2.18237,39,-2.87622,28,5.05859,35.0,67,2.18237,-1.12131
2017_03_ATL_DET,2017,3,2017-09-24,DET,ATL,1,70,-7.68668,53,-2.77344,17,-4.91325,27.0,70,-7.68668,1.12131
2017_03_BAL_JAX,2017,3,2017-09-24,BAL,JAX,0,58,-26.3807,33,-19.60363,25,-6.77708,21.0,13,-14.78729,0.58294
2017_03_BAL_JAX,2017,3,2017-09-24,JAX,BAL,1,71,17.06911,38,18.24758,33,-1.17846,32.0,27,7.43885,-0.58294
2017_03_CIN_GB,2017,3,2017-09-24,CIN,GB,0,60,4.59504,31,7.59973,29,-3.00469,28.0,60,4.59504,-6.71746
2017_03_CIN_GB,2017,3,2017-09-24,GB,CIN,1,70,-1.36537,56,1.31898,14,-2.68434,32.0,69,1.08806,6.71746
2017_03_CLE_IND,2017,3,2017-09-24,CLE,IND,0,77,0.19929,60,-1.41556,17,1.61485,33.0,32,-7.91149,-0.90854
2017_03_CLE_IND,2017,3,2017-09-24,IND,CLE,1,65,1.34606,32,6.76626,33,-5.42019,22.0,29,14.43452,0.90854
2017_03_DAL_ARI,2017,3,2017-09-25,ARI,DAL,1,81,-0.50722,59,2.14889,22,-2.65611,33.0,67,2.37344,-7.09257
2017_03_DAL_ARI,2017,3,2017-09-25,DAL,ARI,0,46,5.29544,21,4.79011,25,0.50533,18.0,43,7.22569,7.09257
2017_03_DEN_BUF,2017,3,2017-09-24,BUF,DEN,1,62,-4.10077,34,4.47737,28,-8.57814,23.0,52,-2.63526,4.89437
2017_03_DEN_BUF,2017,3,2017-09-24,DEN,BUF,0,71,-4.0397,50,-3.18602,21,-0.85368,27.0,64,-3.16982,-4.89437
2017_03_HOU_NE,2017,3,2017-09-24,HOU,NE,0,71,8.45816,42,9.99785,29,-1.53969,31.0,71,8.45816,4.10182
2017_03_HOU_NE,2017,3,2017-09-24,NE,HOU,1,63,5.12791,44,11.73258,19,-6.60467,27.0,63,5.12791,-4.10182
2017_03_KC_LAC,2017,3,2017-09-24,KC,LAC,0,54,1.48546,29,-4.94571,25,6.43117,25.0,49,-3.67054,4.66246
2017_03_KC_LAC,2017,3,2017-09-24,LAC,KC,1,73,-8.24692,47,-7.11912,26,-1.1278,31.0,64,-7.30329,-4.66246
2017_03_LA_SF,2017,3,2017-09-21,LA,SF,0,64,24.97629,33,27.20862,31,-2.23233,34.0,47,26.92461,-11.39412
2017_03_LA_SF,2017,3,2017-09-21,SF,LA,1,78,2.64148,45,5.77076,33,-3.12928,32.0,69,-3.46377,11.39412
2017_03_MIA_NYJ,2017,3,2017-09-24,MIA,NYJ,0,64,-18.99092,50,-11.42064,14,-7.57028,22.0,28,-13.4299,0.07891
2017_03_MIA_NYJ,2017,3,2017-09-24,NYJ,MIA,1,62,-4.25681,29,5.19154,33,-9.44835,25.0,38,2.25601,-0.07891
2017_03_NO_CAR,2017,3,2017-09-24,CAR,NO,1,59,-11.10711,38,-16.5483,21,5.44119,27.0,28,-4.78619,0.60925
2017_03_NO_CAR,2017,3,2017-09-24,NO,CAR,0,58,14.88896,31,11.73661,27,3.15235,26.0,38,15.55284,-0.60925
2017_03_NYG_PHI,2017,3,2017-09-24,NYG,PHI,0,70,3.06141,53,10.49511,17,-7.4337,35.0,60,0.82348,0.37417
2017_03_NYG_PHI,2017,3,2017-09-24,PHI,NYG,1,75,3.09704,39,-2.28679,36,5.38382,36.0,71,5.61675,-0.37417
2017_03_OAK_WAS,2017,3,2017-09-24,LV,WAS,0,50,-25.72598,38,-20.33766,12,-5.38832,13.0,19,-13.15059,10.26601
2017_03_OAK_WAS,2017,3,2017-09-24,WAS,LV,1,68,3.99449,33,17.48643,35,-13.49193,27.0,32,7.67874,-10.26601
2017_03_PIT_CHI,2017,3,2017-09-24,CHI,PIT,1,65,-7.17713,28,-7.98983,37,0.8127,25.0,64,-9.68902,9.27277
2017_03_PIT_CHI,2017,3,2017-09-24,PIT,CHI,0,64,-2.14345,46,-1.41892,18,-0.72453,32.0,64,-2.14345,-9.27277
2017_03_SEA_TEN,2017,3,2017-09-24,SEA,TEN,0,72,7.06453,55,12.41611,17,-5.35158,33.0,43,-2.93663,-6.78253
2017_03_SEA_TEN,2017,3,2017-09-24,TEN,SEA,1,71,5.95523,38,4.88216,33,1.07307,32.0,59,8.90584,6.78253
2017_03_TB_MIN,2017,3,2017-09-24,MIN,TB,1,71,17.17384,39,22.98151,32,-5.80767,32.0,38,9.39934,-0.31797
2017_03_TB_MIN,2017,3,2017-09-24,TB,MIN,0,53,-0.4672,45,1.65857,8,-2.12577,28.0,20,-3.04421,0.31797
2017_04_BUF_ATL,2017,4,2017-10-01,ATL,BUF,1,76,-7.61146,47,-8.15604,29,0.54458,33.0,76,-7.61146,-4.50214
2017_04_BUF_ATL,2017,4,2017-10-01,BUF,ATL,0,58,1.73246,26,6.08553,32,-4.35307,25.0,58,1.73246,4.50214
2017_04_CAR_NE,2017,4,2017-10-01,CAR,NE,0,63,21.25597,36,22.56621,27,-1.31024,33.0,63,21.25597,-2.62998
2017_04_CAR_NE,2017,4,2017-10-01,NE,CAR,1,70,13.08503,51,10.23931,19,2.84572,40.0,62,9.15111,2.62998
2017_04_CHI_GB,2017,4,2017-09-28,CHI,GB,0,68,-9.34322,36,-5.77077,32,-3.57245,25.0,29,-17.45764,-3.39541
2017_04_CHI_GB,2017,4,2017-09-28,GB,CHI,1,54,11.14974,31,10.24924,23,0.90051,24.0,25,0.3226,3.39541
2017_04_CIN_CLE,2017,4,2017-10-01,CIN,CLE,0,64,8.97837,38,15.31661,26,-6.33824,30.0,30,2.88733,7.13234
2017_04_CIN_CLE,2017,4,2017-10-01,CLE,CIN,1,65,-13.30116,51,-9.22294,14,-4.07821,21.0,26,-9.68968,-7.13234
2017_04_DET_MIN,2017,4,2017-10-01,DET,MIN,0,66,-8.20304,37,-3.37332,29,-4.82972,24.0,63,-6.25323,4.15937
2017_04_DET_MIN,2017,4,2017-10-01,MIN,DET,1,56,-16.52962,34,-5.39616,22,-11.13347,22.0,56,-16.52962,-4.15937
2017_04_IND_SEA,2017,4,2017-10-01,IND,SEA,0,59,-12.66509,35,-11.41794,24,-1.24715,21.0,47,-7.83208,1.38201
2017_04_IND_SEA,2017,4,2017-10-01,SEA,IND,1,67,15.9965,37,11.94128,30,4.05522,31.0,47,4.1409,-1.38201
2017_04_JAX_NYJ,2017,4,2017-10-01,JAX,NYJ,0,77,-9.02724,41,-8.18846,36,-0.83878,33.0,76,-8.23063,-3.18861
2017_04_JAX_NYJ,2017,4,2017-10-01,NYJ,JAX,1,70,-9.06603,38,-2.79484,32,-6.2712,27.0,66,-0.26321,3.18861
2017_04_LA_DAL,2017,4,2017-10-01,DAL,LA,1,67,13.35455,43,7.81707,24,5.53748,26.0,67,13.35455,-12.21338
2017_04_LA_DAL,2017,4,2017-10-01,LA,DAL,0,68,12.06633,38,8.62942,30,3.43691,35.0,67,12.20388,12.21338
2017_04_NO_MIA,2017,4,2017-10-01,MIA,NO,1,52,-14.98622,35,-10.35906,17,-4.62716,20.0,37,-10.15707,2.21607
2017_04_NO_MIA,2017,4,2017-10-01,NO,MIA,0,73,9.93241,44,15.19131,29,-5.2589,32.0,53,7.01068,-2.21607
2017_04_NYG_TB,2017,4,2017-10-01,NYG,TB,0,79,4.75236,53,10.60542,26,-5.85306,35.0,79,4.75236,-0.83928
2017_04_NYG_TB,2017,4,2017-10-01,TB,NYG,1,61,6.30912,42,7.66251,19,-1.3534,27.0,57,6.72014,0.83928
2017_04_OAK_DEN,2017,4,2017-10-01,DEN,LV,1,61,-2.04476,32,1.73363,29,-3.77838,23.0,50,-0.00972,-6.03965
2017_04_OAK_DEN,2017,4,2017-10-01,LV,DEN,0,55,-15.03357,39,-2.66753,16,-12.36603,16.0,54,-15.92176,6.03965
2017_04_PHI_LAC,2017,4,2017-10-01,LAC,PHI,1,57,13.24782,44,13.8931,13,-0.64529,26.0,57,13.24782,-3.94697
2017_04_PHI_LAC,2017,4,2017-10-01,PHI,LAC,0,77,19.66826,37,15.40279,40,4.26547,37.0,76,20.50794,3.94697
2017_04_PIT_BAL,2017,4,2017-10-01,BAL,PIT,1,66,-17.79519,51,-11.61105,15,-6.18414,30.0,48,-14.30525,1.94087
2017_04_PIT_BAL,2017,4,2017-10-01,PIT,BAL,0,74,5.43868,32,4.28838,42,1.1503,32.0,44,1.48693,-1.94087
2017_04_SF_ARI,2017,4,2017-10-01,ARI,SF,1,85,-7.50059,62,0.32578,23,-7.82636,36.0,85,-7.50059,-2.71763
2017_04_SF_ARI,2017,4,2017-10-01,SF,ARI,0,84,-9.6832,57,-6.89319,27,-2.79001,30.0,83,-8.47812,2.71763
2017_04_TEN_HOU,2017,4,2017-10-01,HOU,TEN,1,84,23.87637,41,25.34416,43,-1.46779,42.0,21,13.17592,3.59274
2017_04_TEN_HOU,2017,4,2017-10-01,TEN,HOU,0,40,-22.32677,22,-23.51965,18,1.19287,16.0,12,-6.44382,-3.59274
2017_04_WAS_KC,2017,4,2017-10-02,KC,WAS,1,74,15.1461,46,10.03313,28,5.11297,38.0,74,15.1461,-3.25141
2017_04_WAS_KC,2017,4,2017-10-02,WAS,KC,0,49,3.42408,27,6.23299,22,-2.80891,25.0,48,10.4413,3.25141
2017_05_ARI_PHI,2017,5,2017-10-08,ARI,PHI,0,60,-6.83002,46,-4.15685,14,-2.67316,21.0,18,-9.8673,-8.36824
2017_05_ARI_PHI,2017,5,2017-10-08,PHI,ARI,1,65,10.78211,36,17.98548,29,-7.20337,24.0,19,9.94095,8.36824
2017_05_BAL_OAK,2017,5,2017-10-08,BAL,LV,0,63,12.83743,27,9.33776,36,3.49967,29.0,48,13.55801,-0.20779
2017_05_BAL_OAK,2017,5,2017-10-08,LV,BAL,1,56,-10.67606,31,-9.06658,25,-1.60948,23.0,51,-5.80718,0.20779
2017_05_BUF_CIN,2017,5,2017-10-08,BUF,CIN,0,70,-10.57665,46,-6.68322,24,-3.89343,21.0,70,-10.57665,3.60827
2017_05_BUF_CIN,2017,5,2017-10-08,CIN,BUF,1,62,-0.76767,39,2.9602,23,-3.72787,24.0,60,-1.92944,-3.60827
2017_05_CAR_DET,2017,5,2017-10-08,CAR,DET,0,63,4.63466,39,14.5173,24,-9.88263,22.0,41,15.13328,-3.45115
2017_05_CAR_DET,2017,5,2017-10-08,DET,CAR,1,61,-7.68303,45,-4.14836,16,-3.53467,31.0,37,-2.79071,3.45115
2017_05_GB_DAL,2017,5,2017-10-08,DAL,GB,1,74,12.50038,41,9.737,33,2.76338,35.0,73,12.53465,2.3357
2017_05_GB_DAL,2017,5,2017-10-08,GB,DAL,0,59,22.058,38,14.68109,21,7.37691,36.0,59,22.058,-2.3357
2017_05_JAX_PIT,2017,5,2017-10-08,JAX,PIT,0,54,5.13027,17,-0.38553,37,5.51579,18.0,36,-1.4236,-0.36972
2017_05_JAX_PIT,2017,5,2017-10-08,PIT,JAX,1,79,-22.2412,60,-19.90766,19,-2.33354,32.0,63,-17.15712,0.36972
2017_05_KC_HOU,2017,5,2017-10-08,HOU,KC,1,59,11.58442,38,14.88855,21,-3.30413,27.0,31,-5.07425,-6.49897
2017_05_KC_HOU,2017,5,2017-10-08,KC,HOU,0,76,20.25722,44,28.18412,32,-7.9269,35.0,55,21.72367,6.49897
2017_05_LAC_NYG,2017,5,2017-10-08,LAC,NYG,0,76,3.66895,49,5.39621,27,-1.72727,32.0,76,3.66895,1.06096
2017_05_LAC_NYG,2017,5,2017-10-08,NYG,LAC,1,68,-5.45717,43,-9.28068,25,3.82351,32.0,68,-5.45717,-1.06096
2017_05_MIN_CHI,2017,5,2017-10-09,CHI,MIN,1,61,-7.90584,33,-4.37665,28,-3.52919,20.0,60,-7.86408,0.4193
2017_05_MIN_CHI,2017,5,2017-10-09,MIN,CHI,0,70,-1.34923,39,-0.40433,31,-0.9449,26.0,70,-1.34923,-0.4193
2017_05_NE_TB,2017,5,2017-10-05,NE,TB,0,74,0.11634,50,2.77773,24,-2.66139,36.0,65,5.69495,10.97373
2017_05_NE_TB,2017,5,2017-10-05,TB,NE,1,71,-0.15707,52,2.23111,19,-2.38818,34.0,64,-3.47529,-10.97373
2017_05_NYJ_CLE,2017,5,2017-10-08,CLE,NYJ,1,76,-4.8517,45,4.27107,31,-9.12277,36.0,67,-8.48057,-6.5077
2017_05_NYJ_CLE,2017,5,2017-10-08,NYJ,CLE,0,50,-4.40753,34,1.87986,16,-6.28739,21.0,44,-2.7575,6.5077
2017_05_SEA_LA,2017,5,2017-10-08,LA,SEA,1,73,-13.57646,52,-4.91129,21,-8.66517,26.0,73,-13.57646,-10.3104
2017_05_SEA_LA,2017,5,2017-10-08,SEA,LA,0,66,-15.57375,45,-9.8843,21,-5.68946,24.0,65,-15.46726,10.3104
2017_05_SF_IND,2017,5,2017-10-08,IND,SF,1,74,0.8663,45,-0.56122,29,1.42751,33.0,68,4.77891,5.03742
2017_05_SF_IND,2017,5,2017-10-08,SF,IND,0,72,7.77261,49,17.35727,23,-9.58466,30.0,67,1.64384,-5.03742
2017_05_TEN_MIA,2017,5,2017-10-08,MIA,TEN,1,58,-21.88383,29,-12.25681,29,-9.62702,16.0,55,-20.96688,0.08062
2017_05_TEN_MIA,2017,5,2017-10-08,TEN,MIA,0,59,-24.32225,39,-16.7554,20,-7.56685,19.0,57,-24.40048,-0.08062
2017_06_CHI_BAL,2017,6,2017-10-15,BAL,CHI,1,72,-32.86942,47,-33.90101,25,1.03158,24.0,63,-30.86011,15.87593
2017_06_CHI_BAL,2017,6,2017-10-15,CHI,BAL,0,79,-8.87216,26,2.84572,53,-11.71788,34.0,76,-7.26945,-15.87593
2017_06_CLE_HOU,2017,6,2017-10-15,CLE,HOU,0,67,-20.57399,48,-22.07856,19,1.50456,26.0,28,-14.03145,1.5951
2017_06_CLE_HOU,2017,6,2017-10-15,HOU,CLE,1,64,-5.15523,33,-0.8482,31,-4.30703,25.0,20,2.08388,-1.5951
2017_06_DET_NO,2017,6,2017-10-15,DET,NO,0,81,-28.17404,64,-21.99232,17,-6.18171,26.0,28,-6.66762,4.70106
2017_06_DET_NO,2017,6,2017-10-15,NO,DET,1,71,-11.44596,32,-12.85851,39,1.41255,26.0,27,13.30383,-4.70106
2017_06_GB_MIN,2017,6,2017-10-15,GB,MIN,0,66,-24.30399,43,-15.38873,23,-8.91526,22.0,39,-17.71773,-1.77453
2017_06_GB_MIN,2017,6,2017-10-15,MIN,GB,1,76,-11.44283,45,2.08366,31,-13.52649,28.0,67,-3.53464,1.77453
2017_06_IND_TEN,2017,6,2017-10-16,IND,TEN,0,58,-4.95195,42,-4.67829,16,-0.27366,24.0,55,-4.60675,0.86832
2017_06_IND_TEN,2017,6,2017-10-16,TEN,IND,1,69,9.09434,36,5.6034,33,3.49094,34.0,64,2.70059,-0.86832
2017_06_LAC_OAK,2017,6,2017-10-15,LAC,LV,0,63,1.83579,37,2.93392,26,-1.09813,25.0,63,1.83579,-6.13246
2017_06_LAC_OAK,2017,6,2017-10-15,LV,LAC,1,58,-7.16223,35,-7.61804,23,0.45582,26.0,58,-7.16223,6.13246
2017_06_LA_JAX,2017,6,2017-10-15,JAX,LA,1,69,-6.82428,44,-7.84402,25,1.01974,25.0,62,-6.81654,-18.77043
2017_06_LA_JAX,2017,6,2017-10-15,LA,JAX,0,56,-10.757,26,-8.46968,30,-2.28732,26.0,49,-9.02919,18.77043
2017_06_MIA_ATL,2017,6,2017-10-15,ATL,MIA,1,57,1.45051,38,4.82697,19,-3.37646,27.0,51,-0.56331,-2.40151
2017_06_MIA_ATL,2017,6,2017-10-15,MIA,ATL,0,66,4.57053,36,5.83433,30,-1.2638,27.0,50,-3.00207,2.40151
2017_06_NE_NYJ,2017,6,2017-10-15,NE,NYJ,0,67,10.16439,42,13.53083,25,-3.36644,30.0,60,13.67757,-0.90822
2017_06_NE_NYJ,2017,6,2017-10-15,NYJ,NE,1,74,0.14226,53,4.95316,21,-4.8109,32.0,68,-2.43691,0.90822
2017_06_NYG_DEN,2017,6,2017-10-15,DEN,NYG,1,79,-14.93867,63,-7.78063,16,-7.15805,25.0,44,-15.68617,-5.49322
2017_06_NYG_DEN,2017,6,2017-10-15,NYG,DEN,0,54,-2.87258,22,0.84818,32,-3.72076,17.0,29,3.94836,5.49322
2017_06_PHI_CAR,2017,6,2017-10-12,CAR,PHI,1,82,-11.31364,60,-7.28711,22,-4.02653,34.0,80,-15.5904,-0.65656
2017_06_PHI_CAR,2017,6,2017-10-12,PHI,CAR,0,59,-2.14126,36,-1.7793,23,-0.36196,25.0,59,-2.14126,0.65656
2017_06_PIT_KC,2017,6,2017-10-15,KC,PIT,1,54,-8.39975,41,-0.81314,13,-7.58661,15.0,53,-9.99523,12.09656
2017_06_PIT_KC,2017,6,2017-10-15,PIT,KC,0,62,11.65741,27,4.14599,35,7.51142,33.0,56,15.74042,-12.09656
2017_06_SF_WAS,2017,6,2017-10-15,SF,WAS,0,72,4.72272,53,1.53254,19,3.19018,30.0,63,-6.00874,-1.8269
2017_06_SF_WAS,2017,6,2017-10-15,WAS,SF,1,73,3.00734,42,14.3805,31,-11.37316,35.0,66,8.91099,1.8269
2017_06_TB_ARI,2017,6,2017-10-15,ARI,TB,1,61,2.78845,28,5.32534,33,-2.53689,33.0,19,15.67335,3.70655
2017_06_TB_ARI,2017,6,2017-10-15,TB,ARI,0,66,5.3225,47,9.56972,19,-4.24722,30.0,12,-0.6127,-3.70655
2017_07_ARI_LA,2017,7,2017-10-22,ARI,LA,0,50,-19.43638,37,-15.49135,13,-3.94502,14.0,31,-9.82987,-5.75529
2017_07_ARI_LA,2017,7,2017-10-22,LA,ARI,1,79,13.67093,40,4.0046,39,9.66633,35.0,30,3.02075,5.75529
2017_07_ATL_NE,2017,7,2017-10-22,ATL,NE,0,57,3.29858,37,7.11274,20,-3.81415,29.0,26,-6.0261,-11.37583
2017_07_ATL_NE,2017,7,2017-10-22,NE,ATL,1,71,14.70934,35,16.51737,36,-1.80802,38.0,43,7.40273,11.37583
2017_07_BAL_MIN,2017,7,2017-10-22,BAL,MIN,0,65,-8.35186,45,-3.60318,20,-4.74868,25.0,45,-13.38052,-2.9395
2017_07_BAL_MIN,2017,7,2017-10-22,MIN,BAL,1,66,-2.95787,34,0.96481,32,-3.92269,30.0,51,-2.68807,2.9395
2017_07_CAR_CHI,2017,7,2017-10-22,CAR,CHI,0,72,-30.11593,46,-12.33639,26,-17.77954,24.0,46,-24.19699,2.27416
2017_07_CAR_CHI,2017,7,2017-10-22,CHI,CAR,1,35,-12.23106,13,-4.14078,22,-8.09028,11.0,13,1.29515,-2.27416
2017_07_CIN_PIT,2017,7,2017-10-22,CIN,PIT,0,50,-9.92168,36,-10.00956,14,0.08789,18.0,41,0.19338,-1.36146
2017_07_CIN_PIT,2017,7,2017-10-22,PIT,CIN,1,66,5.5613,26,13.37365,40,-7.81235,29.0,45,11.52283,1.36146
2017_07_DAL_SF,2017,7,2017-10-22,DAL,SF,0,73,26.37181,32,12.90982,41,13.46199,38.0,35,11.17473,3.14674
2017_07_DAL_SF,2017,7,2017-10-22,SF,DAL,1,66,-13.85528,46,-17.1117,20,3.25642,30.0,39,-4.6326,-3.14674
2017_07_DEN_LAC,2017,7,2017-10-22,DEN,LAC,0,64,-23.37546,47,-20.45349,17,-2.92198,19.0,29,-14.00938,-7.93751
2017_07_DEN_LAC,2017,7,2017-10-22,LAC,DEN,1,58,-5.54899,31,3.82821,27,-9.3772,17.0,22,-3.20508,7.93751
2017_07_JAX_IND,2017,7,2017-10-22,IND,JAX,1,67,-20.14572,51,-14.27261,16,-5.87311,23.0,16,-4.81646,0.32652
2017_07_JAX_IND,2017,7,2017-10-22,JAX,IND,0,67,14.71248,31,18.26261,36,-3.55013,34.0,31,17.72531,-0.32652
2017_07_KC_OAK,2017,7,2017-10-19,KC,LV,0,62,19.70652,38,22.59257,24,-2.88604,31.0,61,20.09894,6.75038
2017_07_KC_OAK,2017,7,2017-10-19,LV,KC,1,82,22.79109,61,25.80858,21,-3.01749,37.0,82,22.79109,-6.75038
2017_07_NO_GB,2017,7,2017-10-22,GB,NO,1,55,4.08245,33,0.39443,22,3.68802,23.0,52,6.19694,-1.29603
2017_07_NO_GB,2017,7,2017-10-22,NO,GB,0,73,16.74633,39,14.26034,34,2.48599,33.0,69,17.14012,1.29603
2017_07_NYJ_MIA,2017,7,2017-10-22,MIA,NYJ,1,73,-0.61352,46,8.34764,27,-8.96117,31.0,65,-2.89507,1.75972
2017_07_NYJ_MIA,2017,7,2017-10-22,NYJ,MIA,0,55,1.18653,32,4.27385,23,-3.08731,20.0,50,3.25202,-1.75972
2017_07_SEA_NYG,2017,7,2017-10-22,NYG,SEA,1,59,-16.69211,42,-15.46696,17,-1.22514,16.0,45,-13.16938,-5.28969
2017_07_SEA_NYG,2017,7,2017-10-22,SEA,NYG,0,75,3.88815,46,14.33956,29,-10.45141,34.0,63,-0.62119,5.28969
2017_07_TB_BUF,2017,7,2017-10-22,BUF,TB,1,68,9.34931,38,13.33369,30,-3.98439,27.0,68,9.34931,0.49968
2017_07_TB_BUF,2017,7,2017-10-22,TB,BUF,0,72,7.13334,46,15.10322,26,-7.96988,32.0,71,7.10854,-0.49968
2017_07_TEN_CLE,2017,7,2017-10-22,CLE,TEN,1,72,-18.70975,46,-11.55261,26,-7.15715,26.0,72,-18.70975,1.46919
2017_07_TEN_CLE,2017,7,2017-10-22,TEN,CLE,0,72,-11.90828,38,-1.02823,34,-10.88005,28.0,72,-11.90828,-1.46919
2017_07_WAS_PHI,2017,7,2017-10-23,PHI,WAS,1,64,11.86419,36,18.16364,28,-6.29946,26.0,51,14.95251,2.76467
2017_07_WAS_PHI,2017,7,2017-10-23,WAS,PHI,0,63,3.93629,47,5.77798,16,-1.84169,32.0,35,1.91223,-2.76467
2017_08_ATL_NYJ,2017,8,2017-10-29,ATL,NYJ,0,65,-0.68816,34,12.55086,31,-13.23902,26.0,64,-0.67967,6.58052
2017_08_ATL_NYJ,2017,8,2017-10-29,NYJ,ATL,1,60,-3.33135,37,6.81356,23,-10.14491,21.0,56,-3.48626,-6.58052
2017_08_CAR_TB,2017,8,2017-10-29,CAR,TB,0,63,-6.66939,35,-3.44327,28,-3.22612,24.0,54,-3.91674,3.01851
2017_08_CAR_TB,2017,8,2017-10-29,TB,CAR,1,67,-21.02627,46,-18.58608,21,-2.44019,24.0,54,-16.20551,-3.01851
2017_08_CHI_NO,2017,8,2017-10-29,CHI,NO,0,66,-7.91603,37,-5.07663,29,-2.8394,23.0,53,-7.12357,-2.33822
2017_08_CHI_NO,2017,8,2017-10-29,NO,CHI,1,58,-4.82039,32,4.23907,26,-9.05946,23.0,43,6.56396,2.33822
2017_08_DAL_WAS,2017,8,2017-10-29,DAL,WAS,0,68,0.27591,28,-0.04944,40,0.32535,29.0,52,-0.58755,13.26799
2017_08_DAL_WAS,2017,8,2017-10-29,WAS,DAL,1,59,-5.85473,44,-2.5473,15,-3.30742,21.0,41,-4.23762,-13.26799
2017_08_DEN_KC,2017,8,2017-10-30,DEN,KC,0,72,-12.01959,43,-8.57369,29,-3.4459,32.0,38,-16.75896,-12.42863
2017_08_DEN_KC,2017,8,2017-10-30,KC,DEN,1,61,-15.16637,36,-7.43754,25,-7.72883,19.0,23,3.68748,12.42863
2017_08_HOU_SEA,2017,8,2017-10-29,HOU,SEA,0,71,12.76471,40,15.69795,31,-2.93325,32.0,70,12.72613,-0.45361
2017_08_HOU_SEA,2017,8,2017-10-29,SEA,HOU,1,67,11.53032,50,21.16937,17,-9.63905,29.0,67,11.53032,0.45361
2017_08_IND_CIN,2017,8,2017-10-29,CIN,IND,1,54,0.12417,35,5.7391,19,-5.61493,22.0,54,0.12417,-7.64728
2017_08_IND_CIN,2017,8,2017-10-29,IND,CIN,0,74,-4.64346,47,-5.65297,27,1.00951,29.0,74,-4.64346,7.64728
2017_08_LAC_NE,2017,8,2017-10-29,LAC,NE,0,54,8.04204,33,2.33003,21,5.71201,28.0,45,6.52605,-7.4546
2017_08_LAC_NE,2017,8,2017-10-29,NE,LAC,1,86,4.35804,52,11.2833,34,-6.92527,38.0,64,6.16458,7.4546
2017_08_MIA_BAL,2017,8,2017-10-26,BAL,MIA,1,61,4.6669,24,1.67744,37,2.98946,27.0,24,0.06805,5.13473
2017_08_MIA_BAL,2017,8,2017-10-26,MIA,BAL,0,66,-35.73823,47,-31.46507,19,-4.27316,20.0,28,-9.06652,-5.13473
2017_08_MIN_CLE,2017,8,2017-10-29,CLE,MIN,1,59,-9.74617,39,-12.31928,20,2.5731,21.0,42,-0.92282,-4.87117
2017_08_MIN_CLE,2017,8,2017-10-29,MIN,CLE,0,84,4.215,50,11.25871,34,-7.0437,39.0,69,7.11934,4.87117
2017_08_OAK_BUF,2017,8,2017-10-29,BUF,LV,1,67,3.32288,31,4.14771,36,-0.82483,31.0,39,-5.01204,10.39389
2017_08_OAK_BUF,2017,8,2017-10-29,LV,BUF,0,65,-7.4617,50,-6.96039,15,-0.50131,29.0,40,-6.49096,-10.39389
2017_08_PIT_DET,2017,8,2017-10-29,DET,PIT,1,71,-6.20604,49,3.78069,22,-9.98673,31.0,71,-6.20604,1.80819
2017_08_PIT_DET,2017,8,2017-10-29,PIT,DET,0,61,3.07298,34,12.89633,27,-9.82335,20.0,57,4.15085,-1.80819
2017_08_SF_PHI,2017,8,2017-10-29,PHI,SF,1,67,-2.33563,38,-1.57528,29,-0.76035,31.0,34,-2.03971,6.99782
2017_08_SF_PHI,2017,8,2017-10-29,SF,PHI,0,66,-21.43261,47,-13.97045,19,-7.46216,25.0,25,-20.58237,-6.99782
2017_09_ARI_SF,2017,9,2017-11-05,ARI,SF,0,74,-4.64571,32,4.28398,42,-8.9297,28.0,60,0.97531,-3.20273
2017_09_ARI_SF,2017,9,2017-11-05,SF,ARI,1,74,-23.94526,59,-23.50277,15,-0.44249,27.0,56,-16.57528,3.20273
2017_09_ATL_CAR,2017,9,2017-11-05,ATL,CAR,0,59,-9.29453,41,-2.27202,18,-7.02251,25.0,52,-11.39842,1.81198
2017_09_ATL_CAR,2017,9,2017-11-05,CAR,ATL,1,65,-6.8135,29,0.0038,36,-6.8173,26.0,54,1.01249,-1.81198
2017_09_BAL_TEN,2017,9,2017-11-05,BAL,TEN,0,77,-1.86699,56,4.82565,21,-6.69264,31.0,61,-7.94424,-2.6898
2017_09_BAL_TEN,2017,9,2017-11-05,TEN,BAL,1,50,-2.16632,31,0.34774,19,-2.51407,23.0,46,0.11362,2.6898
2017_09_BUF_NYJ,2017,9,2017-11-02,BUF,NYJ,0,75,-10.83998,55,-3.34722,20,-7.49277,34.0,41,-7.41248,2.75972
2017_09_BUF_NYJ,2017,9,2017-11-02,NYJ,BUF,1,64,9.13089,26,9.62462,38,-0.49374,27.0,46,8.8411,-2.75972
2017_09_CIN_JAX,2017,9,2017-11-05,CIN,JAX,0,37,-7.50082,22,-4.59799,15,-2.90283,10.0,30,-3.0045,-5.32252
2017_09_CIN_JAX,2017,9,2017-11-05,JAX,CIN,1,79,9.80826,40,15.29274,39,-5.48448,40.0,59,8.65532,5.32252
2017_09_DEN_PHI,2017,9,2017-11-05,DEN,PHI,0,65,-14.57702,43,-7.72431,22,-6.85272,22.0,29,-10.45937,3.28725
2017_09_DEN_PHI,2017,9,2017-11-05,PHI,DEN,1,68,13.16531,33,13.95247,35,-0.78717,34.0,21,8.18416,-3.28725
2017_09_DET_GB,2017,9,2017-11-06,DET,GB,0,68,17.88567,35,34.30858,33,-16.42292,30.0,40,14.42387,1.9713
2017_09_DET_GB,2017,9,2017-11-06,GB,DET,1,59,-0.81685,43,-6.51748,16,5.70063,31.0,37,-4.61242,-1.9713
2017_09_IND_HOU,2017,9,2017-11-05,HOU,IND,1,71,-8.73203,49,-8.13268,22,-0.59935,21.0,65,-14.28171,-1.25899
2017_09_IND_HOU,2017,9,2017-11-05,IND,HOU,0,65,-0.48767,39,2.32376,26,-2.81143,29.0,58,1.13418,1.25899
2017_09_KC_DAL,2017,9,2017-11-05,DAL,KC,1,67,14.66895,38,15.37766,29,-0.70871,34.0,61,16.51807,-3.22601
2017_09_KC_DAL,2017,9,2017-11-05,KC,DAL,0,57,3.04839,41,3.33895,16,-0.29055,28.0,41,5.45755,3.22601
2017_09_LA_NYG,2017,9,2017-11-05,LA,NYG,0,63,24.6696,25,25.11026,38,-0.44065,26.0,26,16.84602,8.59246
2017_09_LA_NYG,2017,9,2017-11-05,NYG,LA,1,67,-7.2279,42,-1.31025,25,-5.91765,29.0,44,-7.82409,-8.59246
2017_09_OAK_MIA,2017,9,2017-11-05,LV,MIA,0,60,10.55079,34,12.55195,26,-2.00115,25.0,57,13.29105,-0.21257
2017_09_OAK_MIA,2017,9,2017-11-05,MIA,LV,1,66,0.66412,45,10.83148,21,-10.16737,28.0,53,-2.43291,0.21257
2017_09_TB_NO,2017,9,2017-11-05,NO,TB,1,57,9.86818,29,12.41821,28,-2.55003,30.0,32,2.62642,-1.11708
2017_09_TB_NO,2017,9,2017-11-05,TB,NO,0,59,-12.16921,37,-11.55745,22,-0.61177,23.0,31,-4.22377,1.11708
2017_09_WAS_SEA,2017,9,2017-11-05,SEA,WAS,1,80,-4.45941,59,-2.54045,21,-1.91896,35.0,80,-4.45941,-9.52462
2017_09_WAS_SEA,2017,9,2017-11-05,WAS,SEA,0,63,-10.01345,39,1.4513,24,-11.46476,21.0,63,-10.01345,9.52462
2017_10_CIN_TEN,2017,10,2017-11-12,CIN,TEN,0,51,-8.09448,37,-2.10249,14,-5.99199,20.0,48,-8.34818,3.11923
2017_10_CIN_TEN,2017,10,2017-11-12,TEN,CIN,1,90,-3.35329,56,-3.6553,34,0.302,41.0,90,-3.35329,-3.11923
2017_10_CLE_DET,2017,10,2017-11-12,CLE,DET,0,81,-5.43037,52,-8.91847,29,3.48811,35.0,66,-4.45986,-2.63272
2017_10_CLE_DET,2017,10,2017-11-12,DET,CLE,1,50,3.13408,33,5.47801,17,-2.34393,22.0,44,2.37264,2.63272
2017_10_DAL_ATL,2017,10,2017-11-12,ATL,DAL,1,65,5.62451,31,12.26735,34,-6.64284,25.0,46,8.32843,4.35713
2017_10_DAL_ATL,2017,10,2017-11-12,DAL,ATL,0,64,-12.99557,47,-10.49841,17,-2.49716,24.0,44,-3.14867,-4.35713
2017_10_GB_CHI,2017,10,2017-11-12,CHI,GB,1,60,-7.70564,41,-2.06417,19,-5.64147,19.0,50,-7.7267,5.11554
2017_10_GB_CHI,2017,10,2017-11-12,GB,CHI,0,65,10.06366,30,9.99889,35,0.06477,33.0,57,8.164,-5.11554
2017_10_HOU_LA,2017,10,2017-11-12,HOU,LA,0,69,-20.02476,45,-14.51843,24,-5.50633,24.0,54,-10.77051,-5.63646
2017_10_HOU_LA,2017,10,2017-11-12,LA,HOU,1,64,5.0066,42,6.85743,22,-1.85082,25.0,48,-2.62153,5.63646
2017_10_LAC_JAX,2017,10,2017-11-12,JAX,LAC,1,84,-10.5357,59,-7.65728,25,-2.87843,27.0,84,-10.5357,1.61975
2017_10_LAC_JAX,2017,10,2017-11-12,LAC,JAX,0,68,-7.9429,39,0.79899,29,-8.74189,27.0,68,-7.9429,-1.61975
2017_10_MIA_CAR,2017,10,2017-11-13,CAR,MIA,1,71,33.66854,37,20.27842,34,13.39012,39.0,47,15.23363,-2.35034
2017_10_MIA_CAR,2017,10,2017-11-13,MIA,CAR,0,55,3.87748,39,5.34547,16,-1.46799,24.0,28,-3.32032,2.35034
2017_10_MIN_WAS,2017,10,2017-11-12,MIN,WAS,0,59,13.58909,30,14.87124,29,-1.28215,31.0,32,24.44716,1.24976
2017_10_MIN_WAS,2017,10,2017-11-12,WAS,MIN,1,74,2.76906,48,4.68571,26,-1.91664,34.0,42,1.37118,-1.24976
2017_10_NE_DEN,2017,10,2017-11-12,DEN,NE,1,62,-0.53755,34,0.75459,28,-1.29214,24.0,40,2.87735,-15.4021
2017_10_NE_DEN,2017,10,2017-11-12,NE,DEN,0,70,12.47968,41,14.4301,29,-1.95042,42.0,36,11.25772,15.4021
2017_10_NO_BUF,2017,10,2017-11-12,BUF,NO,1,48,-16.01883,35,-11.79022,13,-4.2286,16.0,26,-5.12479,-2.64525
2017_10_NO_BUF,2017,10,2017-11-12,NO,BUF,0,73,28.30748,30,9.68291,43,18.62457,43.0,40,11.14692,2.64525
2017_10_NYG_SF,2017,10,2017-11-12,NYG,SF,0,65,7.98113,41,9.51243,24,-1.53131,30.0,45,4.0581,-6.66098
2017_10_NYG_SF,2017,10,2017-11-12,SF,NYG,1,58,13.14813,25,14.72506,33,-1.57693,25.0,49,9.61976,6.66098
2017_10_NYJ_TB,2017,10,2017-11-12,NYJ,TB,0,69,-14.83293,48,-6.68752,21,-8.14541,19.0,50,-19.49695,-2.9211
2017_10_NYJ_TB,2017,10,2017-11-12,TB,NYJ,1,69,-7.155,39,0.9826,30,-8.1376,21.0,61,-8.30714,2.9211
2017_10_PIT_IND,2017,10,2017-11-12,IND,PIT,1,58,-6.51488,31,-0.05745,27,-6.45743,22.0,58,-6.51488,4.31284
2017_10_PIT_IND,2017,10,2017-11-12,PIT,IND,0,65,-0.11024,36,5.01575,29,-5.12599,28.0,64,-1.01778,-4.31284
2017_10_SEA_ARI,2017,10,2017-11-09,ARI,SEA,1,80,-8.83515,57,5.43986,23,-14.27501,30.0,54,-8.60681,-1.26179
2017_10_SEA_ARI,2017,10,2017-11-09,SEA,ARI,0,61,-2.60399,41,3.30429,20,-5.90828,20.0,55,1.27384,1.26179
2017_11_ARI_HOU,2017,11,2017-11-19,ARI,HOU,0,58,-8.6435,41,1.64478,17,-10.28828,22.0,47,-4.34803,2.03406
2017_11_ARI_HOU,2017,11,2017-11-19,HOU,ARI,1,70,1.64349,37,1.85585,33,-0.21237,32.0,64,4.54608,-2.03406
2017_11_ATL_SEA,2017,11,2017-11-20,ATL,SEA,0,60,12.94025,32,18.59827,28,-5.65802,26.0,49,12.49427,-6.91475
2017_11_ATL_SEA,2017,11,2017-11-20,SEA,ATL,1,73,-1.11539,56,-1.09058,17,-0.0248,38.0,68,-7.10463,6.91475
2017_11_BAL_GB,2017,11,2017-11-19,BAL,GB,0,58,-10.58119,32,-5.56173,26,-5.01946,24.0,33,0.20285,1.56488
2017_11_BAL_GB,2017,11,2017-11-19,GB,BAL,1,68,-37.16462,46,-26.38654,22,-10.77808,26.0,49,-16.26051,-1.56488
2017_11_BUF_LAC,2017,11,2017-11-19,BUF,LAC,0,65,-14.15687,44,-19.64409,21,5.48722,29.0,17,-14.25924,-2.23823
2017_11_BUF_LAC,2017,11,2017-11-19,LAC,BUF,1,70,16.54726,38,13.4603,32,3.08697,35.0,22,3.07199,2.23823
2017_11_CIN_DEN,2017,11,2017-11-19,CIN,DEN,0,53,-1.34369,29,7.16265,24,-8.50633,18.0,53,-1.34369,-5.78698
2017_11_CIN_DEN,2017,11,2017-11-19,DEN,CIN,1,82,-15.42449,51,-7.42205,31,-8.00244,34.0,80,-16.70569,5.78698
2017_11_DET_CHI,2017,11,2017-11-19,CHI,DET,1,63,5.50701,35,4.74061,28,0.76639,30.0,63,5.50701,-4.27182
2017_11_DET_CHI,2017,11,2017-11-19,DET,CHI,0,62,7.01985,39,10.79298,23,-3.77313,30.0,62,7.01985,4.27182
2017_11_JAX_CLE,2017,11,2017-11-19,CLE,JAX,1,54,-33.94798,39,-31.09804,15,-2.84994,15.0,48,-32.76345,0.0576
2017_11_JAX_CLE,2017,11,2017-11-19,JAX,CLE,0,76,-15.14416,33,-5.52247,43,-9.62169,22.0,73,-13.72386,-0.0576
2017_11_KC_NYG,2017,11,2017-11-19,KC,NYG,0,75,-10.79917,49,-9.16473,26,-1.63444,30.0,75,-10.79917,1.19612
2017_11_KC_NYG,2017,11,2017-11-19,NYG,KC,1,69,-4.79868,39,-1.76927,30,-3.02941,28.0,69,-4.79868,-1.19612
2017_11_LA_MIN,2017,11,2017-11-19,LA,MIN,0,57,-7.96022,42,-4.30371,15,-3.65651,25.0,42,-5.42117,5.00345
2017_11_LA_MIN,2017,11,2017-11-19,MIN,LA,1,77,16.37198,44,16.02237,33,0.34961,38.0,65,14.76502,-5.00345
2017_11_NE_OAK,2017,11,2017-11-19,LV,NE,1,73,-2.49895,52,-5.77501,21,3.27606,37.0,30,-2.55985,-5.01147
2017_11_NE_OAK,2017,11,2017-11-19,NE,LV,0,60,20.27214,39,20.66091,21,-0.38877,34.0,34,11.91628,5.01147
2017_11_PHI_DAL,2017,11,2017-11-19,DAL,PHI,1,62,-29.74178,36,-29.29021,26,-0.45157,20.0,48,-16.26509,12.91283
2017_11_PHI_DAL,2017,11,2017-11-19,PHI,DAL,0,57,14.51355,28,7.14594,29,7.36761,26.0,41,8.60236,-12.91283
2017_11_TB_MIA,2017,11,2017-11-19,MIA,TB,1,64,-5.79291,45,2.02729,19,-7.82021,21.0,64,-5.79291,-2.92737
2017_11_TB_MIA,2017,11,2017-11-19,TB,MIA,0,66,-0.26191,44,6.01644,22,-6.27835,23.0,65,0.23782,2.92737
2017_11_TEN_PIT,2017,11,2017-11-16,PIT,TEN,1,72,11.14676,55,12.7845,17,-1.63774,40.0,58,6.59929,8.52649
2017_11_TEN_PIT,2017,11,2017-11-16,TEN,PIT,0,62,-7.91252,44,-5.95678,18,-1.95574,29.0,44,2.87232,-8.52649
2017_11_WAS_NO,2017,11,2017-11-19,NO,WAS,1,69,13.37248,46,9.53033,23,3.84215,37.0,55,3.6205,3.13309
2017_11_WAS_NO,2017,11,2017-11-19,WAS,NO,0,70,17.95599,39,16.4258,31,1.53019,29.0,61,17.58742,-3.13309
2017_12_BUF_KC,2017,12,2017-11-26,BUF,KC,0,67,-7.13025,34,3.84697,33,-10.97722,25.0,66,-6.6956,2.57404
2017_12_BUF_KC,2017,12,2017-11-26,KC,BUF,1,57,-16.86265,42,-9.91329,15,-6.94936,22.0,57,-16.86265,-2.57404
2017_12_CAR_NYJ,2017,12,2017-11-26,CAR,NYJ,0,68,2.81997,34,4.30542,34,-1.48545,22.0,64,3.40625,6.81593
2017_12_CAR_NYJ,2017,12,2017-11-26,NYJ,CAR,1,68,-5.30545,43,-0.70141,25,-4.60403,29.0,60,-8.48251,-6.81593
2017_12_CHI_PHI,2017,12,2017-11-26,CHI,PHI,0,54,-22.61272,40,-12.01457,14,-10.59814,16.0,14,-8.0677,-5.62674
2017_12_CHI_PHI,2017,12,2017-11-26,PHI,CHI,1,75,6.53452,47,9.55457,28,-3.02005,34.0,26,4.11951,5.62674
2017_12_CLE_CIN,2017,12,2017-11-26,CIN,CLE,1,59,12.79025,33,11.90772,26,0.88254,34.0,33,11.7403,7.74383
2017_12_CLE_CIN,2017,12,2017-11-26,CLE,CIN,0,69,6.39371,43,0.55935,26,5.83436,29.0,33,0.84121,-7.74383
2017_12_DEN_OAK,2017,12,2017-11-26,DEN,LV,0,59,-7.79659,45,-4.77395,14,-3.02264,15.0,26,-16.90988,0.80305
2017_12_DEN_OAK,2017,12,2017-11-26,LV,DEN,1,65,3.23142,29,8.43728,36,-5.20585,30.0,33,-0.15127,-0.80305
2017_12_GB_PIT,2017,12,2017-11-26,GB,PIT,0,55,11.81836,32,12.86787,23,-1.04951,24.0,55,11.81836,-2.01702
2017_12_GB_PIT,2017,12,2017-11-26,PIT,GB,1,73,8.7301,51,15.1831,22,-6.45299,36.0,73,8.7301,2.01702
2017_12_HOU_BAL,2017,12,2017-11-27,BAL,HOU,1,66,-1.87044,39,-3.86558,27,1.99514,24.0,64,-3.51315,4.6527
2017_12_HOU_BAL,2017,12,2017-11-27,HOU,BAL,0,68,-4.29611,42,1.62537,26,-5.92148,27.0,68,-4.29611,-4.6527
2017_12_JAX_ARI,2017,12,2017-11-26,ARI,JAX,1,71,-7.85421,45,-3.21319,26,-4.64103,27.0,68,-6.36406,0.61811
2017_12_JAX_ARI,2017,12,2017-11-26,JAX,ARI,0,62,-9.16436,40,-4.46938,22,-4.69498,28.0,60,-12.23776,-0.61811
2017_12_LAC_DAL,2017,12,2017-11-23,DAL,LAC,1,54,-12.83179,33,-13.28544,21,0.45365,28.0,34,-6.53077,7.39985
2017_12_LAC_DAL,2017,12,2017-11-23,LAC,DAL,0,64,28.46316,35,34.97338,29,-6.51022,32.0,49,21.04201,-7.39985
2017_12_MIA_NE,2017,12,2017-11-26,MIA,NE,0,60,-12.90819,43,-5.65596,17,-7.25224,25.0,34,-3.59993,1.43911
2017_12_MIA_NE,2017,12,2017-11-26,NE,MIA,1,67,7.95433,33,10.68313,34,-2.72881,31.0,37,12.28885,-1.43911
2017_12_MIN_DET,2017,12,2017-11-23,DET,MIN,1,59,-6.66645,43,2.26734,16,-8.93379,21.0,52,-8.54707,7.92759
2017_12_MIN_DET,2017,12,2017-11-23,MIN,DET,0,71,14.59107,36,18.92944,35,-4.33838,30.0,61,19.53623,-7.92759
2017_12_NO_LA,2017,12,2017-11-26,LA,NO,1,74,8.55109,52,12.02862,22,-3.47753,31.0,51,9.63701,2.28922
2017_12_NO_LA,2017,12,2017-11-26,NO,LA,0,57,2.51361,41,-1.8797,16,4.39331,24.0,39,-5.08787,-2.28922
2017_12_NYG_WAS,2017,12,2017-11-23,NYG,WAS,0,57,-21.76038,34,-19.61157,23,-2.14881,16.0,52,-17.18947,-1.42745
2017_12_NYG_WAS,2017,12,2017-11-23,WAS,NYG,1,69,-10.36452,40,-6.41918,29,-3.94534,29.0,66,-8.8274,1.42745
2017_12_SEA_SF,2017,12,2017-11-26,SEA,SF,0,67,4.4379,42,9.14917,25,-4.71128,30.0,52,4.97572,-3.18264
2017_12_SEA_SF,2017,12,2017-11-26,SF,SEA,1,70,-14.47331,48,-11.65768,22,-2.81563,25.0,47,-17.65605,3.18264
2017_12_TB_ATL,2017,12,2017-11-26,ATL,TB,1,63,17.46212,35,21.00918,28,-3.54707,32.0,33,12.44092,0.34437
2017_12_TB_ATL,2017,12,2017-11-26,TB,ATL,0,71,5.63863,50,5.80881,21,-0.17019,35.0,46,-3.5077,-0.34437
2017_12_TEN_IND,2017,12,2017-11-26,IND,TEN,1,63,-11.22721,40,-3.83477,23,-7.39244,23.0,63,-11.22721,1.42673
2017_12_TEN_IND,2017,12,2017-11-26,TEN,IND,0,55,-0.66105,28,-1.12755,27,0.4665,24.0,54,-2.53763,-1.42673
2017_13_CAR_NO,2017,13,2017-12-03,CAR,NO,0,58,-2.17564,37,-0.32692,21,-1.84872,24.0,35,-4.4724,-3.79987
2017_13_CAR_NO,2017,13,2017-12-03,NO,CAR,1,61,7.28033,37,1.2239,24,6.05643,26.0,42,13.92932,3.79987
2017_13_CLE_LAC,2017,13,2017-12-03,CLE,LAC,0,63,-1.5297,42,2.92479,21,-4.45449,26.0,56,-5.36703,2.96473
2017_13_CLE_LAC,2017,13,2017-12-03,LAC,CLE,1,68,10.29497,45,14.24375,23,-3.94878,33.0,56,15.1394,-2.96473
2017_13_DEN_MIA,2017,13,2017-12-03,DEN,MIA,0,71,-30.63896,49,-27.83138,22,-2.80758,26.0,34,-13.89092,-11.23386
2017_13_DEN_MIA,2017,13,2017-12-03,MIA,DEN,1,67,-20.68398,35,-14.36076,32,-6.32321,25.0,32,5.96492,11.23386
2017_13_DET_BAL,2017,13,2017-12-03,BAL,DET,1,63,8.60527,37,7.2185,26,1.38677,33.0,32,9.07771,11.12534
2017_13_DET_BAL,2017,13,2017-12-03,DET,BAL,0,63,-5.27796,41,0.73007,22,-6.00804,25.0,32,-4.99999,-11.12534
2017_13_HOU_TEN,2017,13,2017-12-03,HOU,TEN,0,79,6.72889,57,12.91041,22,-6.18152,34.0,75,7.17799,-0.03616
2017_13_HOU_TEN,2017,13,2017-12-03,TEN,HOU,1,54,14.72904,32,7.06995,22,7.65909,25.0,51,8.38773,0.03616
2017_13_IND_JAX,2017,13,2017-12-03,IND,JAX,0,67,-4.78637,45,-5.47918,22,0.69281,32.0,30,-3.58146,-0.50414
2017_13_IND_JAX,2017,13,2017-12-03,JAX,IND,1,65,17.21199,40,22.86952,25,-5.65753,29.0,34,13.648,0.50414
2017_13_KC_NYJ,2017,13,2017-12-03,KC,NYJ,0,46,21.51969,36,21.80788,10,-0.28819,22.0,43,18.74214,-2.08908
2017_13_KC_NYJ,2017,13,2017-12-03,NYJ,KC,1,87,19.822,40,24.77312,47,-4.95111,40.0,87,19.822,2.08908
2017_13_LA_ARI,2017,13,2017-12-03,ARI,LA,1,64,-15.70139,44,-17.59007,20,1.88867,24.0,48,-11.90267,-8.49358
2017_13_LA_ARI,2017,13,2017-12-03,LA,ARI,0,58,-1.6716,33,4.42382,25,-6.09541,25.0,45,-3.58382,8.49358
2017_13_MIN_ATL,2017,13,2017-12-03,ATL,MIN,1,53,-3.06788,32,-0.07454,21,-2.99335,19.0,53,-3.06788,-2.45047
2017_13_MIN_ATL,2017,13,2017-12-03,MIN,ATL,0,63,2.55184,34,5.34487,29,-2.79303,31.0,61,1.91123,2.45047
2017_13_NE_BUF,2017,13,2017-12-03,BUF,NE,1,67,-16.10154,45,-21.42463,22,5.32309,24.0,36,-7.77609,0.71594
2017_13_NE_BUF,2017,13,2017-12-03,NE,BUF,0,68,15.34372,34,11.43939,34,3.90433,32.0,45,11.3012,-0.71594
2017_13_NYG_OAK,2017,13,2017-12-03,LV,NYG,1,65,-1.63431,37,7.03356,28,-8.66787,25.0,62,-1.24477,2.79808
2017_13_NYG_OAK,2017,13,2017-12-03,NYG,LV,0,62,-10.48021,41,-7.30641,21,-3.1738,26.0,49,-14.4589,-2.79808
2017_13_PHI_SEA,2017,13,2017-12-03,PHI,SEA,0,75,-2.7174,50,3.63809,25,-6.35548,35.0,49,-4.66965,-2.20642
2017_13_PHI_SEA,2017,13,2017-12-03,SEA,PHI,1,61,10.03955,39,12.3072,22,-2.26765,24.0,43,12.37688,2.20642
2017_13_PIT_CIN,2017,13,2017-12-04,CIN,PIT,1,64,6.02435,40,4.13802,24,1.88633,29.0,56,5.17748,0.17628
2017_13_PIT_CIN,2017,13,2017-12-04,PIT,CIN,0,66,11.2386,44,7.5407,22,3.6979,32.0,60,5.08199,-0.17628
2017_13_SF_CHI,2017,13,2017-12-03,CHI,SF,1,37,-4.56779,21,0.1529,16,-4.72069,11.0,37,-4.56779,3.2477
2017_13_SF_CHI,2017,13,2017-12-03,SF,CHI,0,74,5.22481,40,11.54154,34,-6.31674,35.0,74,5.22481,-3.2477
2017_13_TB_GB,2017,13,2017-12-03,GB,TB,1,54,0.42058,29,-8.13875,25,8.55933,24.0,54,0.42058,4.20199
2017_13_TB_GB,2017,13,2017-12-03,TB,GB,0,76,-0.92201,43,-1.16367,33,0.24166,34.0,76,-0.92201,-4.20199
2017_13_WAS_DAL,2017,13,2017-11-30,DAL,WAS,1,67,5.32662,29,2.85743,38,2.4692,28.0,49,-4.17388,12.55778
2017_13_WAS_DAL,2017,13,2017-11-30,WAS,DAL,0,60,-8.94339,43,-5.43751,17,-3.50587,24.0,38,-11.59768,-12.55778
2017_14_BAL_PIT,2017,14,2017-12-10,BAL,PIT,0,63,23.40409,37,12.62711,26,10.77698,34.0,63,23.40409,-0.31931
2017_14_BAL_PIT,2017,14,2017-12-10,PIT,BAL,1,85,22.92524,70,21.02754,15,1.8977,47.0,84,21.32347,0.31931
2017_14_CHI_CIN,2017,14,2017-12-10,CHI,CIN,0,75,19.50947,38,12.49592,37,7.01356,40.0,53,14.05409,-0.24155
2017_14_CHI_CIN,2017,14,2017-12-10,CIN,CHI,1,54,-15.79948,41,-16.78996,13,0.99048,15.0,31,-7.31521,0.24155
2017_14_DAL_NYG,2017,14,2017-12-10,DAL,NYG,0,60,19.54755,34,18.64419,26,0.90335,29.0,55,10.1135,-2.70271
2017_14_DAL_NYG,2017,14,2017-12-10,NYG,DAL,1,80,-8.29131,47,-8.57622,33,0.28491,38.0,69,-2.99292,2.70271
2017_14_DET_TB,2017,14,2017-12-10,DET,TB,0,68,4.57949,49,10.42854,19,-5.84905,33.0,68,4.57949,-0.02896
2017_14_DET_TB,2017,14,2017-12-10,TB,DET,1,70,-0.89963,44,-0.29028,26,-0.60935,36.0,66,-1.60356,0.02896
2017_14_GB_CLE,2017,14,2017-12-10,CLE,GB,1,57,8.09934,32,8.10043,25,-0.00109,24.0,53,9.74871,-2.15418
2017_14_GB_CLE,2017,14,2017-12-10,GB,CLE,0,76,14.99786,53,16.1706,23,-1.17274,39.0,69,11.57675,2.15418
2017_14_IND_BUF,2017,14,2017-12-10,BUF,IND,1,64,-10.96966,16,-4.31972,48,-6.64994,19.0,64,-10.96966,4.76749
2017_14_IND_BUF,2017,14,2017-12-10,IND,BUF,0,68,-9.631,25,-3.32529,43,-6.3057,20.0,68,-9.631,-4.76749
2017_14_MIN_CAR,2017,14,2017-12-10,CAR,MIN,1,61,4.7628,27,-2.45915,34,7.22195,26.0,49,12.33548,-0.47581
2017_14_MIN_CAR,2017,14,2017-12-10,MIN,CAR,0,73,-7.59814,57,-5.27113,16,-2.32702,34.0,61,-10.70964,0.47581
2017_14_NE_MIA,2017,14,2017-12-11,MIA,NE,1,70,3.22466,43,5.68007,27,-2.45541,30.0,51,9.51688,-1.00312
2017_14_NE_MIA,2017,14,2017-12-11,NE,MIA,0,61,-6.42542,51,-4.29112,10,-2.1343,23.0,34,-6.79727,1.00312
2017_14_NO_ATL,2017,14,2017-12-07,ATL,NO,1,72,-0.76231,36,0.34911,36,-1.11142,39.0,70,0.10217,3.012
2017_14_NO_ATL,2017,14,2017-12-07,NO,ATL,0,52,1.31357,37,1.38071,15,-0.06714,26.0,52,1.31357,-3.012
2017_14_NYJ_DEN,2017,14,2017-12-10,DEN,NYJ,1,69,-2.40018,37,5.70185,32,-8.10202,21.0,37,0.44736,2.82261
2017_14_NYJ_DEN,2017,14,2017-12-10,NYJ,DEN,0,49,-25.33738,29,-20.81103,20,-4.52635,14.0,23,-12.15739,-2.82261
2017_14_OAK_KC,2017,14,2017-12-10,KC,LV,1,74,4.00899,43,2.47867,31,1.53032,31.0,27,6.39228,-0.8963
2017_14_OAK_KC,2017,14,2017-12-10,LV,KC,0,60,-10.37362,48,-11.99108,12,1.61746,24.0,20,-8.66123,0.8963
2017_14_PHI_LA,2017,14,2017-12-10,LA,PHI,1,47,-0.16995,31,-4.82451,16,4.65456,25.0,47,-0.16995,4.67111
2017_14_PHI_LA,2017,14,2017-12-10,PHI,LA,0,91,15.89584,61,18.2123,30,-2.31646,37.0,89,16.33392,-4.67111
2017_14_SEA_JAX,2017,14,2017-12-10,JAX,SEA,1,61,11.11372,28,10.60161,33,0.51212,25.0,37,7.10426,-1.32659
2017_14_SEA_JAX,2017,14,2017-12-10,SEA,JAX,0,62,0.42944,40,-0.34365,22,0.77309,27.0,52,-10.37921,1.32659
2017_14_SF_HOU,2017,14,2017-12-10,HOU,SF,1,67,-9.25545,46,-2.58016,21,-6.67529,30.0,56,-10.45289,-1.31096
2017_14_SF_HOU,2017,14,2017-12-10,SF,HOU,0,69,3.7383,38,13.14738,31,-9.40909,26.0,66,5.06892,1.31096
2017_14_TEN_ARI,2017,14,2017-12-10,ARI,TEN,1,63,-10.75515,38,-7.48121,25,-3.27394,25.0,60,-9.17327,-0.80213
2017_14_TEN_ARI,2017,14,2017-12-10,TEN,ARI,0,61,-20.59524,38,-14.51726,23,-6.07798,23.0,61,-20.59524,0.80213
2017_14_WAS_LAC,2017,14,2017-12-10,LAC,WAS,1,72,-1.56961,37,-2.00124,35,0.43162,31.0,25,12.60778,5.59089
2017_14_WAS_LAC,2017,14,2017-12-10,WAS,LAC,0,50,-15.59178,31,-9.6229,19,-5.96887,17.0,22,-2.82248,-5.59089
2017_15_ARI_WAS,2017,15,2017-12-17,ARI,WAS,0,81,-19.31115,50,-19.43922,31,0.12807,30.0,81,-19.31115,7.62634
2017_15_ARI_WAS,2017,15,2017-12-17,WAS,ARI,1,50,-7.19393,30,-0.26524,20,-6.9287,19.0,50,-7.19393,-7.62634
2017_15_ATL_TB,2017,15,2017-12-18,ATL,TB,0,70,15.68361,38,7.96163,32,7.72198,34.0,70,15.68361,0.68725
2017_15_ATL_TB,2017,15,2017-12-18,TB,ATL,1,57,10.5168,42,15.47528,15,-4.95848,30.0,56,9.37214,-0.68725
2017_15_BAL_CLE,2017,15,2017-12-17,BAL,CLE,0,74,2.69217,44,4.51873,30,-1.82656,34.0,52,1.43788,0.7868
2017_15_BAL_CLE,2017,15,2017-12-17,CLE,BAL,1,63,-21.28813,47,-20.65319,16,-0.63493,21.0,44,-16.09584,-0.7868
2017_15_CHI_DET,2017,15,2017-12-16,CHI,DET,0,69,-7.15879,52,-4.64135,17,-2.51744,29.0,25,-10.1037,-4.5794
2017_15_CHI_DET,2017,15,2017-12-16,DET,CHI,1,62,0.17511,42,3.43501,20,-3.2599,23.0,39,3.37304,4.5794
2017_15_CIN_MIN,2017,15,2017-12-17,CIN,MIN,0,52,-28.79395,32,-19.34122,20,-9.45273,14.0,15,-17.64853,-3.83845
2017_15_CIN_MIN,2017,15,2017-12-17,MIN,CIN,1,62,-0.94474,31,1.5757,31,-2.52044,24.0,18,-0.52303,3.83845
2017_15_DAL_OAK,2017,15,2017-12-17,DAL,LV,0,65,4.68015,37,0.86801,28,3.81214,31.0,65,4.68015,5.54714
2017_15_DAL_OAK,2017,15,2017-12-17,LV,DAL,1,66,4.51476,45,7.29812,21,-2.78336,30.0,66,4.51476,-5.54714
2017_15_DEN_IND,2017,15,2017-12-14,DEN,IND,0,77,14.98202,34,16.25717,43,-1.27515,34.0,58,16.87727,-3.93618
2017_15_DEN_IND,2017,15,2017-12-14,IND,DEN,1,53,-4.08776,36,-1.37066,17,-2.7171,20.0,46,-0.41014,3.93618
2017_15_GB_CAR,2017,15,2017-12-17,CAR,GB,1,68,11.79323,37,16.44702,31,-4.65379,31.0,64,12.16952,-3.41441
2017_15_GB_CAR,2017,15,2017-12-17,GB,CAR,0,68,4.56874,54,-0.15722,14,4.72596,33.0,48,0.92359,3.41441
2017_15_HOU_JAX,2017,15,2017-12-17,HOU,JAX,0,57,-15.4268,36,-15.24523,21,-0.18157,15.0,13,-9.36392,-4.22367
2017_15_HOU_JAX,2017,15,2017-12-17,JAX,HOU,1,68,19.93343,32,22.91772,36,-2.98429,31.0,23,8.3117,4.22367
2017_15_LAC_KC,2017,15,2017-12-16,KC,LAC,1,66,9.61934,36,4.35503,30,5.26431,32.0,55,6.65228,1.33866
2017_15_LAC_KC,2017,15,2017-12-16,LAC,KC,0,64,-6.1642,42,-10.2308,22,4.0666,29.0,48,0.13283,-1.33866
2017_15_LA_SEA,2017,15,2017-12-17,LA,SEA,0,68,4.20811,25,-1.37818,43,5.58628,29.0,23,0.65784,8.32649
2017_15_LA_SEA,2017,15,2017-12-17,SEA,LA,1,55,-29.13806,43,-24.74722,12,-4.39084,15.0,20,-14.46265,-8.32649
2017_15_MIA_BUF,2017,15,2017-12-17,BUF,MIA,1,61,5.27987,35,7.3537,26,-2.07383,28.0,33,13.44748,-4.19346
2017_15_MIA_BUF,2017,15,2017-12-17,MIA,BUF,0,74,-7.01471,54,-10.49591,20,3.4812,34.0,32,1.72776,4.19346
2017_15_NE_PIT,2017,15,2017-12-17,NE,PIT,0,56,14.36141,39,9.30994,17,5.05147,30.0,56,14.36141,1.18186
2017_15_NE_PIT,2017,15,2017-12-17,PIT,NE,1,66,9.18192,35,11.95033,31,-2.76841,32.0,64,10.52315,-1.18186
2017_15_NYJ_NO,2017,15,2017-12-17,NO,NYJ,1,66,-1.42897,37,-2.28901,29,0.86005,27.0,58,-4.53871,6.86523
2017_15_NYJ_NO,2017,15,2017-12-17,NYJ,NO,0,71,-4.06644,44,-4.4395,27,0.37306,28.0,54,-7.81618,-6.86523
2017_15_PHI_NYG,2017,15,2017-12-17,NYG,PHI,1,86,9.7964,63,12.95221,23,-3.15581,42.0,83,10.56481,-10.1755
2017_15_PHI_NYG,2017,15,2017-12-17,PHI,NYG,0,66,11.86274,40,13.18943,26,-1.32669,28.0,63,12.16451,10.1755
2017_15_TEN_SF,2017,15,2017-12-17,SF,TEN,1,69,9.57569,47,16.14384,22,-6.56815,33.0,68,10.56891,0.9553
2017_15_TEN_SF,2017,15,2017-12-17,TEN,SF,0,63,8.67766,35,10.91993,28,-2.24227,28.0,63,8.67766,-0.9553
2017_16_ATL_NO,2017,16,2017-12-24,ATL,NO,0,63,-13.03314,43,4.16133,20,-17.19447,22.0,37,-15.20035,-2.27586
2017_16_ATL_NO,2017,16,2017-12-24,NO,ATL,1,61,-8.34285,30,-1.3797,31,-6.96315,21.0,38,3.9141,2.27586
2017_16_BUF_NE,2017,16,2017-12-24,BUF,NE,0,69,-5.55474,47,-3.1313,22,-2.42344,27.0,55,-0.10261,-3.86065
2017_16_BUF_NE,2017,16,2017-12-24,NE,BUF,1,69,16.86753,32,7.8658,37,9.00173,40.0,54,8.90338,3.86065
2017_16_CLE_CHI,2017,16,2017-12-24,CHI,CLE,1,62,-0.09945,34,2.45628,28,-2.55573,26.0,41,5.87236,-1.25804
2017_16_CLE_CHI,2017,16,2017-12-24,CLE,CHI,0,59,-21.44863,40,-19.06859,19,-2.38004,22.0,35,-10.58904,1.25804
2017_16_DEN_WAS,2017,16,2017-12-24,DEN,WAS,0,72,-18.04947,46,-22.76939,26,4.71992,25.0,47,-11.74873,-4.3876
2017_16_DEN_WAS,2017,16,2017-12-24,WAS,DEN,1,65,-0.945,40,10.94403,25,-11.88903,24.0,49,-2.25688,4.3876
2017_16_DET_CIN,2017,16,2017-12-24,CIN,DET,1,82,5.31957,49,3.07469,33,2.24487,38.0,80,1.56942,5.72985
2017_16_DET_CIN,2017,16,2017-12-24,DET,CIN,0,61,-0.64653,40,-3.2332,21,2.58667,25.0,55,2.65621,-5.72985
2017_16_IND_BAL,2017,16,2017-12-23,BAL,IND,1,70,10.72193,42,11.70936,28,-0.98743,32.0,65,12.12433,0.6139
2017_16_IND_BAL,2017,16,2017-12-23,IND,BAL,0,62,4.74773,40,8.0918,22,-3.34407,28.0,54,0.37055,-0.6139
2017_16_JAX_SF,2017,16,2017-12-24,JAX,SF,0,86,1.32645,60,3.8119,26,-2.48544,40.0,57,-3.1143,2.39182
2017_16_JAX_SF,2017,16,2017-12-24,SF,JAX,1,65,16.37188,32,12.72001,33,3.65187,35.0,55,11.43091,-2.39182
2017_16_LAC_NYJ,2017,16,2017-12-24,LAC,NYJ,0,72,4.37246,41,8.52629,31,-4.15383,27.0,63,4.72299,-9.66961
2017_16_LAC_NYJ,2017,16,2017-12-24,NYJ,LAC,1,64,-16.27001,37,-11.11865,27,-5.15136,22.0,63,-16.45641,9.66961
2017_16_LA_TEN,2017,16,2017-12-24,LA,TEN,0,67,6.90133,43,12.88681,24,-5.98548,30.0,64,8.55998,-5.21942
2017_16_LA_TEN,2017,16,2017-12-24,TEN,LA,1,68,-4.89025,44,-1.26335,24,-3.6269,25.0,68,-4.89025,5.21942
2017_16_MIA_KC,2017,16,2017-12-24,KC,MIA,1,77,6.45233,45,15.70941,32,-9.25708,31.0,52,12.79852,2.96643
2017_16_MIA_KC,2017,16,2017-12-24,MIA,KC,0,55,-8.57761,39,-5.75484,16,-2.82278,21.0,38,-2.38505,-2.96643
2017_16_MIN_GB,2017,16,2017-12-23,GB,MIN,1,67,-26.48112,47,-22.62165,20,-3.85947,20.0,46,-12.75756,0.42315
2017_16_MIN_GB,2017,16,2017-12-23,MIN,GB,0,61,-2.73881,30,0.17307,31,-2.91188,22.0,44,4.64687,-0.42315
2017_16_NYG_ARI,2017,16,2017-12-24,ARI,NYG,1,67,-11.15962,39,-2.87714,28,-8.28248,23.0,41,0.87555,5.28712
2017_16_NYG_ARI,2017,16,2017-12-24,NYG,ARI,0,71,-31.48789,52,-20.33771,19,-11.15018,28.0,36,-9.15453,-5.28712
2017_16_OAK_PHI,2017,16,2017-12-25,LV,PHI,0,66,-30.62285,35,-19.52097,31,-11.10188,18.0,65,-23.6831,0.44111
2017_16_OAK_PHI,2017,16,2017-12-25,PHI,LV,1,66,-22.97139,43,-14.27491,23,-8.69648,22.0,66,-22.97139,-0.44111
2017_16_PIT_HOU,2017,16,2017-12-25,HOU,PIT,1,54,-15.40872,28,-17.51037,26,2.10164,21.0,22,-12.58691,-4.70882
2017_16_PIT_HOU,2017,16,2017-12-25,PIT,HOU,0,57,15.08605,32,15.53739,25,-0.45134,25.0,31,11.83188,4.70882
2017_16_SEA_DAL,2017,16,2017-12-24,DAL,SEA,1,73,-15.42792,44,-14.33882,29,-1.0891,34.0,66,-16.27134,-1.47618
2017_16_SEA_DAL,2017,16,2017-12-24,SEA,DAL,0,54,-4.6154,28,2.57224,26,-7.18764,23.0,47,-2.82246,1.47618
2017_16_TB_CAR,2017,16,2017-12-24,CAR,TB,1,61,-3.96943,33,-7.22135,28,3.25192,26.0,61,-3.96943,6.26538
2017_16_TB_CAR,2017,16,2017-12-24,TB,CAR,0,64,1.64333,42,12.36069,22,-10.71735,24.0,64,1.64333,-6.26538
2017_17_ARI_SEA,2017,17,2017-12-31,ARI,SEA,0,70,-0.78766,38,0.39476,32,-1.18242,27.0,70,-0.78766,2.6831
2017_17_ARI_SEA,2017,17,2017-12-31,SEA,ARI,1,58,-5.01486,38,-0.50956,20,-4.5053,20.0,58,-5.01486,-2.6831
2017_17_BUF_MIA,2017,17,2017-12-31,BUF,MIA,0,64,10.8186,37,13.30639,27,-2.48779,28.0,46,6.54598,-3.13931
2017_17_BUF_MIA,2017,17,2017-12-31,MIA,BUF,1,70,-1.77669,50,-2.35598,20,0.57929,31.0,38,-14.75616,3.13931
2017_17_CAR_ATL,2017,17,2017-12-31,ATL,CAR,1,70,-1.44789,47,7.18446,23,-8.63235,25.0,62,2.90572,-1.04748
2017_17_CAR_ATL,2017,17,2017-12-31,CAR,ATL,0,60,-17.38706,39,-12.49555,21,-4.89151,22.0,47,-10.44898,1.04748
2017_17_CHI_MIN,2017,17,2017-12-31,CHI,MIN,0,56,-22.36128,42,-17.6253,14,-4.73598,16.0,26,-13.23877,7.68027
2017_17_CHI_MIN,2017,17,2017-12-31,MIN,CHI,1,73,0.39245,37,4.25757,36,-3.86512,29.0,54,1.58742,-7.68027
2017_17_CIN_BAL,2017,17,2017-12-31,BAL,CIN,1,76,-14.40281,50,-15.7489,26,1.34609,32.0,74,-12.84546,9.32615
2017_17_CIN_BAL,2017,17,2017-12-31,CIN,BAL,0,76,2.37301,48,5.50589,28,-3.13288,33.0,76,2.37301,-9.32615
2017_17_CLE_PIT,2017,17,2017-12-31,CLE,PIT,0,65,0.19812,43,7.04096,22,-6.84284,23.0,65,0.19812,-1.79399
2017_17_CLE_PIT,2017,17,2017-12-31,PIT,CLE,1,58,-3.4145,31,-1.21084,27,-2.20366,26.0,53,-2.50121,1.79399
2017_17_DAL_PHI,2017,17,2017-12-31,DAL,PHI,0,68,-7.45179,37,-0.16424,31,-7.28755,23.0,59,-7.51646,-6.45361
2017_17_DAL_PHI,2017,17,2017-12-31,PHI,DAL,1,59,-23.03801,41,-19.35367,18,-3.68434,20.0,56,-23.13528,6.45361
2017_17_GB_DET,2017,17,2017-12-31,DET,GB,1,56,5.65599,35,11.40503,21,-5.74904,23.0,27,1.85192,1.94153
2017_17_GB_DET,2017,17,2017-12-31,GB,DET,0,67,-19.35389,41,-12.4964,26,-6.85748,25.0,31,-9.6046,-1.94153
2017_17_HOU_IND,2017,17,2017-12-31,HOU,IND,0,55,-2.89855,29,2.55606,26,-5.45461,20.0,52,-2.64437,-1.44432
2017_17_HOU_IND,2017,17,2017-12-31,IND,HOU,1,62,3.33583,31,3.53459,31,-0.19876,25.0,55,2.57427,1.44432
2017_17_JAX_TEN,2017,17,2017-12-31,JAX,TEN,0,60,-17.53689,36,-14.71118,24,-2.82571,21.0,56,-11.70774,-9.34287
2017_17_JAX_TEN,2017,17,2017-12-31,TEN,JAX,1,64,-23.23409,29,-0.25793,35,-22.97616,22.0,47,-6.66538,9.34287
2017_17_KC_DEN,2017,17,2017-12-31,DEN,KC,1,65,-6.99545,39,-4.25177,26,-2.74368,32.0,50,-2.02866,2.07279
2017_17_KC_DEN,2017,17,2017-12-31,KC,DEN,0,65,1.06883,41,7.87636,24,-6.80752,31.0,59,11.31648,-2.07279
2017_17_NO_TB,2017,17,2017-12-31,NO,TB,0,59,6.57499,32,8.96478,27,-2.38979,26.0,58,6.59967,0.26262
2017_17_NO_TB,2017,17,2017-12-31,TB,NO,1,82,8.99661,58,12.31264,24,-3.31602,42.0,82,8.99661,-0.26262
2017_17_NYJ_NE,2017,17,2017-12-31,NE,NYJ,1,85,0.17946,47,2.05401,38,-1.87455,36.0,47,5.14358,6.15158
2017_17_NYJ_NE,2017,17,2017-12-31,NYJ,NE,0,58,-7.97964,40,-1.90555,18,-6.07409,17.0,24,-1.10439,-6.15158
2017_17_OAK_LAC,2017,17,2017-12-31,LAC,LV,1,68,20.87711,41,22.30053,27,-1.42342,38.0,41,22.82488,-7.83154
2017_17_OAK_LAC,2017,17,2017-12-31,LV,LAC,0,54,-8.90418,32,-2.34623,22,-6.55794,21.0,35,1.30424,7.83154
2017_17_SF_LA,2017,17,2017-12-31,LA,SF,1,65,-13.88134,39,-14.51456,26,0.63322,23.0,36,-13.21021,-1.28017
2017_17_SF_LA,2017,17,2017-12-31,SF,LA,0,62,10.87955,34,9.41159,28,1.46795,28.0,36,9.3287,1.28017
2017_17_WAS_NYG,2017,17,2017-12-31,NYG,WAS,1,74,-5.694,32,-12.43535,42,6.74135,26.0,64,-6.99598,-0.98671
2017_17_WAS_NYG,2017,17,2017-12-31,WAS,NYG,0,57,-22.74818,40,-22.484,17,-0.26418,16.0,55,-18.23792,0.98671
2017_18_ATL_LA,2017,18,2018-01-06,ATL,LA,0,70,5.23304,35,6.22536,35,-0.99233,30.0,65,4.6244,12.95827
2017_18_ATL_LA,2017,18,2018-01-06,LA,ATL,1,66,-1.53219,50,-4.01165,16,2.47946,21.0,46,0.8354,-12.95827
2017_18_BUF_JAX,2017,18,2018-01-07,BUF,JAX,0,77,-14.36318,50,-9.71123,27,-4.65195,27.0,71,-13.34872,-2.82489
2017_18_BUF_JAX,2017,18,2018-01-07,JAX,BUF,1,57,-7.26149,29,-5.29759,28,-1.9639,23.0,51,-3.34378,2.82489
2017_18_CAR_NO,2017,18,2018-01-07,CAR,NO,0,74,9.82953,50,13.14051,24,-3.31098,28.0,67,2.58407,-3.30627
2017_18_CAR_NO,2017,18,2018-01-07,NO,CAR,1,57,8.57472,35,16.69581,22,-8.12109,29.0,50,13.99099,3.30627
2017_18_TEN_KC,2017,18,2018-01-06,KC,TEN,1,56,3.28947,41,5.35861,15,-2.06914,26.0,49,5.39217,-1.302
2017_18_TEN_KC,2017,18,2018-01-06,TEN,KC,0,63,14.40148,38,7.93248,25,6.469,35.0,47,6.1266,1.302
2017_19_ATL_PHI,2017,19,2018-01-13,ATL,PHI,0,62,-2.22873,41,-0.67289,21,-1.55584,25.0,62,-2.22873,4.30239
2017_19_ATL_PHI,2017,19,2018-01-13,PHI,ATL,1,62,5.56321,33,13.768,29,-8.20479,32.0,61,5.69513,-4.30239
2017_19_JAX_PIT,2017,19,2018-01-14,JAX,PIT,0,60,19.31679,28,13.24169,32,6.0751,28.0,49,15.30958,0.70065
2017_19_JAX_PIT,2017,19,2018-01-14,PIT,JAX,1,78,11.34103,62,18.60353,16,-7.26251,36.0,47,-12.22764,-0.70065
2017_19_NO_MIN,2017,19,2018-01-14,MIN,NO,1,78,6.80815,49,9.60001,29,-2.79186,36.0,58,8.97564,1.32432
2017_19_NO_MIN,2017,19,2018-01-14,NO,MIN,0,67,2.03246,44,4.42811,23,-2.39565,33.0,40,-10.41005,-1.32432
2017_19_TEN_NE,2017,19,2018-01-13,NE,TEN,1,78,19.97266,54,16.3401,24,3.63255,43.0,42,11.06278,-0.6097
2017_19_TEN_NE,2017,19,2018-01-13,TEN,NE,0,65,-1.47259,51,2.46584,14,-3.93843,22.0,33,2.10432,0.6097
2017_20_JAX_NE,2017,20,2018-01-21,JAX,NE,0,71,3.52382,40,7.1423,31,-3.61847,28.0,70,3.98569,0.59352
2017_20_JAX_NE,2017,20,2018-01-21,NE,JAX,1,61,6.83158,46,9.66112,15,-2.82955,27.0,58,6.91291,-0.59352
2017_20_MIN_PHI,2017,20,2018-01-21,MIN,PHI,0,67,-11.84641,50,-11.59507,17,-0.25135,25.0,37,-7.42239,-0.20409
2017_20_MIN_PHI,2017,20,2018-01-21,PHI,MIN,1,62,20.90454,34,23.88105,28,-2.97651,31.0,29,8.1542,0.20409
2017_21_PHI_NE,2017,21,2018-02-04,NE,PHI,1,73,23.00938,52,21.50814,21,1.50124,36.0,65,23.16521,-4.61619
2017_21_PHI_NE,2017,21,2018-02-04,PHI,NE,0,71,30.16678,44,24.84949,27,5.31729,36.0,68,31.28038,4.61619
2018_01_ATL_PHI,2018,1,2018-09-06,ATL,PHI,0,70,-14.68628,52,-8.83068,18,-5.8556,24.0,70,-14.68628,6.40061
2018_01_ATL_PHI,2018,1,2018-09-06,PHI,ATL,1,70,-6.29369,42,-8.75526,28,2.46157,28.0,70,-6.29369,-6.40061
2018_01_BUF_BAL,2018,1,2018-09-09,BAL,BUF,1,79,5.09083,44,8.47089,35,-3.38006,32.0,26,8.25222,3.16569
2018_01_BUF_BAL,2018,1,2018-09-09,BUF,BAL,0,65,-39.95479,44,-24.72206,21,-15.23272,11.0,16,-13.51,-3.16569
2018_01_CHI_GB,2018,1,2018-09-09,CHI,GB,0,70,-0.15301,46,-2.21837,24,2.06536,31.0,54,1.17391,-0.33832
2018_01_CHI_GB,2018,1,2018-09-09,GB,CHI,1,60,-2.10594,43,1.60202,17,-3.70797,25.0,39,-7.38787,0.33832
2018_01_CIN_IND,2018,1,2018-09-09,CIN,IND,0,56,5.80374,34,3.06026,22,2.74348,31.0,52,2.66573,2.74443
2018_01_CIN_IND,2018,1,2018-09-09,IND,CIN,1,82,-6.92719,60,0.28254,22,-7.20972,38.0,81,-6.7751,-2.74443
2018_01_DAL_CAR,2018,1,2018-09-09,CAR,DAL,1,63,-3.36411,34,-3.94248,29,0.57837,31.0,48,-2.98834,7.66153
2018_01_DAL_CAR,2018,1,2018-09-09,DAL,CAR,0,62,-9.84533,44,-7.96854,18,-1.87679,22.0,39,-8.39666,-7.66153
2018_01_HOU_NE,2018,1,2018-09-09,HOU,NE,0,73,-10.92137,45,-3.97288,28,-6.9485,31.0,38,-11.9142,6.68685
2018_01_HOU_NE,2018,1,2018-09-09,NE,HOU,1,75,0.5435,43,5.34335,32,-4.79985,29.0,42,0.63853,-6.68685
2018_01_JAX_NYG,2018,1,2018-09-09,JAX,NYG,0,61,-3.78994,36,-5.60929,25,1.81935,24.0,58,-2.58514,0.37665
2018_01_JAX_NYG,2018,1,2018-09-09,NYG,JAX,1,70,-14.19624,47,-11.13003,23,-3.06621,22.0,70,-14.19624,-0.37665
2018_01_KC_LAC,2018,1,2018-09-09,KC,LAC,0,56,10.47466,30,12.64346,26,-2.16879,24.0,41,10.33697,20.58633
2018_01_KC_LAC,2018,1,2018-09-09,LAC,KC,1,79,18.51514,57,16.85423,22,1.66091,43.0,47,4.08657,-20.58633
2018_01_LA_OAK,2018,1,2018-09-10,LA,LV,0,62,13.05137,36,11.43406,26,1.61731,31.0,49,13.28156,-2.02523
2018_01_LA_OAK,2018,1,2018-09-10,LV,LA,1,70,-14.2106,47,-13.22268,23,-0.98792,32.0,59,-5.0514,2.02523
2018_01_NYJ_DET,2018,1,2018-09-10,DET,NYJ,1,69,-25.89802,56,-22.3758,13,-3.52222,29.0,39,-9.38913,-14.32392
2018_01_NYJ_DET,2018,1,2018-09-10,NYJ,DET,0,55,6.79185,24,7.55602,31,-0.76416,26.0,39,2.54901,14.32392
2018_01_PIT_CLE,2018,1,2018-09-09,CLE,PIT,1,87,-10.68435,56,-9.3457,31,-1.33865,31.0,70,-7.56259,-2.89235
2018_01_PIT_CLE,2018,1,2018-09-09,PIT,CLE,0,83,-13.41159,49,-4.2294,34,-9.1822,34.0,60,2.1562,2.89235
2018_01_SEA_DEN,2018,1,2018-09-09,DEN,SEA,1,74,-7.24463,42,-3.21458,32,-4.03005,35.0,73,-5.95474,2.8669
2018_01_SEA_DEN,2018,1,2018-09-09,SEA,DEN,0,57,-5.80752,42,3.22249,15,-9.03001,21.0,55,-5.84023,-2.8669
2018_01_SF_MIN,2018,1,2018-09-09,MIN,SF,1,71,-13.78647,43,0.00014,28,-13.78661,25.0,44,-0.39556,-0.89498
2018_01_SF_MIN,2018,1,2018-09-09,SF,MIN,0,66,-17.35972,42,-6.94454,24,-10.41518,26.0,52,-28.20862,0.89498
2018_01_TB_NO,2018,1,2018-09-09,NO,TB,1,62,9.86239,48,17.98509,14,-8.1227,37.0,40,2.45785,2.43532
2018_01_TB_NO,2018,1,2018-09-09,TB,NO,0,62,28.9006,38,32.2942,24,-3.3936,30.0,46,23.42342,-2.43532
2018_01_TEN_MIA,2018,1,2018-09-09,MIA,TEN,1,60,-3.94341,32,0.56643,28,-4.50985,27.0,54,-0.61182,-4.7534
2018_01_TEN_MIA,2018,1,2018-09-09,TEN,MIA,0,68,-20.12517,40,-18.20422,28,-1.92095,27.0,58,-18.46308,4.7534
2018_01_WAS_ARI,2018,1,2018-09-09,ARI,WAS,1,51,-10.11919,38,-12.41758,13,2.29839,21.0,13,-4.84662,3.0741
2018_01_WAS_ARI,2018,1,2018-09-09,WAS,ARI,0,78,14.07926,39,11.88484,39,2.19442,43.0,37,14.90793,-3.0741
2018_02_ARI_LA,2018,2,2018-09-16,ARI,LA,0,45,-18.74408,30,-15.0659,15,-3.67818,11.0,19,-6.07948,-4.65139
2018_02_ARI_LA,2018,2,2018-09-16,LA,ARI,1,69,9.82102,35,15.65329,34,-5.83226,36.0,32,6.04945,4.65139
2018_02_BAL_CIN,2018,2,2018-09-13,BAL,CIN,0,82,-4.39664,61,-1.81603,21,-2.58062,41.0,40,-10.02053,3.02645
2018_02_BAL_CIN,2018,2,2018-09-13,CIN,BAL,1,76,9.5321,47,14.73041,29,-5.19831,33.0,30,7.97436,-3.02645
2018_02_CAR_ATL,2018,2,2018-09-16,ATL,CAR,1,63,15.606,33,19.31779,30,-3.7118,36.0,46,17.10287,-3.85027
2018_02_CAR_ATL,2018,2,2018-09-16,CAR,ATL,0,67,8.95133,52,6.77292,15,2.17841,34.0,39,-0.95219,3.85027
2018_02_CLE_NO,2018,2,2018-09-16,CLE,NO,0,62,-1.95733,37,3.24746,25,-5.20479,25.0,59,-1.65114,-6.03671
2018_02_CLE_NO,2018,2,2018-09-16,NO,CLE,1,64,-8.28954,42,-2.37105,22,-5.9185,28.0,64,-8.28954,6.03671
2018_02_DET_SF,2018,2,2018-09-16,DET,SF,0,77,7.47772,58,8.05301,19,-0.57529,34.0,61,-3.33758,-3.44321
2018_02_DET_SF,2018,2,2018-09-16,SF,DET,1,63,10.5395,36,8.44053,27,2.09897,31.0,54,12.82601,3.44321
2018_02_HOU_TEN,2018,2,2018-09-16,HOU,TEN,0,66,6.833,43,9.64768,23,-2.81469,27.0,64,6.43678,-6.36173
2018_02_HOU_TEN,2018,2,2018-09-16,TEN,HOU,1,60,1.40261,24,7.06104,36,-5.65843,22.0,51,4.77526,6.36173
2018_02_IND_WAS,2018,2,2018-09-16,IND,WAS,0,59,4.54443,34,3.10664,25,1.4378,27.0,55,5.27118,0.90943
2018_02_IND_WAS,2018,2,2018-09-16,WAS,IND,1,72,-9.17213,51,-3.51737,21,-5.65476,35.0,52,-7.02211,-0.90943
2018_02_KC_PIT,2018,2,2018-09-16,KC,PIT,0,56,25.31868,35,24.58888,21,0.7298,31.0,41,28.83674,8.76001
2018_02_KC_PIT,2018,2,2018-09-16,PIT,KC,1,81,18.52039,70,21.59985,11,-3.07946,42.0,56,13.12522,-8.76001
2018_02_LAC_BUF,2018,2,2018-09-16,BUF,LAC,1,61,-5.44805,41,-0.65493,20,-4.79313,25.0,24,-8.68814,-1.38835
2018_02_LAC_BUF,2018,2,2018-09-16,LAC,BUF,0,55,14.78893,31,18.75456,24,-3.96563,27.0,21,15.0308,1.38835
2018_02_MIA_NYJ,2018,2,2018-09-16,MIA,NYJ,0,57,-5.24029,29,-3.54515,28,-1.69514,29.0,27,1.79303,-0.17551
2018_02_MIA_NYJ,2018,2,2018-09-16,NYJ,MIA,1,65,-15.74005,47,-8.90565,18,-6.8344,23.0,36,-25.17377,0.17551
2018_02_MIN_GB,2018,2,2018-09-16,GB,MIN,1,76,2.0644,54,4.7365,22,-2.6721,35.0,65,9.49413,14.37945
2018_02_MIN_GB,2018,2,2018-09-16,MIN,GB,0,72,10.32566,53,14.58236,19,-4.2567,35.0,58,3.5071,-14.37945
2018_02_NE_JAX,2018,2,2018-09-16,JAX,NE,1,69,12.99697,51,16.64659,18,-3.64962,32.0,18,12.46906,1.69317
2018_02_NE_JAX,2018,2,2018-09-16,NE,JAX,0,60,0.80611,38,6.8231,22,-6.01699,24.0,34,-8.15222,-1.69317
2018_02_NYG_DAL,2018,2,2018-09-16,DAL,NYG,1,51,3.76992,27,-2.13895,24,5.90887,21.0,36,-0.11869,-3.69773
2018_02_NYG_DAL,2018,2,2018-09-16,NYG,DAL,0,68,-8.26908,51,-7.75113,17,-0.51795,27.0,48,-18.62772,3.69773
2018_02_OAK_DEN,2018,2,2018-09-16,DEN,LV,1,66,4.35744,39,-2.33257,27,6.69001,28.0,66,4.35744,0.30118
2018_02_OAK_DEN,2018,2,2018-09-16,LV,DEN,0,65,5.013,36,11.21946,29,-6.20647,34.0,65,5.013,-0.30118
2018_02_PHI_TB,2018,2,2018-09-16,PHI,TB,0,78,-0.1126,55,-3.58241,23,3.46981,34.0,45,-3.17664,0.21479
2018_02_PHI_TB,2018,2,2018-09-16,TB,PHI,1,57,5.92737,35,13.44332,22,-7.51596,27.0,29,9.15714,-0.21479
2018_02_SEA_CHI,2018,2,2018-09-17,CHI,SEA,1,65,-4.75778,41,-0.73347,24,-4.02431,31.0,60,-3.62726,0.66569
2018_02_SEA_CHI,2018,2,2018-09-17,SEA,CHI,0,63,-12.38434,44,-10.1816,19,-2.20274,28.0,38,-22.75093,-0.66569
2018_03_BUF_MIN,2018,3,2018-09-23,BUF,MIN,0,67,0.91171,31,12.21644,36,-11.30473,25.0,23,15.91623,5.97606
2018_03_BUF_MIN,2018,3,2018-09-23,MIN,BUF,1,65,-23.6939,60,-21.00535,5,-2.68855,24.0,11,-13.39163,-5.97606
2018_03_CHI_ARI,2018,3,2018-09-23,ARI,CHI,1,50,-10.87389,33,-4.61648,17,-6.25741,15.0,50,-10.87389,1.34093
2018_03_CHI_ARI,2018,3,2018-09-23,CHI,ARI,0,74,-3.93578,45,-3.13962,29,-0.79616,32.0,71,-2.74458,-1.34093
2018_03_CIN_CAR,2018,3,2018-09-23,CAR,CIN,1,66,9.05593,27,3.66328,39,5.39265,32.0,55,11.22483,3.30022
2018_03_CIN_CAR,2018,3,2018-09-23,CIN,CAR,0,64,3.67449,49,4.24174,15,-0.56724,31.0,56,2.40348,-3.30022
2018_03_DAL_SEA,2018,3,2018-09-23,DAL,SEA,0,59,-14.29929,40,-12.81068,19,-1.48861,21.0,31,-14.52284,2.52193
2018_03_DAL_SEA,2018,3,2018-09-23,SEA,DAL,1,68,2.52867,29,10.27028,39,-7.74161,23.0,38,10.40025,-2.52193
2018_03_DEN_BAL,2018,3,2018-09-23,BAL,DEN,1,68,5.94479,43,8.1509,25,-2.20611,30.0,56,11.12927,-1.715
2018_03_DEN_BAL,2018,3,2018-09-23,DEN,BAL,0,68,-7.60667,43,-8.09579,25,0.48912,29.0,38,-7.74368,1.715
2018_03_GB_WAS,2018,3,2018-09-23,GB,WAS,0,70,-7.34803,53,-8.36863,17,1.0206,29.0,36,-1.85443,-0.22969
2018_03_GB_WAS,2018,3,2018-09-23,WAS,GB,1,59,10.22083,29,11.35464,30,-1.13381,25.0,36,13.08272,0.22969
2018_03_IND_PHI,2018,3,2018-09-23,IND,PHI,0,59,-8.13978,47,-7.03339,12,-1.10639,20.0,55,-8.29439,5.149
2018_03_IND_PHI,2018,3,2018-09-23,PHI,IND,1,82,-0.86796,49,-0.26068,33,-0.60728,41.0,79,-0.30898,-5.149
2018_03_LAC_LA,2018,3,2018-09-23,LA,LAC,1,75,18.63096,43,16.30033,32,2.33062,43.0,57,18.47711,-0.62474
2018_03_LAC_LA,2018,3,2018-09-23,LAC,LA,0,52,6.74155,32,1.92026,20,4.82129,22.0,29,-0.09813,0.62474
2018_03_NE_DET,2018,3,2018-09-23,DET,NE,1,72,2.23559,39,5.17158,33,-2.93599,33.0,49,10.67756,2.71923
2018_03_NE_DET,2018,3,2018-09-23,NE,DET,0,48,-13.66076,28,-10.86992,20,-2.79084,22.0,32,-3.6481,-2.71923
2018_03_NO_ATL,2018,3,2018-09-23,ATL,NO,1,65,14.01352,44,24.89507,21,-10.88156,32.0,65,14.01352,-6.59546
2018_03_NO_ATL,2018,3,2018-09-23,NO,ATL,0,78,23.52371,53,21.18583,25,2.33788,41.0,74,23.18238,6.59546
2018_03_NYG_HOU,2018,3,2018-09-23,HOU,NYG,1,65,4.13252,51,10.7739,14,-6.64139,31.0,53,-4.03696,4.48982
2018_03_NYG_HOU,2018,3,2018-09-23,NYG,HOU,0,61,12.95467,35,16.1902,26,-3.23552,29.0,51,16.45227,-4.48982
2018_03_NYJ_CLE,2018,3,2018-09-20,CLE,NYJ,1,73,-5.12899,43,0.22181,30,-5.3508,28.0,70,-3.05379,-4.64482
2018_03_NYJ_CLE,2018,3,2018-09-20,NYJ,CLE,0,63,-8.90285,33,-8.46742,30,-0.43542,24.0,62,-8.86038,4.64482
2018_03_OAK_MIA,2018,3,2018-09-23,LV,MIA,0,74,6.19009,44,10.31282,30,-4.12273,40.0,69,5.16116,-4.13505
2018_03_OAK_MIA,2018,3,2018-09-23,MIA,LV,1,43,9.04612,32,14.95815,11,-5.91203,17.0,43,9.04612,4.13505
2018_03_PIT_TB,2018,3,2018-09-24,PIT,TB,0,63,8.83487,43,14.10117,20,-5.2663,28.0,42,5.05256,-3.8245
2018_03_PIT_TB,2018,3,2018-09-24,TB,PIT,1,72,-2.63865,59,1.92708,13,-4.56573,27.0,43,-12.69064,3.8245
2018_03_SF_KC,2018,3,2018-09-23,KC,SF,1,73,27.54337,48,27.61633,25,-0.07296,40.0,25,17.79435,3.96187
2018_03_SF_KC,2018,3,2018-09-23,SF,KC,0,67,15.88604,39,9.97647,28,5.90958,37.0,20,1.03277,-3.96187
2018_03_TEN_JAX,2018,3,2018-09-23,JAX,TEN,1,58,-11.36587,41,-7.83197,17,-3.53391,21.0,57,-11.45416,0.56071
2018_03_TEN_JAX,2018,3,2018-09-23,TEN,JAX,0,62,-4.35235,31,1.71354,31,-6.06589,25.0,61,-4.06962,-0.56071
2018_04_BAL_PIT,2018,4,2018-09-30,BAL,PIT,0,74,6.49897,44,11.53617,30,-5.0372,36.0,64,8.00534,1.57267
2018_04_BAL_PIT,2018,4,2018-09-30,PIT,BAL,1,60,-14.04803,49,-8.93643,11,-5.11159,23.0,53,-5.34866,-1.57267
2018_04_BUF_GB,2018,4,2018-09-30,BUF,GB,0,58,-23.98521,45,-21.14129,13,-2.84392,18.0,25,-12.99027,-4.54375
2018_04_BUF_GB,2018,4,2018-09-30,GB,BUF,1,76,-3.03872,47,2.77586,29,-5.81458,38.0,24,9.09209,4.54375
2018_04_CIN_ATL,2018,4,2018-09-30,ATL,CIN,1,69,15.52593,43,18.92777,26,-3.40184,34.0,69,15.52593,0.95952
2018_04_CIN_ATL,2018,4,2018-09-30,CIN,ATL,0,72,17.89647,51,16.22009,21,1.67639,37.0,72,17.89647,-0.95952
2018_04_CLE_OAK,2018,4,2018-09-30,CLE,LV,0,77,-2.16526,47,-2.46935,30,0.30409,29.0,73,4.0804,1.46969
2018_04_CLE_OAK,2018,4,2018-09-30,LV,CLE,1,89,-0.70707,61,3.54667,28,-4.25374,39.0,80,-5.19519,-1.46969
2018_04_DET_DAL,2018,4,2018-09-30,DAL,DET,1,68,14.15209,35,8.73391,33,5.41819,39.0,68,14.15209,0.58171
2018_04_DET_DAL,2018,4,2018-09-30,DET,DAL,0,54,14.74275,34,16.30507,20,-1.56232,23.0,54,14.74275,-0.58171
2018_04_HOU_IND,2018,4,2018-09-30,HOU,IND,0,84,6.99935,51,12.6798,33,-5.68045,40.0,73,7.04336,-2.57222
2018_04_HOU_IND,2018,4,2018-09-30,IND,HOU,1,89,-3.54956,72,12.03284,17,-15.5824,39.0,75,-12.45989,2.57222
2018_04_KC_DEN,2018,4,2018-10-01,DEN,KC,1,60,4.4637,38,-3.26588,22,7.72958,29.0,60,4.4637,1.85067
2018_04_KC_DEN,2018,4,2018-10-01,KC,DEN,0,77,15.4591,53,9.18541,24,6.27369,40.0,76,12.08716,-1.85067
2018_04_MIA_NE,2018,4,2018-09-30,MIA,NE,0,49,-18.0055,31,-4.68372,18,-13.32178,13.0,19,-13.67047,-0.41198
2018_04_MIA_NE,2018,4,2018-09-30,NE,MIA,1,78,16.06032,39,17.72014,39,-1.65982,36.0,31,2.60546,0.41198
2018_04_MIN_LA,2018,4,2018-09-27,LA,MIN,1,55,27.18641,37,26.24874,18,0.93767,31.0,42,28.22702,-6.39685
2018_04_MIN_LA,2018,4,2018-09-27,MIN,LA,0,73,11.29826,57,14.53342,16,-3.23515,34.0,67,6.69136,6.39685
2018_04_NO_NYG,2018,4,2018-09-30,NO,NYG,0,68,16.59426,39,9.37799,29,7.21627,30.0,50,4.0806,3.01113
2018_04_NO_NYG,2018,4,2018-09-30,NYG,NO,1,60,-4.00483,46,-2.66534,14,-1.33949,28.0,44,-7.30455,-3.01113
2018_04_NYJ_JAX,2018,4,2018-09-30,JAX,NYJ,1,76,1.6434,44,11.94766,32,-10.30426,33.0,33,10.98627,1.91426
2018_04_NYJ_JAX,2018,4,2018-09-30,NYJ,JAX,0,55,-13.23943,43,-10.1212,12,-3.11823,15.0,21,-5.41909,-1.91426
2018_04_PHI_TEN,2018,4,2018-09-30,PHI,TEN,0,78,3.19716,58,3.67902,20,-0.48186,35.0,77,4.24054,0.54473
2018_04_PHI_TEN,2018,4,2018-09-30,TEN,PHI,1,70,9.35133,52,15.72266,18,-6.37134,33.0,70,9.35133,-0.54473
2018_04_SEA_ARI,2018,4,2018-09-30,ARI,SEA,1,60,-4.98973,33,6.55531,27,-11.54504,25.0,60,-4.98973,1.83917
2018_04_SEA_ARI,2018,4,2018-09-30,SEA,ARI,0,65,2.18737,31,1.06734,34,1.12003,32.0,65,2.18737,-1.83917
2018_04_SF_LAC,2018,4,2018-09-30,LAC,SF,1,64,-1.27758,40,-2.10304,24,0.82546,29.0,63,-3.04675,0.4364
2018_04_SF_LAC,2018,4,2018-09-30,SF,LAC,0,60,-2.32562,43,-1.11938,17,-1.20624,27.0,60,-2.32562,-0.4364
2018_04_TB_CHI,2018,4,2018-09-30,CHI,TB,1,59,28.91283,31,28.71505,28,0.19778,38.0,21,13.36645,4.31334
2018_04_TB_CHI,2018,4,2018-09-30,TB,CHI,0,63,-7.28828,45,-2.0867,18,-5.20158,25.0,18,-5.55616,-4.31334
2018_05_ARI_SF,2018,5,2018-10-07,ARI,SF,0,47,-4.76421,27,-2.21482,20,-2.54939,17.0,42,-7.9725,0.63233
2018_05_ARI_SF,2018,5,2018-10-07,SF,ARI,1,96,-12.58185,62,-1.92684,34,-10.65501,45.0,81,-13.70268,-0.63233
2018_05_ATL_PIT,2018,5,2018-10-07,ATL,PIT,0,72,-4.90378,53,-0.60555,19,-4.29823,28.0,46,0.05989,-2.40499
2018_05_ATL_PIT,2018,5,2018-10-07,PIT,ATL,1,60,20.02023,33,17.908,27,2.11223,31.0,45,14.5788,2.40499
2018_05_BAL_CLE,2018,5,2018-10-07,BAL,CLE,0,87,-12.8609,63,-12.67741,24,-0.18349,36.0,87,-12.8609,0.90043
2018_05_BAL_CLE,2018,5,2018-10-07,CLE,BAL,1,79,-11.08307,51,-5.11199,28,-5.97107,31.0,79,-11.08307,-0.90043
2018_05_DAL_HOU,2018,5,2018-10-07,DAL,HOU,0,61,-9.22178,34,-3.87005,27,-5.35173,24.0,61,-9.22178,2.23853
2018_05_DAL_HOU,2018,5,2018-10-07,HOU,DAL,1,80,-3.92212,55,7.94815,25,-11.87028,39.0,80,-3.92212,-2.23853
2018_05_DEN_NYJ,2018,5,2018-10-07,DEN,NYJ,0,76,-4.13783,57,-2.31836,19,-1.81947,34.0,44,-4.31701,-3.77152
2018_05_DEN_NYJ,2018,5,2018-10-07,NYJ,DEN,1,61,10.2844,23,3.92091,38,6.36348,25.0,39,12.29848,3.77152
2018_05_GB_DET,2018,5,2018-10-07,DET,GB,1,61,1.7009,34,4.99708,27,-3.29619,19.0,17,5.09793,23.26495
2018_05_GB_DET,2018,5,2018-10-07,GB,DET,0,78,15.51012,60,15.92939,18,-0.41926,38.0,31,-5.10022,-23.26495
2018_05_IND_NE,2018,5,2018-10-04,IND,NE,0,83,-1.64222,62,-0.47082,21,-1.1714,35.0,33,-8.10766,-2.06229
2018_05_IND_NE,2018,5,2018-10-04,NE,IND,1,67,12.30216,45,9.86792,22,2.43424,37.0,38,12.35239,2.06229
2018_05_JAX_KC,2018,5,2018-10-07,JAX,KC,0,83,-12.79529,68,-16.09502,15,3.29972,39.0,26,-16.34506,-0.13588
2018_05_JAX_KC,2018,5,2018-10-07,KC,JAX,1,68,4.47338,42,9.79005,26,-5.31667,27.0,34,5.55068,0.13588
2018_05_LA_SEA,2018,5,2018-10-07,LA,SEA,0,64,17.17222,38,15.44855,26,1.72367,35.0,64,17.17222,2.86129
2018_05_LA_SEA,2018,5,2018-10-07,SEA,LA,1,60,13.9806,26,10.53469,34,3.44591,28.0,60,13.9806,-2.86129
2018_05_MIA_CIN,2018,5,2018-10-07,CIN,MIA,1,59,-1.09336,36,3.39276,23,-4.48612,22.0,47,-5.39376,-5.03585
2018_05_MIA_CIN,2018,5,2018-10-07,MIA,CIN,0,63,-15.45633,40,-16.50555,23,1.04922,29.0,45,-10.84608,5.03585
2018_05_MIN_PHI,2018,5,2018-10-07,MIN,PHI,0,60,5.1061,40,11.24073,20,-6.13463,32.0,49,5.30438,-5.08984
2018_05_MIN_PHI,2018,5,2018-10-07,PHI,MIN,1,57,-5.85722,42,0.959,15,-6.81622,28.0,42,-17.64167,5.08984
2018_05_NYG_CAR,2018,5,2018-10-07,CAR,NYG,1,69,-2.34935,40,5.51109,29,-7.86044,29.0,65,5.45316,9.14617
2018_05_NYG_CAR,2018,5,2018-10-07,NYG,CAR,0,55,2.97293,39,7.40105,16,-4.42813,22.0,53,7.17827,-9.14617
2018_05_OAK_LAC,2018,5,2018-10-07,LAC,LV,1,61,15.86259,31,19.71305,30,-3.85046,27.0,30,3.23833,3.30169
2018_05_OAK_LAC,2018,5,2018-10-07,LV,LAC,0,51,-1.30703,39,-1.05487,12,-0.25216,25.0,30,-4.53072,-3.30169
2018_05_TEN_BUF,2018,5,2018-10-07,BUF,TEN,1,66,-11.20705,25,-10.27741,41,-0.92964,27.0,66,-11.20705,-5.92943
2018_05_TEN_BUF,2018,5,2018-10-07,TEN,BUF,0,54,-15.1222,30,-6.94562,24,-8.17658,21.0,54,-15.1222,5.92943
2018_05_WAS_NO,2018,5,2018-10-08,NO,WAS,1,61,23.57474,33,22.80404,28,0.7707,34.0,30,15.40214,-1.20331
2018_05_WAS_NO,2018,5,2018-10-08,WAS,NO,0,60,-8.34313,42,-9.35879,18,1.01566,25.0,24,-2.08077,1.20331
2018_06_ARI_MIN,2018,6,2018-10-14,ARI,MIN,0,58,-20.41036,37,-10.61902,21,-9.79134,23.0,27,-19.62071,-3.01167
2018_06_ARI_MIN,2018,6,2018-10-14,MIN,ARI,1,69,-10.73883,39,-14.0935,30,3.35467,28.0,52,-6.03442,3.01167
2018_06_BAL_TEN,2018,6,2018-10-14,BAL,TEN,0,75,11.52065,41,10.01235,34,1.5083,30.0,35,12.02482,1.43359
2018_06_BAL_TEN,2018,6,2018-10-14,TEN,BAL,1,44,-18.34904,30,-13.99643,14,-4.35261,10.0,28,-10.02069,-1.43359
2018_06_BUF_HOU,2018,6,2018-10-14,BUF,HOU,0,62,-17.72724,39,-13.35921,23,-4.36803,17.0,57,-14.49426,-7.74042
2018_06_BUF_HOU,2018,6,2018-10-14,HOU,BUF,1,60,-17.28146,37,-10.94047,23,-6.34099,20.0,57,-14.9244,7.74042
2018_06_CAR_WAS,2018,6,2018-10-14,CAR,WAS,0,58,2.71457,43,4.70881,15,-1.99424,30.0,53,-0.51168,-14.80588
2018_06_CAR_WAS,2018,6,2018-10-14,WAS,CAR,1,69,-3.89973,44,-7.09194,25,3.19222,29.0,53,4.79731,14.80588
2018_06_CHI_MIA,2018,6,2018-10-14,CHI,MIA,0,69,9.31271,41,12.06743,28,-2.75472,37.0,65,14.37215,-4.51208
2018_06_CHI_MIA,2018,6,2018-10-14,MIA,CHI,1,76,4.73041,46,8.43846,30,-3.70805,36.0,73,10.46743,4.51208
2018_06_IND_NYJ,2018,6,2018-10-14,IND,NYJ,0,69,-6.81379,47,-4.90576,22,-1.90803,34.0,43,-18.08487,-2.84119
2018_06_IND_NYJ,2018,6,2018-10-14,NYJ,IND,1,67,-1.31644,35,5.97592,32,-7.29236,28.0,55,0.38593,2.84119
2018_06_JAX_DAL,2018,6,2018-10-14,DAL,JAX,1,73,7.42356,38,6.48718,35,0.93638,30.0,24,10.57639,7.78866
2018_06_JAX_DAL,2018,6,2018-10-14,JAX,DAL,0,48,-22.41751,31,-17.92871,17,-4.4888,17.0,13,-5.77904,-7.78866
2018_06_KC_NE,2018,6,2018-10-14,KC,NE,0,54,10.86468,38,7.78055,16,3.08413,26.0,50,2.75195,4.92149
2018_06_KC_NE,2018,6,2018-10-14,NE,KC,1,77,14.40883,41,8.97268,36,5.43614,41.0,71,16.58601,-4.92149
2018_06_LAC_CLE,2018,6,2018-10-14,CLE,LAC,1,73,-23.77381,53,-22.03361,20,-1.7402,24.0,48,-16.31108,3.74681
2018_06_LAC_CLE,2018,6,2018-10-14,LAC,CLE,0,58,14.22973,23,5.81855,35,8.41118,32.0,24,11.69521,-3.74681
2018_06_LA_DEN,2018,6,2018-10-14,DEN,LA,1,65,0.32619,50,1.99895,15,-1.67276,29.0,45,-5.15159,-0.45793
2018_06_LA_DEN,2018,6,2018-10-14,LA,DEN,0,72,11.83789,36,-2.5964,36,14.43429,38.0,54,14.45879,0.45793
2018_06_PHI_NYG,2018,6,2018-10-11,NYG,PHI,1,65,-10.64187,47,-15.44942,18,4.80755,21.0,36,-11.61413,-0.08774
2018_06_PHI_NYG,2018,6,2018-10-11,PHI,NYG,0,71,16.18717,42,20.90425,29,-4.71708,32.0,26,8.6922,0.08774
2018_06_PIT_CIN,2018,6,2018-10-14,CIN,PIT,1,61,5.33878,48,5.41314,13,-0.07435,31.0,59,5.39049,4.20116
2018_06_PIT_CIN,2018,6,2018-10-14,PIT,CIN,0,70,19.72843,49,19.26754,21,0.46089,33.0,70,19.72843,-4.20116
2018_06_SEA_OAK,2018,6,2018-10-14,LV,SEA,1,60,-14.65086,43,-8.26237,17,-6.38849,25.0,37,-7.8518,-4.03559
2018_06_SEA_OAK,2018,6,2018-10-14,SEA,LV,0,63,12.19515,27,14.65349,36,-2.45834,28.0,32,6.20207,4.03559
2018_06_SF_GB,2018,6,2018-10-15,GB,SF,1,70,8.71069,52,8.56818,18,0.14251,31.0,70,8.71069,4.04375
2018_06_SF_GB,2018,6,2018-10-15,SF,GB,0,57,11.99527,29,7.80359,28,4.19168,31.0,54,14.55769,-4.04375
2018_06_TB_ATL,2018,6,2018-10-14,ATL,TB,1,67,16.17974,45,21.08256,22,-4.90281,34.0,64,17.39016,3.44266
2018_06_TB_ATL,2018,6,2018-10-14,TB,ATL,0,64,16.68567,47,16.1701,17,0.51556,34.0,58,13.54443,-3.44266
2018_07_BUF_IND,2018,7,2018-10-21,BUF,IND,0,56,-26.82384,34,-27.42726,22,0.60341,23.0,19,-8.30865,1.93055
2018_07_BUF_IND,2018,7,2018-10-21,IND,BUF,1,61,13.02787,27,8.95879,34,4.06908,33.0,25,8.55857,-1.93055
2018_07_CAR_PHI,2018,7,2018-10-21,CAR,PHI,0,57,13.59073,44,9.23979,13,4.35094,30.0,39,0.12089,-1.28348
2018_07_CAR_PHI,2018,7,2018-10-21,PHI,CAR,1,67,8.29777,42,9.58346,25,-1.28569,28.0,53,7.44495,1.28348
2018_07_CIN_KC,2018,7,2018-10-21,CIN,KC,0,58,-13.92933,39,-5.03879,19,-8.89054,22.0,32,-3.12813,3.18716
2018_07_CIN_KC,2018,7,2018-10-21,KC,CIN,1,70,26.69527,43,22.92691,27,3.76836,40.0,30,16.77923,-3.18716
2018_07_CLE_TB,2018,7,2018-10-21,CLE,TB,0,68,-9.33794,45,-1.62385,23,-7.71409,27.0,58,-10.86873,1.29518
2018_07_CLE_TB,2018,7,2018-10-21,TB,CLE,1,94,-8.11303,68,-0.54363,26,-7.5694,44.0,82,5.02332,-1.29518
2018_07_DAL_WAS,2018,7,2018-10-21,DAL,WAS,0,66,-7.10329,49,-0.53257,17,-6.57072,27.0,52,-13.20372,-1.23075
2018_07_DAL_WAS,2018,7,2018-10-21,WAS,DAL,1,60,-5.27769,30,4.37602,30,-9.65371,21.0,57,-4.19543,1.23075
2018_07_DEN_ARI,2018,7,2018-10-18,ARI,DEN,1,66,-42.52497,46,-37.0387,20,-5.48627,25.0,19,-20.6911,0.08003
2018_07_DEN_ARI,2018,7,2018-10-18,DEN,ARI,0,56,2.56418,28,4.21192,28,-1.64774,22.0,10,4.49205,-0.08003
2018_07_DET_MIA,2018,7,2018-10-21,DET,MIA,0,61,23.64835,28,17.87498,33,5.77337,31.0,44,23.92498,3.91489
2018_07_DET_MIA,2018,7,2018-10-21,MIA,DET,1,56,10.15674,38,10.0528,18,0.10394,24.0,37,4.23719,-3.91489
2018_07_HOU_JAX,2018,7,2018-10-21,HOU,JAX,0,62,-0.8449,30,0.52473,32,-1.36964,22.0,36,6.83278,5.07928
2018_07_HOU_JAX,2018,7,2018-10-21,JAX,HOU,1,68,-17.80131,53,-13.36797,15,-4.43335,29.0,28,-7.61835,-5.07928
2018_07_LA_SF,2018,7,2018-10-21,LA,SF,0,58,8.32698,26,9.00999,32,-0.68302,32.0,24,-0.1065,-0.63036
2018_07_LA_SF,2018,7,2018-10-21,SF,LA,1,59,-28.57909,35,-21.5474,24,-7.03168,23.0,26,-20.1689,0.63036
2018_07_MIN_NYJ,2018,7,2018-10-21,MIN,NYJ,0,68,-3.15129,43,1.52035,25,-4.67164,22.0,50,-4.55043,-0.58577
2018_07_MIN_NYJ,2018,7,2018-10-21,NYJ,MIN,1,72,-32.9478,48,-24.16046,24,-8.78734,21.0,47,-30.26288,0.58577
2018_07_NE_CHI,2018,7,2018-10-21,CHI,NE,1,81,3.74992,61,9.22232,20,-5.4724,36.0,67,1.60348,-5.71687
2018_07_NE_CHI,2018,7,2018-10-21,NE,CHI,0,64,8.61444,38,14.33415,26,-5.71971,33.0,51,13.45784,5.71687
2018_07_NO_BAL,2018,7,2018-10-21,BAL,NO,1,68,13.25951,45,12.14448,23,1.11503,34.0,68,13.25951,-2.87885
2018_07_NO_BAL,2018,7,2018-10-21,NO,BAL,0,71,15.29121,33,11.13534,38,4.15586,37.0,69,16.21666,2.87885
2018_07_NYG_ATL,2018,7,2018-10-22,ATL,NYG,1,64,12.04238,45,14.95011,19,-2.90773,29.0,53,5.46364,2.45125
2018_07_NYG_ATL,2018,7,2018-10-22,NYG,ATL,0,63,7.97246,43,12.83739,20,-4.86493,26.0,47,-3.78772,-2.45125
2018_07_TEN_LAC,2018,7,2018-10-21,LAC,TEN,1,43,13.54628,28,15.84467,15,-2.29839,21.0,40,15.22598,-2.30405
2018_07_TEN_LAC,2018,7,2018-10-21,TEN,LAC,0,69,8.99621,39,10.26166,30,-1.26546,37.0,69,8.99621,2.30405
2018_08_BAL_CAR,2018,8,2018-10-28,BAL,CAR,0,69,-0.14898,50,-3.66637,19,3.51739,33.0,33,-2.49257,-0.14685
2018_08_BAL_CAR,2018,8,2018-10-28,CAR,BAL,1,62,15.34585,35,12.05646,27,3.28939,31.0,24,12.15478,0.14685
2018_08_CLE_PIT,2018,8,2018-10-28,CLE,PIT,0,63,-5.66555,43,-1.43013,20,-4.23542,24.0,45,-5.40487,-0.51196
2018_08_CLE_PIT,2018,8,2018-10-28,PIT,CLE,1,70,6.22617,38,3.56264,32,2.66353,36.0,51,2.94634,0.51196
2018_08_DEN_KC,2018,8,2018-10-28,DEN,KC,0,72,5.23496,42,2.46437,30,2.77059,37.0,44,3.19769,-3.72941
2018_08_DEN_KC,2018,8,2018-10-28,KC,DEN,1,58,11.20804,41,14.92068,17,-3.71263,28.0,42,22.47278,3.72941
2018_08_GB_LA,2018,8,2018-10-28,GB,LA,0,52,7.6032,34,6.38838,18,1.21482,23.0,52,7.6032,-3.7653
2018_08_GB_LA,2018,8,2018-10-28,LA,GB,1,76,6.26559,46,8.46318,30,-2.1976,31.0,73,5.32751,3.7653
2018_08_IND_OAK,2018,8,2018-10-28,IND,LV,0,75,28.70886,34,17.03117,41,11.67769,46.0,69,25.96121,1.02291
2018_08_IND_OAK,2018,8,2018-10-28,LV,IND,1,49,8.862,29,11.93287,20,-3.07087,25.0,42,12.19178,-1.02291
2018_08_MIA_HOU,2018,8,2018-10-25,HOU,MIA,1,59,19.18642,26,19.39585,33,-0.20943,26.0,42,15.6297,-3.56341
2018_08_MIA_HOU,2018,8,2018-10-25,MIA,HOU,0,66,-5.00948,41,-5.23193,25,0.22245,25.0,53,-7.2344,3.56341
2018_08_NE_BUF,2018,8,2018-10-29,BUF,NE,1,63,-23.86309,45,-17.43085,18,-6.43225,21.0,40,-13.23335,3.45207
2018_08_NE_BUF,2018,8,2018-10-29,NE,BUF,0,72,4.89485,50,8.7257,22,-3.83085,35.0,68,6.19239,-3.45207
2018_08_NO_MIN,2018,8,2018-10-28,MIN,NO,1,72,-6.93823,48,-1.66578,24,-5.27245,34.0,51,-11.04498,-7.60075
2018_08_NO_MIN,2018,8,2018-10-28,NO,MIN,0,53,0.29544,24,4.27443,29,-3.97899,25.0,32,0.5342,7.60075
2018_08_NYJ_CHI,2018,8,2018-10-28,CHI,NYJ,1,66,10.81612,35,10.6451,31,0.17102,28.0,44,7.27555,-4.11669
2018_08_NYJ_CHI,2018,8,2018-10-28,NYJ,CHI,0,54,-4.13845,32,1.28704,22,-5.42549,14.0,38,-9.02252,4.11669
2018_08_PHI_JAX,2018,8,2018-10-28,JAX,PHI,1,63,-4.45663,52,-1.04508,11,-3.41155,25.0,63,-4.45663,8.3383
2018_08_PHI_JAX,2018,8,2018-10-28,PHI,JAX,0,59,11.12973,37,10.89566,22,0.23407,28.0,56,11.32237,-8.3383
2018_08_SEA_DET,2018,8,2018-10-28,DET,SEA,1,59,4.72755,47,9.50455,12,-4.777,28.0,31,2.15487,-9.13602
2018_08_SEA_DET,2018,8,2018-10-28,SEA,DET,0,64,14.22907,20,17.33951,44,-3.11044,29.0,34,13.64662,9.13602
2018_08_SF_ARI,2018,8,2018-10-28,ARI,SF,1,65,-4.8198,46,-1.42356,19,-3.39624,24.0,61,-8.64965,-0.67939
2018_08_SF_ARI,2018,8,2018-10-28,SF,ARI,0,66,-8.53042,35,-4.27827,31,-4.25215,27.0,61,-6.4221,0.67939
2018_08_TB_CIN,2018,8,2018-10-28,CIN,TB,1,64,4.83343,40,9.05291,24,-4.21948,30.0,41,3.44406,1.82004
2018_08_TB_CIN,2018,8,2018-10-28,TB,CIN,0,87,6.33437,63,7.18469,24,-0.85032,37.0,37,-14.35438,-1.82004
2018_08_WAS_NYG,2018,8,2018-10-28,NYG,WAS,1,69,-8.44035,55,-4.70357,14,-3.73678,23.0,52,-17.53221,1.49421
2018_08_WAS_NYG,2018,8,2018-10-28,WAS,NYG,0,67,0.95973,35,4.99071,32,-4.03098,26.0,57,-1.84607,-1.49421
2018_09_ATL_WAS,2018,9,2018-11-04,ATL,WAS,0,68,27.67877,44,22.04635,24,5.63242,36.0,38,19.33195,-1.14281
2018_09_ATL_WAS,2018,9,2018-11-04,WAS,ATL,1,69,-3.88562,54,-3.04516,15,-0.84046,28.0,31,-1.92197,1.14281
2018_09_CHI_BUF,2018,9,2018-11-04,BUF,CHI,1,90,-25.24443,67,-19.55366,23,-5.69076,32.0,24,-26.69215,-5.62159
2018_09_CHI_BUF,2018,9,2018-11-04,CHI,BUF,0,48,-1.24364,24,4.00148,24,-5.24512,22.0,29,-0.44832,5.62159
2018_09_DET_MIN,2018,9,2018-11-04,DET,MIN,0,70,-14.35482,49,-14.16279,21,-0.19203,27.0,45,-7.39901,-3.57444
2018_09_DET_MIN,2018,9,2018-11-04,MIN,DET,1,49,-2.91358,26,4.01052,23,-6.92409,23.0,30,5.03376,3.57444
2018_09_GB_NE,2018,9,2018-11-04,GB,NE,0,74,3.1511,51,6.5577,23,-3.4066,37.0,64,6.47245,-3.17405
2018_09_GB_NE,2018,9,2018-11-04,NE,GB,1,67,14.08013,40,6.38272,27,7.69741,33.0,62,13.75204,3.17405
2018_09_HOU_DEN,2018,9,2018-11-04,DEN,HOU,1,66,-1.02079,46,2.58316,20,-3.60395,27.0,66,-1.02079,-1.06594
2018_09_HOU_DEN,2018,9,2018-11-04,HOU,DEN,0,62,0.74737,34,10.2608,28,-9.51344,31.0,62,0.74737,1.06594
2018_09_KC_CLE,2018,9,2018-11-04,CLE,KC,1,72,7.94628,47,6.46834,25,1.47794,33.0,46,7.10967,-1.6275
2018_09_KC_CLE,2018,9,2018-11-04,KC,CLE,0,62,26.77016,38,22.75128,24,4.01887,36.0,39,26.22746,1.6275
2018_09_LAC_SEA,2018,9,2018-11-04,LAC,SEA,0,50,10.99156,28,7.50109,22,3.49047,21.0,43,16.48049,-7.61004
2018_09_LAC_SEA,2018,9,2018-11-04,SEA,LAC,1,79,-7.369,50,-6.7024,29,-0.6666,39.0,55,-12.64964,7.61004
2018_09_LA_NO,2018,9,2018-11-04,LA,NO,0,60,11.75617,44,15.57624,16,-3.82007,29.0,41,8.45751,-1.38614
2018_09_LA_NO,2018,9,2018-11-04,NO,LA,1,69,21.01514,40,27.80817,29,-6.79303,34.0,57,18.03675,1.38614
2018_09_NYJ_MIA,2018,9,2018-11-04,MIA,NYJ,1,55,-18.41337,30,-8.81811,25,-9.59526,16.0,50,-13.85407,4.31267
2018_09_NYJ_MIA,2018,9,2018-11-04,NYJ,MIA,0,66,-20.50004,45,-15.93607,21,-4.56397,23.0,56,-16.84364,-4.31267
2018_09_OAK_SF,2018,9,2018-11-01,LV,SF,0,56,-9.40005,34,-5.8638,22,-3.53625,18.0,29,-1.06572,-5.63704
2018_09_OAK_SF,2018,9,2018-11-01,SF,LV,1,52,16.74178,23,19.42358,29,-2.6818,24.0,27,11.32801,5.63704
2018_09_PIT_BAL,2018,9,2018-11-04,BAL,PIT,1,61,2.1948,45,4.28962,16,-2.09482,28.0,56,0.96426,4.27956
2018_09_PIT_BAL,2018,9,2018-11-04,PIT,BAL,0,80,15.94726,54,18.00359,26,-2.05633,37.0,66,17.01191,-4.27956
2018_09_TB_CAR,2018,9,2018-11-04,CAR,TB,1,58,13.57094,29,7.52907,29,6.04187,31.0,24,14.46095,0.45803
2018_09_TB_CAR,2018,9,2018-11-04,TB,CAR,0,68,0.21568,51,4.74617,17,-4.53049,26.0,21,-4.75736,-0.45803
2018_09_TEN_DAL,2018,9,2018-11-05,DAL,TEN,1,59,-8.35226,42,-6.5043,17,-1.84796,25.0,45,-7.27638,-0.40567
2018_09_TEN_DAL,2018,9,2018-11-05,TEN,DAL,0,68,9.39589,36,14.43662,32,-5.04073,33.0,55,9.25004,0.40567
2018_10_ARI_KC,2018,10,2018-11-11,ARI,KC,0,72,-9.21351,47,-9.47476,25,0.26125,31.0,45,-1.04656,-1.68819
2018_10_ARI_KC,2018,10,2018-11-11,KC,ARI,1,57,5.85735,36,6.62303,21,-0.76569,26.0,44,9.87677,1.68819
2018_10_ATL_CLE,2018,10,2018-11-11,ATL,CLE,0,73,2.04781,56,6.37915,17,-4.33134,36.0,36,-1.81908,1.95563
2018_10_ATL_CLE,2018,10,2018-11-11,CLE,ATL,1,51,15.67642,24,14.90403,27,0.77239,30.0,35,19.51126,-1.95563
2018_10_BUF_NYJ,2018,10,2018-11-11,BUF,NYJ,0,72,19.2221,27,18.15902,45,1.06309,34.0,33,12.56671,1.32268
2018_10_BUF_NYJ,2018,10,2018-11-11,NYJ,BUF,1,56,-22.68497,38,-21.32134,18,-1.36363,21.0,12,-10.35919,-1.32268
2018_10_CAR_PIT,2018,10,2018-11-08,CAR,PIT,0,57,0.60791,35,-2.43078,22,3.03868,27.0,22,-1.78993,-7.9893
2018_10_CAR_PIT,2018,10,2018-11-08,PIT,CAR,1,57,26.02183,30,28.06123,27,-2.03941,31.0,14,17.08501,7.9893
2018_10_DAL_PHI,2018,10,2018-11-11,DAL,PHI,0,70,14.40062,42,6.92874,28,7.47188,31.0,67,15.62284,-8.84832
2018_10_DAL_PHI,2018,10,2018-11-11,PHI,DAL,1,61,-3.38156,46,0.14911,15,-3.53067,31.0,57,-5.10733,8.84832
2018_10_DET_CHI,2018,10,2018-11-11,CHI,DET,1,56,15.72628,35,20.1519,21,-4.42561,23.0,18,11.75787,-14.62087
2018_10_DET_CHI,2018,10,2018-11-11,DET,CHI,0,76,-6.6855,52,2.32698,24,-9.01248,31.0,16,-3.41347,14.62087
2018_10_JAX_IND,2018,10,2018-11-11,IND,JAX,1,51,11.14109,30,12.49652,21,-1.35543,22.0,49,10.09107,-3.81645
2018_10_JAX_IND,2018,10,2018-11-11,JAX,IND,0,76,10.80681,44,17.44056,32,-6.63375,35.0,72,5.06819,3.81645
2018_10_LAC_OAK,2018,10,2018-11-11,LAC,LV,0,56,5.31165,29,8.1375,27,-2.82584,22.0,28,6.76919,-1.84263
2018_10_LAC_OAK,2018,10,2018-11-11,LV,LAC,1,63,-11.14262,43,-12.93028,20,1.78766,26.0,42,-10.41362,1.84263
2018_10_MIA_GB,2018,10,2018-11-11,GB,MIA,1,55,14.3888,36,3.5362,19,10.8526,31.0,39,10.01085,-5.88981
2018_10_MIA_GB,2018,10,2018-11-11,MIA,GB,0,69,-13.61011,46,-13.70996,23,0.09985,27.0,44,-9.32788,5.88981
2018_10_NE_TEN,2018,10,2018-11-11,NE,TEN,0,65,-8.8618,46,-3.39433,19,-5.46747,23.0,38,-3.39032,-5.06847
2018_10_NE_TEN,2018,10,2018-11-11,TEN,NE,1,65,11.5116,29,10.87089,36,0.64071,30.0,37,9.81811,5.06847
2018_10_NO_CIN,2018,10,2018-11-11,CIN,NO,1,42,-6.92463,27,-11.7002,15,4.77557,22.0,15,3.5416,-2.22179
2018_10_NO_CIN,2018,10,2018-11-11,NO,CIN,0,72,37.37188,28,22.56937,44,14.80251,48.0,36,22.14095,2.22179
2018_10_NYG_SF,2018,10,2018-11-12,NYG,SF,0,59,5.018,36,9.17477,23,-4.15676,25.0,59,5.018,-1.54805
2018_10_NYG_SF,2018,10,2018-11-12,SF,NYG,1,71,-0.97297,41,-0.44896,30,-0.52402,29.0,71,-0.97297,1.54805
2018_10_SEA_LA,2018,10,2018-11-11,LA,SEA,1,62,21.94745,42,11.97851,20,9.96893,37.0,58,20.95223,-0.11365
2018_10_SEA_LA,2018,10,2018-11-11,SEA,LA,0,67,15.69423,38,8.45972,29,7.23451,38.0,54,8.75882,0.11365
2018_10_WAS_TB,2018,10,2018-11-11,TB,WAS,1,69,-7.83178,50,-2.99815,19,-4.83362,34.0,53,-8.96781,-7.85307
2018_10_WAS_TB,2018,10,2018-11-11,WAS,TB,0,58,3.22461,32,3.81036,26,-0.58574,28.0,39,5.48422,7.85307
2018_11_CAR_DET,2018,11,2018-11-18,CAR,DET,0,57,11.10373,42,12.18161,15,-1.07788,28.0,57,11.10373,-11.33257
2018_11_CAR_DET,2018,11,2018-11-18,DET,CAR,1,63,1.15718,40,2.50069,23,-1.34351,22.0,60,3.13438,11.33257
2018_11_CIN_BAL,2018,11,2018-11-18,BAL,CIN,1,75,-1.88684,26,-6.60784,49,4.72099,39.0,75,-1.88684,3.99867
2018_11_CIN_BAL,2018,11,2018-11-18,CIN,BAL,0,55,0.90217,41,6.01894,14,-5.11677,20.0,55,0.90217,-3.99867
2018_11_DAL_ATL,2018,11,2018-11-18,ATL,DAL,1,56,-0.2272,37,0.62642,19,-0.85361,28.0,56,-0.2272,2.91388
2018_11_DAL_ATL,2018,11,2018-11-18,DAL,ATL,0,64,8.03319,35,4.69204,29,3.34115,31.0,63,8.35899,-2.91388
2018_11_DEN_LAC,2018,11,2018-11-18,DEN,LAC,0,55,6.41031,36,2.67808,19,3.73223,26.0,55,6.41031,-1.12673
2018_11_DEN_LAC,2018,11,2018-11-18,LAC,DEN,1,77,6.03376,49,13.22394,28,-7.19018,33.0,71,12.61432,1.12673
2018_11_GB_SEA,2018,11,2018-11-15,GB,SEA,0,49,7.88367,36,10.0278,13,-2.14414,20.0,49,7.88367,-7.29782
2018_11_GB_SEA,2018,11,2018-11-15,SEA,GB,1,67,4.73394,36,7.98124,31,-3.2473,30.0,67,4.73394,7.29782
2018_11_HOU_WAS,2018,11,2018-11-18,HOU,WAS,0,62,-5.28316,34,-4.26865,28,-1.01451,29.0,60,-3.20185,-0.7739
2018_11_HOU_WAS,2018,11,2018-11-18,WAS,HOU,1,73,-12.24909,50,-12.92411,23,0.67502,28.0,73,-12.24909,0.7739
2018_11_KC_LA,2018,11,2018-11-19,KC,LA,0,72,6.59212,57,8.2631,15,-1.67098,36.0,72,6.59212,3.43075
2018_11_KC_LA,2018,11,2018-11-19,LA,KC,1,78,11.42057,61,15.1085,17,-3.68792,33.0,73,14.33689,-3.43075
2018_11_MIN_CHI,2018,11,2018-11-18,CHI,MIN,1,69,-3.34164,38,1.19279,31,-4.53443,34.0,32,9.12445,0.48463
2018_11_MIN_CHI,2018,11,2018-11-18,MIN,CHI,0,64,-8.19599,51,2.66093,13,-10.85693,32.0,36,-23.13417,-0.48463
2018_11_OAK_ARI,2018,11,2018-11-18,ARI,LV,1,54,-12.21457,22,-7.42862,32,-4.78594,18.0,54,-12.21457,4.93193
2018_11_OAK_ARI,2018,11,2018-11-18,LV,ARI,0,66,-0.86661,33,0.28186,33,-1.14847,28.0,66,-0.86661,-4.93193
2018_11_PHI_NO,2018,11,2018-11-18,NO,PHI,1,69,29.4481,33,30.49199,36,-1.04389,40.0,33,12.94374,2.13849
2018_11_PHI_NO,2018,11,2018-11-18,PHI,NO,0,51,-18.03546,39,-18.75345,12,0.71798,20.0,17,-4.77905,-2.13849
2018_11_PIT_JAX,2018,11,2018-11-18,JAX,PIT,1,69,-12.15914,26,-3.66014,43,-8.499,23.0,59,-7.86559,2.02415
2018_11_PIT_JAX,2018,11,2018-11-18,PIT,JAX,0,62,-5.12332,51,-7.02289,11,1.89957,27.0,53,-14.11463,-2.02415
2018_11_TB_NYG,2018,11,2018-11-18,NYG,TB,1,52,15.08535,22,9.77199,30,5.31337,26.0,36,14.29735,3.92986
2018_11_TB_NYG,2018,11,2018-11-18,TB,NYG,0,71,13.29417,47,9.36305,24,3.93112,39.0,44,-8.66159,-3.92986
2018_11_TEN_IND,2018,11,2018-11-18,IND,TEN,1,59,21.39028,34,18.94486,25,2.44542,39.0,24,8.00762,-0.85572
2018_11_TEN_IND,2018,11,2018-11-18,TEN,IND,0,63,-13.17117,39,-5.3173,24,-7.85387,26.0,23,-8.74186,0.85572
2018_12_ARI_LAC,2018,12,2018-11-25,ARI,LAC,0,46,-13.38692,22,-9.36921,24,-4.01771,16.0,30,-2.96198,-5.82408
2018_12_ARI_LAC,2018,12,2018-11-25,LAC,ARI,1,67,20.39628,38,11.01861,29,9.37766,40.0,26,3.5885,5.82408
2018_12_ATL_NO,2018,12,2018-11-22,ATL,NO,0,70,-10.53215,56,-0.9113,14,-9.62085,26.0,29,-7.73184,-0.88224
2018_12_ATL_NO,2018,12,2018-11-22,NO,ATL,1,53,7.58201,26,5.40316,27,2.17886,27.0,33,6.94739,0.88224
2018_12_CHI_DET,2018,12,2018-11-22,CHI,DET,0,56,-3.83459,43,1.21996,13,-5.05456,25.0,53,-3.04529,2.80843
2018_12_CHI_DET,2018,12,2018-11-22,DET,CHI,1,65,-8.93073,41,-10.52104,24,1.59032,29.0,65,-8.93073,-2.80843
2018_12_CLE_CIN,2018,12,2018-11-25,CIN,CLE,1,74,1.02384,56,8.08422,18,-7.06038,38.0,17,-5.53974,0.0421
2018_12_CLE_CIN,2018,12,2018-11-25,CLE,CIN,0,62,18.462,30,24.06238,32,-5.60037,34.0,27,18.88029,-0.0421
2018_12_GB_MIN,2018,12,2018-11-25,GB,MIN,0,53,-5.19008,34,-1.83763,19,-3.35245,25.0,45,-7.71592,-1.90347
2018_12_GB_MIN,2018,12,2018-11-25,MIN,GB,1,67,2.31352,43,10.36011,24,-8.04659,31.0,50,7.45067,1.90347
2018_12_JAX_BUF,2018,12,2018-11-25,BUF,JAX,1,56,3.19767,30,6.13907,26,-2.94141,22.0,49,6.83117,3.14469
2018_12_JAX_BUF,2018,12,2018-11-25,JAX,BUF,0,70,1.05266,36,-6.6513,34,7.70396,35.0,61,-0.51615,-3.14469
2018_12_MIA_IND,2018,12,2018-11-25,IND,MIA,1,69,6.29868,42,11.03643,27,-4.73775,35.0,69,6.29868,-3.94204
2018_12_MIA_IND,2018,12,2018-11-25,MIA,IND,0,52,2.87179,28,3.45349,24,-0.5817,22.0,52,2.87179,3.94204
2018_12_NE_NYJ,2018,12,2018-11-25,NE,NYJ,0,69,20.16128,32,13.35933,37,6.80195,34.0,58,18.45177,-2.82005
2018_12_NE_NYJ,2018,12,2018-11-25,NYJ,NE,1,63,-2.24539,50,0.33839,13,-2.58378,23.0,47,1.39645,2.82005
2018_12_NYG_PHI,2018,12,2018-11-25,NYG,PHI,0,60,9.80735,39,9.12502,21,0.68233,26.0,60,9.80735,0.88211
2018_12_NYG_PHI,2018,12,2018-11-25,PHI,NYG,1,62,5.94004,34,8.18217,28,-2.24213,31.0,62,5.94004,-0.88211
2018_12_OAK_BAL,2018,12,2018-11-25,BAL,LV,1,68,8.57449,28,-1.88868,40,10.46317,38.0,59,7.59192,7.10309
2018_12_OAK_BAL,2018,12,2018-11-25,LV,BAL,0,56,-7.31814,39,-5.78395,17,-1.53419,18.0,48,2.8404,-7.10309
2018_12_PIT_DEN,2018,12,2018-11-25,DEN,PIT,1,54,1.56086,33,0.13,21,1.43086,21.0,53,2.30065,5.73906
2018_12_PIT_DEN,2018,12,2018-11-25,PIT,DEN,0,79,2.00693,65,2.22607,14,-0.21914,40.0,79,2.00693,-5.73906
2018_12_SEA_CAR,2018,12,2018-11-25,CAR,SEA,1,59,14.3831,33,14.29622,26,0.08688,35.0,59,14.3831,-4.20476
2018_12_SEA_CAR,2018,12,2018-11-25,SEA,CAR,0,59,17.5861,32,21.08457,27,-3.49847,24.0,59,17.5861,4.20476
2018_12_SF_TB,2018,12,2018-11-25,SF,TB,0,63,-2.72322,39,-4.96868,24,2.24546,29.0,47,2.75563,-2.26987
2018_12_SF_TB,2018,12,2018-11-25,TB,SF,1,71,10.8108,45,17.14324,26,-6.33244,34.0,50,9.33681,2.26987
2018_12_TEN_HOU,2018,12,2018-11-26,HOU,TEN,1,63,14.0963,34,8.52695,29,5.56934,30.0,25,16.29595,1.53535
2018_12_TEN_HOU,2018,12,2018-11-26,TEN,HOU,0,55,1.32391,36,7.72161,19,-6.39769,24.0,35,-1.12377,-1.53535
2018_12_WAS_DAL,2018,12,2018-11-22,DAL,WAS,1,68,8.06296,38,11.6616,30,-3.59864,32.0,49,10.8107,-5.7267
2018_12_WAS_DAL,2018,12,2018-11-22,WAS,DAL,0,62,-4.42987,46,-2.8885,16,-1.54137,29.0,42,-6.85122,5.7267
2018_13_ARI_GB,2018,13,2018-12-02,ARI,GB,0,61,3.66698,33,-0.73027,28,4.39725,23.0,61,3.66698,5.51578
2018_13_ARI_GB,2018,13,2018-12-02,GB,ARI,1,76,1.32426,56,5.25307,20,-3.92882,35.0,76,1.32426,-5.51578
2018_13_BAL_ATL,2018,13,2018-12-02,ATL,BAL,1,51,-17.01038,38,-9.89427,13,-7.11611,20.0,40,-22.72886,-0.22083
2018_13_BAL_ATL,2018,13,2018-12-02,BAL,ATL,0,80,-3.13865,33,-3.16534,47,0.02669,37.0,74,-2.07636,0.22083
2018_13_BUF_MIA,2018,13,2018-12-02,BUF,MIA,0,71,4.6732,45,8.89353,26,-4.22033,32.0,71,4.6732,-9.24249
2018_13_BUF_MIA,2018,13,2018-12-02,MIA,BUF,1,53,-4.25297,31,0.64243,22,-4.8954,20.0,53,-4.25297,9.24249
2018_13_CAR_TB,2018,13,2018-12-02,CAR,TB,0,69,-3.58538,52,-9.81399,17,6.22861,36.0,56,-4.15605,-0.14949
2018_13_CAR_TB,2018,13,2018-12-02,TB,CAR,1,65,0.72581,42,16.62677,23,-15.90096,26.0,59,3.74453,0.14949
2018_13_CHI_NYG,2018,13,2018-12-02,CHI,NYG,0,83,-7.7714,52,-7.6672,31,-0.1042,35.0,75,-7.00569,0.26376
2018_13_CHI_NYG,2018,13,2018-12-02,NYG,CHI,1,72,-7.64397,41,-1.26568,31,-6.3783,25.0,63,-4.10934,-0.26376
2018_13_CLE_HOU,2018,13,2018-12-02,CLE,HOU,0,54,-7.61939,44,-5.72513,10,-1.89426,27.0,16,-14.81204,-5.34081
2018_13_CLE_HOU,2018,13,2018-12-02,HOU,CLE,1,75,4.92883,41,7.42704,34,-2.49821,32.0,30,7.26412,5.34081
2018_13_DEN_CIN,2018,13,2018-12-02,CIN,DEN,1,68,-11.6927,44,-7.77857,24,-3.91413,23.0,52,-10.90763,-3.66362
2018_13_DEN_CIN,2018,13,2018-12-02,DEN,CIN,0,58,3.02179,25,4.57369,33,-1.55189,28.0,41,8.31619,3.66362
2018_13_IND_JAX,2018,13,2018-12-02,IND,JAX,0,76,-25.58256,61,-13.9469,15,-11.63567,26.0,76,-25.58256,0.00562
2018_13_IND_JAX,2018,13,2018-12-02,JAX,IND,1,58,-14.49709,36,0.49347,22,-14.99056,17.0,55,-12.86327,-0.00562
2018_13_KC_OAK,2018,13,2018-12-02,KC,LV,0,68,20.2135,44,16.25638,24,3.95712,34.0,56,18.81819,-2.44933
2018_13_KC_OAK,2018,13,2018-12-02,LV,KC,1,74,4.60917,44,15.18549,30,-10.57632,36.0,53,-5.10565,2.44933
2018_13_LAC_PIT,2018,13,2018-12-02,LAC,PIT,0,61,13.35623,39,14.4836,22,-1.12737,29.0,46,6.49802,-0.66605
2018_13_LAC_PIT,2018,13,2018-12-02,PIT,LAC,1,68,10.361,50,10.58548,18,-0.22448,31.0,59,7.29541,0.66605
2018_13_LA_DET,2018,13,2018-12-02,DET,LA,1,72,-10.70187,44,-5.13674,28,-5.56513,29.0,59,-12.4736,-6.63748
2018_13_LA_DET,2018,13,2018-12-02,LA,DET,0,67,1.76249,40,-3.50416,27,5.26666,29.0,62,-2.49861,6.63748
2018_13_MIN_NE,2018,13,2018-12-02,MIN,NE,0,61,-10.46492,47,-12.41323,14,1.94831,25.0,45,-2.76473,0.87562
2018_13_MIN_NE,2018,13,2018-12-02,NE,MIN,1,73,9.49917,34,11.93978,39,-2.44061,42.0,54,11.02374,-0.87562
2018_13_NO_DAL,2018,13,2018-11-29,DAL,NO,1,68,-3.82737,40,6.48505,28,-10.31242,30.0,66,-5.35617,3.07046
2018_13_NO_DAL,2018,13,2018-11-29,NO,DAL,0,52,-13.1797,33,-5.54875,19,-7.63095,19.0,51,-13.18834,-3.07046
2018_13_NYJ_TEN,2018,13,2018-12-02,NYJ,TEN,0,68,-11.19512,36,-9.89672,32,-1.2984,23.0,66,-9.273,8.02118
2018_13_NYJ_TEN,2018,13,2018-12-02,TEN,NYJ,1,67,-4.87179,47,-5.01908,20,0.14729,27.0,67,-4.87179,-8.02118
2018_13_SF_SEA,2018,13,2018-12-02,SEA,SF,1,57,19.40769,27,18.86673,30,0.54096,25.0,15,8.18817,5.12081
2018_13_SF_SEA,2018,13,2018-12-02,SF,SEA,0,73,-4.36296,51,6.63912,22,-11.00208,31.0,27,-8.89754,-5.12081
2018_13_WAS_PHI,2018,13,2018-12-03,PHI,WAS,1,70,7.26943,41,12.84377,29,-5.57434,35.0,55,9.66308,0.93152
2018_13_WAS_PHI,2018,13,2018-12-03,WAS,PHI,0,45,-5.53128,32,-6.17579,13,0.6445,16.0,36,-1.84733,-0.93152
2018_14_ATL_GB,2018,14,2018-12-09,ATL,GB,0,71,-1.40228,47,4.62267,24,-6.02495,36.0,30,-5.83872,-5.72199
2018_14_ATL_GB,2018,14,2018-12-09,GB,ATL,1,64,8.59116,43,7.90393,21,0.68724,29.0,31,6.00559,5.72199
2018_14_BAL_KC,2018,14,2018-12-09,BAL,KC,0,71,2.97822,33,3.51501,38,-0.53679,32.0,70,2.73014,9.48395
2018_14_BAL_KC,2018,14,2018-12-09,KC,BAL,1,86,12.59034,60,13.54028,26,-0.94994,40.0,85,7.98115,-9.48395
2018_14_CAR_CLE,2018,14,2018-12-09,CAR,CLE,0,74,-0.14213,50,-1.06945,24,0.92732,29.0,74,-0.14213,-2.57682
2018_14_CAR_CLE,2018,14,2018-12-09,CLE,CAR,1,50,-0.21109,31,-3.9267,19,3.71561,20.0,47,0.78674,2.57682
2018_14_CIN_LAC,2018,14,2018-12-09,CIN,LAC,0,66,5.5678,35,8.84714,31,-3.27935,30.0,64,3.94084,0.12798
2018_14_CIN_LAC,2018,14,2018-12-09,LAC,CIN,1,57,4.52968,33,4.46129,24,0.06839,29.0,54,5.5291,-0.12798
2018_14_DEN_SF,2018,14,2018-12-09,DEN,SF,0,73,-4.50802,50,-2.33036,23,-2.17766,25.0,27,-6.56165,2.09823
2018_14_DEN_SF,2018,14,2018-12-09,SF,DEN,1,68,6.77801,42,10.92698,26,-4.14897,30.0,31,14.02218,-2.09823
2018_14_DET_ARI,2018,14,2018-12-09,ARI,DET,1,70,-22.90751,49,-13.91966,21,-8.98786,22.0,56,-18.90058,-3.88787
2018_14_DET_ARI,2018,14,2018-12-09,DET,ARI,0,60,-9.89992,29,-7.21101,31,-2.68891,21.0,50,-11.93963,3.88787
2018_14_IND_HOU,2018,14,2018-12-09,HOU,IND,1,72,3.95565,50,7.05243,22,-3.09678,33.0,64,-0.21218,-0.08115
2018_14_IND_HOU,2018,14,2018-12-09,IND,HOU,0,64,8.13289,46,11.77845,18,-3.64556,33.0,57,12.35585,0.08115
2018_14_JAX_TEN,2018,14,2018-12-06,JAX,TEN,0,70,-16.85654,51,-9.0606,19,-7.79594,28.0,34,-9.58894,2.90856
2018_14_JAX_TEN,2018,14,2018-12-06,TEN,JAX,1,58,14.09244,27,5.89624,31,8.1962,27.0,27,10.65524,-2.90856
2018_14_LA_CHI,2018,14,2018-12-09,CHI,LA,1,69,-15.46608,35,-10.65863,34,-4.80746,26.0,61,-12.76102,-0.36881
2018_14_LA_CHI,2018,14,2018-12-09,LA,CHI,0,64,-22.50295,52,-21.29582,12,-1.20713,22.0,50,-15.94117,0.36881
2018_14_MIN_SEA,2018,14,2018-12-10,MIN,SEA,0,57,-13.53369,37,-8.79623,20,-4.73746,26.0,49,-10.31077,-4.994
2018_14_MIN_SEA,2018,14,2018-12-10,SEA,MIN,1,63,-2.75009,25,-6.97862,38,4.22852,26.0,58,-5.36913,4.994
2018_14_NE_MIA,2018,14,2018-12-09,MIA,NE,1,48,19.07366,27,7.43319,21,11.64047,24.0,47,12.12719,-2.22219
2018_14_NE_MIA,2018,14,2018-12-09,NE,MIA,0,81,17.89312,49,25.17917,32,-7.28605,37.0,77,20.69946,2.22219
2018_14_NO_TB,2018,14,2018-12-09,NO,TB,0,61,-0.71747,32,1.30471,29,-2.02219,28.0,50,-1.36396,13.64996
2018_14_NO_TB,2018,14,2018-12-09,TB,NO,1,70,-3.54414,51,2.27676,19,-5.8209,25.0,54,2.28127,-13.64996
2018_14_NYG_WAS,2018,14,2018-12-09,NYG,WAS,0,63,7.21017,30,2.90316,33,4.30701,25.0,20,2.02349,-1.35654
2018_14_NYG_WAS,2018,14,2018-12-09,WAS,NYG,1,60,-23.5459,42,-17.01413,18,-6.53177,21.0,24,-23.29584,1.35654
2018_14_NYJ_BUF,2018,14,2018-12-09,BUF,NYJ,1,76,1.93048,51,1.16974,25,0.76074,30.0,76,1.93048,-3.94503
2018_14_NYJ_BUF,2018,14,2018-12-09,NYJ,BUF,0,51,3.6119,26,5.87161,25,-2.25972,20.0,51,3.6119,3.94503
2018_14_PHI_DAL,2018,14,2018-12-09,DAL,PHI,1,99,3.61225,62,11.34848,37,-7.73623,48.0,99,3.61225,-2.18173
2018_14_PHI_DAL,2018,14,2018-12-09,PHI,DAL,0,52,-2.97803,39,4.1365,13,-7.11453,25.0,50,-3.88559,2.18173
2018_14_PIT_OAK,2018,14,2018-12-09,LV,PIT,1,66,6.04815,41,10.25924,25,-4.21109,27.0,66,6.04815,5.59993
2018_14_PIT_OAK,2018,14,2018-12-09,PIT,LV,0,60,7.29177,42,14.82126,18,-7.5295,31.0,60,7.29177,-5.59993
2018_15_ARI_ATL,2018,15,2018-12-16,ARI,ATL,0,67,-22.95762,47,-17.78828,20,-5.16934,23.0,33,-17.16073,4.65422
2018_15_ARI_ATL,2018,15,2018-12-16,ATL,ARI,1,66,11.55739,40,4.16121,26,7.39618,31.0,30,0.09206,-4.65422
2018_15_CLE_DEN,2018,15,2018-12-15,CLE,DEN,0,66,-3.25097,39,-0.55433,27,-2.69664,31.0,66,-3.25097,1.10204
2018_15_CLE_DEN,2018,15,2018-12-15,DEN,CLE,1,71,-3.8351,53,3.3698,18,-7.2049,32.0,71,-3.8351,-1.10204
2018_15_DAL_IND,2018,15,2018-12-16,DAL,IND,0,69,-12.93291,46,-13.54341,23,0.6105,31.0,39,-0.16126,-7.6963
2018_15_DAL_IND,2018,15,2018-12-16,IND,DAL,1,68,5.99778,34,9.70493,34,-3.70715,32.0,38,7.65911,7.6963
2018_15_DET_BUF,2018,15,2018-12-16,BUF,DET,1,66,3.74348,33,5.8872,33,-2.14372,29.0,66,3.74348,2.64818
2018_15_DET_BUF,2018,15,2018-12-16,DET,BUF,0,57,4.33651,31,3.70537,26,0.63114,26.0,57,4.33651,-2.64818
2018_15_GB_CHI,2018,15,2018-12-16,CHI,GB,1,60,1.60837,34,14.63804,26,-13.02967,29.0,54,4.57161,2.44588
2018_15_GB_CHI,2018,15,2018-12-16,GB,CHI,0,67,-4.66427,51,-1.90678,16,-2.75748,27.0,54,-7.26813,-2.44588
2018_15_HOU_NYJ,2018,15,2018-12-15,HOU,NYJ,0,52,3.75309,37,7.91364,15,-4.16054,22.0,49,5.40874,5.00188
2018_15_HOU_NYJ,2018,15,2018-12-15,NYJ,HOU,1,75,-2.96809,47,11.03778,28,-14.00586,30.0,71,-1.16426,-5.00188
2018_15_LAC_KC,2018,15,2018-12-13,KC,LAC,1,60,14.23286,42,14.41015,18,-0.17729,31.0,52,12.7881,1.65295
2018_15_LAC_KC,2018,15,2018-12-13,LAC,KC,0,73,17.12555,49,12.25554,24,4.87001,38.0,59,6.04309,-1.65295
2018_15_MIA_MIN,2018,15,2018-12-16,MIA,MIN,0,53,-21.58988,34,-24.84726,19,3.25738,14.0,37,-12.55859,-5.32874
2018_15_MIA_MIN,2018,15,2018-12-16,MIN,MIA,1,67,6.42681,29,0.54913,38,5.87768,33.0,44,3.22371,5.32874
2018_15_NE_PIT,2018,15,2018-12-16,NE,PIT,0,63,2.48371,40,3.09951,23,-0.6158,30.0,59,2.64576,2.78281
2018_15_NE_PIT,2018,15,2018-12-16,PIT,NE,1,62,9.49372,38,6.8928,24,2.60092,33.0,62,9.49372,-2.78281
2018_15_NO_CAR,2018,15,2018-12-17,CAR,NO,1,57,-9.67483,35,-6.33871,22,-3.33612,19.0,57,-9.67483,-4.13811
2018_15_NO_CAR,2018,15,2018-12-17,NO,CAR,0,72,-5.99087,41,-4.50175,31,-1.48912,32.0,69,-0.47645,4.13811
2018_15_OAK_CIN,2018,15,2018-12-16,CIN,LV,1,77,0.91728,41,1.3595,36,-0.44221,25.0,43,9.62713,2.84681
2018_15_OAK_CIN,2018,15,2018-12-16,LV,CIN,0,57,-10.75849,41,-4.15355,16,-6.60493,24.0,38,-15.18417,-2.84681
2018_15_PHI_LA,2018,15,2018-12-16,LA,PHI,1,76,-7.69598,60,-7.41142,16,-0.28456,37.0,50,-11.10704,-1.75063
2018_15_PHI_LA,2018,15,2018-12-16,PHI,LA,0,64,3.23101,32,7.1918,32,-3.96079,25.0,49,9.01758,1.75063
2018_15_SEA_SF,2018,15,2018-12-16,SEA,SF,0,75,6.62347,38,7.46238,37,-0.83891,30.0,75,6.62347,-7.07796
2018_15_SEA_SF,2018,15,2018-12-16,SF,SEA,1,60,2.79474,36,11.89472,24,-9.09999,25.0,60,2.79474,7.07796
2018_15_TB_BAL,2018,15,2018-12-16,BAL,TB,1,73,4.61577,31,5.36088,42,-0.7451,33.0,61,3.85774,-2.7987
2018_15_TB_BAL,2018,15,2018-12-16,TB,BAL,0,49,-7.68058,29,-8.97014,20,1.28956,18.0,49,-7.68058,2.7987
2018_15_TEN_NYG,2018,15,2018-12-16,NYG,TEN,1,66,-16.0037,49,-10.86614,17,-5.13756,19.0,44,-11.22195,0.63766
2018_15_TEN_NYG,2018,15,2018-12-16,TEN,NYG,0,67,5.04306,23,-1.60773,44,6.6508,31.0,53,6.4361,-0.63766
2018_15_WAS_JAX,2018,15,2018-12-16,JAX,WAS,1,52,-17.27985,30,-14.71876,22,-2.5611,15.0,52,-17.27985,8.62821
2018_15_WAS_JAX,2018,15,2018-12-16,WAS,JAX,0,67,-2.55273,38,5.58569,29,-8.13842,25.0,67,-2.55273,-8.62821
2018_16_ATL_CAR,2018,16,2018-12-23,ATL,CAR,0,47,7.01055,27,6.08174,20,0.9288,21.0,37,10.2626,-3.79014
2018_16_ATL_CAR,2018,16,2018-12-23,CAR,ATL,1,91,-16.01943,67,-17.20647,24,1.18704,40.0,64,-9.53593,3.79014
2018_16_BAL_LAC,2018,16,2018-12-22,BAL,LAC,0,59,-4.73807,29,2.12238,30,-6.86045,21.0,58,-4.18997,-2.8379
2018_16_BAL_LAC,2018,16,2018-12-22,LAC,BAL,1,63,-26.56983,46,-22.02946,17,-4.54036,21.0,57,-25.2071,2.8379
2018_16_BUF_NE,2018,16,2018-12-23,BUF,NE,0,61,-19.78386,45,-17.85354,16,-1.93032,23.0,36,-17.15348,-4.7405
2018_16_BUF_NE,2018,16,2018-12-23,NE,BUF,1,73,-13.56374,27,-18.2716,46,4.70786,29.0,40,4.6458,4.7405
2018_16_CHI_SF,2018,16,2018-12-23,CHI,SF,0,62,5.35058,35,7.20375,27,-1.85317,35.0,61,7.04853,-6.71248
2018_16_CHI_SF,2018,16,2018-12-23,SF,CHI,1,55,-6.62237,40,-3.46645,15,-3.15593,22.0,55,-6.62237,6.71248
2018_16_CIN_CLE,2018,16,2018-12-23,CIN,CLE,0,46,0.72324,26,2.08041,20,-1.35717,20.0,20,-7.7744,6.23775
2018_16_CIN_CLE,2018,16,2018-12-23,CLE,CIN,1,66,21.2995,43,19.49453,23,1.80498,35.0,28,8.0125,-6.23775
2018_16_DEN_OAK,2018,16,2018-12-24,DEN,LV,0,67,-1.42486,44,-1.67451,23,0.24965,28.0,30,-5.50674,-12.76039
2018_16_DEN_OAK,2018,16,2018-12-24,LV,DEN,1,59,4.39785,31,6.58517,28,-2.18731,27.0,27,5.51297,12.76039
2018_16_GB_NYJ,2018,16,2018-12-23,GB,NYJ,0,87,30.52147,70,25.05085,17,5.47061,50.0,65,27.07552,-9.84573
2018_16_GB_NYJ,2018,16,2018-12-23,NYJ,GB,1,61,13.76275,39,18.42642,22,-4.66367,32.0,52,19.2252,9.84573
2018_16_HOU_PHI,2018,16,2018-12-23,HOU,PHI,0,65,9.10582,52,12.57242,13,-3.4666,30.0,52,5.03258,-0.92861
2018_16_HOU_PHI,2018,16,2018-12-23,PHI,HOU,1,80,9.2341,55,19.92932,25,-10.69521,36.0,73,9.3363,0.92861
2018_16_JAX_MIA,2018,16,2018-12-23,JAX,MIA,0,65,-6.0701,32,-3.2623,33,-2.8078,31.0,57,-8.10869,2.98089
2018_16_JAX_MIA,2018,16,2018-12-23,MIA,JAX,1,46,-17.902,28,-8.19849,18,-9.70351,17.0,43,-18.45061,-2.98089
2018_16_KC_SEA,2018,16,2018-12-23,KC,SEA,0,60,10.53999,44,9.79215,16,0.74785,32.0,50,8.18566,8.56823
2018_16_KC_SEA,2018,16,2018-12-23,SEA,KC,1,76,23.56686,41,22.74943,35,0.81743,38.0,75,22.69096,-8.56823
2018_16_LA_ARI,2018,16,2018-12-23,ARI,LA,1,54,-5.00478,40,-0.18313,14,-4.82165,19.0,30,1.9472,-1.33718
2018_16_LA_ARI,2018,16,2018-12-23,LA,ARI,0,66,19.74294,28,5.13356,38,14.60938,44.0,46,19.28032,1.33718
2018_16_MIN_DET,2018,16,2018-12-23,DET,MIN,1,75,-24.85445,52,-14.60862,23,-10.24583,26.0,48,-12.41802,2.0915
2018_16_MIN_DET,2018,16,2018-12-23,MIN,DET,0,61,-1.33853,31,9.06104,30,-10.39956,22.0,48,5.7904,-2.0915
2018_16_NYG_IND,2018,16,2018-12-23,IND,NYG,1,65,15.20406,51,16.20845,14,-1.00439,36.0,65,15.20406,0.62774
2018_16_NYG_IND,2018,16,2018-12-23,NYG,IND,0,63,16.27609,35,19.02888,28,-2.75278,30.0,63,16.27609,-0.62774
2018_16_PIT_NO,2018,16,2018-12-23,NO,PIT,1,65,10.91241,46,11.51717,19,-0.60476,31.0,65,10.91241,-1.91452
2018_16_PIT_NO,2018,16,2018-12-23,PIT,NO,0,73,7.5976,57,16.53802,16,-8.94042,33.0,73,7.5976,1.91452
2018_16_TB_DAL,2018,16,2018-12-23,DAL,TB,1,50,-2.06138,27,2.89281,23,-4.9542,22.0,40,-2.41045,3.76997
2018_16_TB_DAL,2018,16,2018-12-23,TB,DAL,0,81,-7.69001,58,5.14045,23,-12.83046,37.0,54,-13.50495,-3.76997
2018_16_WAS_TEN,2018,16,2018-12-22,TEN,WAS,1,56,5.31218,30,8.34096,26,-3.02878,25.0,53,6.12493,-2.4839
2018_16_WAS_TEN,2018,16,2018-12-22,WAS,TEN,0,62,-0.52262,28,-1.52209,34,0.99946,34.0,60,6.45616,2.4839
2018_17_ARI_SEA,2018,17,2018-12-30,ARI,SEA,0,65,-24.41955,41,-22.17181,24,-2.24774,18.0,65,-24.41955,15.21097
2018_17_ARI_SEA,2018,17,2018-12-30,SEA,ARI,1,62,-7.20039,28,-8.67053,34,1.47014,23.0,62,-7.20039,-15.21097
2018_17_ATL_TB,2018,17,2018-12-30,ATL,TB,0,74,13.96876,47,18.19754,27,-4.22878,37.0,71,11.24362,-0.79939
2018_17_ATL_TB,2018,17,2018-12-30,TB,ATL,1,59,11.51468,39,14.70931,20,-3.19463,32.0,56,11.13853,0.79939
2018_17_CAR_NO,2018,17,2018-12-30,CAR,NO,0,72,14.76191,38,21.32162,34,-6.5597,35.0,34,17.87051,2.62055
2018_17_CAR_NO,2018,17,2018-12-30,NO,CAR,1,52,-7.9527,28,-9.01819,24,1.06549,19.0,18,-2.79513,-2.62055
2018_17_CHI_MIN,2018,17,2018-12-30,CHI,MIN,0,66,6.22723,30,7.50894,36,-1.28171,26.0,59,12.80377,-4.64998
2018_17_CHI_MIN,2018,17,2018-12-30,MIN,CHI,1,57,-18.02886,43,-18.05311,14,0.02425,21.0,41,-6.5388,4.64998
2018_17_CIN_PIT,2018,17,2018-12-30,CIN,PIT,0,49,-10.26047,32,-9.90963,17,-0.35084,15.0,49,-10.26047,-1.72937
2018_17_CIN_PIT,2018,17,2018-12-30,PIT,CIN,1,66,-7.3864,48,-4.42901,18,-2.95739,30.0,66,-7.3864,1.72937
2018_17_CLE_BAL,2018,17,2018-12-30,BAL,CLE,1,75,7.65392,31,3.6109,44,4.04302,33.0,56,16.94077,3.66942
2018_17_CLE_BAL,2018,17,2018-12-30,CLE,BAL,0,59,7.50914,44,8.9766,15,-1.46745,26.0,51,7.27167,-3.66942
2018_17_DAL_NYG,2018,17,2018-12-30,DAL,NYG,0,73,17.28364,54,21.62067,19,-4.33703,31.0,71,9.92205,-8.94066
2018_17_DAL_NYG,2018,17,2018-12-30,NYG,DAL,1,69,8.2744,42,3.11983,27,5.15457,31.0,68,9.54691,8.94066
2018_17_DET_GB,2018,17,2018-12-30,DET,GB,0,72,17.46283,34,21.58976,38,-4.12693,33.0,39,10.41399,2.41815
2018_17_DET_GB,2018,17,2018-12-30,GB,DET,1,55,-19.9834,46,-15.1317,9,-4.85169,15.0,18,-7.63636,-2.41815
2018_17_IND_TEN,2018,17,2018-12-30,IND,TEN,0,76,3.55239,43,7.08782,33,-3.53543,35.0,56,5.306,4.0701
2018_17_IND_TEN,2018,17,2018-12-30,TEN,IND,1,49,-18.35439,33,-18.38532,16,0.03093,18.0,39,-6.52883,-4.0701
2018_17_JAX_HOU,2018,17,2018-12-30,HOU,JAX,1,76,-1.23818,44,0.02874,32,-1.26692,34.0,35,2.76419,0.70028
2018_17_JAX_HOU,2018,17,2018-12-30,JAX,HOU,0,47,-21.55274,35,-14.41554,12,-7.1372,13.0,23,-11.6913,-0.70028
2018_17_LAC_DEN,2018,17,2018-12-30,DEN,LAC,1,78,-19.25073,51,-4.67643,27,-14.57431,30.0,67,-16.44647,-6.41654
2018_17_LAC_DEN,2018,17,2018-12-30,LAC,DEN,0,57,-10.50093,28,-3.17284,29,-7.32809,23.0,42,-5.27243,6.41654
2018_17_MIA_BUF,2018,17,2018-12-30,BUF,MIA,1,60,13.62415,34,12.60318,26,1.02097,28.0,41,5.84047,-3.32141
2018_17_MIA_BUF,2018,17,2018-12-30,MIA,BUF,0,61,-22.92126,37,-14.7171,24,-8.20416,24.0,43,-18.25512,3.32141
2018_17_NYJ_NE,2018,17,2018-12-30,NE,NYJ,1,65,13.17291,36,13.99493,29,-0.82202,34.0,30,11.34563,-0.62311
2018_17_NYJ_NE,2018,17,2018-12-30,NYJ,NE,0,56,-26.97895,33,-7.70344,23,-19.2755,19.0,24,-8.24209,0.62311
2018_17_OAK_KC,2018,17,2018-12-30,KC,LV,1,53,14.77551,28,16.21369,25,-1.43818,24.0,11,4.81416,-5.22054
2018_17_OAK_KC,2018,17,2018-12-30,LV,KC,0,66,-23.07628,37,-17.61744,29,-5.45884,33.0,24,-12.07593,5.22054
2018_17_PHI_WAS,2018,17,2018-12-30,PHI,WAS,0,69,12.30495,37,9.05416,32,3.25079,38.0,53,8.4089,-1.47355
2018_17_PHI_WAS,2018,17,2018-12-30,WAS,PHI,1,46,-22.67134,35,-15.54379,11,-7.12755,13.0,20,-12.90616,1.47355
2018_17_SF_LA,2018,17,2018-12-30,LA,SF,1,70,11.52231,30,17.14443,40,-5.62211,37.0,17,-1.52904,3.34942
2018_17_SF_LA,2018,17,2018-12-30,SF,LA,0,60,-0.92672,39,3.93569,21,-4.86241,27.0,24,-18.95455,-3.34942
2018_18_IND_HOU,2018,18,2019-01-05,HOU,IND,1,70,-8.7621,59,-10.39536,11,1.63327,32.0,25,-11.56507,-0.72072
2018_18_IND_HOU,2018,18,2019-01-05,IND,HOU,0,67,10.97791,39,7.04592,28,3.93199,33.0,32,13.98532,0.72072
2018_18_LAC_BAL,2018,18,2019-01-06,BAL,LAC,1,58,-16.43188,39,-2.35459,19,-14.07729,18.0,36,-26.46703,-5.05371
2018_18_LAC_BAL,2018,18,2019-01-06,LAC,BAL,0,67,-10.68624,35,-5.30011,32,-5.38613,28.0,49,-10.07949,5.05371
2018_18_PHI_CHI,2018,18,2019-01-06,CHI,PHI,1,62,2.77643,46,4.5079,16,-1.73148,25.0,62,2.77643,-2.42151
2018_18_PHI_CHI,2018,18,2019-01-06,PHI,CHI,0,65,2.2549,43,9.85485,22,-7.59995,27.0,65,2.2549,2.42151
2018_18_SEA_DAL,2018,18,2019-01-05,DAL,SEA,1,72,2.46731,37,1.62917,35,0.83814,31.0,70,2.01449,-2.36753
2018_18_SEA_DAL,2018,18,2019-01-05,SEA,DAL,0,53,-3.54105,30,0.9682,23,-4.50925,18.0,47,-9.01785,2.36753
2018_19_DAL_LA,2018,19,2019-01-12,DAL,LA,0,57,9.27116,36,10.88294,21,-1.61179,24.0,35,-0.52752,-1.60208
2018_19_DAL_LA,2018,19,2019-01-12,LA,DAL,1,74,19.02855,29,4.86203,45,14.16652,40.0,48,13.93717,1.60208
2018_19_IND_KC,2018,19,2019-01-12,IND,KC,0,55,-12.51284,42,-12.55013,13,0.03729,23.0,10,-7.70731,1.19465
2018_19_IND_KC,2018,19,2019-01-12,KC,IND,1,82,5.10426,51,-4.08752,31,9.19178,37.0,21,18.27089,-1.19465
2018_19_LAC_NE,2018,19,2019-01-13,LAC,NE,0,67,11.07029,57,12.48151,10,-1.41122,26.0,17,2.8417,-7.89041
2018_19_LAC_NE,2018,19,2019-01-13,NE,LAC,1,80,19.41293,46,17.08508,34,2.32785,39.0,33,18.51543,7.89041
2018_19_PHI_NO,2018,19,2019-01-13,NO,PHI,1,73,6.70008,43,9.10899,30,-2.40891,31.0,66,9.48785,-2.46484
2018_19_PHI_NO,2018,19,2019-01-13,PHI,NO,0,48,-2.15473,33,0.06058,15,-2.2153,20.0,48,-2.15473,2.46484
2018_20_LA_NO,2018,20,2019-01-20,LA,NO,0,69,1.07171,45,5.46301,24,-4.3913,30.0,69,1.07171,1.42834
2018_20_LA_NO,2018,20,2019-01-20,NO,LA,1,64,-5.96409,44,1.97776,20,-7.94184,26.0,64,-5.96409,-1.42834
2018_20_NE_KC,2018,20,2019-01-20,KC,NE,1,51,12.19014,40,14.13063,11,-1.94049,22.0,51,12.19014,-2.71881
2018_20_NE_KC,2018,20,2019-01-20,NE,KC,0,96,16.58095,49,13.33554,47,3.24541,47.0,93,14.37478,2.71881
2018_21_NE_LA,2018,21,2019-02-03,LA,NE,1,62,-14.32945,43,-10.12452,19,-4.20493,22.0,57,-15.67678,4.28486
2018_21_NE_LA,2018,21,2019-02-03,NE,LA,0,70,0.33566,40,-0.09791,30,0.43356,33.0,64,-0.53211,-4.28486
2019_01_ATL_MIN,2019,1,2019-09-08,ATL,MIN,0,72,-8.96869,57,-0.19035,15,-8.77834,31.0,22,-12.88913,-2.30785
2019_01_ATL_MIN,2019,1,2019-09-08,MIN,ATL,1,51,9.92675,14,9.96428,37,-0.03754,23.0,14,5.96122,2.30785
2019_01_BAL_MIA,2019,1,2019-09-08,BAL,MIA,0,75,46.51851,30,39.13524,45,7.38327,41.0,12,17.9838,2.35504
2019_01_BAL_MIA,2019,1,2019-09-08,MIA,BAL,1,49,-13.33413,38,-7.40754,11,-5.92659,16.0,14,-6.83831,-2.35504
2019_01_BUF_NYJ,2019,1,2019-09-08,BUF,NYJ,0,65,-6.06443,47,-5.28854,18,-0.77589,33.0,51,-10.93396,1.42608
2019_01_BUF_NYJ,2019,1,2019-09-08,NYJ,BUF,1,70,-10.72991,47,-5.65523,23,-5.07468,29.0,60,-8.90717,-1.42608
2019_01_CIN_SEA,2019,1,2019-09-08,CIN,SEA,0,75,-0.59107,59,10.39184,16,-10.98291,30.0,75,-0.59107,-10.73339
2019_01_CIN_SEA,2019,1,2019-09-08,SEA,CIN,1,49,-7.92713,25,-0.98535,24,-6.94178,16.0,49,-7.92713,10.73339
2019_01_DEN_OAK,2019,1,2019-09-09,DEN,LV,0,62,6.71556,38,8.08369,24,-1.36813,29.0,48,-3.31744,-0.65338
2019_01_DEN_OAK,2019,1,2019-09-09,LV,DEN,1,54,15.59615,27,17.00267,27,-1.40652,29.0,41,12.7937,0.65338
2019_01_DET_ARI,2019,1,2019-09-08,ARI,DET,1,87,-8.8453,63,-7.72813,24,-1.11717,32.0,57,-14.91731,8.26737
2019_01_DET_ARI,2019,1,2019-09-08,DET,ARI,0,82,1.70794,50,11.17794,32,-9.47,37.0,56,2.07723,-8.26737
2019_01_GB_CHI,2019,1,2019-09-05,CHI,GB,1,71,-20.72163,56,-16.21269,15,-4.50894,25.0,67,-14.85324,-2.36923
2019_01_GB_CHI,2019,1,2019-09-05,GB,CHI,0,59,-8.58368,40,-1.87369,19,-6.70999,21.0,56,-7.57319,2.36923
2019_01_HOU_NO,2019,1,2019-09-09,HOU,NO,0,64,15.98867,41,12.03811,23,3.95057,30.0,63,13.89825,-1.13844
2019_01_HOU_NO,2019,1,2019-09-09,NO,HOU,1,64,15.00474,43,12.54946,21,2.45528,37.0,60,15.8371,1.13844
2019_01_IND_LAC,2019,1,2019-09-08,IND,LAC,0,62,15.84947,30,6.98101,32,8.86846,35.0,56,7.17514,-5.36523
2019_01_IND_LAC,2019,1,2019-09-08,LAC,IND,1,63,11.85696,42,7.96639,21,3.89058,31.0,55,14.71103,5.36523
2019_01_KC_JAX,2019,1,2019-09-08,JAX,KC,1,57,7.12348,37,12.22658,20,-5.1031,29.0,38,2.73188,-3.63863
2019_01_KC_JAX,2019,1,2019-09-08,KC,JAX,0,67,24.5471,41,25.11669,26,-0.56959,40.0,42,22.94732,3.63863
2019_01_LA_CAR,2019,1,2019-09-08,CAR,LA,1,65,-9.36968,42,-9.195,23,-0.17468,30.0,51,-11.6016,2.90676
2019_01_LA_CAR,2019,1,2019-09-08,LA,CAR,0,74,1.32645,44,-1.54057,30,2.86702,35.0,69,2.62637,-2.90676
2019_01_NYG_DAL,2019,1,2019-09-08,DAL,NYG,1,66,22.55849,36,30.02722,30,-7.46872,33.0,45,19.95902,1.18912
2019_01_NYG_DAL,2019,1,2019-09-08,NYG,DAL,0,68,6.30415,53,-1.96708,15,8.27124,35.0,32,0.11047,-1.18912
2019_01_PIT_NE,2019,1,2019-09-08,NE,PIT,1,70,15.409,40,19.51345,30,-4.10445,30.0,34,9.4885,2.40087
2019_01_PIT_NE,2019,1,2019-09-08,PIT,NE,0,66,-11.99256,54,-6.56871,12,-5.42385,25.0,21,-7.57481,-2.40087
2019_01_SF_TB,2019,1,2019-09-08,SF,TB,0,64,-5.6342,34,1.43135,30,-7.06555,25.0,64,-5.6342,2.5344
2019_01_SF_TB,2019,1,2019-09-08,TB,SF,1,68,-21.42331,45,-21.33222,23,-0.09109,29.0,60,-20.52226,-2.5344
2019_01_TEN_CLE,2019,1,2019-09-08,CLE,TEN,1,71,-25.80523,49,-19.48961,22,-6.31562,27.0,53,-5.07858,-2.43902
2019_01_TEN_CLE,2019,1,2019-09-08,TEN,CLE,0,57,11.61926,32,10.64301,25,0.97626,25.0,45,7.72244,2.43902
2019_01_WAS_PHI,2019,1,2019-09-08,PHI,WAS,1,72,13.11998,40,17.38984,32,-4.26986,30.0,54,12.98347,1.57441
2019_01_WAS_PHI,2019,1,2019-09-08,WAS,PHI,0,62,13.21323,47,21.34855,15,-8.13532,27.0,45,6.79944,-1.57441
2019_02_ARI_BAL,2019,2,2019-09-15,ARI,BAL,0,55,4.48244,44,9.87607,11,-5.39363,21.0,54,5.00678,-5.3904
2019_02_ARI_BAL,2019,2,2019-09-15,BAL,ARI,1,75,9.45057,46,13.84282,29,-4.39225,33.0,62,13.49694,5.3904
2019_02_BUF_NYG,2019,2,2019-09-15,BUF,NYG,0,68,11.45133,38,8.66758,30,2.78375,30.0,39,16.56037,-0.35962
2019_02_BUF_NYG,2019,2,2019-09-15,NYG,BUF,1,68,-6.40756,47,-9.54207,21,3.13451,29.0,48,-4.29339,0.35962
2019_02_CHI_DEN,2019,2,2019-09-15,CHI,DEN,0,60,1.98963,30,1.63517,30,0.35446,25.0,56,2.62844,6.07992
2019_02_CHI_DEN,2019,2,2019-09-15,DEN,CHI,1,80,2.55564,55,7.75271,25,-5.19707,35.0,79,0.0096,-6.07992
2019_02_CLE_NYJ,2019,2,2019-09-16,CLE,NYJ,0,63,1.27805,41,4.55584,22,-3.27779,22.0,37,4.38273,2.50285
2019_02_CLE_NYJ,2019,2,2019-09-16,NYJ,CLE,1,64,-20.04297,40,-14.52392,24,-5.51905,19.0,40,-12.78365,-2.50285
2019_02_DAL_WAS,2019,2,2019-09-15,DAL,WAS,0,68,19.06896,34,15.23527,34,3.83369,38.0,53,14.1218,-1.50687
2019_02_DAL_WAS,2019,2,2019-09-15,WAS,DAL,1,58,3.71848,41,6.33388,17,-2.6154,27.0,46,-6.6257,1.50687
2019_02_IND_TEN,2019,2,2019-09-15,IND,TEN,0,68,2.48358,37,0.89937,31,1.58421,29.0,68,2.48358,-0.55868
2019_02_IND_TEN,2019,2,2019-09-15,TEN,IND,1,57,-2.45024,35,-0.71937,22,-1.73087,25.0,57,-2.45024,0.55868
2019_02_JAX_HOU,2019,2,2019-09-15,HOU,JAX,1,63,-6.33411,35,-6.5634,28,0.22929,26.0,59,-3.59364,-2.57368
2019_02_JAX_HOU,2019,2,2019-09-15,JAX,HOU,0,63,-9.96184,46,-4.8476,17,-5.11424,23.0,57,-18.53028,2.57368
2019_02_KC_OAK,2019,2,2019-09-15,KC,LV,0,74,14.40012,53,24.41589,21,-10.01577,32.0,38,20.5599,0.33984
2019_02_KC_OAK,2019,2,2019-09-15,LV,KC,1,62,-6.57624,44,-8.0358,18,1.45956,28.0,34,-3.63984,-0.33984
2019_02_LAC_DET,2019,2,2019-09-15,DET,LAC,1,59,-0.20316,33,5.45187,26,-5.65503,27.0,56,0.65863,2.09895
2019_02_LAC_DET,2019,2,2019-09-15,LAC,DET,0,65,-0.21166,41,4.61949,24,-4.83116,32.0,65,-0.21166,-2.09895
2019_02_MIN_GB,2019,2,2019-09-15,GB,MIN,1,71,-7.86079,38,0.46884,33,-8.32963,28.0,54,-1.4031,5.37807
2019_02_MIN_GB,2019,2,2019-09-15,MIN,GB,0,65,-8.3571,39,-14.59105,26,6.23395,23.0,62,-14.45097,-5.37807
2019_02_NE_MIA,2019,2,2019-09-15,MIA,NE,1,62,-45.57376,48,-40.61598,14,-4.95778,17.0,22,-10.93291,5.02573
2019_02_NE_MIA,2019,2,2019-09-15,NE,MIA,0,70,12.44828,36,16.15919,34,-3.71091,35.0,35,10.12184,-5.02573
2019_02_NO_LA,2019,2,2019-09-15,LA,NO,1,64,6.51876,37,5.43656,27,1.0822,28.0,51,0.93112,-4.61688
2019_02_NO_LA,2019,2,2019-09-15,NO,LA,0,63,-14.35479,45,-7.76117,18,-6.59361,24.0,43,-13.30972,4.61688
2019_02_PHI_ATL,2019,2,2019-09-15,ATL,PHI,1,62,-2.91125,46,0.80686,16,-3.71811,23.0,62,-2.91125,-2.24773
2019_02_PHI_ATL,2019,2,2019-09-15,PHI,ATL,0,78,-8.84117,54,-2.39355,24,-6.44762,30.0,78,-8.84117,2.24773
2019_02_SEA_PIT,2019,2,2019-09-15,PIT,SEA,1,55,-2.53888,39,-3.18722,16,0.64834,27.0,53,-0.36076,2.62578
2019_02_SEA_PIT,2019,2,2019-09-15,SEA,PIT,0,75,3.11952,46,15.61382,29,-12.4943,35.0,74,9.18144,-2.62578
2019_02_SF_CIN,2019,2,2019-09-15,CIN,SF,1,69,-5.23876,50,2.03739,19,-7.27615,25.0,42,-2.23645,1.15556
2019_02_SF_CIN,2019,2,2019-09-15,SF,CIN,0,68,27.45265,28,19.01877,40,8.43388,40.0,35,16.57203,-1.15556
2019_02_TB_CAR,2019,2,2019-09-12,CAR,TB,1,75,-17.97724,56,-4.90159,19,-13.07566,28.0,75,-17.97724,10.15817
2019_02_TB_CAR,2019,2,2019-09-12,TB,CAR,0,58,0.9986,30,4.36022,28,-3.36162,24.0,57,0.70071,-10.15817
2019_03_ATL_IND,2019,3,2019-09-22,ATL,IND,0,59,17.86716,39,19.24967,20,-1.38251,31.0,42,10.35468,-2.98514
2019_03_ATL_IND,2019,3,2019-09-22,IND,ATL,1,65,17.9988,43,22.50652,22,-4.50772,35.0,55,17.77269,2.98514
2019_03_BAL_KC,2019,3,2019-09-22,BAL,KC,0,79,18.26688,51,5.06386,28,13.20302,37.0,44,-4.5257,0.59559
2019_03_BAL_KC,2019,3,2019-09-22,KC,BAL,1,66,20.45676,43,20.29703,23,0.15974,37.0,37,17.15418,-0.59559
2019_03_CAR_ARI,2019,3,2019-09-22,ARI,CAR,1,75,-7.91291,55,-13.70687,20,5.79396,33.0,61,3.80844,0.56331
2019_03_CAR_ARI,2019,3,2019-09-22,CAR,ARI,0,58,16.06727,29,13.09033,29,2.97694,28.0,42,22.84188,-0.56331
2019_03_CHI_WAS,2019,3,2019-09-23,CHI,WAS,0,63,6.47389,38,10.88674,25,-4.41285,29.0,29,3.51219,-4.90766
2019_03_CHI_WAS,2019,3,2019-09-23,WAS,CHI,1,74,-16.45975,54,-7.80546,20,-8.65428,36.0,29,-21.80384,4.90766
2019_03_CIN_BUF,2019,3,2019-09-22,BUF,CIN,1,73,-4.27727,42,-1.2058,31,-3.07147,34.0,60,3.18587,-2.92929
2019_03_CIN_BUF,2019,3,2019-09-22,CIN,BUF,0,59,-10.73821,39,-9.32571,20,-1.41251,21.0,58,-6.53733,2.92929
2019_03_DEN_GB,2019,3,2019-09-22,DEN,GB,0,72,-7.92731,35,-10.85658,37,2.92928,32.0,58,-7.1968,1.91325
2019_03_DEN_GB,2019,3,2019-09-22,GB,DEN,1,53,7.21565,29,6.42095,24,0.7947,21.0,41,7.35823,-1.91325
2019_03_DET_PHI,2019,3,2019-09-22,DET,PHI,0,59,3.44887,34,4.8828,25,-1.43393,21.0,57,4.76225,2.29312
2019_03_DET_PHI,2019,3,2019-09-22,PHI,DET,1,74,-7.48487,47,-0.62042,27,-6.86445,29.0,74,-7.48487,-2.29312
2019_03_HOU_LAC,2019,3,2019-09-22,HOU,LAC,0,58,12.91764,42,23.89911,16,-10.98148,28.0,57,13.92492,-3.18032
2019_03_HOU_LAC,2019,3,2019-09-22,LAC,HOU,1,74,-0.21101,56,4.55416,18,-4.76517,33.0,70,-2.70512,3.18032
2019_03_LA_CLE,2019,3,2019-09-22,CLE,LA,1,68,-11.01768,43,-4.62444,25,-6.39323,25.0,67,-13.53968,0.32085
2019_03_LA_CLE,2019,3,2019-09-22,LA,CLE,0,63,2.79745,41,4.64781,22,-1.85036,28.0,60,6.4514,-0.32085
2019_03_MIA_DAL,2019,3,2019-09-22,DAL,MIA,1,71,12.26576,36,5.61744,35,6.64832,37.0,48,4.51475,0.53518
2019_03_MIA_DAL,2019,3,2019-09-22,MIA,DAL,0,70,-16.92263,49,-5.99772,21,-10.9249,27.0,45,-4.47989,-0.53518
2019_03_NO_SEA,2019,3,2019-09-22,NO,SEA,0,55,4.23264,33,7.83831,22,-3.60567,26.0,23,1.94148,1.22337
2019_03_NO_SEA,2019,3,2019-09-22,SEA,NO,1,82,-1.06929,60,16.7277,22,-17.797,33.0,33,-10.16134,-1.22337
2019_03_NYG_TB,2019,3,2019-09-22,NYG,TB,0,61,7.54301,45,10.9296,16,-3.3866,22.0,58,2.11953,5.66227
2019_03_NYG_TB,2019,3,2019-09-22,TB,NYG,1,74,10.81937,44,10.77579,30,0.04358,37.0,69,9.23516,-5.66227
2019_03_NYJ_NE,2019,3,2019-09-22,NE,NYJ,1,74,-1.63248,48,5.74413,26,-7.37661,31.0,13,12.40235,-4.38882
2019_03_NYJ_NE,2019,3,2019-09-22,NYJ,NE,0,50,-30.57773,30,-18.12546,20,-12.45227,11.0,11,-7.36853,4.38882
2019_03_OAK_MIN,2019,3,2019-09-22,LV,MIN,0,59,-4.38159,39,-1.48476,20,-2.89682,24.0,20,-9.58733,-3.78365
2019_03_OAK_MIN,2019,3,2019-09-22,MIN,LV,1,60,15.36611,25,13.63776,35,1.72835,30.0,27,7.18496,3.78365
2019_03_PIT_SF,2019,3,2019-09-22,PIT,SF,0,53,-12.47774,35,-6.53882,18,-5.93891,17.0,52,-9.76431,-2.26257
2019_03_PIT_SF,2019,3,2019-09-22,SF,PIT,1,78,-10.92266,36,3.21636,42,-14.13903,37.0,78,-10.92266,2.26257
2019_03_TEN_JAX,2019,3,2019-09-19,JAX,TEN,1,53,-3.25142,36,2.95281,17,-6.20423,19.0,28,-0.39369,6.42026
2019_03_TEN_JAX,2019,3,2019-09-19,TEN,JAX,0,79,-10.97642,56,-5.96343,23,-5.01299,25.0,40,-18.62143,-6.42026
2019_04_CAR_HOU,2019,4,2019-09-29,CAR,HOU,0,67,-8.91638,39,-2.95601,28,-5.96037,27.0,64,-7.58683,2.2221
2019_04_CAR_HOU,2019,4,2019-09-29,HOU,CAR,1,66,-14.9541,46,-20.62496,20,5.67086,26.0,63,-15.29917,-2.2221
2019_04_CIN_PIT,2019,4,2019-09-30,CIN,PIT,0,66,-20.3381,48,-21.59149,18,1.2534,23.0,28,-11.10087,-2.71618
2019_04_CIN_PIT,2019,4,2019-09-30,PIT,CIN,1,55,4.55754,32,12.05264,23,-7.4951,30.0,42,2.40005,2.71618
2019_04_CLE_BAL,2019,4,2019-09-29,BAL,CLE,1,67,-1.06768,40,-1.4254,27,0.35772,35.0,41,-1.22789,1.89798
2019_04_CLE_BAL,2019,4,2019-09-29,CLE,BAL,0,65,24.94199,36,17.20316,29,7.73883,29.0,53,24.01193,-1.89798
2019_04_DAL_NO,2019,4,2019-09-29,DAL,NO,0,57,-7.91552,38,0.39836,19,-8.31388,22.0,57,-7.91552,-4.53117
2019_04_DAL_NO,2019,4,2019-09-29,NO,DAL,1,70,-10.27348,41,-8.07481,29,-2.19867,30.0,67,-6.36383,4.53117
2019_04_JAX_DEN,2019,4,2019-09-29,DEN,JAX,1,54,3.21808,39,5.60032,15,-2.38224,23.0,47,8.18431,0.06995
2019_04_JAX_DEN,2019,4,2019-09-29,JAX,DEN,0,82,8.62923,41,2.13878,41,6.49045,34.0,82,8.62923,-0.06995
2019_04_KC_DET,2019,4,2019-09-29,DET,KC,1,76,-7.99885,42,6.77259,34,-14.77143,37.0,76,-7.99885,12.05466
2019_04_KC_DET,2019,4,2019-09-29,KC,DET,0,68,9.08642,48,12.60487,20,-3.51845,31.0,68,9.08642,-12.05466
2019_04_LAC_MIA,2019,4,2019-09-29,LAC,MIA,0,64,16.04647,33,20.64872,31,-4.60224,35.0,49,12.91759,8.07965
2019_04_LAC_MIA,2019,4,2019-09-29,MIA,LAC,1,52,-5.37453,32,-2.15024,20,-3.22428,25.0,42,2.69095,-8.07965
2019_04_MIN_CHI,2019,4,2019-09-29,CHI,MIN,1,70,-3.38309,38,6.87574,32,-10.25883,25.0,42,5.89061,0.61247
2019_04_MIN_CHI,2019,4,2019-09-29,MIN,CHI,0,59,-13.41765,43,-12.62299,16,-0.79465,19.0,25,-8.70792,-0.61247
2019_04_NE_BUF,2019,4,2019-09-29,BUF,NE,1,78,-16.6603,58,-17.28726,20,0.62696,31.0,78,-16.6603,-2.35989
2019_04_NE_BUF,2019,4,2019-09-29,NE,BUF,0,60,-12.39535,40,-11.927,20,-0.46836,17.0,57,-6.68816,2.35989
2019_04_OAK_IND,2019,4,2019-09-29,IND,LV,1,76,-5.00291,53,-1.18072,23,-3.82219,28.0,49,-14.03471,1.04418
2019_04_OAK_IND,2019,4,2019-09-29,LV,IND,0,63,8.17496,32,7.45499,31,0.71997,28.0,44,11.81921,-1.04418
2019_04_PHI_GB,2019,4,2019-09-26,GB,PHI,1,78,15.41736,63,19.68276,15,-4.26539,42.0,78,15.41736,-3.99707
2019_04_PHI_GB,2019,4,2019-09-26,PHI,GB,0,59,18.96692,30,8.30859,29,10.65833,32.0,57,19.75176,3.99707
2019_04_SEA_ARI,2019,4,2019-09-29,ARI,SEA,1,62,-8.37588,41,-9.08643,21,0.71055,28.0,33,-8.43635,-4.98197
2019_04_SEA_ARI,2019,4,2019-09-29,SEA,ARI,0,62,7.91395,36,6.32506,26,1.5889,33.0,21,5.67913,4.98197
2019_04_TB_LA,2019,4,2019-09-29,LA,TB,1,88,-2.92464,77,-1.36454,11,-1.56009,43.0,57,-14.94884,0.38754
2019_04_TB_LA,2019,4,2019-09-29,TB,LA,0,73,20.01342,43,23.5941,30,-3.58068,35.0,58,17.26272,-0.38754
2019_04_TEN_ATL,2019,4,2019-09-29,ATL,TEN,1,79,-8.8725,63,-1.67937,16,-7.19313,33.0,55,-1.34668,-4.84697
2019_04_TEN_ATL,2019,4,2019-09-29,TEN,ATL,0,62,4.45975,29,7.98581,33,-3.52606,29.0,32,12.2975,4.84697
2019_04_WAS_NYG,2019,4,2019-09-29,NYG,WAS,1,75,-3.7972,42,7.61929,33,-11.41649,37.0,28,12.58575,0.96813
2019_04_WAS_NYG,2019,4,2019-09-29,WAS,NYG,0,49,-27.09484,34,-19.70769,15,-7.38715,14.0,26,-10.36689,-0.96813
2019_05_ARI_CIN,2019,5,2019-10-06,ARI,CIN,0,73,17.37669,37,11.00778,36,6.36891,36.0,69,15.09894,-5.96457
2019_05_ARI_CIN,2019,5,2019-10-06,CIN,ARI,1,66,5.50988,42,9.83293,24,-4.32305,35.0,56,-0.74027,5.96457
2019_05_ATL_HOU,2019,5,2019-10-06,ATL,HOU,0,71,2.78782,53,4.21096,18,-1.42314,30.0,43,3.93706,5.03858
2019_05_ATL_HOU,2019,5,2019-10-06,HOU,ATL,1,70,33.88859,36,35.4432,34,-1.5546,37.0,52,19.69849,-5.03858
2019_05_BAL_PIT,2019,5,2019-10-06,BAL,PIT,0,79,-7.66598,43,-8.09086,36,0.42488,31.0,79,-7.66598,4.74543
2019_05_BAL_PIT,2019,5,2019-10-06,PIT,BAL,1,57,-5.7199,39,-2.42998,18,-3.28991,25.0,57,-5.7199,-4.74543
2019_05_BUF_TEN,2019,5,2019-10-06,BUF,TEN,0,62,-6.21909,40,-3.02038,22,-3.19871,25.0,54,-7.64264,12.60298
2019_05_BUF_TEN,2019,5,2019-10-06,TEN,BUF,1,57,-4.69318,32,-2.80313,25,-1.89005,22.0,57,-4.69318,-12.60298
2019_05_CHI_OAK,2019,5,2019-10-06,CHI,LV,0,56,-0.15947,38,5.18993,18,-5.3494,23.0,48,3.58217,1.95988
2019_05_CHI_OAK,2019,5,2019-10-06,LV,CHI,1,72,3.97906,34,3.93748,38,0.04158,37.0,56,10.51396,-1.95988
2019_05_CLE_SF,2019,5,2019-10-07,CLE,SF,0,46,-23.66825,28,-22.91929,18,-0.74896,12.0,29,-15.43886,6.84355
2019_05_CLE_SF,2019,5,2019-10-07,SF,CLE,1,72,12.68674,32,6.08951,40,6.59723,31.0,20,7.8587,-6.84355
2019_05_DEN_LAC,2019,5,2019-10-06,DEN,LAC,0,59,-2.00802,28,-5.18155,31,3.17353,26.0,33,8.46747,-2.60723
2019_05_DEN_LAC,2019,5,2019-10-06,LAC,DEN,1,69,-16.73281,52,-9.50095,17,-7.23186,28.0,53,-14.24063,2.60723
2019_05_GB_DAL,2019,5,2019-10-06,DAL,GB,1,71,3.26874,53,3.23406,18,0.03468,40.0,33,-8.9803,-8.50841
2019_05_GB_DAL,2019,5,2019-10-06,GB,DAL,0,69,9.62076,43,5.52737,26,4.09339,35.0,30,10.49137,8.50841
2019_05_IND_KC,2019,5,2019-10-06,IND,KC,0,79,3.34635,37,-1.80468,42,5.15103,44.0,73,4.08226,1.40971
2019_05_IND_KC,2019,5,2019-10-06,KC,IND,1,60,-5.09244,49,-1.22907,11,-3.86337,22.0,53,-6.84452,-1.40971
2019_05_JAX_CAR,2019,5,2019-10-06,CAR,JAX,1,63,12.45058,37,1.21605,26,11.23454,30.0,59,14.20485,-7.51151
2019_05_JAX_CAR,2019,5,2019-10-06,JAX,CAR,0,82,-2.01205,56,3.3425,26,-5.35454,39.0,73,-4.20792,7.51151
2019_05_LA_SEA,2019,5,2019-10-03,LA,SEA,0,69,11.28343,52,13.90691,17,-2.62348,31.0,69,11.28343,1.60635
2019_05_LA_SEA,2019,5,2019-10-03,SEA,LA,1,70,11.09521,33,12.54958,37,-1.45438,33.0,70,11.09521,-1.60635
2019_05_MIN_NYG,2019,5,2019-10-06,MIN,NYG,0,66,20.46375,33,20.39849,33,0.06525,32.0,50,19.08324,2.61438
2019_05_MIN_NYG,2019,5,2019-10-06,NYG,MIN,1,68,-11.61591,48,-7.21603,20,-4.39987,26.0,46,-3.74526,-2.61438
2019_05_NE_WAS,2019,5,2019-10-06,NE,WAS,0,77,11.09445,50,13.47533,27,-2.38089,34.0,56,8.78189,-3.73805
2019_05_NE_WAS,2019,5,2019-10-06,WAS,NE,1,56,-27.02679,37,-25.69161,19,-1.33518,14.0,33,-17.17494,3.73805
2019_05_NYJ_PHI,2019,5,2019-10-06,NYJ,PHI,0,57,-36.00624,37,-33.68888,20,-2.31736,17.0,23,-17.79901,2.47707
2019_05_NYJ_PHI,2019,5,2019-10-06,PHI,NYJ,1,64,-7.99172,37,-0.00899,27,-7.98273,26.0,15,2.06328,-2.47707
2019_05_TB_NO,2019,5,2019-10-06,NO,TB,1,68,9.49856,42,12.59686,26,-3.0983,32.0,53,10.30033,-0.39332
2019_05_TB_NO,2019,5,2019-10-06,TB,NO,0,57,2.17193,38,1.39278,19,0.77915,25.0,36,-5.10417,0.39332
2019_06_ATL_ARI,2019,6,2019-10-13,ARI,ATL,1,65,17.73701,42,22.36259,23,-4.62558,31.0,59,17.27807,1.86723
2019_06_ATL_ARI,2019,6,2019-10-13,ATL,ARI,0,67,21.41559,44,20.83047,23,0.58512,37.0,54,15.44242,-1.86723
2019_06_CAR_TB,2019,6,2019-10-13,CAR,TB,0,65,-1.27671,36,4.89903,29,-6.17574,23.0,37,0.51602,-0.06445
2019_06_CAR_TB,2019,6,2019-10-13,TB,CAR,1,78,-15.53083,65,-15.7528,13,0.22197,32.0,39,-20.74507,0.06445
2019_06_CIN_BAL,2019,6,2019-10-13,BAL,CIN,1,75,10.18897,36,5.84652,39,4.34245,35.0,58,9.23098,-3.27841
2019_06_CIN_BAL,2019,6,2019-10-13,CIN,BAL,0,59,-4.13009,46,1.69823,13,-5.82832,21.0,45,-9.73582,3.27841
2019_06_DAL_NYJ,2019,6,2019-10-13,DAL,NYJ,0,81,10.46056,48,14.72079,33,-4.26022,42.0,59,-3.44821,-2.08009
2019_06_DAL_NYJ,2019,6,2019-10-13,NYJ,DAL,1,57,8.22691,39,12.08251,18,-3.8556,23.0,40,14.75361,2.08009
2019_06_DET_GB,2019,6,2019-10-14,DET,GB,0,54,-0.17247,36,2.23831,18,-2.41077,19.0,54,-0.17247,10.49181
2019_06_DET_GB,2019,6,2019-10-14,GB,DET,1,72,2.80986,46,3.17758,26,-0.36772,34.0,72,2.80986,-10.49181
2019_06_HOU_KC,2019,6,2019-10-13,HOU,KC,0,86,17.12429,51,17.71471,35,-0.59043,47.0,79,16.04606,-1.17817
2019_06_HOU_KC,2019,6,2019-10-13,KC,HOU,1,54,3.57517,44,3.1648,10,0.41036,23.0,54,3.57517,1.17817
2019_06_NO_JAX,2019,6,2019-10-13,JAX,NO,1,57,-12.66722,35,-7.17926,22,-5.48796,18.0,57,-12.66722,-0.1161
2019_06_NO_JAX,2019,6,2019-10-13,NO,JAX,0,64,1.06037,39,2.54082,25,-1.48045,29.0,56,-1.75394,0.1161
2019_06_NYG_NE,2019,6,2019-10-10,NE,NYG,1,79,-3.278,46,1.18472,33,-4.46272,38.0,69,-9.21582,4.11264
2019_06_NYG_NE,2019,6,2019-10-10,NYG,NE,0,49,-25.98047,34,-22.15515,15,-3.82532,16.0,39,-22.03909,-4.11264
2019_06_PHI_MIN,2019,6,2019-10-13,MIN,PHI,1,69,9.10939,34,21.7795,35,-12.67011,32.0,43,16.78497,0.25146
2019_06_PHI_MIN,2019,6,2019-10-13,PHI,MIN,0,65,-7.4282,44,-2.8683,21,-4.55989,31.0,51,-1.71681,-0.25146
2019_06_PIT_LAC,2019,6,2019-10-13,LAC,PIT,1,62,-5.52078,48,5.80286,14,-11.32364,26.0,17,-17.28486,-5.4468
2019_06_PIT_LAC,2019,6,2019-10-13,PIT,LAC,0,59,-0.27269,23,4.66773,36,-4.94042,25.0,24,8.49772,5.4468
2019_06_SEA_CLE,2019,6,2019-10-13,CLE,SEA,1,67,-4.4163,45,-2.35869,22,-2.05761,30.0,67,-4.4163,2.88692
2019_06_SEA_CLE,2019,6,2019-10-13,SEA,CLE,0,78,15.47939,47,21.49578,31,-6.01639,40.0,75,13.66678,-2.88692
2019_06_SF_LA,2019,6,2019-10-13,LA,SF,1,52,-30.53901,30,-19.44013,22,-11.09888,19.0,31,-15.35251,4.71262
2019_06_SF_LA,2019,6,2019-10-13,SF,LA,0,75,-5.27472,36,0.73093,39,-6.00565,33.0,58,5.56261,-4.71262
2019_06_TEN_DEN,2019,6,2019-10-13,DEN,TEN,1,58,-9.327,30,-3.72422,28,-5.60277,20.0,45,-6.00967,2.5875
2019_06_TEN_DEN,2019,6,2019-10-13,TEN,DEN,0,65,-25.38564,47,-16.08516,18,-9.30048,23.0,38,-16.57506,-2.5875
2019_06_WAS_MIA,2019,6,2019-10-13,MIA,WAS,1,74,-11.17279,53,-12.54035,21,1.36756,29.0,69,-11.03601,9.74366
2019_06_WAS_MIA,2019,6,2019-10-13,WAS,MIA,0,58,0.80053,27,2.51204,31,-1.71151,20.0,42,4.73914,-9.74366
2019_07_ARI_NYG,2019,7,2019-10-20,ARI,NYG,0,61,4.86637,29,6.7849,32,-1.91853,22.0,59,7.1106,-2.26934
2019_07_ARI_NYG,2019,7,2019-10-20,NYG,ARI,1,70,-13.47592,50,-9.83907,20,-3.63685,28.0,67,-8.34742,2.26934
2019_07_BAL_SEA,2019,7,2019-10-20,BAL,SEA,0,55,7.21712,26,9.39402,29,-2.17689,20.0,44,8.27713,-0.26398
2019_07_BAL_SEA,2019,7,2019-10-20,SEA,BAL,1,71,-12.42345,46,-9.81929,25,-2.60416,32.0,62,-6.44121,0.26398
2019_07_HOU_IND,2019,7,2019-10-20,HOU,IND,0,64,-1.13338,42,1.54161,22,-2.675,32.0,43,2.97506,1.73493
2019_07_HOU_IND,2019,7,2019-10-20,IND,HOU,1,71,4.3362,46,22.45811,25,-18.12191,29.0,62,11.50985,-1.73493
2019_07_JAX_CIN,2019,7,2019-10-20,CIN,JAX,1,70,-18.7205,52,-9.67522,18,-9.04527,26.0,59,-18.16952,5.66684
2019_07_JAX_CIN,2019,7,2019-10-20,JAX,CIN,0,77,-0.26057,40,3.53156,37,-3.79213,31.0,71,1.05237,-5.66684
2019_07_KC_DEN,2019,7,2019-10-17,DEN,KC,1,67,-24.94721,46,-23.727,21,-1.2202,20.0,40,-12.60794,-5.67184
2019_07_KC_DEN,2019,7,2019-10-17,KC,DEN,0,60,-0.27892,34,2.23315,26,-2.51208,24.0,29,2.85287,5.67184
2019_07_LAC_TEN,2019,7,2019-10-20,LAC,TEN,0,63,5.9268,42,17.54845,21,-11.62166,31.0,59,-0.06948,2.46732
2019_07_LAC_TEN,2019,7,2019-10-20,TEN,LAC,1,62,9.0702,34,15.01984,28,-5.94964,31.0,62,9.0702,-2.46732
2019_07_LA_ATL,2019,7,2019-10-20,ATL,LA,1,54,-16.08922,40,-11.70895,14,-4.38026,23.0,32,-9.02747,-6.95752
2019_07_LA_ATL,2019,7,2019-10-20,LA,ATL,0,76,11.20288,40,19.23112,36,-8.02825,35.0,51,12.6701,6.95752
2019_07_MIA_BUF,2019,7,2019-10-20,BUF,MIA,1,54,6.06571,32,7.53273,22,-1.46701,25.0,51,8.46354,9.96284
2019_07_MIA_BUF,2019,7,2019-10-20,MIA,BUF,0,72,3.5689,43,6.58847,29,-3.01957,35.0,52,1.34225,-9.96284
2019_07_MIN_DET,2019,7,2019-10-20,DET,MIN,1,74,12.7527,53,14.61403,21,-1.86133,40.0,62,9.35132,4.47777
2019_07_MIN_DET,2019,7,2019-10-20,MIN,DET,0,69,32.33207,36,27.52579,33,4.80627,38.0,67,31.32908,-4.47777
2019_07_NE_NYJ,2019,7,2019-10-21,NE,NYJ,0,80,5.26661,47,8.31085,33,-3.04424,35.0,30,13.27981,1.80265
2019_07_NE_NYJ,2019,7,2019-10-21,NYJ,NE,1,59,-31.96012,38,-28.04618,21,-3.91394,19.0,8,-12.0465,-1.80265
2019_07_NO_CHI,2019,7,2019-10-20,CHI,NO,1,63,-15.01418,56,-2.87393,7,-12.14025,24.0,33,-20.74105,10.70364
2019_07_NO_CHI,2019,7,2019-10-20,NO,CHI,0,74,13.6005,41,13.07573,33,0.52478,33.0,54,7.15952,-10.70364
2019_07_OAK_GB,2019,7,2019-10-20,GB,LV,1,55,32.68664,37,35.14227,18,-2.45563,30.0,37,23.97619,-4.01951
2019_07_OAK_GB,2019,7,2019-10-20,LV,GB,0,65,10.67387,35,13.50394,30,-2.83006,31.0,32,5.76837,4.01951
2019_07_PHI_DAL,2019,7,2019-10-20,DAL,PHI,1,69,8.18854,33,10.03105,36,-1.84251,33.0,29,9.08591,3.97164
2019_07_PHI_DAL,2019,7,2019-10-20,PHI,DAL,0,60,-18.14621,34,-9.89827,26,-8.24795,24.0,25,-6.38171,-3.97164
2019_07_SF_WAS,2019,7,2019-10-20,SF,WAS,0,64,-3.51183,27,4.26583,37,-7.77767,25.0,57,-3.62696,2.42251
2019_07_SF_WAS,2019,7,2019-10-20,WAS,SF,1,45,-12.79856,16,0.97642,29,-13.77498,14.0,43,-12.74752,-2.42251
2019_08_ARI_NO,2019,8,2019-10-27,ARI,NO,0,49,-16.04707,38,-10.64975,11,-5.39732,17.0,36,-8.54702,4.92486
2019_08_ARI_NO,2019,8,2019-10-27,NO,ARI,1,72,14.01937,45,11.79872,27,2.22065,35.0,60,4.59803,-4.92486
2019_08_CAR_SF,2019,8,2019-10-27,CAR,SF,0,66,-34.8423,46,-32.49307,20,-2.34923,20.0,23,-11.55124,-1.20683
2019_08_CAR_SF,2019,8,2019-10-27,SF,CAR,1,62,13.00015,27,5.87316,35,7.12699,26.0,22,8.47473,1.20683
2019_08_CIN_LA,2019,8,2019-10-27,CIN,LA,0,77,2.30874,56,-0.07776,21,2.3865,29.0,39,5.04662,2.63232
2019_08_CIN_LA,2019,8,2019-10-27,LA,CIN,1,60,18.56728,34,20.36577,26,-1.79849,24.0,41,23.53095,-2.63232
2019_08_CLE_NE,2019,8,2019-10-27,CLE,NE,0,62,-18.93321,41,-11.00304,21,-7.93016,24.0,36,-10.29419,7.65577
2019_08_CLE_NE,2019,8,2019-10-27,NE,CLE,1,69,-0.04507,41,6.81082,28,-6.8559,27.0,47,4.98973,-7.65577
2019_08_DEN_IND,2019,8,2019-10-27,DEN,IND,0,73,-5.94679,42,-0.72104,31,-5.22575,27.0,73,-5.94679,-2.98151
2019_08_DEN_IND,2019,8,2019-10-27,IND,DEN,1,63,-6.03075,36,-3.06606,27,-2.96469,28.0,63,-6.03075,2.98151
2019_08_GB_KC,2019,8,2019-10-27,GB,KC,0,64,18.29799,43,17.64023,21,0.65776,33.0,59,18.59006,1.235
2019_08_GB_KC,2019,8,2019-10-27,KC,GB,1,59,7.27988,40,9.11089,19,-1.83102,28.0,59,7.27988,-1.235
2019_08_LAC_CHI,2019,8,2019-10-27,CHI,LAC,1,78,-5.12554,43,-1.20579,35,-3.91975,33.0,78,-5.12554,-1.96314
2019_08_LAC_CHI,2019,8,2019-10-27,LAC,CHI,0,45,-6.63134,32,-2.82239,13,-3.80895,17.0,45,-6.63134,1.96314
2019_08_MIA_PIT,2019,8,2019-10-28,MIA,PIT,0,56,-13.41547,41,-7.07642,15,-6.33905,22.0,40,-6.90446,2.49929
2019_08_MIA_PIT,2019,8,2019-10-28,PIT,MIA,1,74,2.99002,42,6.0039,32,-3.01388,25.0,64,8.80865,-2.49929
2019_08_NYG_DET,2019,8,2019-10-27,DET,NYG,1,60,3.26786,36,14.08254,24,-10.81468,21.0,54,11.16052,1.01719
2019_08_NYG_DET,2019,8,2019-10-27,NYG,DET,0,72,3.00993,50,5.06386,22,-2.05393,33.0,50,5.21741,-1.01719
2019_08_NYJ_JAX,2019,8,2019-10-27,JAX,NYJ,1,70,6.84683,42,17.47668,28,-10.62985,23.0,53,6.70446,-0.96667
2019_08_NYJ_JAX,2019,8,2019-10-27,NYJ,JAX,0,56,-14.1552,42,-11.17588,14,-2.97932,22.0,38,-14.4115,0.96667
2019_08_OAK_HOU,2019,8,2019-10-27,HOU,LV,1,76,13.86249,49,13.66174,27,0.20075,41.0,76,13.86249,1.24379
2019_08_OAK_HOU,2019,8,2019-10-27,LV,HOU,0,55,9.8722,31,13.73768,24,-3.86548,23.0,55,9.8722,-1.24379
2019_08_PHI_BUF,2019,8,2019-10-27,BUF,PHI,1,59,-11.28981,43,-3.6565,16,-7.63331,20.0,51,-5.92371,2.6877
2019_08_PHI_BUF,2019,8,2019-10-27,PHI,BUF,0,69,12.32076,32,7.5211,37,4.79966,32.0,44,13.03125,-2.6877
2019_08_SEA_ATL,2019,8,2019-10-27,ATL,SEA,1,72,6.4706,54,11.58125,18,-5.11065,38.0,33,-12.24597,-12.48376
2019_08_SEA_ATL,2019,8,2019-10-27,SEA,ATL,0,58,6.53171,27,5.48566,31,1.04606,30.0,28,8.44236,12.48376
2019_08_TB_TEN,2019,8,2019-10-27,TB,TEN,0,78,-3.53966,53,7.49166,25,-11.03132,34.0,78,-3.53966,-3.79978
2019_08_TB_TEN,2019,8,2019-10-27,TEN,TB,1,58,-6.8755,38,7.27087,20,-14.14638,22.0,55,-5.72084,3.79978
2019_08_WAS_MIN,2019,8,2019-10-24,MIN,WAS,1,72,-2.13979,30,6.77692,42,-8.91671,27.0,55,1.0748,1.43908
2019_08_WAS_MIN,2019,8,2019-10-24,WAS,MIN,0,43,-10.29126,26,-6.09117,17,-4.2001,19.0,41,-8.17829,-1.43908
2019_09_CHI_PHI,2019,9,2019-11-03,CHI,PHI,0,44,-5.3549,25,-5.85304,19,0.49814,15.0,36,-13.50889,2.25436
2019_09_CHI_PHI,2019,9,2019-11-03,PHI,CHI,1,83,5.44326,48,10.92741,35,-5.48415,37.0,63,10.64514,-2.25436
2019_09_CLE_DEN,2019,9,2019-11-03,CLE,DEN,0,75,-0.03777,48,11.53353,27,-11.57129,30.0,69,-4.58479,-0.70755
2019_09_CLE_DEN,2019,9,2019-11-03,DEN,CLE,1,44,3.32703,27,2.47252,17,0.85451,19.0,44,3.32703,0.70755
2019_09_DAL_NYG,2019,9,2019-11-04,DAL,NYG,0,69,7.33432,39,7.43971,30,-0.10539,37.0,65,10.16406,-5.41152
2019_09_DAL_NYG,2019,9,2019-11-04,NYG,DAL,1,71,-16.31413,52,-15.50162,19,-0.81251,30.0,52,-6.45446,5.41152
2019_09_DET_OAK,2019,9,2019-11-03,DET,LV,0,69,10.41587,47,15.9415,22,-5.52563,34.0,67,8.60372,0.63318
2019_09_DET_OAK,2019,9,2019-11-03,LV,DET,1,71,16.05294,35,12.70007,36,3.35287,32.0,70,15.88628,-0.63318
2019_09_GB_LAC,2019,9,2019-11-03,GB,LAC,0,49,-4.21356,39,-3.27346,10,-0.9401,22.0,24,-6.85007,3.99174
2019_09_GB_LAC,2019,9,2019-11-03,LAC,GB,1,69,13.85942,33,7.10633,36,6.75309,38.0,42,7.06475,-3.99174
2019_09_HOU_JAX,2019,9,2019-11-03,HOU,JAX,0,68,10.73084,36,16.12367,32,-5.39283,33.0,53,14.19051,-1.56702
2019_09_HOU_JAX,2019,9,2019-11-03,JAX,HOU,1,67,-19.54299,56,-19.20112,11,-0.34188,24.0,38,-5.82959,1.56702
2019_09_IND_PIT,2019,9,2019-11-03,IND,PIT,0,69,-1.59122,40,-4.74483,29,3.15361,31.0,69,-1.59122,-8.32696
2019_09_IND_PIT,2019,9,2019-11-03,PIT,IND,1,60,-8.23404,38,-1.89633,22,-6.33772,20.0,60,-8.23404,8.32696
2019_09_MIN_KC,2019,9,2019-11-03,KC,MIN,1,58,6.25802,39,2.5456,19,3.71243,29.0,58,6.25802,-0.05282
2019_09_MIN_KC,2019,9,2019-11-03,MIN,KC,0,70,1.81952,43,9.01435,27,-7.19484,22.0,70,1.81952,0.05282
2019_09_NE_BAL,2019,9,2019-11-03,BAL,NE,1,64,14.1399,27,13.93406,37,0.20584,34.0,49,8.29303,-6.40229
2019_09_NE_BAL,2019,9,2019-11-03,NE,BAL,0,67,-8.73212,49,-8.6673,18,-0.06482,33.0,61,-7.41507,6.40229
2019_09_NYJ_MIA,2019,9,2019-11-03,MIA,NYJ,1,67,6.79355,46,15.88558,21,-9.09203,29.0,52,14.3545,-1.64576
2019_09_NYJ_MIA,2019,9,2019-11-03,NYJ,MIA,0,66,-2.76948,45,0.7182,21,-3.48768,28.0,50,-3.73363,1.64576
2019_09_SF_ARI,2019,9,2019-10-31,ARI,SF,1,55,8.60057,32,4.16698,23,4.43359,25.0,39,1.07682,0.08424
2019_09_SF_ARI,2019,9,2019-10-31,SF,ARI,0,68,16.65317,40,23.29956,28,-6.64639,29.0,54,22.85725,-0.08424
2019_09_TB_SEA,2019,9,2019-11-03,SEA,TB,1,73,17.32125,51,20.38809,22,-3.06683,38.0,71,15.75723,-3.98882
2019_09_TB_SEA,2019,9,2019-11-03,TB,SEA,0,76,15.0334,51,15.48973,25,-0.45632,37.0,76,15.0334,3.98882
2019_09_TEN_CAR,2019,9,2019-11-03,CAR,TEN,1,70,7.7751,36,3.16909,34,4.60601,31.0,52,4.94489,5.17474
2019_09_TEN_CAR,2019,9,2019-11-03,TEN,CAR,0,69,4.68062,50,10.84188,19,-6.16126,35.0,21,-9.21231,-5.17474
2019_09_WAS_BUF,2019,9,2019-11-03,BUF,WAS,1,59,3.87169,23,7.76959,36,-3.8979,26.0,42,6.05923,6.02311
2019_09_WAS_BUF,2019,9,2019-11-03,WAS,BUF,0,50,-6.29268,29,-4.83089,21,-1.46179,18.0,43,-0.98317,-6.02311
2019_10_ARI_TB,2019,10,2019-11-10,ARI,TB,0,67,5.4622,50,6.93704,17,-1.47484,25.0,67,5.4622,-0.83412
2019_10_ARI_TB,2019,10,2019-11-10,TB,ARI,1,83,4.03161,59,5.33447,24,-1.30286,33.0,83,4.03161,0.83412
2019_10_ATL_NO,2019,10,2019-11-10,ATL,NO,0,76,2.13402,42,6.77315,34,-4.63913,29.0,60,12.13515,1.03338
2019_10_ATL_NO,2019,10,2019-11-10,NO,ATL,1,64,-17.96971,53,-18.4133,11,0.44359,24.0,44,-6.84625,-1.03338
2019_10_BAL_CIN,2019,10,2019-11-10,BAL,CIN,0,44,23.73565,23,20.87133,21,2.86432,27.0,24,19.12824,-4.26416
2019_10_BAL_CIN,2019,10,2019-11-10,CIN,BAL,1,73,-24.69879,36,-22.53197,37,-2.16683,33.0,27,-9.44006,4.26416
2019_10_BUF_CLE,2019,10,2019-11-10,BUF,CLE,0,68,2.57749,47,2.56311,21,0.01438,27.0,68,2.57749,-2.34237
2019_10_BUF_CLE,2019,10,2019-11-10,CLE,BUF,1,68,4.51418,44,6.49272,24,-1.97854,30.0,68,4.51418,2.34237
2019_10_CAR_GB,2019,10,2019-11-10,CAR,GB,0,71,0.96043,50,5.07308,21,-4.11266,34.0,52,-6.8316,0.00897
2019_10_CAR_GB,2019,10,2019-11-10,GB,CAR,1,64,10.48414,38,5.50867,26,4.97547,31.0,45,13.6835,-0.00897
2019_10_DET_CHI,2019,10,2019-11-10,CHI,DET,1,56,-3.17469,33,-1.80663,23,-1.36806,22.0,39,5.37689,-4.59866
2019_10_DET_CHI,2019,10,2019-11-10,DET,CHI,0,80,-12.35752,57,-7.00902,23,-5.34849,29.0,54,-15.42918,4.59866
2019_10_KC_TEN,2019,10,2019-11-10,KC,TEN,0,83,10.34965,58,21.33949,25,-10.98984,45.0,79,14.91667,-1.14091
2019_10_KC_TEN,2019,10,2019-11-10,TEN,KC,1,49,7.21908,25,0.29626,24,6.92281,26.0,49,7.21908,1.14091
2019_10_LAC_OAK,2019,10,2019-11-07,LAC,LV,0,75,-1.67389,44,-5.52775,31,3.85385,40.0,75,-1.67389,1.6575
2019_10_LAC_OAK,2019,10,2019-11-07,LV,LAC,1,58,1.14967,37,4.06935,21,-2.91968,25.0,56,1.58257,-1.6575
2019_10_LA_PIT,2019,10,2019-11-10,LA,PIT,0,76,-29.84959,52,-22.69438,24,-7.15521,28.0,76,-29.84959,0.48942
2019_10_LA_PIT,2019,10,2019-11-10,PIT,LA,1,72,-22.12873,44,0.9011,28,-23.02983,22.0,69,-20.9804,-0.48942
2019_10_MIA_IND,2019,10,2019-11-10,IND,MIA,1,68,-23.46989,41,-20.79822,27,-2.67167,26.0,68,-23.46989,-2.31446
2019_10_MIA_IND,2019,10,2019-11-10,MIA,IND,0,64,-18.78801,41,-7.64896,23,-11.13905,18.0,64,-18.78801,2.31446
2019_10_MIN_DAL,2019,10,2019-11-10,DAL,MIN,1,71,13.28285,49,21.67805,22,-8.39519,31.0,71,13.28285,-2.72665
2019_10_MIN_DAL,2019,10,2019-11-10,MIN,DAL,0,71,17.06465,36,12.36998,35,4.69468,34.0,68,17.33301,2.72665
2019_10_NYG_NYJ,2019,10,2019-11-10,NYG,NYJ,0,67,-2.12434,51,9.91806,16,-12.0424,21.0,63,-1.69681,-0.35751
2019_10_NYG_NYJ,2019,10,2019-11-10,NYJ,NYG,1,64,4.80959,36,10.8204,28,-6.01081,22.0,58,7.48133,0.35751
2019_10_SEA_SF,2019,10,2019-11-11,SEA,SF,0,72,-21.45075,43,-14.7547,29,-6.69605,33.0,68,-14.21295,3.24945
2019_10_SEA_SF,2019,10,2019-11-11,SF,SEA,1,80,-23.60609,54,-16.91437,26,-6.69172,29.0,80,-23.60609,-3.24945
2019_11_ARI_SF,2019,11,2019-11-17,ARI,SF,0,67,0.41709,42,-2.09647,25,2.51356,32.0,65,7.40856,-2.53945
2019_11_ARI_SF,2019,11,2019-11-17,SF,ARI,1,72,5.3162,54,14.19565,18,-8.87945,35.0,68,8.13282,2.53945
2019_11_ATL_CAR,2019,11,2019-11-17,ATL,CAR,0,62,7.76875,37,12.59682,25,-4.82807,26.0,32,6.14999,1.73057
2019_11_ATL_CAR,2019,11,2019-11-17,CAR,ATL,1,74,-24.37457,57,-18.73304,17,-5.64153,28.0,27,-15.09777,-1.73057
2019_11_BUF_MIA,2019,11,2019-11-17,BUF,MIA,0,70,18.56457,38,16.19612,32,2.36845,31.0,51,17.6526,-6.17368
2019_11_BUF_MIA,2019,11,2019-11-17,MIA,BUF,1,68,-12.953,55,-9.17061,13,-3.78239,27.0,35,-7.2046,6.17368
2019_11_CHI_LA,2019,11,2019-11-17,CHI,LA,0,76,-15.65653,53,-11.15502,23,-4.50151,25.0,69,-11.23073,-10.14961
2019_11_CHI_LA,2019,11,2019-11-17,LA,CHI,1,52,-7.31188,21,2.79242,31,-10.10429,23.0,49,-7.64687,10.14961
2019_11_CIN_OAK,2019,11,2019-11-17,CIN,LV,0,60,-12.47564,40,-18.04979,20,5.57415,22.0,58,-10.14048,2.61403
2019_11_CIN_OAK,2019,11,2019-11-17,LV,CIN,1,65,0.87792,35,9.66692,30,-8.789,29.0,57,0.30623,-2.61403
2019_11_DAL_DET,2019,11,2019-11-17,DAL,DET,0,69,17.92987,50,22.52621,19,-4.59635,38.0,59,20.64223,-1.01595
2019_11_DAL_DET,2019,11,2019-11-17,DET,DAL,1,60,3.55165,35,6.04871,25,-2.49706,26.0,52,-4.20118,1.01595
2019_11_DEN_MIN,2019,11,2019-11-17,DEN,MIN,0,79,-1.05154,47,-0.31392,32,-0.73762,33.0,62,9.80574,3.49815
2019_11_DEN_MIN,2019,11,2019-11-17,MIN,DEN,1,61,5.56069,43,8.96193,18,-3.40124,30.0,31,-4.56964,-3.49815
2019_11_HOU_BAL,2019,11,2019-11-17,BAL,HOU,1,66,25.71133,35,20.59023,31,5.1211,32.0,32,6.54531,0.59767
2019_11_HOU_BAL,2019,11,2019-11-17,HOU,BAL,0,60,-18.19246,42,-18.26358,18,0.07112,25.0,28,-11.79916,-0.59767
2019_11_JAX_IND,2019,11,2019-11-17,IND,JAX,1,64,14.90899,32,2.6581,32,12.25088,31.0,49,8.47232,-1.51217
2019_11_JAX_IND,2019,11,2019-11-17,JAX,IND,0,61,-7.45016,52,-5.29058,9,-2.15958,21.0,37,-8.14122,1.51217
2019_11_KC_LAC,2019,11,2019-11-18,KC,LAC,0,66,2.78657,43,4.89304,23,-2.10647,27.0,58,5.8908,4.162
2019_11_KC_LAC,2019,11,2019-11-18,LAC,KC,1,76,-1.8819,57,-1.58813,19,-0.29377,31.0,62,-9.20762,-4.162
2019_11_NE_PHI,2019,11,2019-11-17,NE,PHI,0,72,-5.71925,50,-0.55107,22,-5.16818,25.0,69,-4.87285,0.6068
2019_11_NE_PHI,2019,11,2019-11-17,PHI,NE,1,71,-12.0878,53,-10.69042,18,-1.39738,30.0,67,-12.00987,-0.6068
2019_11_NO_TB,2019,11,2019-11-17,NO,TB,0,65,9.26412,37,8.62121,28,0.6429,30.0,44,6.61577,0.33559
2019_11_NO_TB,2019,11,2019-11-17,TB,NO,1,67,-9.47828,60,-6.12106,7,-3.35722,28.0,44,-5.95164,-0.33559
2019_11_NYJ_WAS,2019,11,2019-11-17,NYJ,WAS,0,68,8.74546,35,10.3236,33,-1.57814,31.0,40,5.99657,-5.86765
2019_11_NYJ_WAS,2019,11,2019-11-17,WAS,NYJ,1,62,-19.45062,43,-13.49173,19,-5.95889,19.0,35,-17.48236,5.86765
2019_11_PIT_CLE,2019,11,2019-11-14,CLE,PIT,1,69,-4.89892,35,3.39735,34,-8.29627,25.0,41,4.94182,-4.70625
2019_11_PIT_CLE,2019,11,2019-11-14,PIT,CLE,0,72,-25.00176,56,-19.00323,16,-5.99853,30.0,50,-22.12812,4.70625
2019_12_BAL_LA,2019,12,2019-11-25,BAL,LA,0,74,34.011,30,20.85503,44,13.15597,40.0,25,15.46656,-0.24739
2019_12_BAL_LA,2019,12,2019-11-25,LA,BAL,1,51,-9.05575,42,-7.85467,9,-1.20108,19.0,27,-1.8232,0.24739
2019_12_CAR_NO,2019,12,2019-11-24,CAR,NO,0,73,14.82036,45,19.10586,28,-4.28551,38.0,71,11.48536,-10.79866
2019_12_CAR_NO,2019,12,2019-11-24,NO,CAR,1,62,4.17999,43,7.12462,19,-2.94463,30.0,62,4.17999,10.79866
2019_12_DAL_NE,2019,12,2019-11-24,DAL,NE,0,63,-10.56532,38,-10.08083,25,-0.48449,25.0,62,-10.60951,-4.17728
2019_12_DAL_NE,2019,12,2019-11-24,NE,DAL,1,66,-8.97457,40,-5.6004,26,-3.37417,26.0,62,-6.73558,4.17728
2019_12_DEN_BUF,2019,12,2019-11-24,BUF,DEN,1,72,5.41666,29,7.28609,43,-1.86943,33.0,53,4.43847,0.02464
2019_12_DEN_BUF,2019,12,2019-11-24,DEN,BUF,0,49,-17.78187,32,-18.31193,17,0.53006,16.0,40,-14.14631,-0.02464
2019_12_DET_WAS,2019,12,2019-11-24,DET,WAS,0,74,-7.67508,45,-1.46597,29,-6.2091,29.0,73,-5.71853,-11.44719
2019_12_DET_WAS,2019,12,2019-11-24,WAS,DET,1,56,-14.69382,35,-10.18097,21,-4.51285,19.0,56,-14.69382,11.44719
2019_12_GB_SF,2019,12,2019-11-24,GB,SF,0,78,-19.09772,51,-10.13704,27,-8.96068,26.0,33,-20.46025,-7.07023
2019_12_GB_SF,2019,12,2019-11-24,SF,GB,1,47,6.73168,25,8.24525,22,-1.51358,20.0,23,-4.84114,7.07023
2019_12_IND_HOU,2019,12,2019-11-21,HOU,IND,1,58,1.51074,32,7.51369,26,-6.00295,23.0,54,3.95707,3.20658
2019_12_IND_HOU,2019,12,2019-11-21,IND,HOU,0,66,0.10534,30,-4.70195,36,4.80728,30.0,66,0.10534,-3.20658
2019_12_JAX_TEN,2019,12,2019-11-24,JAX,TEN,0,82,2.82971,56,1.21212,26,1.61759,33.0,36,-6.33336,-6.54093
2019_12_JAX_TEN,2019,12,2019-11-24,TEN,JAX,1,49,18.6843,21,16.08098,28,2.60331,28.0,32,12.52624,6.54093
2019_12_MIA_CLE,2019,12,2019-11-24,CLE,MIA,1,74,21.97299,41,20.48532,33,1.48767,43.0,22,7.9429,-4.41989
2019_12_MIA_CLE,2019,12,2019-11-24,MIA,CLE,0,63,-2.50752,49,1.64174,14,-4.14926,25.0,12,-10.09143,4.41989
2019_12_NYG_CHI,2019,12,2019-11-24,CHI,NYG,1,69,-9.94829,48,-2.93866,21,-7.00963,27.0,57,-3.49495,0.58734
2019_12_NYG_CHI,2019,12,2019-11-24,NYG,CHI,0,60,-14.41885,41,-12.67722,19,-1.74163,20.0,42,-15.24987,-0.58734
2019_12_OAK_NYJ,2019,12,2019-11-24,LV,NYJ,0,57,-19.18469,35,-8.75154,22,-10.43315,20.0,26,-1.33955,-4.15769
2019_12_OAK_NYJ,2019,12,2019-11-24,NYJ,LV,1,62,10.45997,35,14.53719,27,-4.07722,27.0,36,14.62668,4.15769
2019_12_PIT_CIN,2019,12,2019-11-24,CIN,PIT,1,57,-17.8725,34,-11.87708,23,-5.99542,18.0,57,-17.8725,0.45986
2019_12_PIT_CIN,2019,12,2019-11-24,PIT,CIN,0,69,-2.97448,36,-5.50087,33,2.52639,25.0,67,-5.01236,-0.45986
2019_12_SEA_PHI,2019,12,2019-11-24,PHI,SEA,1,73,-22.45968,52,-13.3628,21,-9.09688,37.0,51,-20.17081,0.70859
2019_12_SEA_PHI,2019,12,2019-11-24,SEA,PHI,0,60,-6.16799,36,-3.16754,24,-3.00045,18.0,48,0.85098,-0.70859
2019_12_TB_ATL,2019,12,2019-11-24,ATL,TB,1,84,-10.4741,66,-7.47107,18,-3.00302,32.0,49,-8.5789,4.3297
2019_12_TB_ATL,2019,12,2019-11-24,TB,ATL,0,60,10.91977,34,14.92897,26,-4.0092,27.0,39,13.51057,-4.3297
2019_13_BUF_DAL,2019,13,2019-11-28,BUF,DAL,0,65,14.25107,34,20.81571,31,-6.56464,32.0,44,11.5102,3.3046
2019_13_BUF_DAL,2019,13,2019-11-28,DAL,BUF,1,75,-2.69101,59,-3.23822,16,0.54722,36.0,52,-5.13446,-3.3046
2019_13_CHI_DET,2019,13,2019-11-28,CHI,DET,0,63,5.08533,43,7.97005,20,-2.88472,35.0,63,5.08533,-0.51342
2019_13_CHI_DET,2019,13,2019-11-28,DET,CHI,1,74,-0.72921,48,4.26439,26,-4.9936,28.0,74,-0.72921,0.51342
2019_13_CLE_PIT,2019,13,2019-12-01,CLE,PIT,0,66,-4.44951,41,-4.83822,25,0.38871,26.0,62,-2.29981,-1.52221
2019_13_CLE_PIT,2019,13,2019-12-01,PIT,CLE,1,54,3.27462,25,7.8882,29,-4.61357,22.0,43,6.3979,1.52221
2019_13_GB_NYG,2019,13,2019-12-01,GB,NYG,0,63,18.31884,41,25.41254,22,-7.0937,28.0,48,14.75463,2.25611
2019_13_GB_NYG,2019,13,2019-12-01,NYG,GB,1,66,-5.84459,40,-1.45596,26,-4.38863,29.0,56,-3.18476,-2.25611
2019_13_LAC_DEN,2019,13,2019-12-01,DEN,LAC,1,56,-9.7207,33,-2.22982,23,-7.49088,19.0,54,-7.51733,10.41975
2019_13_LAC_DEN,2019,13,2019-12-01,LAC,DEN,0,62,-0.37427,33,2.99284,29,-3.36711,25.0,62,-0.37427,-10.41975
2019_13_LA_ARI,2019,13,2019-12-01,ARI,LA,1,63,-25.25412,44,-21.38136,19,-3.87276,18.0,19,-9.27033,7.40485
2019_13_LA_ARI,2019,13,2019-12-01,LA,ARI,0,78,15.21974,47,21.95285,31,-6.73311,38.0,42,17.33987,-7.40485
2019_13_MIN_SEA,2019,13,2019-12-02,MIN,SEA,0,54,1.28068,39,4.14509,15,-2.86441,23.0,48,-8.30888,-2.65321
2019_13_MIN_SEA,2019,13,2019-12-02,SEA,MIN,1,75,7.43738,36,-2.1131,39,9.55049,40.0,62,10.96043,2.65321
2019_13_NE_HOU,2019,13,2019-12-01,HOU,NE,1,52,8.12038,32,14.10703,20,-5.98665,22.0,33,2.72196,3.61944
2019_13_NE_HOU,2019,13,2019-12-01,NE,HOU,0,85,5.77038,57,5.93122,28,-0.16084,34.0,49,-12.04382,-3.61944
2019_13_NO_ATL,2019,13,2019-11-28,ATL,NO,1,89,-12.75387,65,-8.35201,24,-4.40185,39.0,62,-12.09156,0.25927
2019_13_NO_ATL,2019,13,2019-11-28,NO,ATL,0,48,-0.39058,31,-1.24267,17,0.85208,21.0,37,6.22466,-0.25927
2019_13_NYJ_CIN,2019,13,2019-12-01,CIN,NYJ,1,61,0.43648,40,5.43134,21,-4.99487,25.0,37,12.72271,1.50833
2019_13_NYJ_CIN,2019,13,2019-12-01,NYJ,CIN,0,72,-14.19513,56,-12.80675,16,-1.38837,25.0,38,-6.13416,-1.50833
2019_13_OAK_KC,2019,13,2019-12-01,KC,LV,1,64,10.69222,37,14.69663,27,-4.00441,32.0,31,2.63351,15.30169
2019_13_OAK_KC,2019,13,2019-12-01,LV,KC,0,59,-6.71751,35,-5.75496,24,-0.96255,31.0,26,-13.67635,-15.30169
2019_13_PHI_MIA,2019,13,2019-12-01,MIA,PHI,1,69,18.73319,51,22.65764,18,-3.92445,37.0,58,23.52889,-1.28946
2019_13_PHI_MIA,2019,13,2019-12-01,PHI,MIA,0,68,11.18397,49,12.03158,19,-0.84761,31.0,62,7.75378,1.28946
2019_13_SF_BAL,2019,13,2019-12-01,BAL,SF,1,64,0.74494,25,-0.16558,39,0.91052,31.0,64,0.74494,5.0128
2019_13_SF_BAL,2019,13,2019-12-01,SF,BAL,0,55,7.04682,28,3.48872,27,3.55811,24.0,55,7.04682,-5.0128
2019_13_TB_JAX,2019,13,2019-12-01,JAX,TB,1,67,-30.54547,51,-27.11321,16,-3.43226,20.0,19,-12.16117,0.59321
2019_13_TB_JAX,2019,13,2019-12-01,TB,JAX,0,71,-4.66496,42,1.92099,29,-6.58595,27.0,26,10.54957,-0.59321
2019_13_TEN_IND,2019,13,2019-12-01,IND,TEN,1,69,-7.37694,45,-4.21214,24,-3.1648,29.0,62,-6.27291,-14.28692
2019_13_TEN_IND,2019,13,2019-12-01,TEN,IND,0,56,-5.93953,30,-5.22995,26,-0.70958,24.0,51,-9.32669,14.28692
2019_13_WAS_CAR,2019,13,2019-12-01,CAR,WAS,1,73,-7.59061,56,-1.18301,17,-6.40761,29.0,59,-11.98728,-0.02246
2019_13_WAS_CAR,2019,13,2019-12-01,WAS,CAR,0,62,5.60511,34,-6.20911,28,11.81422,28.0,57,0.90365,0.02246
2019_14_BAL_BUF,2019,14,2019-12-08,BAL,BUF,0,58,-1.34612,26,0.88484,32,-2.23097,22.0,52,-5.55938,-2.35706
2019_14_BAL_BUF,2019,14,2019-12-08,BUF,BAL,1,72,-16.00466,49,-16.37746,23,0.3728,23.0,64,-21.98343,2.35706
2019_14_CAR_ATL,2019,14,2019-12-08,ATL,CAR,1,68,11.10688,37,7.70196,31,3.40493,29.0,49,14.12045,10.44318
2019_14_CAR_ATL,2019,14,2019-12-08,CAR,ATL,0,71,-3.77846,53,-6.97943,18,3.20097,40.0,41,-4.25325,-10.44318
2019_14_CIN_CLE,2019,14,2019-12-08,CIN,CLE,0,71,-0.72595,41,-3.90262,30,3.17667,36.0,68,-2.57767,-4.15497
2019_14_CIN_CLE,2019,14,2019-12-08,CLE,CIN,1,53,3.54451,29,2.74045,24,0.80407,21.0,40,0.17449,4.15497
2019_14_DAL_CHI,2019,14,2019-12-05,CHI,DAL,1,69,6.13132,40,13.0944,29,-6.96308,36.0,41,12.45897,8.18817
2019_14_DAL_CHI,2019,14,2019-12-05,DAL,CHI,0,72,5.77506,51,3.32098,21,2.45408,31.0,29,3.0815,-8.18817
2019_14_DEN_HOU,2019,14,2019-12-08,DEN,HOU,0,58,15.5837,33,23.55959,25,-7.9759,25.0,13,13.17778,-1.98189
2019_14_DEN_HOU,2019,14,2019-12-08,HOU,DEN,1,75,-4.36074,59,-7.83825,16,3.47751,32.0,23,-11.67925,1.98189
2019_14_DET_MIN,2019,14,2019-12-08,DET,MIN,0,71,-13.47541,49,-7.83597,22,-5.63944,27.0,32,-8.00853,-5.5588
2019_14_DET_MIN,2019,14,2019-12-08,MIN,DET,1,71,-2.84543,33,6.38961,38,-9.23504,30.0,39,9.649,5.5588
2019_14_IND_TB,2019,14,2019-12-08,IND,TB,0,62,1.56544,42,3.53641,20,-1.97097,20.0,62,1.56544,-2.49049
2019_14_IND_TB,2019,14,2019-12-08,TB,IND,1,75,2.40092,52,7.51382,23,-5.11289,39.0,73,2.92563,2.49049
2019_14_KC_NE,2019,14,2019-12-08,KC,NE,0,74,-1.71408,50,-0.57691,24,-1.13716,28.0,60,6.89589,3.57681
2019_14_KC_NE,2019,14,2019-12-08,NE,KC,1,65,-8.92103,44,-7.15165,21,-1.76938,25.0,62,-5.71125,-3.57681
2019_14_LAC_JAX,2019,14,2019-12-08,JAX,LAC,1,67,-7.18368,49,-5.96358,18,-1.2201,25.0,31,-3.60297,-1.86354
2019_14_LAC_JAX,2019,14,2019-12-08,LAC,JAX,0,58,36.54535,29,28.62847,29,7.91687,34.0,25,17.92079,1.86354
2019_14_MIA_NYJ,2019,14,2019-12-08,MIA,NYJ,0,72,4.15635,50,8.58654,22,-4.43018,33.0,72,4.15635,0.44378
2019_14_MIA_NYJ,2019,14,2019-12-08,NYJ,MIA,1,69,0.67355,38,9.21405,31,-8.5405,29.0,69,0.67355,-0.44378
2019_14_NYG_PHI,2019,14,2019-12-09,NYG,PHI,0,51,-5.27678,32,-1.83098,19,-3.4458,18.0,45,-3.44963,0.62812
2019_14_NYG_PHI,2019,14,2019-12-09,PHI,NYG,1,88,0.86119,57,5.2794,31,-4.41821,41.0,86,-0.9808,-0.62812
2019_14_PIT_ARI,2019,14,2019-12-08,ARI,PIT,1,59,-7.49234,40,-5.31552,19,-2.17681,25.0,57,-6.06939,-2.78037
2019_14_PIT_ARI,2019,14,2019-12-08,PIT,ARI,0,59,-0.04817,28,10.3061,31,-10.35427,28.0,52,7.97404,2.78037
2019_14_SEA_LA,2019,14,2019-12-08,LA,SEA,1,67,6.5388,34,5.6144,33,0.92441,34.0,27,11.1253,-3.05134
2019_14_SEA_LA,2019,14,2019-12-08,SEA,LA,0,66,-9.83771,48,-8.18732,18,-1.65039,29.0,32,-7.37901,3.05134
2019_14_SF_NO,2019,14,2019-12-08,NO,SF,1,71,11.39161,45,17.05891,26,-5.6673,37.0,71,11.39161,6.73786
2019_14_SF_NO,2019,14,2019-12-08,SF,NO,0,63,23.55629,41,21.82661,22,1.72968,31.0,63,23.55629,-6.73786
2019_14_TEN_OAK,2019,14,2019-12-08,LV,TEN,1,62,-4.49399,40,-1.99272,22,-2.50127,28.0,44,5.89494,2.89883
2019_14_TEN_OAK,2019,14,2019-12-08,TEN,LV,0,60,25.07135,31,20.93618,29,4.13517,33.0,51,27.07555,-2.89883
2019_14_WAS_GB,2019,14,2019-12-08,GB,WAS,1,57,3.85972,34,-2.65662,23,6.51634,23.0,42,7.56372,3.34816
2019_14_WAS_GB,2019,14,2019-12-08,WAS,GB,0,61,-1.18298,32,1.10209,29,-2.28508,25.0,52,-8.09457,-3.34816
2019_15_ATL_SF,2019,15,2019-12-15,ATL,SF,0,65,7.81898,47,10.72257,18,-2.90359,32.0,65,7.81898,1.73715
2019_15_ATL_SF,2019,15,2019-12-15,SF,ATL,1,64,0.25082,38,5.52411,26,-5.27329,29.0,63,0.09455,-1.73715
2019_15_BUF_PIT,2019,15,2019-12-15,BUF,PIT,0,64,-9.05445,31,-2.31703,33,-6.73743,24.0,61,-8.03354,-4.54941
2019_15_BUF_PIT,2019,15,2019-12-15,PIT,BUF,1,59,-22.0331,42,-15.77738,17,-6.25572,23.0,57,-21.15546,4.54941
2019_15_CHI_GB,2019,15,2019-12-15,CHI,GB,0,83,-10.37418,59,-4.37297,24,-6.00121,34.0,42,-16.27563,-2.03006
2019_15_CHI_GB,2019,15,2019-12-15,GB,CHI,1,59,-6.92248,36,-3.34793,23,-3.57454,19.0,39,2.978,2.03006
2019_15_CLE_ARI,2019,15,2019-12-15,ARI,CLE,1,60,19.2619,28,9.27654,32,9.98536,35.0,46,15.96909,4.54322
2019_15_CLE_ARI,2019,15,2019-12-15,CLE,ARI,0,69,8.43539,48,2.60179,21,5.8336,36.0,49,6.43347,-4.54322
2019_15_DEN_KC,2019,15,2019-12-15,DEN,KC,0,59,-11.69889,44,-8.45144,15,-3.24745,19.0,25,-3.23964,1.604
2019_15_DEN_KC,2019,15,2019-12-15,KC,DEN,1,66,12.68779,44,14.76502,22,-2.07724,35.0,32,15.82331,-1.604
2019_15_HOU_TEN,2019,15,2019-12-15,HOU,TEN,0,63,7.82809,32,6.66715,31,1.16094,28.0,52,9.6087,4.44097
2019_15_HOU_TEN,2019,15,2019-12-15,TEN,HOU,1,67,6.5276,40,3.07315,27,3.45446,30.0,59,0.61071,-4.44097
2019_15_IND_NO,2019,15,2019-12-16,IND,NO,0,56,-8.05874,40,-4.54439,16,-3.51434,20.0,17,-5.10151,-4.65738
2019_15_IND_NO,2019,15,2019-12-16,NO,IND,1,64,16.63026,34,22.6912,30,-6.06094,36.0,28,11.61699,4.65738
2019_15_JAX_OAK,2019,15,2019-12-15,JAX,LV,0,57,2.06485,38,8.56417,19,-6.49932,23.0,47,-3.65125,6.92204
2019_15_JAX_OAK,2019,15,2019-12-15,LV,JAX,1,75,4.38595,43,5.95795,32,-1.572,35.0,59,7.62012,-6.92204
2019_15_LA_DAL,2019,15,2019-12-15,DAL,LA,1,69,22.55721,27,8.38418,42,14.17303,37.0,38,17.57,0.58897
2019_15_LA_DAL,2019,15,2019-12-15,LA,DAL,0,71,-4.05205,58,-0.68161,13,-3.37045,33.0,27,-1.31899,-0.58897
2019_15_MIA_NYG,2019,15,2019-12-15,MIA,NYG,0,71,-3.58308,50,1.60969,21,-5.19277,30.0,51,-4.36952,-4.00274
2019_15_MIA_NYG,2019,15,2019-12-15,NYG,MIA,1,67,6.20583,34,3.97516,33,2.23067,33.0,49,1.65277,4.00274
2019_15_MIN_LAC,2019,15,2019-12-15,LAC,MIN,1,62,-28.42633,42,-17.39569,20,-11.03064,28.0,41,-20.99239,-2.66197
2019_15_MIN_LAC,2019,15,2019-12-15,MIN,LAC,0,62,7.38643,27,9.17017,35,-1.78374,26.0,40,1.14226,2.66197
2019_15_NE_CIN,2019,15,2019-12-15,CIN,NE,1,65,-14.84435,34,-12.67105,31,-2.1733,28.0,38,-9.01902,-6.59638
2019_15_NE_CIN,2019,15,2019-12-15,NE,CIN,0,63,3.73298,33,-1.2177,30,4.95067,27.0,43,3.46267,6.59638
2019_15_NYJ_BAL,2019,15,2019-12-12,BAL,NYJ,1,60,26.08402,29,20.96928,31,5.11473,30.0,22,17.14129,-8.04252
2019_15_NYJ_BAL,2019,15,2019-12-12,NYJ,BAL,0,58,-11.26281,35,-8.42476,23,-2.83804,24.0,37,-6.76663,8.04252
2019_15_PHI_WAS,2019,15,2019-12-15,PHI,WAS,0,77,19.49982,50,14.0281,27,5.47173,42.0,77,19.49982,-3.12917
2019_15_PHI_WAS,2019,15,2019-12-15,WAS,PHI,1,53,1.86994,33,0.77038,20,1.09956,25.0,53,1.86994,3.12917
2019_15_SEA_CAR,2019,15,2019-12-15,CAR,SEA,1,71,1.01184,46,-1.2459,25,2.25774,38.0,52,-9.80853,3.1198
2019_15_SEA_CAR,2019,15,2019-12-15,SEA,CAR,0,65,15.73188,31,15.65044,34,0.08145,30.0,45,11.48631,-3.1198
2019_15_TB_DET,2019,15,2019-12-15,DET,TB,1,63,-22.28721,49,-20.96051,14,-1.3267,23.0,38,-19.86705,5.92483
2019_15_TB_DET,2019,15,2019-12-15,TB,DET,0,71,15.6913,44,25.19754,27,-9.50624,30.0,43,16.5606,-5.92483
2019_16_ARI_SEA,2019,16,2019-12-22,ARI,SEA,0,67,10.20499,34,4.36828,33,5.83671,30.0,46,8.7177,-7.76577
2019_16_ARI_SEA,2019,16,2019-12-22,SEA,ARI,1,57,-14.80038,37,-9.54358,20,-5.2568,20.0,51,-10.63491,7.76577
2019_16_BAL_CLE,2019,16,2019-12-22,BAL,CLE,0,71,18.1656,35,13.20302,36,4.96258,39.0,46,10.37393,-0.78337
2019_16_BAL_CLE,2019,16,2019-12-22,CLE,BAL,1,58,-0.22115,40,8.37438,18,-8.59554,24.0,39,-4.01006,0.78337
2019_16_BUF_NE,2019,16,2019-12-21,BUF,NE,0,54,0.29601,32,2.93245,22,-2.63644,20.0,54,0.29601,-1.94688
2019_16_BUF_NE,2019,16,2019-12-21,NE,BUF,1,70,4.61728,38,2.56775,32,2.04953,37.0,70,4.61728,1.94688
2019_16_CAR_IND,2019,16,2019-12-22,CAR,IND,0,71,-13.4466,53,-7.48748,18,-5.95913,26.0,29,-4.72579,-12.15099
2019_16_CAR_IND,2019,16,2019-12-22,IND,CAR,1,61,8.91413,33,-1.91936,28,10.83348,31.0,22,3.99134,12.15099
2019_16_CIN_MIA,2019,16,2019-12-22,CIN,MIA,0,86,6.56895,61,15.40139,25,-8.83244,33.0,32,-11.70814,9.39644
2019_16_CIN_MIA,2019,16,2019-12-22,MIA,CIN,1,86,18.97142,57,23.27145,29,-4.30003,38.0,47,11.07818,-9.39644
2019_16_DAL_PHI,2019,16,2019-12-22,DAL,PHI,0,62,-9.83995,47,-4.97662,15,-4.86334,28.0,50,-10.56593,3.29112
2019_16_DAL_PHI,2019,16,2019-12-22,PHI,DAL,1,71,2.60003,45,7.09565,26,-4.49562,33.0,55,4.5133,-3.29112
2019_16_DET_DEN,2019,16,2019-12-22,DEN,DET,1,69,10.91963,40,7.38213,29,3.5375,31.0,63,11.72134,-3.16893
2019_16_DET_DEN,2019,16,2019-12-22,DET,DEN,0,50,-4.11753,29,-4.84761,21,0.73008,20.0,40,2.20227,3.16893
2019_16_GB_MIN,2019,16,2019-12-23,GB,MIN,0,73,-13.77315,44,-18.81706,29,5.04391,35.0,69,-16.55533,2.44342
2019_16_GB_MIN,2019,16,2019-12-23,MIN,GB,1,54,-29.92482,38,-25.60448,16,-4.32034,14.0,42,-22.58161,-2.44342
2019_16_HOU_TB,2019,16,2019-12-21,HOU,TB,0,65,-14.45261,45,-4.44453,20,-10.00808,22.0,62,-12.10161,5.61802
2019_16_HOU_TB,2019,16,2019-12-21,TB,HOU,1,73,-15.64873,54,-4.82126,19,-10.82746,29.0,72,-15.66,-5.61802
2019_16_JAX_ATL,2019,16,2019-12-22,ATL,JAX,1,72,11.65266,47,10.82834,25,0.82431,36.0,41,10.96207,-1.59921
2019_16_JAX_ATL,2019,16,2019-12-22,JAX,ATL,0,61,-1.34315,44,-1.57722,17,0.23408,24.0,35,-5.95888,1.59921
2019_16_KC_CHI,2019,16,2019-12-22,CHI,KC,1,62,-12.56662,41,-10.353,21,-2.21362,22.0,28,-5.45209,-1.10391
2019_16_KC_CHI,2019,16,2019-12-22,KC,CHI,0,65,13.03265,39,17.08103,26,-4.04838,30.0,36,7.95927,1.10391
2019_16_LA_SF,2019,16,2019-12-21,LA,SF,0,70,3.35103,50,4.73248,20,-1.38145,31.0,70,3.35103,-5.21973
2019_16_LA_SF,2019,16,2019-12-21,SF,LA,1,55,-3.10172,34,-6.30339,21,3.20167,23.0,55,-3.10172,5.21973
2019_16_NO_TEN,2019,16,2019-12-22,NO,TEN,0,68,10.72103,47,9.02475,21,1.69627,30.0,66,9.76293,7.33404
2019_16_NO_TEN,2019,16,2019-12-22,TEN,NO,1,62,2.45485,36,1.518,26,0.93684,28.0,57,3.69344,-7.33404
2019_16_NYG_WAS,2019,16,2019-12-22,NYG,WAS,0,70,32.04439,47,25.89367,23,6.15072,37.0,62,36.14484,-7.08095
2019_16_NYG_WAS,2019,16,2019-12-22,WAS,NYG,1,70,14.57221,45,19.4832,25,-4.91099,31.0,67,16.67583,7.08095
2019_16_OAK_LAC,2019,16,2019-12-22,LAC,LV,1,60,5.02648,44,7.8747,16,-2.84822,28.0,43,-0.85684,-5.32727
2019_16_OAK_LAC,2019,16,2019-12-22,LV,LAC,0,63,8.92913,34,16.75121,29,-7.82208,28.0,52,13.82935,5.32727
2019_16_PIT_NYJ,2019,16,2019-12-22,NYJ,PIT,1,60,-10.42636,30,-2.33027,30,-8.09609,20.0,57,-8.63463,3.18522
2019_16_PIT_NYJ,2019,16,2019-12-22,PIT,NYJ,0,67,-11.66901,43,-4.96246,24,-6.70655,19.0,67,-11.66901,-3.18522
2019_17_ARI_LA,2019,17,2019-12-29,ARI,LA,0,67,0.23661,49,8.29431,18,-8.0577,31.0,52,-5.35938,2.144
2019_17_ARI_LA,2019,17,2019-12-29,LA,ARI,1,82,8.47752,49,17.67566,33,-9.19814,36.0,70,6.05512,-2.144
2019_17_ATL_TB,2019,17,2019-12-29,ATL,TB,0,88,-12.53474,60,-4.84133,28,-7.69341,38.0,88,-12.53474,13.12663
2019_17_ATL_TB,2019,17,2019-12-29,TB,ATL,1,50,-11.57808,30,-7.78193,20,-3.79615,19.0,50,-11.57808,-13.12663
2019_17_CHI_MIN,2019,17,2019-12-29,CHI,MIN,0,75,-2.24515,42,-2.28709,33,0.04194,35.0,73,1.65095,-1.44278
2019_17_CHI_MIN,2019,17,2019-12-29,MIN,CHI,1,49,-7.24266,22,-2.72855,27,-4.51412,19.0,49,-7.24266,1.44278
2019_17_CLE_CIN,2019,17,2019-12-29,CIN,CLE,1,66,10.73721,32,10.88046,34,-0.14325,30.0,60,9.58495,-1.37706
2019_17_CLE_CIN,2019,17,2019-12-29,CLE,CIN,0,54,0.61898,38,3.84107,16,-3.22209,21.0,36,-4.57406,1.37706
2019_17_GB_DET,2019,17,2019-12-29,DET,GB,1,60,-7.56261,36,-10.32848,24,2.76586,24.0,54,-4.05835,3.55868
2019_17_GB_DET,2019,17,2019-12-29,GB,DET,0,87,3.42544,59,5.93634,28,-2.51091,34.0,80,-1.74211,-3.55868
2019_17_IND_JAX,2019,17,2019-12-29,IND,JAX,0,56,-8.79579,30,-12.4714,26,3.67561,24.0,48,0.81083,-4.51706
2019_17_IND_JAX,2019,17,2019-12-29,JAX,IND,1,65,9.59012,46,12.19375,19,-2.60363,34.0,56,5.6947,4.51706
2019_17_LAC_KC,2019,17,2019-12-29,KC,LAC,1,49,10.93267,30,0.64115,19,10.29152,22.0,47,9.96772,8.56645
2019_17_LAC_KC,2019,17,2019-12-29,LAC,KC,0,77,9.876,53,9.28973,24,0.58627,37.0,61,6.96113,-8.56645
2019_17_MIA_NE,2019,17,2019-12-29,MIA,NE,0,69,10.08976,52,13.76505,17,-3.6753,34.0,69,10.08976,-1.41204
2019_17_MIA_NE,2019,17,2019-12-29,NE,MIA,1,61,2.38334,34,0.44936,27,1.93398,26.0,61,2.38334,1.41204
2019_17_NO_CAR,2019,17,2019-12-29,CAR,NO,1,71,-22.13015,57,-13.34285,14,-8.7873,28.0,16,-19.03254,2.81254
2019_17_NO_CAR,2019,17,2019-12-29,NO,CAR,0,65,20.29854,34,23.17851,31,-2.87997,34.0,29,6.55889,-2.81254
2019_17_NYJ_BUF,2019,17,2019-12-29,BUF,NYJ,1,63,-16.43662,41,-12.36803,22,-4.06859,23.0,57,-19.18726,2.65243
2019_17_NYJ_BUF,2019,17,2019-12-29,NYJ,BUF,0,65,-5.30431,39,3.3878,26,-8.69211,26.0,59,-4.04805,-2.65243
2019_17_OAK_DEN,2019,17,2019-12-29,DEN,LV,1,60,-6.29765,37,7.40189,23,-13.69954,28.0,45,2.06551,7.92843
2019_17_OAK_DEN,2019,17,2019-12-29,LV,DEN,0,71,-0.43519,49,5.81491,22,-6.25011,25.0,54,-1.50943,-7.92843
2019_17_PHI_NYG,2019,17,2019-12-29,NYG,PHI,1,74,-17.98554,54,-5.8064,20,-12.17914,28.0,52,-12.04743,1.60646
2019_17_PHI_NYG,2019,17,2019-12-29,PHI,NYG,0,74,4.6335,45,6.57672,29,-1.94322,29.0,66,3.07515,-1.60646
2019_17_PIT_BAL,2019,17,2019-12-29,BAL,PIT,1,69,-5.92696,26,-4.72267,43,-1.20429,30.0,56,-1.37691,4.34335
2019_17_PIT_BAL,2019,17,2019-12-29,PIT,BAL,0,50,-19.50866,28,-12.71454,22,-6.79412,15.0,43,-9.34885,-4.34335
2019_17_SF_SEA,2019,17,2019-12-29,SEA,SF,1,74,8.50081,51,12.16507,23,-3.66426,35.0,66,3.44906,2.0816
2019_17_SF_SEA,2019,17,2019-12-29,SF,SEA,0,49,18.64382,25,14.54615,24,4.09766,27.0,44,17.9013,-2.0816
2019_17_TEN_HOU,2019,17,2019-12-29,HOU,TEN,1,65,-2.24966,45,-3.03763,20,0.78798,28.0,45,1.38456,2.28023
2019_17_TEN_HOU,2019,17,2019-12-29,TEN,HOU,0,59,27.79989,24,17.15271,35,10.64718,36.0,48,23.65385,-2.28023
2019_17_WAS_DAL,2019,17,2019-12-29,DAL,WAS,1,74,11.06173,39,5.57811,35,5.48362,31.0,50,2.83186,-0.07597
2019_17_WAS_DAL,2019,17,2019-12-29,WAS,DAL,0,62,-24.6571,42,-21.95143,20,-2.70566,22.0,43,-19.69513,0.07597
2019_18_BUF_HOU,2019,18,2020-01-04,BUF,HOU,0,82,-2.03305,53,-2.48928,29,0.45624,34.0,71,0.43299,-1.28046
2019_18_BUF_HOU,2019,18,2020-01-04,HOU,BUF,1,64,-4.91785,39,-1.61895,25,-3.2989,25.0,52,-4.32019,1.28046
2019_18_MIN_NO,2019,18,2020-01-05,MIN,NO,0,77,-0.49112,36,5.84062,41,-6.33174,34.0,74,-1.18782,1.17461
2019_18_MIN_NO,2019,18,2020-01-05,NO,MIN,1,55,-6.53704,39,-10.71161,16,4.17457,25.0,55,-6.53704,-1.17461
2019_18_SEA_PHI,2019,18,2020-01-05,PHI,SEA,1,64,-3.6969,40,-2.5283,24,-1.16859,23.0,62,-8.2022,4.11898
2019_18_SEA_PHI,2019,18,2020-01-05,SEA,PHI,0,57,11.38563,38,19.18562,19,-7.79999,21.0,51,13.06764,-4.11898
2019_18_TEN_NE,2019,18,2020-01-04,NE,TEN,1,61,-5.6175,39,-2.92251,22,-2.69499,24.0,61,-5.6175,-0.86724
2019_18_TEN_NE,2019,18,2020-01-04,TEN,NE,0,60,2.96834,21,0.10194,39,2.8664,27.0,60,2.96834,0.86724
2019_19_HOU_KC,2019,19,2020-01-12,HOU,KC,0,80,0.67396,61,4.73059,19,-4.05663,35.0,34,3.25726,5.03618
2019_19_HOU_KC,2019,19,2020-01-12,KC,HOU,1,58,27.05585,44,29.20381,14,-2.14796,30.0,38,17.81255,-5.03618
2019_19_MIN_SF,2019,19,2020-01-11,MIN,SF,0,46,-18.94996,36,-14.05185,10,-4.89811,12.0,25,-6.78834,-3.11496
2019_19_MIN_SF,2019,19,2020-01-11,SF,MIN,1,66,-0.67245,21,-0.70771,45,0.03527,34.0,48,9.15772,3.11496
2019_19_SEA_GB,2019,19,2020-01-12,GB,SEA,1,60,14.91999,34,14.29867,26,0.62133,27.0,48,12.31056,3.40196
2019_19_SEA_GB,2019,19,2020-01-12,SEA,GB,0,59,13.94877,42,16.37361,17,-2.42484,32.0,32,2.17355,-3.40196
2019_19_TEN_BAL,2019,19,2020-01-11,BAL,TEN,1,92,-12.00095,71,-6.13194,21,-5.86901,39.0,53,-8.77739,2.78903
2019_19_TEN_BAL,2019,19,2020-01-11,TEN,BAL,0,51,11.37677,17,3.55504,34,7.82173,23.0,29,12.43595,-2.78903
2019_20_GB_SF,2019,20,2020-01-19,GB,SF,0,60,7.57613,43,12.40929,17,-4.83316,31.0,19,-8.00756,-7.76094
2019_20_GB_SF,2019,20,2020-01-19,SF,GB,1,51,17.61738,12,2.44245,39,15.17493,28.0,20,6.34835,7.76094
2019_20_TEN_KC,2019,20,2020-01-19,KC,TEN,1,66,26.25365,46,26.12917,20,0.12448,39.0,52,19.94249,-2.71868
2019_20_TEN_KC,2019,20,2020-01-19,TEN,KC,0,61,7.63857,38,9.18114,23,-1.54257,26.0,48,5.68076,2.71868
2019_21_SF_KC,2019,21,2020-02-02,KC,SF,1,73,18.11823,51,8.46974,22,9.64849,38.0,66,9.60859,-0.17978
2019_21_SF_KC,2019,21,2020-02-02,SF,KC,0,55,6.2363,36,1.72266,19,4.51363,26.0,50,8.73543,0.17978
2020_01_ARI_SF,2020,1,2020-09-13,ARI,SF,0,79,7.04092,51,10.41527,28,-3.37435,37.0,77,7.11767,-1.71743
2020_01_ARI_SF,2020,1,2020-09-13,SF,ARI,1,62,-0.01533,38,3.64084,24,-3.65617,30.0,62,-0.01533,1.71743
2020_01_CHI_DET,2020,1,2020-09-13,CHI,DET,0,65,7.23819,39,4.82319,26,2.415,33.0,49,3.73373,-0.862
2020_01_CHI_DET,2020,1,2020-09-13,DET,CHI,1,77,-0.50607,50,4.89893,27,-5.405,33.0,54,1.2587,0.862
2020_01_CLE_BAL,2020,1,2020-09-13,BAL,CLE,1,58,10.17351,31,15.39705,27,-5.22354,27.0,25,7.15899,9.5671
2020_01_CLE_BAL,2020,1,2020-09-13,CLE,BAL,0,73,-13.65962,48,-7.90825,25,-5.75137,29.0,35,-0.79771,-9.5671
2020_01_DAL_LA,2020,1,2020-09-13,DAL,LA,0,72,-2.13827,48,-2.67142,24,0.53315,33.0,70,0.49814,0.94821
2020_01_DAL_LA,2020,1,2020-09-13,LA,DAL,1,72,3.50811,35,4.03437,37,-0.52626,31.0,72,3.50811,-0.94821
2020_01_GB_MIN,2020,1,2020-09-13,GB,MIN,0,76,22.78909,45,18.29565,31,4.49344,41.0,55,8.19444,1.37372
2020_01_GB_MIN,2020,1,2020-09-13,MIN,GB,1,49,12.96001,31,8.38643,18,4.57358,30.0,29,-4.5256,-1.37372
2020_01_HOU_KC,2020,1,2020-09-10,HOU,KC,0,57,9.78399,40,4.51169,17,5.2723,30.0,26,4.29138,-5.52056
2020_01_HOU_KC,2020,1,2020-09-10,KC,HOU,1,69,16.98972,35,16.65494,34,0.33478,37.0,45,15.14822,5.52056
2020_01_IND_JAX,2020,1,2020-09-13,IND,JAX,0,74,4.20627,51,12.19943,23,-7.99316,36.0,74,4.20627,-5.47431
2020_01_IND_JAX,2020,1,2020-09-13,JAX,IND,1,49,7.51217,29,9.2848,20,-1.77263,25.0,49,7.51217,5.47431
2020_01_LAC_CIN,2020,1,2020-09-13,CIN,LAC,1,67,-15.75161,43,-8.63198,24,-7.11963,28.0,67,-15.75161,6.03249
2020_01_LAC_CIN,2020,1,2020-09-13,LAC,CIN,0,73,-5.99507,37,0.53564,36,-6.53071,27.0,73,-5.99507,-6.03249
2020_01_LV_CAR,2020,1,2020-09-13,CAR,LV,1,66,9.30457,40,8.20974,26,1.09483,30.0,64,9.34326,-0.61489
2020_01_LV_CAR,2020,1,2020-09-13,LV,CAR,0,63,18.17197,32,13.87376,31,4.2982,36.0,60,19.75163,0.61489
2020_01_MIA_NE,2020,1,2020-09-13,MIA,NE,0,60,-3.90611,37,-1.3885,23,-2.51761,31.0,47,-6.10434,3.43921
2020_01_MIA_NE,2020,1,2020-09-13,NE,MIA,1,63,10.6105,23,-2.27784,40,12.88833,39.0,50,13.17202,-3.43921
2020_01_NYJ_BUF,2020,1,2020-09-13,BUF,NYJ,1,85,8.2636,56,24.0286,29,-15.765,41.0,24,11.61425,0.35829
2020_01_NYJ_BUF,2020,1,2020-09-13,NYJ,BUF,0,54,-5.00653,39,-6.81915,15,1.81262,21.0,19,-13.06378,-0.35829
2020_01_PHI_WAS,2020,1,2020-09-13,PHI,WAS,0,68,-19.56175,51,-18.64684,17,-0.91491,26.0,62,-10.14816,-2.32489
2020_01_PHI_WAS,2020,1,2020-09-13,WAS,PHI,1,67,-10.50585,36,-1.76894,31,-8.73691,19.0,57,-5.08275,2.32489
2020_01_PIT_NYG,2020,1,2020-09-14,NYG,PIT,1,66,-5.98342,50,4.02927,16,-10.01269,27.0,52,-12.33864,5.30609
2020_01_PIT_NYG,2020,1,2020-09-14,PIT,NYG,0,63,11.63009,35,15.39477,28,-3.76468,25.0,51,7.06431,-5.30609
2020_01_SEA_ATL,2020,1,2020-09-13,ATL,SEA,1,79,0.11555,58,7.12062,21,-7.00506,37.0,51,-6.46091,2.05129
2020_01_SEA_ATL,2020,1,2020-09-13,SEA,ATL,0,61,21.52904,42,23.6977,19,-2.16866,29.0,41,12.75799,-2.05129
2020_01_TB_NO,2020,1,2020-09-13,NO,TB,1,67,-8.64027,36,5.46647,31,-14.10674,22.0,49,-1.62576,13.35517
2020_01_TB_NO,2020,1,2020-09-13,TB,NO,0,69,-1.21233,44,-1.5587,25,0.34637,32.0,53,-8.33355,-13.35517
2020_01_TEN_DEN,2020,1,2020-09-14,DEN,TEN,1,59,-5.00688,34,-6.07547,25,1.06858,24.0,59,-5.00688,13.64643
2020_01_TEN_DEN,2020,1,2020-09-14,TEN,DEN,0,81,12.92879,48,15.4434,33,-2.51461,44.0,81,12.92879,-13.64643
2020_02_ATL_DAL,2020,2,2020-09-20,ATL,DAL,0,74,11.38823,44,15.65081,30,-4.26258,33.0,51,9.30579,-1.23703
2020_02_ATL_DAL,2020,2,2020-09-20,DAL,ATL,1,82,5.42219,51,8.98682,31,-3.56463,44.0,61,-3.92442,1.23703
2020_02_BAL_HOU,2020,2,2020-09-20,BAL,HOU,0,62,13.05297,31,5.07732,31,7.97565,28.0,40,7.103,0.54574
2020_02_BAL_HOU,2020,2,2020-09-20,HOU,BAL,1,58,-10.80916,46,-7.67889,12,-3.13027,25.0,43,-14.26074,-0.54574
2020_02_BUF_MIA,2020,2,2020-09-20,BUF,MIA,0,59,22.57211,39,23.03409,20,-0.46198,29.0,59,22.57211,-4.4078
2020_02_BUF_MIA,2020,2,2020-09-20,MIA,BUF,1,73,9.13477,52,7.01484,21,2.11993,36.0,64,2.69762,4.4078
2020_02_CAR_TB,2020,2,2020-09-20,CAR,TB,0,74,-9.22502,49,-6.56613,25,-2.65889,34.0,33,-16.73383,-1.97391
2020_02_CAR_TB,2020,2,2020-09-20,TB,CAR,1,61,3.18333,38,6.11919,23,-2.93586,26.0,31,8.0819,1.97391
2020_02_CIN_CLE,2020,2,2020-09-17,CIN,CLE,0,91,8.1772,71,17.12848,20,-8.95129,43.0,58,-6.39791,2.65802
2020_02_CIN_CLE,2020,2,2020-09-17,CLE,CIN,1,56,19.2562,24,12.60477,32,6.65142,30.0,39,22.27633,-2.65802
2020_02_DEN_PIT,2020,2,2020-09-20,DEN,PIT,0,77,-8.8048,52,-6.41655,25,-2.38826,30.0,67,-9.74833,-2.8675
2020_02_DEN_PIT,2020,2,2020-09-20,PIT,DEN,1,63,-7.38653,42,1.10793,21,-8.49446,26.0,44,3.93565,2.8675
2020_02_DET_GB,2020,2,2020-09-20,DET,GB,0,59,-0.51509,38,-5.06612,21,4.55102,28.0,40,1.19163,-1.74065
2020_02_DET_GB,2020,2,2020-09-20,GB,DET,1,70,25.26549,39,15.1898,31,10.07569,36.0,42,18.79601,1.74065
2020_02_JAX_TEN,2020,2,2020-09-20,JAX,TEN,0,75,19.92747,50,14.67413,25,5.25334,42.0,66,14.68198,-3.23801
2020_02_JAX_TEN,2020,2,2020-09-20,TEN,JAX,1,60,18.9161,30,22.73675,30,-3.82065,35.0,60,18.9161,3.23801
2020_02_KC_LAC,2020,2,2020-09-20,KC,LAC,0,76,6.41407,60,7.19396,16,-0.7799,32.0,76,6.41407,4.68005
2020_02_KC_LAC,2020,2,2020-09-20,LAC,KC,1,82,4.7845,41,4.0583,41,0.7262,41.0,80,8.75557,-4.68005
2020_02_LA_PHI,2020,2,2020-09-20,LA,PHI,0,66,26.82188,32,19.83095,34,6.99093,37.0,54,21.6945,-5.53308
2020_02_LA_PHI,2020,2,2020-09-20,PHI,LA,1,70,-4.37033,45,-7.88921,25,3.51888,35.0,58,0.62428,5.53308
2020_02_MIN_IND,2020,2,2020-09-20,IND,MIN,1,70,3.88194,30,6.12484,40,-2.2429,35.0,40,1.65542,8.47424
2020_02_MIN_IND,2020,2,2020-09-20,MIN,IND,0,52,-11.68769,32,-9.03702,20,-2.65067,18.0,32,-13.60598,-8.47424
2020_02_NE_SEA,2020,2,2020-09-20,NE,SEA,0,70,14.81897,48,22.9236,22,-8.10463,35.0,63,8.70111,-6.59647
2020_02_NE_SEA,2020,2,2020-09-20,SEA,NE,1,63,12.18535,37,13.13143,26,-0.94608,36.0,58,10.70749,6.59647
2020_02_NO_LV,2020,2,2020-09-21,LV,NO,1,80,15.19163,46,20.63098,34,-5.43935,41.0,69,11.00542,2.19185
2020_02_NO_LV,2020,2,2020-09-21,NO,LV,0,59,8.66822,39,3.27129,20,5.39693,32.0,46,4.31678,-2.19185
2020_02_NYG_CHI,2020,2,2020-09-20,CHI,NYG,1,65,-2.43177,33,3.28866,32,-5.72042,25.0,54,4.63417,-3.20872
2020_02_NYG_CHI,2020,2,2020-09-20,NYG,CHI,0,63,-6.68216,48,-7.59395,15,0.91178,33.0,48,-12.43055,3.20872
2020_02_SF_NYJ,2020,2,2020-09-20,NYJ,SF,1,64,-9.42967,37,1.46897,27,-10.89864,25.0,29,-3.29052,-1.92462
2020_02_SF_NYJ,2020,2,2020-09-20,SF,NYJ,0,59,11.16491,32,8.3532,27,2.81171,24.0,32,15.64529,1.92462
2020_02_WAS_ARI,2020,2,2020-09-20,ARI,WAS,1,77,4.82204,46,1.60208,31,3.21996,30.0,24,-0.62581,9.77645
2020_02_WAS_ARI,2020,2,2020-09-20,WAS,ARI,0,64,-1.12136,41,-4.37931,23,3.25794,31.0,19,-13.03139,-9.77645
2020_03_CAR_LAC,2020,3,2020-09-27,CAR,LAC,0,51,-5.15475,31,1.94639,20,-7.10114,20.0,45,-1.16093,-1.35653
2020_03_CAR_LAC,2020,3,2020-09-27,LAC,CAR,1,76,-11.10723,55,-2.69301,21,-8.41422,34.0,68,-19.42207,1.35653
2020_03_CHI_ATL,2020,3,2020-09-27,ATL,CHI,1,67,0.0761,43,-5.07682,24,5.15291,27.0,47,8.6739,-6.63094
2020_03_CHI_ATL,2020,3,2020-09-27,CHI,ATL,0,78,1.28795,56,2.8518,22,-1.56385,35.0,45,4.76358,6.63094
2020_03_CIN_PHI,2020,3,2020-09-27,CIN,PHI,0,71,0.94267,54,4.79634,17,-3.85367,31.0,70,0.91601,-0.91747
2020_03_CIN_PHI,2020,3,2020-09-27,PHI,CIN,1,91,-3.20527,60,1.19273,31,-4.39801,34.0,91,-3.20527,0.91747
2020_03_DAL_SEA,2020,3,2020-09-27,DAL,SEA,0,80,10.89796,63,8.68628,17,2.21168,37.0,67,6.05213,-2.40872
2020_03_DAL_SEA,2020,3,2020-09-27,SEA,DAL,1,73,9.23453,52,10.62593,21,-1.3914,30.0,65,10.25292,2.40872
2020_03_DET_ARI,2020,3,2020-09-27,ARI,DET,1,65,1.40012,39,-1.5798,26,2.97992,36.0,65,1.40012,-2.01001
2020_03_DET_ARI,2020,3,2020-09-27,DET,ARI,0,66,4.65441,39,8.92511,27,-4.2707,29.0,66,4.65441,2.01001
2020_03_GB_NO,2020,3,2020-09-27,GB,NO,0,61,15.29308,37,17.08558,24,-1.79249,33.0,57,14.7549,5.54117
2020_03_GB_NO,2020,3,2020-09-27,NO,GB,1,60,6.90597,41,11.13872,19,-4.23274,28.0,53,4.9076,-5.54117
2020_03_HOU_PIT,2020,3,2020-09-27,HOU,PIT,0,47,2.06127,33,7.08886,14,-5.02758,17.0,47,2.06127,0.37408
2020_03_HOU_PIT,2020,3,2020-09-27,PIT,HOU,1,75,14.98285,42,12.29856,33,2.6843,38.0,67,10.67203,-0.37408
2020_03_KC_BAL,2020,3,2020-09-28,BAL,KC,1,55,-5.6463,37,-10.54179,18,4.89549,23.0,38,-6.11923,12.1707
2020_03_KC_BAL,2020,3,2020-09-28,KC,BAL,0,75,24.41017,48,36.15679,27,-11.74661,42.0,45,26.96605,-12.1707
2020_03_LA_BUF,2020,3,2020-09-27,BUF,LA,1,62,11.49118,41,8.63407,21,2.85711,31.0,47,12.89009,7.73501
2020_03_LA_BUF,2020,3,2020-09-27,LA,BUF,0,68,20.01728,36,11.31428,32,8.703,39.0,39,6.87571,-7.73501
2020_03_LV_NE,2020,3,2020-09-27,LV,NE,0,59,-2.13829,39,-0.02739,20,-2.1109,31.0,43,-4.41319,-5.82682
2020_03_LV_NE,2020,3,2020-09-27,NE,LV,1,66,9.9486,32,-1.82595,34,11.77455,33.0,54,6.01399,5.82682
2020_03_MIA_JAX,2020,3,2020-09-24,JAX,MIA,1,66,-8.44381,52,-6.91476,14,-1.52906,31.0,33,0.24563,-1.34532
2020_03_MIA_JAX,2020,3,2020-09-24,MIA,JAX,0,60,12.79362,27,13.85707,33,-1.06345,28.0,34,17.80142,1.34532
2020_03_NYJ_IND,2020,3,2020-09-27,IND,NYJ,1,57,5.92498,27,9.42677,30,-3.50179,25.0,34,7.635,3.75772
2020_03_NYJ_IND,2020,3,2020-09-27,NYJ,IND,0,64,-25.56584,39,-21.39619,25,-4.16965,22.0,41,-7.85045,-3.75772
2020_03_SF_NYG,2020,3,2020-09-27,NYG,SF,1,52,-14.20328,37,-4.8682,15,-9.33508,19.0,33,-7.76253,4.14432
2020_03_SF_NYG,2020,3,2020-09-27,SF,NYG,0,74,22.52098,40,25.49799,34,-2.97701,37.0,55,12.20151,-4.14432
2020_03_TB_DEN,2020,3,2020-09-27,DEN,TB,1,63,-16.56955,51,-12.27646,12,-4.29309,20.0,23,-11.31467,-1.18646
2020_03_TB_DEN,2020,3,2020-09-27,TB,DEN,0,65,8.67709,42,10.15818,23,-1.48109,30.0,32,9.78643,1.18646
2020_03_TEN_MIN,2020,3,2020-09-27,MIN,TEN,1,64,3.65943,31,6.31815,33,-2.65872,29.0,64,3.65943,-9.02436
2020_03_TEN_MIN,2020,3,2020-09-27,TEN,MIN,0,72,0.41172,40,-0.02706,32,0.43878,36.0,72,0.41172,9.02436
2020_03_WAS_CLE,2020,3,2020-09-27,CLE,WAS,1,63,3.24521,26,7.7266,37,-4.4814,26.0,53,6.02605,1.25951
2020_03_WAS_CLE,2020,3,2020-09-27,WAS,CLE,0,64,-9.35536,42,-8.10588,22,-1.24947,25.0,56,-4.23119,-1.25951
2020_04_ARI_CAR,2020,4,2020-10-04,ARI,CAR,0,57,5.69866,37,6.04691,20,-0.34825,29.0,32,-6.90918,2.06407
2020_04_ARI_CAR,2020,4,2020-10-04,CAR,ARI,1,73,21.46225,43,21.40985,30,0.0524,35.0,36,13.58866,-2.06407
2020_04_ATL_GB,2020,4,2020-10-05,ATL,GB,0,70,6.82932,47,7.4151,23,-0.58578,35.0,29,-1.62359,-3.37813
2020_04_ATL_GB,2020,4,2020-10-05,GB,ATL,1,62,16.65873,38,25.63066,24,-8.97193,34.0,33,13.81916,3.37813
2020_04_BAL_WAS,2020,4,2020-10-04,BAL,WAS,0,56,13.65432,27,9.90687,29,3.74745,24.0,34,13.24255,7.23465
2020_04_BAL_WAS,2020,4,2020-10-04,WAS,BAL,1,71,-1.20941,49,-3.66631,22,2.4569,33.0,41,-2.78746,-7.23465
2020_04_BUF_LV,2020,4,2020-10-04,BUF,LV,0,59,13.15469,36,17.4402,23,-4.2855,27.0,46,17.8879,-2.38343
2020_04_BUF_LV,2020,4,2020-10-04,LV,BUF,1,73,-0.58551,53,8.46652,20,-9.05203,36.0,55,1.56984,2.38343
2020_04_CLE_DAL,2020,4,2020-10-04,CLE,DAL,0,72,24.9846,34,11.43898,38,13.54562,40.0,38,24.48255,2.35931
2020_04_CLE_DAL,2020,4,2020-10-04,DAL,CLE,1,79,9.22992,62,9.58266,17,-0.35274,45.0,30,-0.44561,-2.35931
2020_04_DEN_NYJ,2020,4,2020-10-01,DEN,NYJ,0,65,8.77961,37,8.94675,28,-0.16714,30.0,63,7.02273,2.7402
2020_04_DEN_NYJ,2020,4,2020-10-01,NYJ,DEN,1,76,-10.06917,56,-3.40409,20,-6.66508,27.0,72,-5.95322,-2.7402
2020_04_IND_CHI,2020,4,2020-10-04,CHI,IND,1,60,-5.29995,45,0.07461,15,-5.37456,20.0,44,-8.85084,-9.37961
2020_04_IND_CHI,2020,4,2020-10-04,IND,CHI,0,69,1.09916,33,8.85906,36,-7.7599,25.0,52,3.51231,9.37961
2020_04_JAX_CIN,2020,4,2020-10-04,CIN,JAX,1,73,16.11547,41,9.13551,32,6.97996,38.0,47,12.93066,4.13374
2020_04_JAX_CIN,2020,4,2020-10-04,JAX,CIN,0,66,11.63407,47,12.73119,19,-1.09712,33.0,46,2.96424,-4.13374
2020_04_LAC_TB,2020,4,2020-10-04,LAC,TB,0,52,6.05433,32,16.01355,20,-9.95922,18.0,46,11.98173,-2.67474
2020_04_LAC_TB,2020,4,2020-10-04,TB,LAC,1,73,11.10015,48,12.77949,25,-1.67934,38.0,66,14.74845,2.67474
2020_04_MIN_HOU,2020,4,2020-10-04,HOU,MIN,1,65,1.84984,42,6.5229,23,-4.67306,32.0,47,-4.48949,1.5803
2020_04_MIN_HOU,2020,4,2020-10-04,MIN,HOU,0,64,13.95235,27,6.69651,37,7.25584,35.0,54,11.33709,-1.5803
2020_04_NE_KC,2020,4,2020-10-05,KC,NE,1,53,5.23561,36,7.31671,17,-2.0811,24.0,50,6.81295,-1.87955
2020_04_NE_KC,2020,4,2020-10-05,NE,KC,0,75,-14.16359,42,-16.95694,33,2.79336,31.0,58,-10.95993,1.87955
2020_04_NO_DET,2020,4,2020-10-04,DET,NO,1,60,7.65486,39,8.82032,21,-1.16546,27.0,27,-0.20127,-0.49098
2020_04_NO_DET,2020,4,2020-10-04,NO,DET,0,67,19.18706,27,10.55481,40,8.63226,40.0,41,18.74855,0.49098
2020_04_NYG_LA,2020,4,2020-10-04,LA,NYG,1,54,-5.41706,34,-5.79683,20,0.37977,23.0,51,-3.20984,-0.76824
2020_04_NYG_LA,2020,4,2020-10-04,NYG,LA,0,68,-12.18273,46,-9.53513,22,-2.6476,25.0,61,-13.49086,0.76824
2020_04_PHI_SF,2020,4,2020-10-04,PHI,SF,0,61,-2.11908,36,1.93771,25,-4.0568,27.0,58,0.64217,2.24425
2020_04_PHI_SF,2020,4,2020-10-04,SF,PHI,1,71,-5.40327,50,-7.98117,21,2.5779,32.0,59,-10.19626,-2.24425
2020_04_SEA_MIA,2020,4,2020-10-04,MIA,SEA,1,70,2.31328,52,3.60775,18,-1.29448,38.0,58,0.50937,0.50385
2020_04_SEA_MIA,2020,4,2020-10-04,SEA,MIA,0,60,14.86858,38,13.70843,22,1.16015,35.0,55,11.22995,-0.50385
2020_05_ARI_NYJ,2020,5,2020-10-11,ARI,NYJ,0,70,16.11719,41,13.84619,29,2.271,36.0,50,11.59653,3.81213
2020_05_ARI_NYJ,2020,5,2020-10-11,NYJ,ARI,1,69,-6.42732,45,0.02442,24,-6.45174,29.0,46,-3.02475,-3.81213
2020_05_BUF_TEN,2020,5,2020-10-13,BUF,TEN,0,70,2.10841,50,0.90418,20,1.20422,36.0,49,-5.69009,-5.60592
2020_05_BUF_TEN,2020,5,2020-10-13,TEN,BUF,1,66,19.13981,34,20.58938,32,-1.44957,33.0,44,10.56206,5.60592
2020_05_CAR_ATL,2020,5,2020-10-11,ATL,CAR,1,63,0.85997,38,-3.96894,25,4.82891,29.0,57,-0.21569,2.22754
2020_05_CAR_ATL,2020,5,2020-10-11,CAR,ATL,0,64,15.13538,39,15.60683,25,-0.47146,35.0,54,14.53627,-2.22754
2020_05_CIN_BAL,2020,5,2020-10-11,BAL,CIN,1,62,-3.28501,39,-4.12786,23,0.84285,25.0,22,7.49224,-0.91457
2020_05_CIN_BAL,2020,5,2020-10-11,CIN,BAL,0,67,-30.37619,41,-23.51436,26,-6.86183,20.0,13,-9.73683,0.91457
2020_05_IND_CLE,2020,5,2020-10-11,CLE,IND,1,73,3.45685,41,7.03462,32,-3.57777,33.0,58,8.35594,-4.25119
2020_05_IND_CLE,2020,5,2020-10-11,IND,CLE,0,55,-3.56789,37,-7.01054,18,3.44265,26.0,53,-3.52932,4.25119
2020_05_JAX_HOU,2020,5,2020-10-11,HOU,JAX,1,58,11.64549,38,13.89933,20,-2.25384,29.0,49,11.19243,6.44365
2020_05_JAX_HOU,2020,5,2020-10-11,JAX,HOU,0,75,-2.84736,58,-0.0721,17,-2.77526,31.0,50,-1.99413,-6.44365
2020_05_LAC_NO,2020,5,2020-10-12,LAC,NO,0,70,0.78689,40,5.23772,30,-4.45083,28.0,70,0.78689,-9.49286
2020_05_LAC_NO,2020,5,2020-10-12,NO,LAC,1,76,-3.89143,51,-1.62027,25,-2.27116,34.0,76,-3.89143,9.49286
2020_05_LA_WAS,2020,5,2020-10-11,LA,WAS,0,66,10.06855,34,17.86555,32,-7.797,29.0,36,18.82864,-4.13767
2020_05_LA_WAS,2020,5,2020-10-11,WAS,LA,1,54,-20.70806,42,-19.97227,12,-0.73579,15.0,36,-3.65755,4.13767
2020_05_LV_KC,2020,5,2020-10-11,KC,LV,1,71,7.26804,55,6.65359,16,0.61445,27.0,58,7.51114,-1.14866
2020_05_LV_KC,2020,5,2020-10-11,LV,KC,0,68,21.83039,34,19.03055,34,2.79984,33.0,59,22.18203,1.14866
2020_05_MIA_SF,2020,5,2020-10-11,MIA,SF,0,66,21.58154,33,29.13383,33,-7.55229,33.0,28,20.47962,0.76593
2020_05_MIA_SF,2020,5,2020-10-11,SF,MIA,1,64,-13.42236,45,-16.02527,19,2.60291,30.0,26,-4.21707,-0.76593
2020_05_MIN_SEA,2020,5,2020-10-11,MIN,SEA,0,86,5.36646,44,9.49065,42,-4.12419,40.0,80,10.40345,-0.02052
2020_05_MIN_SEA,2020,5,2020-10-11,SEA,MIN,1,53,5.08059,42,4.8082,11,0.27239,23.0,53,5.08059,0.02052
2020_05_NYG_DAL,2020,5,2020-10-11,DAL,NYG,1,66,3.27361,35,3.78956,31,-0.51596,39.0,66,3.27361,-5.48058
2020_05_NYG_DAL,2020,5,2020-10-11,NYG,DAL,0,67,-2.35286,40,-2.43834,27,0.08548,28.0,67,-2.35286,5.48058
2020_05_PHI_PIT,2020,5,2020-10-11,PHI,PIT,0,58,9.32054,44,6.88402,14,2.43652,24.0,47,4.3637,-4.04097
2020_05_PHI_PIT,2020,5,2020-10-11,PIT,PHI,1,73,15.68749,42,15.69862,31,-0.01113,30.0,65,14.44461,4.04097
2020_05_TB_CHI,2020,5,2020-10-08,CHI,TB,1,61,-4.0124,48,-1.56514,13,-2.44726,25.0,61,-4.0124,0.02717
2020_05_TB_CHI,2020,5,2020-10-08,TB,CHI,0,70,-1.58385,50,-2.33132,20,0.74747,24.0,70,-1.58385,-0.02717
2020_06_ARI_DAL,2020,6,2020-10-19,ARI,DAL,0,61,19.55879,29,4.41315,32,15.14564,28.0,34,7.53518,2.69134
2020_06_ARI_DAL,2020,6,2020-10-19,DAL,ARI,1,89,-13.24487,64,-7.35742,25,-5.88745,36.0,43,-18.61309,-2.69134
2020_06_ATL_MIN,2020,6,2020-10-18,ATL,MIN,0,79,14.62758,45,30.62508,34,-15.99751,37.0,35,4.73874,8.35448
2020_06_ATL_MIN,2020,6,2020-10-18,MIN,ATL,1,54,-7.37032,41,-0.3371,13,-7.03321,26.0,24,-18.81023,-8.35448
2020_06_BAL_PHI,2020,6,2020-10-18,BAL,PHI,0,71,0.41252,37,2.32424,34,-1.91172,26.0,31,9.8987,9.69464
2020_06_BAL_PHI,2020,6,2020-10-18,PHI,BAL,1,68,-1.71315,51,0.92839,17,-2.64154,26.0,31,-15.47524,-9.69464
2020_06_CHI_CAR,2020,6,2020-10-18,CAR,CHI,1,68,-9.5795,44,-3.065,24,-6.5145,25.0,59,-10.3302,-1.42766
2020_06_CHI_CAR,2020,6,2020-10-18,CHI,CAR,0,62,1.65579,41,4.15408,21,-2.49829,26.0,55,5.33196,1.42766
2020_06_CIN_IND,2020,6,2020-10-18,CIN,IND,0,72,14.55666,42,12.87412,30,1.68254,33.0,71,13.10239,-2.19195
2020_06_CIN_IND,2020,6,2020-10-18,IND,CIN,1,62,10.13231,48,10.72539,14,-0.59308,30.0,60,5.88272,2.19195
2020_06_CLE_PIT,2020,6,2020-10-18,CLE,PIT,0,57,-28.47729,36,-18.18167,21,-10.29561,21.0,19,-14.21912,-2.79435
2020_06_CLE_PIT,2020,6,2020-10-18,PIT,CLE,1,61,6.41404,27,0.39793,34,6.01611,29.0,23,1.91826,2.79435
2020_06_DEN_NE,2020,6,2020-10-18,DEN,NE,0,61,-6.27555,28,-4.50667,33,-1.76888,23.0,42,5.64909,2.14309
2020_06_DEN_NE,2020,6,2020-10-18,NE,DEN,1,55,-14.6199,34,-13.14707,21,-1.47283,24.0,45,-14.69571,-2.14309
2020_06_DET_JAX,2020,6,2020-10-18,DET,JAX,0,74,16.79056,37,13.36723,37,3.42332,34.0,40,4.27511,5.00147
2020_06_DET_JAX,2020,6,2020-10-18,JAX,DET,1,62,-4.95428,48,-0.7568,14,-4.19749,22.0,33,-10.50804,-5.00147
2020_06_GB_TB,2020,6,2020-10-18,GB,TB,0,63,-19.46995,43,-15.36206,20,-4.10789,21.0,33,-10.05205,-0.21661
2020_06_GB_TB,2020,6,2020-10-18,TB,GB,1,62,12.28417,30,11.92994,32,0.35423,26.0,22,3.54784,0.21661
2020_06_HOU_TEN,2020,6,2020-10-18,HOU,TEN,0,69,20.64044,43,24.39164,26,-3.75121,33.0,69,20.64044,5.64996
2020_06_HOU_TEN,2020,6,2020-10-18,TEN,HOU,1,74,29.52809,45,19.72687,29,9.80123,38.0,65,29.44208,-5.64996
2020_06_KC_BUF,2020,6,2020-10-19,BUF,KC,1,53,3.4618,34,5.68253,19,-2.22073,24.0,44,0.03176,5.837
2020_06_KC_BUF,2020,6,2020-10-19,KC,BUF,0,71,23.59007,33,16.74395,38,6.84612,44.0,58,23.59135,-5.837
2020_06_LA_SF,2020,6,2020-10-18,LA,SF,0,60,1.12028,41,0.27714,19,0.84313,26.0,39,-6.99258,-0.71625
2020_06_LA_SF,2020,6,2020-10-18,SF,LA,1,71,6.21948,35,12.61302,36,-6.39354,29.0,43,10.78182,0.71625
2020_06_NYJ_MIA,2020,6,2020-10-18,MIA,NYJ,1,56,-4.14765,32,-3.04367,24,-1.10398,26.0,19,5.91695,9.55175
2020_06_NYJ_MIA,2020,6,2020-10-18,NYJ,MIA,0,71,-22.32258,49,-17.96624,22,-4.35634,24.0,25,-10.74556,-9.55175
2020_06_WAS_NYG,2020,6,2020-10-18,NYG,WAS,1,45,0.76542,22,3.02524,23,-2.25982,19.0,45,0.76542,3.50643
2020_06_WAS_NYG,2020,6,2020-10-18,WAS,NYG,0,72,1.5117,49,2.99909,23,-1.48739,33.0,71,0.20283,-3.50643
2020_07_BUF_NYJ,2020,7,2020-10-25,BUF,NYJ,0,72,7.16179,50,7.89652,22,-0.73473,40.0,68,8.58926,-0.91274
2020_07_BUF_NYJ,2020,7,2020-10-25,NYJ,BUF,1,57,-10.64882,35,-9.81761,22,-0.83121,26.0,52,-5.76428,0.91274
2020_07_CAR_NO,2020,7,2020-10-25,CAR,NO,0,46,13.5132,34,15.29512,12,-1.78192,28.0,46,13.5132,-1.94231
2020_07_CAR_NO,2020,7,2020-10-25,NO,CAR,1,68,15.58446,39,14.59019,29,0.99427,35.0,65,15.87649,1.94231
2020_07_CHI_LA,2020,7,2020-10-26,CHI,LA,0,63,-23.36279,45,-16.15919,18,-7.2036,20.0,33,-10.68715,1.68266
2020_07_CHI_LA,2020,7,2020-10-26,LA,CHI,1,70,-5.35387,37,6.45886,33,-11.81273,33.0,49,4.67339,-1.68266
2020_07_CLE_CIN,2020,7,2020-10-25,CIN,CLE,1,75,18.72295,55,19.43136,20,-0.70841,43.0,75,18.72295,0.56621
2020_07_CLE_CIN,2020,7,2020-10-25,CLE,CIN,0,50,22.9952,29,24.47773,21,-1.48253,29.0,50,22.9952,-0.56621
2020_07_DAL_WAS,2020,7,2020-10-25,DAL,WAS,0,57,-15.68494,32,-9.61149,25,-6.07345,22.0,35,-10.38234,6.28196
2020_07_DAL_WAS,2020,7,2020-10-25,WAS,DAL,1,66,11.0038,30,13.14865,36,-2.14486,28.0,34,10.09263,-6.28196
2020_07_DET_ATL,2020,7,2020-10-25,ATL,DET,1,74,5.25288,47,11.47473,27,-6.22185,35.0,74,5.25288,-1.76217
2020_07_DET_ATL,2020,7,2020-10-25,DET,ATL,0,58,8.11965,36,14.422,22,-6.30235,26.0,58,8.11965,1.76217
2020_07_GB_HOU,2020,7,2020-10-25,GB,HOU,0,60,18.34113,35,19.01964,25,-0.67852,34.0,30,12.32407,-2.43388
2020_07_GB_HOU,2020,7,2020-10-25,HOU,GB,1,68,-2.30278,52,7.2266,16,-9.52938,31.0,27,-1.94772,2.43388
2020_07_JAX_LAC,2020,7,2020-10-25,JAX,LAC,0,60,-7.25657,37,-4.07275,23,-3.18382,22.0,49,-6.96675,6.53342
2020_07_JAX_LAC,2020,7,2020-10-25,LAC,JAX,1,76,16.47457,50,20.64647,26,-4.1719,39.0,65,16.26611,-6.53342
2020_07_KC_DEN,2020,7,2020-10-25,DEN,KC,1,77,-20.16544,44,-18.59316,33,-1.57228,34.0,42,-20.20404,-9.34905
2020_07_KC_DEN,2020,7,2020-10-25,KC,DEN,0,48,3.06261,29,-0.21024,19,3.27284,22.0,20,-1.35673,9.34905
2020_07_NYG_PHI,2020,7,2020-10-22,NYG,PHI,0,59,-0.31696,39,-1.19258,20,0.87562,24.0,59,-0.31696,0.95253
2020_07_NYG_PHI,2020,7,2020-10-22,PHI,NYG,1,78,4.20541,52,11.63203,26,-7.42663,37.0,75,-0.01475,-0.95253
2020_07_PIT_TEN,2020,7,2020-10-25,PIT,TEN,0,78,6.93625,53,5.42884,25,1.5074,39.0,64,13.02668,1.93827
2020_07_PIT_TEN,2020,7,2020-10-25,TEN,PIT,1,58,2.99513,35,6.47796,23,-3.48283,22.0,51,2.27634,-1.93827
2020_07_SEA_ARI,2020,7,2020-10-25,ARI,SEA,1,80,8.20048,50,12.80989,30,-4.60941,43.0,72,3.51949,-1.43292
2020_07_SEA_ARI,2020,7,2020-10-25,SEA,ARI,0,84,9.23407,59,1.81481,25,7.41926,49.0,84,9.23407,1.43292
2020_07_SF_NE,2020,7,2020-10-25,NE,SF,1,52,-14.04416,33,-13.50554,19,-0.53862,24.0,15,-7.91618,2.29643
2020_07_SF_NE,2020,7,2020-10-25,SF,NE,0,66,20.99509,27,16.8744,39,4.12069,39.0,37,10.35597,-2.29643
2020_07_TB_LV,2020,7,2020-10-25,LV,TB,1,66,-3.75641,44,-0.10925,22,-3.64716,29.0,55,7.66415,0.59104
2020_07_TB_LV,2020,7,2020-10-25,TB,LV,0,70,26.66228,45,29.55194,25,-2.88967,38.0,61,22.00923,-0.59104
2020_08_ATL_CAR,2020,8,2020-10-29,ATL,CAR,0,68,15.45611,38,17.94157,30,-2.48545,36.0,60,15.8666,-1.5088
2020_08_ATL_CAR,2020,8,2020-10-29,CAR,ATL,1,55,0.36387,37,0.69192,18,-0.32806,25.0,47,0.30086,1.5088
2020_08_DAL_PHI,2020,8,2020-11-01,DAL,PHI,0,79,-25.78149,45,-23.3614,34,-2.4201,33.0,64,-22.03839,0.06756
2020_08_DAL_PHI,2020,8,2020-11-01,PHI,DAL,1,61,-14.41334,37,-12.12285,24,-2.29049,25.0,55,-10.23434,-0.06756
2020_08_IND_DET,2020,8,2020-11-01,DET,IND,1,60,-12.23832,48,-5.49348,12,-6.74484,23.0,41,-7.132,3.80525
2020_08_IND_DET,2020,8,2020-11-01,IND,DET,0,74,17.89985,37,22.02902,37,-4.12917,34.0,57,10.92549,-3.80525
2020_08_LAC_DEN,2020,8,2020-11-01,DEN,LAC,1,63,4.55016,47,4.1166,16,0.43356,24.0,48,3.36035,-2.24737
2020_08_LAC_DEN,2020,8,2020-11-01,LAC,DEN,0,87,3.37443,49,4.52682,38,-1.15239,39.0,69,10.81341,2.24737
2020_08_LA_MIA,2020,8,2020-11-01,LA,MIA,0,94,-24.13734,65,-26.38887,29,2.25154,44.0,38,-20.79094,-11.52881
2020_08_LA_MIA,2020,8,2020-11-01,MIA,LA,1,48,-24.462,24,-10.68444,24,-13.77756,16.0,17,-13.11496,11.52881
2020_08_LV_CLE,2020,8,2020-11-01,CLE,LV,1,49,-2.53622,30,-4.95733,19,2.42111,18.0,39,-5.85813,0.33457
2020_08_LV_CLE,2020,8,2020-11-01,LV,CLE,0,70,11.49152,30,3.53328,40,7.95824,37.0,57,9.24324,-0.33457
2020_08_MIN_GB,2020,8,2020-11-01,GB,MIN,1,72,8.84706,49,8.45016,23,0.39691,32.0,47,7.44563,2.10768
2020_08_MIN_GB,2020,8,2020-11-01,MIN,GB,0,52,22.01392,18,15.14872,34,6.8652,28.0,39,25.77382,-2.10768
2020_08_NE_BUF,2020,8,2020-11-01,BUF,NE,1,54,7.958,22,-1.37826,32,9.33626,28.0,54,7.958,-0.62029
2020_08_NE_BUF,2020,8,2020-11-01,NE,BUF,0,64,5.10007,31,2.30132,33,2.79876,32.0,64,5.10007,0.62029
2020_08_NO_CHI,2020,8,2020-11-01,CHI,NO,1,70,-2.48951,47,1.15084,23,-3.64035,26.0,70,-2.48951,4.0885
2020_08_NO_CHI,2020,8,2020-11-01,NO,CHI,0,73,6.04002,45,8.76506,28,-2.72504,29.0,73,6.04002,-4.0885
2020_08_NYJ_KC,2020,8,2020-11-01,KC,NYJ,1,67,19.86898,47,30.0141,20,-10.14512,33.0,34,15.5265,-4.19872
2020_08_NYJ_KC,2020,8,2020-11-01,NYJ,KC,0,56,-12.41989,35,-8.88646,21,-3.53343,24.0,40,-1.73627,4.19872
2020_08_PIT_BAL,2020,8,2020-11-01,BAL,PIT,1,81,-8.03665,39,-9.34361,42,1.30695,32.0,81,-8.03665,3.82141
2020_08_PIT_BAL,2020,8,2020-11-01,PIT,BAL,0,53,4.48689,37,5.5351,16,-1.04821,25.0,53,4.48689,-3.82141
2020_08_SF_SEA,2020,8,2020-11-01,SEA,SF,1,65,17.64102,41,18.30641,24,-0.66539,30.0,37,11.69589,9.03479
2020_08_SF_SEA,2020,8,2020-11-01,SF,SEA,0,68,13.71867,46,13.04921,22,0.66946,34.0,37,-2.27084,-9.03479
2020_08_TB_NYG,2020,8,2020-11-02,NYG,TB,1,72,0.34785,48,4.34275,24,-3.9949,31.0,61,-2.75712,-3.03234
2020_08_TB_NYG,2020,8,2020-11-02,TB,NYG,0,68,5.14139,44,9.7848,24,-4.64341,31.0,66,6.57642,3.03234
2020_08_TEN_CIN,2020,8,2020-11-01,CIN,TEN,1,73,22.48069,42,21.40962,31,1.07107,39.0,48,13.21733,5.84294
2020_08_TEN_CIN,2020,8,2020-11-01,TEN,CIN,0,62,14.34038,34,3.48623,28,10.85415,37.0,45,2.50366,-5.84294
2020_09_BAL_IND,2020,9,2020-11-08,BAL,IND,0,64,-0.8446,30,5.47886,34,-6.32345,31.0,58,1.46792,-1.64773
2020_09_BAL_IND,2020,9,2020-11-08,IND,BAL,1,66,-21.50794,45,-12.16325,21,-9.34469,24.0,49,-12.95776,1.64773
2020_09_CAR_KC,2020,9,2020-11-08,CAR,KC,0,83,23.47083,58,22.64069,25,0.83013,42.0,77,18.9785,-8.19725
2020_09_CAR_KC,2020,9,2020-11-08,KC,CAR,1,61,15.453,51,16.07759,10,-0.62459,33.0,58,18.24617,8.19725
2020_09_CHI_TEN,2020,9,2020-11-08,CHI,TEN,0,78,-10.99365,59,-5.38771,19,-5.60594,31.0,45,-20.41016,-1.18314
2020_09_CHI_TEN,2020,9,2020-11-08,TEN,CHI,1,53,-5.06886,25,-1.01351,28,-4.05535,16.0,39,-6.93608,1.18314
2020_09_DEN_ATL,2020,9,2020-11-08,ATL,DEN,1,69,7.25345,40,14.87013,29,-7.61668,30.0,33,15.02172,3.22174
2020_09_DEN_ATL,2020,9,2020-11-08,DEN,ATL,0,73,0.53294,57,6.57977,16,-6.04683,26.0,18,-2.28044,-3.22174
2020_09_DET_MIN,2020,9,2020-11-08,DET,MIN,0,74,-6.45035,48,-5.495,26,-0.95535,40.0,42,4.28293,7.84025
2020_09_DET_MIN,2020,9,2020-11-08,MIN,DET,1,58,15.37459,22,8.73549,36,6.63911,30.0,30,17.3858,-7.84025
2020_09_GB_SF,2020,9,2020-11-05,GB,SF,0,65,20.45605,35,24.35227,30,-3.89622,29.0,34,13.63981,0.00294
2020_09_GB_SF,2020,9,2020-11-05,SF,GB,1,57,-3.83902,38,-0.85754,19,-2.98148,26.0,31,-9.79101,-0.00294
2020_09_HOU_JAX,2020,9,2020-11-08,HOU,JAX,0,61,8.70322,41,17.35103,20,-8.64781,30.0,49,14.08411,0.53834
2020_09_HOU_JAX,2020,9,2020-11-08,JAX,HOU,1,68,3.22112,42,7.22148,26,-4.00036,30.0,62,-0.48946,-0.53834
2020_09_LV_LAC,2020,9,2020-11-08,LAC,LV,1,77,10.92681,49,9.70316,28,1.22365,34.0,77,10.92681,-8.39636
2020_09_LV_LAC,2020,9,2020-11-08,LV,LAC,0,50,8.99998,26,3.11293,24,5.88705,22.0,50,8.99998,8.39636
2020_09_MIA_ARI,2020,9,2020-11-08,ARI,MIA,1,69,13.35386,37,14.58834,32,-1.23448,32.0,69,13.35386,-5.12035
2020_09_MIA_ARI,2020,9,2020-11-08,MIA,ARI,0,58,11.82416,38,16.46033,20,-4.63617,28.0,56,13.91185,5.12035
2020_09_NE_NYJ,2020,9,2020-11-09,NE,NYJ,0,79,16.40963,38,15.49709,41,0.91255,39.0,79,16.40963,2.33928
2020_09_NE_NYJ,2020,9,2020-11-09,NYJ,NE,1,46,16.75106,28,17.65167,18,-0.90061,26.0,46,16.75106,-2.33928
2020_09_NO_TB,2020,9,2020-11-08,NO,TB,0,68,15.39202,37,13.5888,31,1.80322,36.0,26,12.2638,4.35024
2020_09_NO_TB,2020,9,2020-11-08,TB,NO,1,49,-23.47409,44,-21.00302,5,-2.47107,18.0,13,-9.46847,-4.35024
2020_09_NYG_WAS,2020,9,2020-11-08,NYG,WAS,0,74,1.49025,41,0.37889,33,1.11136,33.0,69,3.98074,4.39847
2020_09_NYG_WAS,2020,9,2020-11-08,WAS,NYG,1,54,-2.42736,43,0.65273,11,-3.08008,27.0,50,-4.70835,-4.39847
2020_09_PIT_DAL,2020,9,2020-11-08,DAL,PIT,1,71,-9.3047,42,-7.28195,29,-2.02275,29.0,71,-9.3047,7.16814
2020_09_PIT_DAL,2020,9,2020-11-08,PIT,DAL,0,68,3.81183,51,13.77754,17,-9.96571,32.0,64,8.15284,-7.16814
2020_09_SEA_BUF,2020,9,2020-11-08,BUF,SEA,1,65,15.40178,52,17.04587,13,-1.6441,36.0,38,21.90987,2.16118
2020_09_SEA_BUF,2020,9,2020-11-08,SEA,BUF,0,65,5.08326,49,5.77683,16,-0.69357,33.0,29,1.22505,-2.16118
2020_10_BAL_NE,2020,10,2020-11-15,BAL,NE,0,66,2.18295,42,4.93356,24,-2.75061,35.0,55,1.86208,1.07562
2020_10_BAL_NE,2020,10,2020-11-15,NE,BAL,1,56,10.85754,19,6.77849,37,4.07905,29.0,47,14.10157,-1.07562
2020_10_BUF_ARI,2020,10,2020-11-15,ARI,BUF,1,72,4.27249,41,4.04468,31,0.22781,36.0,72,4.27249,-1.65017
2020_10_BUF_ARI,2020,10,2020-11-15,BUF,ARI,0,73,-0.58249,56,2.64999,17,-3.23248,36.0,73,-0.58249,1.65017
2020_10_CIN_PIT,2020,10,2020-11-15,CIN,PIT,0,65,-14.98911,43,-16.32461,22,1.33551,22.0,31,-4.58687,-9.36967
2020_10_CIN_PIT,2020,10,2020-11-15,PIT,CIN,1,72,5.24145,50,14.43359,22,-9.19214,30.0,39,4.64136,9.36967
2020_10_DEN_LV,2020,10,2020-11-15,DEN,LV,0,70,-20.02419,51,-17.02727,19,-2.99693,28.0,43,-9.97977,-1.16297
2020_10_DEN_LV,2020,10,2020-11-15,LV,DEN,1,70,5.39851,31,5.14795,39,0.25056,29.0,55,4.69582,1.16297
2020_10_HOU_CLE,2020,10,2020-11-15,CLE,HOU,1,63,5.11263,24,-1.28484,39,6.39747,30.0,54,3.43336,3.71279
2020_10_HOU_CLE,2020,10,2020-11-15,HOU,CLE,0,56,-0.00963,35,2.22549,21,-2.23512,24.0,50,-4.63961,-3.71279
2020_10_IND_TEN,2020,10,2020-11-12,IND,TEN,0,69,15.03197,39,15.04416,30,-0.01219,37.0,59,9.88269,8.76285
2020_10_IND_TEN,2020,10,2020-11-12,TEN,IND,1,65,0.55366,33,0.42762,32,0.12604,35.0,49,4.29982,-8.76285
2020_10_JAX_GB,2020,10,2020-11-15,GB,JAX,1,63,-0.39401,41,4.38939,22,-4.7834,27.0,63,-0.39401,-10.50313
2020_10_JAX_GB,2020,10,2020-11-15,JAX,GB,0,64,-13.42035,39,-11.51,25,-1.91035,25.0,64,-13.42035,10.50313
2020_10_LAC_MIA,2020,10,2020-11-15,LAC,MIA,0,62,-2.35126,36,-4.66246,26,2.31121,30.0,47,-0.06187,-10.45725
2020_10_LAC_MIA,2020,10,2020-11-15,MIA,LAC,1,54,-1.32545,26,8.517,28,-9.84245,26.0,36,7.08403,10.45725
2020_10_MIN_CHI,2020,10,2020-11-16,CHI,MIN,1,49,-21.37994,33,-16.10923,16,-5.27072,15.0,44,-20.26152,5.09498
2020_10_MIN_CHI,2020,10,2020-11-16,MIN,CHI,0,72,-5.32742,38,4.73068,34,-10.0581,26.0,67,-4.45948,-5.09498
2020_10_PHI_NYG,2020,10,2020-11-15,NYG,PHI,1,69,11.66933,36,8.08575,33,3.58359,34.0,61,9.80116,5.43004
2020_10_PHI_NYG,2020,10,2020-11-15,PHI,NYG,0,65,5.13814,42,-2.87348,23,8.01161,32.0,60,7.72462,-5.43004
2020_10_SEA_LA,2020,10,2020-11-15,LA,SEA,1,68,7.11398,43,6.17528,25,0.9387,34.0,58,12.06918,-7.14462
2020_10_SEA_LA,2020,10,2020-11-15,SEA,LA,0,67,-8.81063,52,-3.91892,15,-4.89172,31.0,52,-8.32756,7.14462
2020_10_SF_NO,2020,10,2020-11-15,NO,SF,1,55,-5.80682,29,-1.90388,26,-3.90294,25.0,37,0.97623,7.06877
2020_10_SF_NO,2020,10,2020-11-15,SF,NO,0,71,-13.04208,45,0.9257,26,-13.96778,28.0,59,-10.12017,-7.06877
2020_10_TB_CAR,2020,10,2020-11-15,CAR,TB,1,48,-9.39511,35,-8.60626,13,-0.78885,22.0,37,-0.57405,5.35455
2020_10_TB_CAR,2020,10,2020-11-15,TB,CAR,0,77,26.66374,44,21.55643,33,5.10731,36.0,54,22.46484,-5.35455
2020_10_WAS_DET,2020,10,2020-11-15,DET,WAS,1,59,10.12593,38,10.8568,21,-0.73087,28.0,39,6.08313,7.51337
2020_10_WAS_DET,2020,10,2020-11-15,WAS,DET,0,87,16.22667,63,15.02586,24,1.20081,46.0,68,6.00218,-7.51337
2020_11_ARI_SEA,2020,11,2020-11-19,ARI,SEA,0,67,10.86249,49,13.85683,18,-2.99434,32.0,64,11.6942,-1.066
2020_11_ARI_SEA,2020,11,2020-11-19,SEA,ARI,1,65,12.16228,41,11.42405,24,0.73823,36.0,64,13.83398,1.066
2020_11_ATL_NO,2020,11,2020-11-22,ATL,NO,0,62,-15.89912,48,-13.07646,14,-2.82266,18.0,44,-10.08531,6.99686
2020_11_ATL_NO,2020,11,2020-11-22,NO,ATL,1,66,2.89437,34,3.17578,32,-0.28141,31.0,49,5.49363,-6.99686
2020_11_CIN_WAS,2020,11,2020-11-22,CIN,WAS,0,68,-10.38761,52,-6.99569,16,-3.39192,30.0,59,-0.69623,-4.28879
2020_11_CIN_WAS,2020,11,2020-11-22,WAS,CIN,1,59,-0.82869,28,-2.21064,31,1.38195,26.0,44,3.89885,4.28879
2020_11_DAL_MIN,2020,11,2020-11-22,DAL,MIN,0,63,9.92834,35,2.30703,28,7.62131,33.0,63,9.92834,0.70403
2020_11_DAL_MIN,2020,11,2020-11-22,MIN,DAL,1,65,2.90732,35,4.39406,30,-1.48673,31.0,65,2.90732,-0.70403
2020_11_DET_CAR,2020,11,2020-11-22,CAR,DET,1,68,-3.96588,37,-1.46084,31,-2.50503,26.0,45,2.83679,7.43552
2020_11_DET_CAR,2020,11,2020-11-22,DET,CAR,0,55,-21.12407,40,-11.38636,15,-9.73771,16.0,29,-13.2091,-7.43552
2020_11_GB_IND,2020,11,2020-11-22,GB,IND,0,58,0.02116,40,7.05074,18,-7.02958,31.0,58,0.02116,-7.0189
2020_11_GB_IND,2020,11,2020-11-22,IND,GB,1,82,-3.67119,40,3.36107,42,-7.03226,37.0,76,0.815,7.0189
2020_11_KC_LV,2020,11,2020-11-22,KC,LV,0,76,25.11992,53,22.51063,23,2.60929,47.0,76,25.11992,-2.36861
2020_11_KC_LV,2020,11,2020-11-22,LV,KC,1,58,17.357,34,18.84773,24,-1.49073,33.0,58,17.357,2.36861
2020_11_LA_TB,2020,11,2020-11-23,LA,TB,0,71,-0.39101,50,9.73121,21,-10.12221,32.0,69,0.29528,-5.07819
2020_11_LA_TB,2020,11,2020-11-23,TB,LA,1,69,-8.01172,51,-4.13637,18,-3.87534,25.0,69,-8.01172,5.07819
2020_11_MIA_DEN,2020,11,2020-11-22,DEN,MIA,1,65,1.13484,33,8.22639,32,-7.09155,27.0,55,4.34293,-3.06165
2020_11_MIA_DEN,2020,11,2020-11-22,MIA,DEN,0,65,-9.2735,49,-9.06266,16,-0.21084,23.0,64,-10.6632,3.06165
2020_11_NE_HOU,2020,11,2020-11-22,HOU,NE,1,61,11.92807,47,20.21949,14,-8.29143,26.0,58,12.94554,0.68898
2020_11_NE_HOU,2020,11,2020-11-22,NE,HOU,0,68,7.51871,43,9.73924,25,-2.22053,31.0,66,7.59689,-0.68898
2020_11_NYJ_LAC,2020,11,2020-11-22,LAC,NYJ,1,83,8.91985,59,18.56265,24,-9.64279,34.0,38,11.75493,-0.86367
2020_11_NYJ_LAC,2020,11,2020-11-22,NYJ,LAC,0,60,2.93386,37,3.15379,23,-0.21993,25.0,25,-12.51429,0.86367
2020_11_PHI_CLE,2020,11,2020-11-22,CLE,PHI,1,65,-8.88022,26,2.67245,39,-11.55266,23.0,53,-8.65658,1.39873
2020_11_PHI_CLE,2020,11,2020-11-22,PHI,CLE,0,68,-12.40772,43,-6.48029,25,-5.92743,29.0,49,-14.69391,-1.39873
2020_11_PIT_JAX,2020,11,2020-11-22,JAX,PIT,1,58,-25.35897,41,-26.9376,17,1.57863,18.0,38,-12.5277,3.26327
2020_11_PIT_JAX,2020,11,2020-11-22,PIT,JAX,0,72,10.53191,48,10.71701,24,-0.1851,31.0,39,8.62461,-3.26327
2020_11_TEN_BAL,2020,11,2020-11-22,BAL,TEN,1,64,6.5293,34,4.83157,30,1.69773,27.0,64,6.5293,1.23623
2020_11_TEN_BAL,2020,11,2020-11-22,TEN,BAL,0,69,15.83771,38,17.04924,31,-1.21153,34.0,69,15.83771,-1.23623
2020_12_ARI_NE,2020,12,2020-11-29,ARI,NE,0,73,-0.16142,42,2.87407,31,-3.03549,33.0,73,-0.16142,-9.34201
2020_12_ARI_NE,2020,12,2020-11-29,NE,ARI,1,52,-9.57411,22,-9.97839,30,0.40428,21.0,52,-9.57411,9.34201
2020_12_BAL_PIT,2020,12,2020-12-02,BAL,PIT,0,53,-21.06414,25,-15.31551,28,-5.74863,16.0,40,-23.25522,8.84076
2020_12_BAL_PIT,2020,12,2020-12-02,PIT,BAL,1,71,-4.72016,52,-2.31665,19,-2.40351,34.0,58,-2.98726,-8.84076
2020_12_CAR_MIN,2020,12,2020-11-29,CAR,MIN,0,64,1.18944,38,3.11395,26,-1.92451,31.0,55,7.26709,-2.41474
2020_12_CAR_MIN,2020,12,2020-11-29,MIN,CAR,1,70,-2.49734,49,6.75977,21,-9.25711,35.0,66,-7.55141,2.41474
2020_12_CHI_GB,2020,12,2020-11-29,CHI,GB,0,67,2.03427,52,-2.31167,15,4.34594,32.0,11,-0.57185,-1.22575
2020_12_CHI_GB,2020,12,2020-11-29,GB,CHI,1,69,22.86583,33,17.27815,36,5.58768,35.0,37,16.4431,1.22575
2020_12_CLE_JAX,2020,12,2020-11-29,CLE,JAX,0,64,12.0702,33,7.68554,31,4.38465,33.0,58,14.42359,0.93135
2020_12_CLE_JAX,2020,12,2020-11-29,JAX,CLE,1,62,13.44544,37,8.31496,25,5.13048,31.0,60,10.87542,-0.93135
2020_12_HOU_DET,2020,12,2020-11-26,DET,HOU,1,81,-13.6787,52,-0.0961,29,-13.5826,39.0,55,-10.90481,-0.96593
2020_12_HOU_DET,2020,12,2020-11-26,HOU,DET,0,51,11.09955,34,19.05277,17,-7.95322,27.0,43,4.51582,0.96593
2020_12_KC_TB,2020,12,2020-11-29,KC,TB,0,78,18.03965,59,22.77518,19,-4.73552,37.0,57,28.52256,-3.33427
2020_12_KC_TB,2020,12,2020-11-29,TB,KC,1,58,7.46637,45,7.48222,13,-0.01585,29.0,37,4.89416,3.33427
2020_12_LAC_BUF,2020,12,2020-11-29,BUF,LAC,1,61,0.66155,32,8.00059,29,-7.33903,28.0,40,7.17554,6.64209
2020_12_LAC_BUF,2020,12,2020-11-29,LAC,BUF,0,82,-4.60331,58,6.86337,24,-11.46667,32.0,57,-9.70791,-6.64209
2020_12_LV_ATL,2020,12,2020-11-29,ATL,LV,1,75,-2.3075,45,2.42383,30,-4.73133,29.0,44,-7.24352,-0.19607
2020_12_LV_ATL,2020,12,2020-11-29,LV,ATL,0,63,-42.55657,49,-27.59825,14,-14.95832,18.0,36,-29.13714,0.19607
2020_12_MIA_NYJ,2020,12,2020-11-29,MIA,NYJ,0,69,1.14941,46,10.01853,23,-8.86912,31.0,53,-7.00793,6.4268
2020_12_MIA_NYJ,2020,12,2020-11-29,NYJ,MIA,1,55,-20.63285,34,-13.11012,21,-7.52273,16.0,53,-15.74169,-6.4268
2020_12_NO_DEN,2020,12,2020-11-29,DEN,NO,1,43,-30.9791,11,-12.91544,32,-18.06366,8.0,26,-22.01405,1.84034
2020_12_NO_DEN,2020,12,2020-11-29,NO,DEN,0,64,2.33749,22,-10.78965,42,13.12714,27.0,35,-2.56363,-1.84034
2020_12_NYG_CIN,2020,12,2020-11-29,CIN,NYG,1,49,-17.10472,37,-18.74644,12,1.64172,16.0,44,-23.54632,10.42223
2020_12_NYG_CIN,2020,12,2020-11-29,NYG,CIN,0,79,1.90241,44,0.86481,35,1.0376,33.0,76,3.51367,-10.42223
2020_12_SEA_PHI,2020,12,2020-11-30,PHI,SEA,1,69,-9.92328,58,-9.91799,11,-0.00528,26.0,54,-9.62166,-2.52994
2020_12_SEA_PHI,2020,12,2020-11-30,SEA,PHI,0,65,-0.8825,38,0.40429,27,-1.28679,29.0,49,4.02765,2.52994
2020_12_SF_LA,2020,12,2020-11-29,LA,SF,1,61,-29.69075,37,-26.31194,24,-3.37881,24.0,59,-31.88731,1.37261
2020_12_SF_LA,2020,12,2020-11-29,SF,LA,0,72,-21.46622,38,-3.52254,34,-17.94368,28.0,71,-13.36784,-1.37261
2020_12_TEN_IND,2020,12,2020-11-29,IND,TEN,1,71,5.78775,52,7.83976,19,-2.052,32.0,30,5.39807,-8.92303
2020_12_TEN_IND,2020,12,2020-11-29,TEN,IND,0,69,25.18698,26,13.3785,43,11.80848,37.0,39,27.44088,8.92303
2020_12_WAS_DAL,2020,12,2020-11-26,DAL,WAS,1,60,-27.94315,43,-18.40842,17,-9.53473,26.0,51,-14.24377,-0.76045
2020_12_WAS_DAL,2020,12,2020-11-26,WAS,DAL,0,67,7.0429,33,-3.05143,34,10.09433,35.0,54,0.67399,0.76045
2020_13_BUF_SF,2020,13,2020-12-07,BUF,SF,0,72,16.72876,48,25.77157,24,-9.04281,45.0,56,19.57914,2.75576
2020_13_BUF_SF,2020,13,2020-12-07,SF,BUF,1,61,7.93496,40,13.8405,21,-5.90554,31.0,34,1.16963,-2.75576
2020_13_CIN_MIA,2020,13,2020-12-06,CIN,MIA,0,52,-11.17295,35,-9.91772,17,-1.25522,18.0,36,-3.42977,-3.56149
2020_13_CIN_MIA,2020,13,2020-12-06,MIA,CIN,1,69,0.85773,41,8.63137,28,-7.77364,33.0,52,7.59164,3.56149
2020_13_CLE_TEN,2020,13,2020-12-06,CLE,TEN,0,71,16.23021,36,26.6729,35,-10.4427,33.0,32,19.80317,2.37616
2020_13_CLE_TEN,2020,13,2020-12-06,TEN,CLE,1,70,6.45609,52,16.008,18,-9.55191,34.0,14,-5.71607,-2.37616
2020_13_DAL_BAL,2020,13,2020-12-08,BAL,DAL,1,55,16.03116,23,2.42019,32,13.61097,29.0,39,10.69772,5.77145
2020_13_DAL_BAL,2020,13,2020-12-08,DAL,BAL,0,79,2.6249,51,8.2456,28,-5.6207,32.0,45,-2.79612,-5.77145
2020_13_DEN_KC,2020,13,2020-12-06,DEN,KC,0,65,7.53737,32,5.34908,33,2.18829,27.0,64,8.32375,-2.70835
2020_13_DEN_KC,2020,13,2020-12-06,KC,DEN,1,63,9.40273,45,7.22155,18,2.18118,31.0,62,8.8714,2.70835
2020_13_DET_CHI,2020,13,2020-12-06,CHI,DET,1,69,4.95873,38,6.62238,31,-1.66364,34.0,62,10.28266,2.71606
2020_13_DET_CHI,2020,13,2020-12-06,DET,CHI,0,67,16.02736,45,18.70309,22,-2.67573,30.0,56,8.17613,-2.71606
2020_13_IND_HOU,2020,13,2020-12-06,HOU,IND,1,64,-1.81685,50,2.66128,14,-4.47814,27.0,64,-1.81685,-0.73315
2020_13_IND_HOU,2020,13,2020-12-06,IND,HOU,0,66,6.15887,38,9.9969,28,-3.83803,33.0,65,6.54762,0.73315
2020_13_JAX_MIN,2020,13,2020-12-06,JAX,MIN,0,69,-8.03252,46,-8.05782,23,0.0253,32.0,63,-11.5225,0.50343
2020_13_JAX_MIN,2020,13,2020-12-06,MIN,JAX,1,91,-9.50637,53,-0.02804,38,-9.47834,41.0,90,-9.25706,-0.50343
2020_13_LA_ARI,2020,13,2020-12-06,ARI,LA,1,63,-7.33791,43,-7.64005,20,0.30214,25.0,50,1.72371,6.78634
2020_13_LA_ARI,2020,13,2020-12-06,LA,ARI,0,80,15.13144,51,18.32987,29,-3.19843,44.0,72,17.74596,-6.78634
2020_13_LV_NYJ,2020,13,2020-12-06,LV,NYJ,0,77,7.32759,54,11.20354,23,-3.87595,33.0,74,9.57596,3.12073
2020_13_LV_NYJ,2020,13,2020-12-06,NYJ,LV,1,60,5.03074,28,-2.15699,32,7.18774,30.0,57,5.90174,-3.12073
2020_13_NE_LAC,2020,13,2020-12-06,LAC,NE,1,71,-26.69006,55,-28.0814,16,1.39134,23.0,21,-7.0801,-23.35574
2020_13_NE_LAC,2020,13,2020-12-06,NE,LAC,0,65,7.21168,27,3.9531,38,3.25858,29.0,30,4.35623,23.35574
2020_13_NO_ATL,2020,13,2020-12-06,ATL,NO,1,67,-10.5364,46,-8.5558,21,-1.98059,26.0,55,-6.798,8.22599
2020_13_NO_ATL,2020,13,2020-12-06,NO,ATL,0,78,5.13488,45,6.45661,33,-1.32172,37.0,63,16.65919,-8.22599
2020_13_NYG_SEA,2020,13,2020-12-06,NYG,SEA,0,54,-3.56447,25,-8.50175,29,4.93728,19.0,50,-0.34925,-4.12884
2020_13_NYG_SEA,2020,13,2020-12-06,SEA,NYG,1,72,-15.88851,56,-11.21259,16,-4.67591,31.0,61,-22.72131,4.12884
2020_13_PHI_GB,2020,13,2020-12-06,GB,PHI,1,58,18.29484,36,15.44379,22,2.85106,28.0,32,11.21558,-8.01509
2020_13_PHI_GB,2020,13,2020-12-06,PHI,GB,0,62,-6.35213,43,-3.76904,19,-2.58309,22.0,41,-7.40062,8.01509
2020_13_WAS_PIT,2020,13,2020-12-07,PIT,WAS,1,71,-8.80635,57,-0.73753,14,-8.06882,27.0,68,-8.32066,-0.86705
2020_13_WAS_PIT,2020,13,2020-12-07,WAS,PIT,0,72,-4.7929,51,1.31923,21,-6.11214,25.0,69,-3.57779,0.86705
2020_14_ARI_NYG,2020,14,2020-12-13,ARI,NYG,0,76,3.55348,44,7.17859,32,-3.62511,32.0,36,-0.1247,9.07438
2020_14_ARI_NYG,2020,14,2020-12-13,NYG,ARI,1,49,-18.21725,32,-17.3637,17,-0.85356,15.0,25,-14.6497,-9.07438
2020_14_ATL_LAC,2020,14,2020-12-13,ATL,LAC,0,57,0.73956,38,1.73447,19,-0.99491,28.0,57,0.73956,-1.84564
2020_14_ATL_LAC,2020,14,2020-12-13,LAC,ATL,1,73,3.77811,46,6.02656,27,-2.24844,36.0,73,3.77811,1.84564
2020_14_BAL_CLE,2020,14,2020-12-14,BAL,CLE,0,58,24.68347,31,15.6184,27,9.06507,27.0,57,24.05768,6.72867
2020_14_BAL_CLE,2020,14,2020-12-14,CLE,BAL,1,82,24.06742,59,19.67007,23,4.39735,41.0,75,16.03745,-6.72867
2020_14_DAL_CIN,2020,14,2020-12-13,CIN,DAL,1,72,-18.66064,43,6.31067,29,-24.97132,34.0,45,-12.29776,-5.77304
2020_14_DAL_CIN,2020,14,2020-12-13,DAL,CIN,0,50,8.67039,26,13.24481,24,-4.57442,22.0,25,9.59464,5.77304
2020_14_DEN_CAR,2020,14,2020-12-13,CAR,DEN,1,67,4.51718,48,-0.10812,19,4.6253,29.0,55,-7.88814,-1.69512
2020_14_DEN_CAR,2020,14,2020-12-13,DEN,CAR,0,57,12.7554,32,13.68176,25,-0.92636,31.0,54,14.10119,1.69512
2020_14_GB_DET,2020,14,2020-12-13,DET,GB,1,66,9.69354,51,10.00524,15,-0.3117,33.0,44,4.8761,-1.53135
2020_14_GB_DET,2020,14,2020-12-13,GB,DET,0,65,21.58827,38,23.18177,27,-1.59351,37.0,57,22.15895,1.53135
2020_14_HOU_CHI,2020,14,2020-12-13,CHI,HOU,1,60,14.39687,39,10.06005,21,4.33683,33.0,22,9.79161,5.3815
2020_14_HOU_CHI,2020,14,2020-12-13,HOU,CHI,0,65,-12.7474,45,-5.82312,20,-6.92428,29.0,26,-0.84188,-5.3815
2020_14_IND_LV,2020,14,2020-12-13,IND,LV,0,59,24.43151,30,18.2822,29,6.14931,27.0,53,24.51918,-0.21803
2020_14_IND_LV,2020,14,2020-12-13,LV,IND,1,68,0.19432,48,3.00208,20,-2.80776,33.0,50,8.42577,0.21803
2020_14_KC_MIA,2020,14,2020-12-13,KC,MIA,0,61,0.86726,39,3.60151,22,-2.73425,29.0,35,6.53717,11.88719
2020_14_KC_MIA,2020,14,2020-12-13,MIA,KC,1,82,2.32219,64,3.22387,18,-0.90168,41.0,42,-7.94245,-11.88719
2020_14_MIN_TB,2020,14,2020-12-13,MIN,TB,0,78,12.73645,48,6.50081,30,6.23563,40.0,50,8.56034,-13.04373
2020_14_MIN_TB,2020,14,2020-12-13,TB,MIN,1,47,14.01508,24,12.9518,23,1.06328,23.0,34,11.00846,13.04373
2020_14_NE_LA,2020,14,2020-12-10,LA,NE,1,62,-2.84769,27,-3.8988,35,1.05111,25.0,24,0.63622,-6.82076
2020_14_NE_LA,2020,14,2020-12-10,NE,LA,0,59,-32.98896,33,-27.19321,26,-5.79575,20.0,37,-19.24546,6.82076
2020_14_NO_PHI,2020,14,2020-12-13,NO,PHI,0,63,3.53177,46,4.45358,17,-0.92182,28.0,41,-5.71361,-7.79766
2020_14_NO_PHI,2020,14,2020-12-13,PHI,NO,1,65,3.13162,35,5.92152,30,-2.7899,29.0,53,6.17475,7.79766
2020_14_NYJ_SEA,2020,14,2020-12-13,NYJ,SEA,0,53,-15.6483,31,-4.21121,22,-11.43709,17.0,32,-10.83291,-7.55616
2020_14_NYJ_SEA,2020,14,2020-12-13,SEA,NYJ,1,72,17.31727,35,18.08436,37,-0.76709,40.0,24,4.18347,7.55616
2020_14_PIT_BUF,2020,14,2020-12-13,BUF,PIT,1,73,-1.01537,50,0.55644,23,-1.57181,28.0,43,-5.6478,3.59565
2020_14_PIT_BUF,2020,14,2020-12-13,PIT,BUF,0,56,-16.43101,39,-13.20368,17,-3.22733,21.0,39,-18.34484,-3.59565
2020_14_TEN_JAX,2020,14,2020-12-13,JAX,TEN,1,71,-9.0728,57,-5.56161,14,-3.51119,23.0,30,-7.83237,-0.79233
2020_14_TEN_JAX,2020,14,2020-12-13,TEN,JAX,0,67,13.32559,25,4.97886,42,8.34673,36.0,35,6.83512,0.79233
2020_14_WAS_SF,2020,14,2020-12-13,SF,WAS,1,80,-30.51648,52,-25.70934,28,-4.80715,34.0,64,-32.24413,-0.03562
2020_14_WAS_SF,2020,14,2020-12-13,WAS,SF,0,59,-17.82421,35,-17.25407,24,-0.57014,20.0,53,-14.7691,0.03562
2020_15_BUF_DEN,2020,15,2020-12-19,BUF,DEN,0,73,28.86593,50,27.69799,23,1.16794,38.0,44,20.94255,2.21206
2020_15_BUF_DEN,2020,15,2020-12-19,DEN,BUF,1,64,-7.43638,40,-11.62919,24,4.19281,28.0,36,3.06178,-2.21206
2020_15_CAR_GB,2020,15,2020-12-19,CAR,GB,0,69,-1.74668,45,6.30474,24,-8.05142,35.0,39,-1.25392,0.11994
2020_15_CAR_GB,2020,15,2020-12-19,GB,CAR,1,61,7.03772,38,-1.7661,23,8.80382,29.0,23,13.80412,-0.11994
2020_15_CHI_MIN,2020,15,2020-12-20,CHI,MIN,0,64,8.70837,26,7.10692,38,1.60145,37.0,61,10.18072,4.84522
2020_15_CHI_MIN,2020,15,2020-12-20,MIN,CHI,1,67,3.98709,42,6.92154,25,-2.93445,37.0,67,3.98709,-4.84522
2020_15_CLE_NYG,2020,15,2020-12-20,CLE,NYG,0,64,14.81069,35,21.70019,29,-6.8895,34.0,45,13.40623,-1.70329
2020_15_CLE_NYG,2020,15,2020-12-20,NYG,CLE,1,54,-4.14216,35,0.54847,19,-4.69063,20.0,36,-3.71,1.70329
2020_15_DET_TEN,2020,15,2020-12-20,DET,TEN,0,66,9.40761,41,18.9582,25,-9.5506,38.0,53,10.05042,0.8924
2020_15_DET_TEN,2020,15,2020-12-20,TEN,DET,1,64,31.94435,30,24.56627,34,7.37808,41.0,48,23.71374,-0.8924
2020_15_HOU_IND,2020,15,2020-12-20,HOU,IND,0,69,9.48612,50,9.74854,19,-0.26243,39.0,66,4.5972,-2.17444
2020_15_HOU_IND,2020,15,2020-12-20,IND,HOU,1,53,13.86681,31,8.30972,22,5.55709,29.0,52,13.53091,2.17444
2020_15_JAX_BAL,2020,15,2020-12-20,BAL,JAX,1,64,22.2897,30,14.84806,34,7.44164,33.0,21,11.1939,2.84471
2020_15_JAX_BAL,2020,15,2020-12-20,JAX,BAL,0,58,-1.581,37,6.72827,21,-8.30927,21.0,23,-6.91168,-2.84471
2020_15_KC_NO,2020,15,2020-12-20,KC,NO,0,94,6.49959,59,5.38357,35,1.11603,46.0,82,11.54711,-4.69211
2020_15_KC_NO,2020,15,2020-12-20,NO,KC,1,54,-5.02163,37,-1.97389,17,-3.04774,20.0,41,-11.18848,4.69211
2020_15_LAC_LV,2020,15,2020-12-17,LAC,LV,0,66,21.63653,37,27.33538,29,-5.69885,32.0,66,21.63653,-6.03282
2020_15_LAC_LV,2020,15,2020-12-17,LV,LAC,1,76,9.64055,38,15.90982,38,-6.26927,36.0,76,9.64055,6.03282
2020_15_NE_MIA,2020,15,2020-12-20,MIA,NE,1,72,11.06972,31,-0.47928,41,11.54901,34.0,68,11.19716,-8.02699
2020_15_NE_MIA,2020,15,2020-12-20,NE,MIA,0,55,-3.28501,35,-3.91652,20,0.63151,25.0,48,-1.90645,8.02699
2020_15_NYJ_LA,2020,15,2020-12-20,LA,NYJ,1,59,-12.86501,40,-8.36078,19,-4.50424,21.0,56,-18.15354,-1.22077
2020_15_NYJ_LA,2020,15,2020-12-20,NYJ,LA,0,62,-0.30106,36,4.10913,26,-4.4102,26.0,55,3.63736,1.22077
2020_15_PHI_ARI,2020,15,2020-12-20,ARI,PHI,1,69,-0.58086,41,4.80806,28,-5.38893,33.0,66,0.55538,10.17111
2020_15_PHI_ARI,2020,15,2020-12-20,PHI,ARI,0,82,8.04973,58,14.63043,24,-6.5807,33.0,73,8.77514,-10.17111
2020_15_PIT_CIN,2020,15,2020-12-21,CIN,PIT,1,55,-6.37101,16,-0.85607,39,-5.51494,22.0,36,-6.8599,-2.93762
2020_15_PIT_CIN,2020,15,2020-12-21,PIT,CIN,0,64,-17.44627,42,-9.59492,22,-7.85134,25.0,37,-20.67821,2.93762
2020_15_SEA_WAS,2020,15,2020-12-20,SEA,WAS,0,54,5.21405,33,1.91959,21,3.29446,27.0,42,11.82667,3.61787
2020_15_SEA_WAS,2020,15,2020-12-20,WAS,SEA,1,79,1.2091,62,1.9826,17,-0.7735,35.0,59,-6.61959,-3.61787
2020_15_SF_DAL,2020,15,2020-12-20,DAL,SF,1,58,0.26291,38,-0.01618,20,0.27909,19.0,58,0.26291,13.66491
2020_15_SF_DAL,2020,15,2020-12-20,SF,DAL,0,84,6.96792,48,8.09946,36,-1.13154,38.0,72,-1.12988,-13.66491
2020_15_TB_ATL,2020,15,2020-12-20,ATL,TB,1,65,1.82451,53,6.85222,12,-5.02771,26.0,52,-2.82566,3.54812
2020_15_TB_ATL,2020,15,2020-12-20,TB,ATL,0,66,16.29741,50,16.17064,16,0.12677,33.0,51,6.67932,-3.54812
2020_16_ATL_KC,2020,16,2020-12-27,ATL,KC,0,67,3.70349,43,7.57402,24,-3.87053,33.0,67,3.70349,-4.24199
2020_16_ATL_KC,2020,16,2020-12-27,KC,ATL,1,66,1.52451,48,0.49183,18,1.03268,32.0,66,1.52451,4.24199
2020_16_BUF_NE,2020,16,2020-12-28,BUF,NE,0,69,27.78197,43,24.22462,26,3.55736,36.0,35,18.41678,1.95681
2020_16_BUF_NE,2020,16,2020-12-28,NE,BUF,1,50,-4.30805,28,-4.40431,22,0.09626,18.0,28,1.20389,-1.95681
2020_16_CAR_WAS,2020,16,2020-12-27,CAR,WAS,0,63,-7.04584,34,-3.22732,29,-3.81852,24.0,28,-0.83888,6.61009
2020_16_CAR_WAS,2020,16,2020-12-27,WAS,CAR,1,71,-8.64901,55,-9.90731,16,1.2583,30.0,23,-17.40275,-6.61009
2020_16_CHI_JAX,2020,16,2020-12-27,CHI,JAX,0,70,20.79769,41,17.71237,29,3.08532,35.0,52,14.94891,1.95342
2020_16_CHI_JAX,2020,16,2020-12-27,JAX,CHI,1,56,-8.76289,39,-6.18725,17,-2.57564,19.0,35,-1.75917,-1.95342
2020_16_CIN_HOU,2020,16,2020-12-27,CIN,HOU,0,75,22.35247,41,20.83618,34,1.51629,41.0,70,22.94197,-1.44933
2020_16_CIN_HOU,2020,16,2020-12-27,HOU,CIN,1,52,12.87399,38,8.28584,14,4.58815,29.0,50,12.91892,1.44933
2020_16_CLE_NYJ,2020,16,2020-12-27,CLE,NYJ,0,79,-8.04956,60,-5.92035,19,-2.12921,38.0,65,-11.33322,5.28164
2020_16_CLE_NYJ,2020,16,2020-12-27,NYJ,CLE,1,66,-1.10675,38,3.3918,28,-4.49854,26.0,54,6.65109,-5.28164
2020_16_DEN_LAC,2020,16,2020-12-27,DEN,LAC,0,76,1.51877,50,0.19987,26,1.3189,34.0,61,-3.36015,-5.3684
2020_16_DEN_LAC,2020,16,2020-12-27,LAC,DEN,1,57,-1.23416,39,3.68021,18,-4.91437,22.0,44,4.87837,5.3684
2020_16_IND_PIT,2020,16,2020-12-27,IND,PIT,0,69,1.41624,41,-5.19705,28,6.6133,34.0,59,3.37007,1.59852
2020_16_IND_PIT,2020,16,2020-12-27,PIT,IND,1,66,4.58149,54,8.0715,12,-3.49,34.0,60,0.40304,-1.59852
2020_16_LA_SEA,2020,16,2020-12-27,LA,SEA,0,75,-10.07901,52,-3.95467,23,-6.12434,25.0,68,-5.91972,-4.20783
2020_16_LA_SEA,2020,16,2020-12-27,SEA,LA,1,61,0.23741,39,3.5114,22,-3.27399,20.0,59,1.00652,4.20783
2020_16_MIA_LV,2020,16,2020-12-26,LV,MIA,1,62,3.35567,38,3.69137,24,-0.3357,29.0,62,3.35567,-0.28887
2020_16_MIA_LV,2020,16,2020-12-26,MIA,LV,0,63,5.50992,40,6.77525,23,-1.26532,28.0,63,5.50992,0.28887
2020_16_MIN_NO,2020,16,2020-12-25,MIN,NO,0,63,13.62172,46,9.75056,17,3.87116,33.0,47,13.68427,-5.35382
2020_16_MIN_NO,2020,16,2020-12-25,NO,MIN,1,72,28.43844,29,11.46967,43,16.96877,47.0,59,19.61395,5.35382
2020_16_NYG_BAL,2020,16,2020-12-27,BAL,NYG,1,66,15.22323,28,11.48415,38,3.73907,37.0,25,12.42941,1.66445
2020_16_NYG_BAL,2020,16,2020-12-27,NYG,BAL,0,64,-2.94129,53,-5.42487,11,2.48358,30.0,19,0.0391,-1.66445
2020_16_PHI_DAL,2020,16,2020-12-27,DAL,PHI,1,69,16.69419,35,17.10043,34,-0.40624,36.0,43,21.87582,0.42704
2020_16_PHI_DAL,2020,16,2020-12-27,PHI,DAL,0,73,-1.43855,50,-4.55458,23,3.11603,33.0,41,7.3332,-0.42704
2020_16_SF_ARI,2020,16,2020-12-26,ARI,SF,1,80,-12.68002,58,-14.17636,22,1.49634,29.0,75,-11.14206,13.3989
2020_16_SF_ARI,2020,16,2020-12-26,SF,ARI,0,55,8.82566,26,1.54615,29,7.27951,28.0,48,6.97559,-13.3989
2020_16_TB_DET,2020,16,2020-12-26,DET,TB,1,53,-28.66647,39,-20.70217,14,-7.96431,16.0,14,-6.92072,9.4331
2020_16_TB_DET,2020,16,2020-12-26,TB,DET,0,76,30.74271,51,32.50971,25,-1.76701,41.0,24,14.98571,-9.4331
2020_16_TEN_GB,2020,16,2020-12-27,GB,TEN,1,62,23.47358,30,13.27684,32,10.19675,39.0,31,21.5606,0.79912
2020_16_TEN_GB,2020,16,2020-12-27,TEN,GB,0,55,-5.92593,30,-9.55353,25,3.6276,22.0,29,-0.35653,-0.79912
2020_17_ARI_LA,2020,17,2021-01-03,ARI,LA,0,52,-18.10823,35,-13.42057,17,-4.68767,19.0,40,-19.67753,-4.25003
2020_17_ARI_LA,2020,17,2021-01-03,LA,ARI,1,73,-7.65585,44,1.63877,29,-9.29462,23.0,60,-3.00606,4.25003
2020_17_ATL_TB,2020,17,2021-01-03,ATL,TB,0,72,7.01683,46,10.82553,26,-3.8087,32.0,65,15.27252,-2.01337
2020_17_ATL_TB,2020,17,2021-01-03,TB,ATL,1,63,27.10298,45,24.28269,18,2.82029,39.0,54,24.78722,2.01337
2020_17_BAL_CIN,2020,17,2021-01-03,BAL,CIN,0,74,24.40774,24,10.39897,50,14.00878,36.0,42,11.7406,-3.07402
2020_17_BAL_CIN,2020,17,2021-01-03,CIN,BAL,1,43,-22.74273,24,-23.67486,19,0.93212,14.0,22,-8.49077,3.07402
2020_17_DAL_NYG,2020,17,2021-01-03,DAL,NYG,0,82,-5.3627,59,-6.05231,23,0.68962,38.0,82,-5.3627,2.11462
2020_17_DAL_NYG,2020,17,2021-01-03,NYG,DAL,1,55,-1.58282,31,3.86388,24,-5.4467,27.0,52,-0.66287,-2.11462
2020_17_GB_CHI,2020,17,2021-01-03,CHI,GB,1,75,-8.23583,46,-6.47281,29,-1.76302,38.0,62,-2.48223,6.41399
2020_17_GB_CHI,2020,17,2021-01-03,GB,CHI,0,46,22.77958,28,22.35604,18,0.42354,27.0,40,17.1293,-6.41399
2020_17_JAX_IND,2020,17,2021-01-03,IND,JAX,1,64,7.09464,28,1.86458,36,5.23005,32.0,39,4.35414,-5.86633
2020_17_JAX_IND,2020,17,2021-01-03,JAX,IND,0,65,-16.85715,48,-12.60002,17,-4.25713,25.0,42,-15.3865,5.86633
2020_17_LAC_KC,2020,17,2021-01-03,KC,LAC,1,53,8.11651,36,12.73553,17,-4.61902,27.0,40,4.85023,-6.01269
2020_17_LAC_KC,2020,17,2021-01-03,LAC,KC,0,68,24.97691,37,23.42438,31,1.55253,37.0,56,15.82725,6.01269
2020_17_LV_DEN,2020,17,2021-01-03,DEN,LV,1,80,3.45701,48,9.43505,32,-5.97804,32.0,74,4.61551,-5.80891
2020_17_LV_DEN,2020,17,2021-01-03,LV,DEN,0,67,0.36417,44,0.43809,23,-0.07392,31.0,66,-1.70649,5.80891
2020_17_MIA_BUF,2020,17,2021-01-03,BUF,MIA,1,60,15.14802,40,16.39234,20,-1.24432,31.0,30,2.64932,7.99826
2020_17_MIA_BUF,2020,17,2021-01-03,MIA,BUF,0,82,-8.60334,64,-7.40262,18,-1.20072,38.0,28,-5.26661,-7.99826
2020_17_MIN_DET,2020,17,2021-01-03,DET,MIN,1,56,15.58568,36,9.26678,20,6.3189,29.0,56,15.58568,2.42721
2020_17_MIN_DET,2020,17,2021-01-03,MIN,DET,0,77,24.18346,47,21.17225,30,3.01121,42.0,77,24.18346,-2.42721
2020_17_NO_CAR,2020,17,2021-01-03,CAR,NO,1,62,-23.30548,43,-22.78034,19,-0.52514,27.0,43,-15.60191,-0.68721
2020_17_NO_CAR,2020,17,2021-01-03,NO,CAR,0,63,10.3278,35,6.28741,28,4.04039,32.0,41,5.77476,0.68721
2020_17_NYJ_NE,2020,17,2021-01-03,NE,NYJ,1,65,14.29019,36,11.24304,29,3.04715,32.0,56,11.66154,1.85703
2020_17_NYJ_NE,2020,17,2021-01-03,NYJ,NE,0,63,1.30795,38,-1.29923,25,2.60718,36.0,46,2.48254,-1.85703
2020_17_PIT_CLE,2020,17,2021-01-03,CLE,PIT,1,61,10.62422,35,7.83593,26,2.78828,31.0,44,11.49409,0.10937
2020_17_PIT_CLE,2020,17,2021-01-03,PIT,CLE,0,66,7.54141,47,7.41167,19,0.12975,25.0,49,-2.47308,-0.10937
2020_17_SEA_SF,2020,17,2021-01-03,SEA,SF,0,64,5.46099,42,2.28837,22,3.17262,31.0,60,2.24156,1.90957
2020_17_SEA_SF,2020,17,2021-01-03,SF,SEA,1,66,-0.15636,42,6.98873,24,-7.14509,28.0,57,-6.37535,-1.90957
2020_17_TEN_HOU,2020,17,2021-01-03,HOU,TEN,1,63,17.33757,49,14.38345,14,2.95411,33.0,60,13.70745,-0.02564
2020_17_TEN_HOU,2020,17,2021-01-03,TEN,HOU,0,70,19.1042,31,10.75474,39,8.34946,36.0,68,17.93465,0.02564
2020_17_WAS_PHI,2020,17,2021-01-03,PHI,WAS,1,68,-15.42059,45,-8.97735,23,-6.44323,25.0,61,-15.2579,-2.96875
2020_17_WAS_PHI,2020,17,2021-01-03,WAS,PHI,0,63,-14.22913,35,-8.24773,28,-5.9814,22.0,58,-11.43207,2.96875
2020_18_BAL_TEN,2020,18,2021-01-10,BAL,TEN,0,63,10.11164,31,6.12714,32,3.9845,26.0,58,8.22561,-2.22659
2020_18_BAL_TEN,2020,18,2021-01-10,TEN,BAL,1,50,-4.29102,29,0.32715,21,-4.61817,19.0,49,-6.31983,2.22659
2020_18_CHI_NO,2020,18,2021-01-10,CHI,NO,0,49,-11.20942,33,-6.06874,16,-5.14068,14.0,35,-15.56927,2.1194
2020_18_CHI_NO,2020,18,2021-01-10,NO,CHI,1,77,1.17624,42,9.723,35,-8.54676,36.0,49,-1.91348,-2.1194
2020_18_CLE_PIT,2020,18,2021-01-10,CLE,PIT,0,64,13.76434,38,12.96633,26,0.79802,27.0,9,9.78542,2.98281
2020_18_CLE_PIT,2020,18,2021-01-10,PIT,CLE,1,86,-0.47512,70,6.04219,16,-6.51731,45.0,15,-16.45,-2.98281
2020_18_IND_BUF,2020,18,2021-01-09,BUF,IND,1,59,11.78035,41,12.61963,18,-0.83927,30.0,54,13.81136,4.26496
2020_18_IND_BUF,2020,18,2021-01-09,IND,BUF,0,75,15.33359,46,13.75333,29,1.58025,30.0,64,6.15628,-4.26496
2020_18_LA_SEA,2020,18,2021-01-09,LA,SEA,0,69,-4.30577,29,0.90028,40,-5.20605,31.0,58,-3.28464,-0.8718
2020_18_LA_SEA,2020,18,2021-01-09,SEA,LA,1,61,-18.97782,39,-14.95194,22,-4.02588,19.0,49,-21.95902,0.8718
2020_18_TB_WAS,2020,18,2021-01-09,TB,WAS,0,69,17.73292,43,19.55171,26,-1.81879,36.0,66,19.94951,0.05133
2020_18_TB_WAS,2020,18,2021-01-09,WAS,TB,1,71,2.06833,54,4.45133,17,-2.38301,28.0,54,-1.1977,-0.05133
2020_19_BAL_BUF,2020,19,2021-01-16,BAL,BUF,0,75,-16.0662,47,-15.56018,28,-0.50602,32.0,53,-7.4934,-2.36936
2020_19_BAL_BUF,2020,19,2021-01-16,BUF,BAL,1,52,-5.41339,41,-1.70249,11,-3.7109,19.0,37,-1.13533,2.36936
2020_19_CLE_KC,2020,19,2021-01-17,CLE,KC,0,64,3.69315,42,-5.877,22,9.57015,27.0,54,2.8903,3.03875
2020_19_CLE_KC,2020,19,2021-01-17,KC,CLE,1,64,11.54709,42,10.92788,22,0.61921,33.0,49,12.23326,-3.03875
2020_19_LA_GB,2020,19,2021-01-16,GB,LA,1,71,23.56343,37,18.98797,34,4.57546,43.0,52,16.59839,-0.36393
2020_19_LA_GB,2020,19,2021-01-16,LA,GB,0,50,1.67597,32,-1.73211,18,3.40808,27.0,33,5.47724,0.36393
2020_19_TB_NO,2020,19,2021-01-17,NO,TB,1,63,-14.69591,38,-16.00076,25,1.30485,30.0,59,-11.18558,3.24084
2020_19_TB_NO,2020,19,2021-01-17,TB,NO,0,67,3.31127,34,3.61292,33,-0.30165,31.0,61,2.77666,-3.24084
2020_20_BUF_KC,2020,20,2021-01-24,BUF,KC,0,71,3.01809,58,-1.79542,13,4.81351,37.0,45,1.49822,9.898
2020_20_BUF_KC,2020,20,2021-01-24,KC,BUF,1,61,28.45838,40,22.56712,21,5.89126,37.0,41,22.3101,-9.898
2020_20_TB_GB,2020,20,2021-01-24,GB,TB,1,70,4.25306,54,3.86942,16,0.38364,34.0,66,0.55844,-1.26715
2020_20_TB_GB,2020,20,2021-01-24,TB,GB,0,63,8.83923,38,10.77483,25,-1.9356,27.0,54,7.05373,1.26715
2020_21_KC_TB,2020,21,2021-02-07,KC,TB,0,73,-8.96202,61,-10.68852,12,1.7265,32.0,34,-3.40593,1.6234
2020_21_KC_TB,2020,21,2021-02-07,TB,KC,1,64,13.03598,34,13.26915,30,-0.23317,36.0,41,8.97417,-1.6234
2021_01_ARI_TEN,2021,1,2021-09-12,ARI,TEN,0,69,13.56236,36,14.5887,33,-1.02634,28.0,40,17.99847,-0.82584
2021_01_ARI_TEN,2021,1,2021-09-12,TEN,ARI,1,65,-20.59112,45,-13.94573,20,-6.6454,28.0,36,-6.4391,0.82584
2021_01_BAL_LV,2021,1,2021-09-13,BAL,LV,0,67,-2.20992,40,3.52312,27,-5.73304,28.0,67,-2.20992,1.96227
2021_01_BAL_LV,2021,1,2021-09-13,LV,BAL,1,84,3.18098,63,12.56798,21,-9.387,37.0,82,4.45532,-1.96227
2021_01_CHI_LA,2021,1,2021-09-12,CHI,LA,0,69,-6.60597,45,-9.39994,24,2.79397,37.0,49,-2.3603,-1.72255
2021_01_CHI_LA,2021,1,2021-09-12,LA,CHI,1,48,17.62589,28,17.20888,20,0.41702,23.0,29,12.61774,1.72255
2021_01_CLE_KC,2021,1,2021-09-12,CLE,KC,0,59,12.35436,33,11.47654,26,0.87782,33.0,59,12.35436,-0.40959
2021_01_CLE_KC,2021,1,2021-09-12,KC,CLE,1,62,21.05272,44,23.94785,18,-2.89513,31.0,62,21.05272,0.40959
2021_01_DAL_TB,2021,1,2021-09-09,DAL,TB,0,84,10.95734,69,15.33121,15,-4.37387,43.0,84,10.95734,-6.9591
2021_01_DAL_TB,2021,1,2021-09-09,TB,DAL,1,65,3.52564,50,7.77762,15,-4.25199,34.0,65,3.52564,6.9591
2021_01_DEN_NYG,2021,1,2021-09-12,DEN,NYG,0,66,18.57499,41,19.38061,25,-0.80562,30.0,57,15.1288,-0.87348
2021_01_DEN_NYG,2021,1,2021-09-12,NYG,DEN,1,59,1.14464,44,1.13309,15,0.01155,27.0,30,-0.87526,0.87348
2021_01_GB_NO,2021,1,2021-09-12,GB,NO,0,57,-19.79409,41,-15.14857,16,-4.64553,22.0,23,-10.49146,-1.04328
2021_01_GB_NO,2021,1,2021-09-12,NO,GB,1,60,18.94909,25,22.71283,35,-3.76374,32.0,35,14.52977,1.04328
2021_01_JAX_HOU,2021,1,2021-09-12,HOU,JAX,1,77,11.9058,40,17.61522,37,-5.70942,33.0,35,5.94044,2.22247
2021_01_JAX_HOU,2021,1,2021-09-12,JAX,HOU,0,72,-4.10643,56,-4.22266,16,0.11623,32.0,33,-4.80535,-2.22247
2021_01_LAC_WAS,2021,1,2021-09-12,LAC,WAS,0,78,7.37721,52,9.39832,26,-2.02112,37.0,75,7.0851,-1.26321
2021_01_LAC_WAS,2021,1,2021-09-12,WAS,LAC,1,55,-2.68865,30,2.02257,25,-4.71122,23.0,55,-2.68865,1.26321
2021_01_MIA_NE,2021,1,2021-09-12,MIA,NE,0,51,0.34495,30,0.5374,21,-0.19245,23.0,51,0.34495,0.95787
2021_01_MIA_NE,2021,1,2021-09-12,NE,MIA,1,75,0.65628,44,6.70606,31,-6.04978,36.0,75,0.65628,-0.95787
2021_01_MIN_CIN,2021,1,2021-09-12,CIN,MIN,1,68,0.49204,32,6.47358,36,-5.98154,27.0,64,5.28553,0.14195
2021_01_MIN_CIN,2021,1,2021-09-12,MIN,CIN,0,82,3.28299,60,10.89912,22,-7.61613,34.0,74,-2.39869,-0.14195
2021_01_NYJ_CAR,2021,1,2021-09-12,CAR,NYJ,1,61,-2.36816,37,1.41896,24,-3.78712,26.0,34,2.51222,-1.06197
2021_01_NYJ_CAR,2021,1,2021-09-12,NYJ,CAR,0,63,-9.9671,45,-5.367,18,-4.6001,23.0,30,-15.44668,1.06197
2021_01_PHI_ATL,2021,1,2021-09-12,ATL,PHI,1,71,-19.6794,44,-16.78809,27,-2.8913,25.0,47,-5.44369,-1.98317
2021_01_PHI_ATL,2021,1,2021-09-12,PHI,ATL,0,69,9.94594,40,11.83927,29,-1.89333,39.0,53,9.89364,1.98317
2021_01_PIT_BUF,2021,1,2021-09-12,BUF,PIT,1,85,-11.25838,61,-7.57475,24,-3.68364,34.0,74,-11.99245,-2.86589
2021_01_PIT_BUF,2021,1,2021-09-12,PIT,BUF,0,55,0.57143,38,3.00398,17,-2.43255,23.0,48,-1.20681,2.86589
2021_01_SEA_IND,2021,1,2021-09-12,IND,SEA,1,75,-6.71276,47,2.7242,28,-9.43696,34.0,56,-14.51841,1.96542
2021_01_SEA_IND,2021,1,2021-09-12,SEA,IND,0,54,9.86554,29,13.27939,25,-3.41386,26.0,41,8.99025,-1.96542
2021_01_SF_DET,2021,1,2021-09-12,DET,SF,1,90,-3.64346,69,-3.95731,21,0.31385,42.0,39,-8.9312,2.31354
2021_01_SF_DET,2021,1,2021-09-12,SF,DET,0,53,13.26953,27,18.36715,26,-5.09762,27.0,19,11.20282,-2.31354
2021_02_ATL_TB,2021,2,2021-09-19,ATL,TB,0,71,-19.56544,52,-9.55063,19,-10.01481,32.0,43,-1.26518,-2.02859
2021_02_ATL_TB,2021,2,2021-09-19,TB,ATL,1,60,4.91899,42,5.35023,18,-0.43124,30.0,51,7.48515,2.02859
2021_02_BUF_MIA,2021,2,2021-09-19,BUF,MIA,0,63,9.94602,37,3.42403,26,6.52199,27.0,28,-2.25215,1.8462
2021_02_BUF_MIA,2021,2,2021-09-19,MIA,BUF,1,73,-30.40766,57,-24.87264,16,-5.53502,24.0,44,-20.54592,-1.8462
2021_02_CIN_CHI,2021,2,2021-09-19,CHI,CIN,1,62,-12.05149,36,-1.98886,26,-10.06264,22.0,52,-0.65664,-1.53914
2021_02_CIN_CHI,2021,2,2021-09-19,CIN,CHI,0,55,-18.93742,35,-15.07859,20,-3.85883,23.0,46,-14.47275,1.53914
2021_02_DAL_LAC,2021,2,2021-09-19,DAL,LAC,0,62,7.41069,31,-0.43109,31,7.84178,36.0,62,7.41069,1.25402
2021_02_DAL_LAC,2021,2,2021-09-19,LAC,DAL,1,70,0.737,51,1.71572,19,-0.97872,32.0,70,0.737,-1.25402
2021_02_DEN_JAX,2021,2,2021-09-19,DEN,JAX,0,67,12.78877,40,12.529,27,0.25977,33.0,48,8.47688,1.381
2021_02_DEN_JAX,2021,2,2021-09-19,JAX,DEN,1,55,-5.93005,40,-3.85124,15,-2.07882,22.0,43,-3.91293,-1.381
2021_02_DET_GB,2021,2,2021-09-20,DET,GB,0,57,-1.09656,39,2.67976,18,-3.77632,31.0,40,3.28374,1.75815
2021_02_DET_GB,2021,2,2021-09-20,GB,DET,1,61,18.8444,35,22.13507,26,-3.29067,32.0,46,19.96825,-1.75815
2021_02_HOU_CLE,2021,2,2021-09-19,CLE,HOU,1,58,7.57349,29,3.27545,29,4.29805,33.0,55,9.5722,10.03548
2021_02_HOU_CLE,2021,2,2021-09-19,HOU,CLE,0,61,9.02875,34,16.23358,27,-7.20483,25.0,49,9.04627,-10.03548
2021_02_KC_BAL,2021,2,2021-09-19,BAL,KC,1,71,13.0857,30,2.81591,41,10.26979,44.0,71,13.0857,2.12928
2021_02_KC_BAL,2021,2,2021-09-19,KC,BAL,0,51,13.59337,33,17.68849,18,-4.09512,29.0,51,13.59337,-2.12928
2021_02_LA_IND,2021,2,2021-09-19,IND,LA,1,65,-6.34089,44,-4.34989,21,-1.991,28.0,62,-6.31876,3.66429
2021_02_LA_IND,2021,2,2021-09-19,LA,IND,0,60,4.56328,32,12.11332,28,-7.55004,28.0,58,5.16774,-3.66429
2021_02_LV_PIT,2021,2,2021-09-19,LV,PIT,0,66,12.15242,42,20.42913,24,-8.27671,33.0,57,14.8716,0.15583
2021_02_LV_PIT,2021,2,2021-09-19,PIT,LV,1,56,0.09136,42,2.70704,14,-2.61568,18.0,50,-0.06875,-0.15583
2021_02_MIN_ARI,2021,2,2021-09-19,ARI,MIN,1,61,6.32495,43,8.0449,18,-1.71995,31.0,61,6.32495,6.64879
2021_02_MIN_ARI,2021,2,2021-09-19,MIN,ARI,0,61,10.67928,35,9.81687,26,0.86241,31.0,61,10.67928,-6.64879
2021_02_NE_NYJ,2021,2,2021-09-19,NE,NYJ,0,59,-0.85868,35,-2.15017,24,1.29148,25.0,40,3.49723,4.41928
2021_02_NE_NYJ,2021,2,2021-09-19,NYJ,NE,1,72,-21.51336,43,-19.64837,29,-1.86499,28.0,33,-18.52106,-4.41928
2021_02_NO_CAR,2021,2,2021-09-19,CAR,NO,1,76,6.58687,44,13.02738,32,-6.44051,35.0,37,10.71126,-8.04011
2021_02_NO_CAR,2021,2,2021-09-19,NO,CAR,0,43,-21.27278,30,-12.36768,13,-8.90511,12.0,12,-4.33187,8.04011
2021_02_NYG_WAS,2021,2,2021-09-16,NYG,WAS,0,68,10.79763,43,7.65497,25,3.14266,31.0,68,10.79763,2.56087
2021_02_NYG_WAS,2021,2,2021-09-16,WAS,NYG,1,70,6.65371,51,0.66729,19,5.98642,35.0,70,6.65371,-2.56087
2021_02_SF_PHI,2021,2,2021-09-19,PHI,SF,1,56,2.26458,33,8.23414,23,-5.96956,27.0,47,-2.32157,-2.83968
2021_02_SF_PHI,2021,2,2021-09-19,SF,PHI,0,67,6.89857,34,8.80677,33,-1.9082,29.0,58,5.44252,2.83968
2021_02_TEN_SEA,2021,2,2021-09-19,SEA,TEN,1,54,8.48993,38,8.56676,16,-0.07683,22.0,53,7.19801,0.13693
2021_02_TEN_SEA,2021,2,2021-09-19,TEN,SEA,0,87,14.44426,48,12.03833,39,2.40593,45.0,80,3.98554,-0.13693
2021_03_ARI_JAX,2021,3,2021-09-26,ARI,JAX,0,66,11.34371,39,9.12572,27,2.21798,34.0,60,11.14597,-5.15558
2021_03_ARI_JAX,2021,3,2021-09-26,JAX,ARI,1,67,-12.27046,40,-15.5459,27,3.27544,35.0,49,-9.5827,5.15558
2021_03_ATL_NYG,2021,3,2021-09-26,ATL,NYG,0,62,4.28689,41,8.4664,21,-4.17951,24.0,62,4.28689,0.64779
2021_03_ATL_NYG,2021,3,2021-09-26,NYG,ATL,1,68,1.88275,46,6.03322,22,-4.15047,32.0,68,1.88275,-0.64779
2021_03_BAL_DET,2021,3,2021-09-26,BAL,DET,0,57,1.85547,40,7.21395,17,-5.35848,24.0,57,1.85547,1.02173
2021_03_BAL_DET,2021,3,2021-09-26,DET,BAL,1,63,-0.19887,36,3.69161,27,-3.89048,25.0,63,-0.19887,-1.02173
2021_03_CAR_HOU,2021,3,2021-09-23,CAR,HOU,0,70,14.12142,41,14.97494,29,-0.85352,33.0,55,11.32665,-2.10383
2021_03_CAR_HOU,2021,3,2021-09-23,HOU,CAR,1,54,-9.38325,35,-2.58141,19,-6.80183,22.0,49,-5.4495,2.10383
2021_03_CHI_CLE,2021,3,2021-09-26,CHI,CLE,0,45,-20.66172,33,-16.59085,12,-4.07088,12.0,32,-10.76175,-3.76042
2021_03_CHI_CLE,2021,3,2021-09-26,CLE,CHI,1,78,1.72839,40,1.29296,38,0.43544,35.0,61,1.12729,3.76042
2021_03_CIN_PIT,2021,3,2021-09-26,CIN,PIT,0,44,3.6431,22,7.05408,22,-3.41098,19.0,33,6.02776,4.48789
2021_03_CIN_PIT,2021,3,2021-09-26,PIT,CIN,1,83,-13.34509,67,-6.40831,16,-6.93678,28.0,43,-13.99891,-4.48789
2021_03_GB_SF,2021,3,2021-09-26,GB,SF,0,61,13.31774,36,13.63278,25,-0.31503,30.0,61,13.31774,1.91454
2021_03_GB_SF,2021,3,2021-09-26,SF,GB,1,70,9.79413,49,7.69058,21,2.10356,35.0,70,9.79413,-1.91454
2021_03_IND_TEN,2021,3,2021-09-26,IND,TEN,0,61,0.37398,43,-5.60378,18,5.97776,26.0,52,0.33492,-1.00139
2021_03_IND_TEN,2021,3,2021-09-26,TEN,IND,1,65,3.2944,32,4.90657,33,-1.61217,29.0,56,2.85148,1.00139
2021_03_LAC_KC,2021,3,2021-09-26,KC,LAC,1,79,4.74236,53,5.9319,26,-1.18954,43.0,75,4.91451,3.47247
2021_03_LAC_KC,2021,3,2021-09-26,LAC,KC,0,64,16.60966,45,18.46319,19,-1.85353,34.0,64,16.60966,-3.47247
2021_03_MIA_LV,2021,3,2021-09-26,LV,MIA,1,81,-0.92566,47,5.4466,34,-6.37226,36.0,75,4.02743,2.78837
2021_03_MIA_LV,2021,3,2021-09-26,MIA,LV,0,81,-2.02016,60,3.96512,21,-5.98528,31.0,72,-5.96757,-2.78837
2021_03_NO_NE,2021,3,2021-09-26,NE,NO,1,72,-18.6894,57,-16.11796,15,-2.57144,27.0,29,-19.64226,3.78803
2021_03_NO_NE,2021,3,2021-09-26,NO,NE,0,60,3.94152,27,5.13773,33,-1.19621,32.0,38,5.52309,-3.78803
2021_03_NYJ_DEN,2021,3,2021-09-26,DEN,NYJ,1,66,2.08352,31,16.14651,35,-14.063,31.0,34,7.9922,3.11781
2021_03_NYJ_DEN,2021,3,2021-09-26,NYJ,DEN,0,54,-27.71716,41,-24.73049,13,-2.98666,18.0,22,-8.51663,-3.11781
2021_03_PHI_DAL,2021,3,2021-09-27,DAL,PHI,1,73,5.72393,35,10.11842,38,-4.39449,43.0,45,4.82992,3.47703
2021_03_PHI_DAL,2021,3,2021-09-27,PHI,DAL,0,58,-15.27508,53,-14.36059,5,-0.91449,21.0,22,-14.07883,-3.47703
2021_03_SEA_MIN,2021,3,2021-09-26,MIN,SEA,1,75,16.64729,40,20.46505,35,-3.81776,36.0,58,16.08025,2.64313
2021_03_SEA_MIN,2021,3,2021-09-26,SEA,MIN,0,53,6.10926,38,0.56823,15,5.54103,28.0,43,9.14392,-2.64313
2021_03_TB_LA,2021,3,2021-09-26,LA,TB,1,63,14.97429,41,18.86733,22,-3.89304,28.0,44,18.07568,5.18573
2021_03_TB_LA,2021,3,2021-09-26,TB,LA,0,73,11.58756,62,11.77146,11,-0.1839,37.0,43,8.32012,-5.18573
2021_03_WAS_BUF,2021,3,2021-09-26,BUF,WAS,1,75,20.29234,48,22.90362,27,-2.61128,38.0,41,9.91771,-2.47163
2021_03_WAS_BUF,2021,3,2021-09-26,WAS,BUF,0,54,-11.50677,34,-2.55514,20,-8.95163,19.0,26,-10.44359,2.47163
2021_04_ARI_LA,2021,4,2021-10-03,ARI,LA,0,76,21.33404,41,17.56998,35,3.76406,42.0,56,12.31829,3.72717
2021_04_ARI_LA,2021,4,2021-10-03,LA,ARI,1,67,2.0291,47,5.1684,20,-3.1393,40.0,43,-2.86205,-3.72717
2021_04_BAL_DEN,2021,4,2021-10-03,BAL,DEN,0,72,4.64404,42,8.6338,30,-3.98976,34.0,49,5.17089,2.05837
2021_04_BAL_DEN,2021,4,2021-10-03,DEN,BAL,1,61,-14.18188,44,-15.97425,17,1.79237,21.0,45,-8.28539,-2.05837
2021_04_CAR_DAL,2021,4,2021-10-03,CAR,DAL,0,70,6.69928,48,2.21664,22,4.48264,35.0,47,-2.25452,-3.23579
2021_04_CAR_DAL,2021,4,2021-10-03,DAL,CAR,1,56,15.89548,25,11.50149,31,4.39399,32.0,41,15.52506,3.23579
2021_04_CLE_MIN,2021,4,2021-10-03,CLE,MIN,0,77,-5.55051,40,-6.82794,37,1.27743,29.0,71,-1.38986,-0.89185
2021_04_CLE_MIN,2021,4,2021-10-03,MIN,CLE,1,66,-16.07109,45,-10.72342,21,-5.34766,21.0,57,-17.1148,0.89185
2021_04_DET_CHI,2021,4,2021-10-03,CHI,DET,1,56,11.57784,20,5.52194,36,6.0559,26.0,24,12.13638,-1.40478
2021_04_DET_CHI,2021,4,2021-10-03,DET,CHI,0,71,-0.27972,47,6.67379,24,-6.9535,35.0,45,-10.45625,1.40478
2021_04_HOU_BUF,2021,4,2021-10-03,BUF,HOU,1,70,8.16604,34,3.01891,36,5.14713,42.0,21,-2.81255,0.19573
2021_04_HOU_BUF,2021,4,2021-10-03,HOU,BUF,0,47,-39.30417,30,-33.22544,17,-6.07873,9.0,23,-24.04737,-0.19573
2021_04_IND_MIA,2021,4,2021-10-03,IND,MIA,0,68,10.03472,36,10.85998,32,-0.82525,28.0,43,4.67592,1.58758
2021_04_IND_MIA,2021,4,2021-10-03,MIA,IND,1,52,-4.25644,38,1.23595,14,-5.49239,20.0,33,-11.10214,-1.58758
2021_04_JAX_CIN,2021,4,2021-09-30,CIN,JAX,1,58,16.69149,35,16.82216,23,-0.13066,31.0,58,16.69149,-4.03948
2021_04_JAX_CIN,2021,4,2021-09-30,JAX,CIN,0,56,11.14807,28,8.67619,28,2.47188,31.0,52,15.60386,4.03948
2021_04_KC_PHI,2021,4,2021-10-03,KC,PHI,0,66,31.24433,38,24.51867,28,6.72566,41.0,59,25.75878,-0.77909
2021_04_KC_PHI,2021,4,2021-10-03,PHI,KC,1,74,18.22503,59,13.88345,15,4.34158,38.0,56,15.10836,0.77909
2021_04_LV_LAC,2021,4,2021-10-04,LAC,LV,1,74,4.29758,42,2.53263,32,1.76495,34.0,45,0.24258,3.15561
2021_04_LV_LAC,2021,4,2021-10-04,LV,LAC,0,57,-10.18289,41,-5.50155,16,-4.68134,21.0,31,-11.73384,-3.15561
2021_04_NYG_NO,2021,4,2021-10-03,NO,NYG,1,68,5.27051,27,7.8232,41,-2.55269,35.0,65,7.08347,0.26458
2021_04_NYG_NO,2021,4,2021-10-03,NYG,NO,0,63,11.31115,46,13.90647,17,-2.59531,26.0,57,6.5476,-0.26458
2021_04_PIT_GB,2021,4,2021-10-03,GB,PIT,1,70,2.74268,40,4.99959,30,-2.25691,34.0,48,10.34494,-0.83319
2021_04_PIT_GB,2021,4,2021-10-03,PIT,GB,0,60,-6.6933,43,-8.154,17,1.4607,23.0,29,-2.69468,0.83319
2021_04_SEA_SF,2021,4,2021-10-03,SEA,SF,0,54,0.72185,30,3.22834,24,-2.5065,21.0,46,2.66012,15.36827
2021_04_SEA_SF,2021,4,2021-10-03,SF,SEA,1,75,3.27902,50,7.43666,25,-4.15764,36.0,44,-3.59447,-15.36827
2021_04_TB_NE,2021,4,2021-10-03,NE,TB,1,58,-3.02013,49,2.39702,9,-5.41716,28.0,58,-3.02013,6.87147
2021_04_TB_NE,2021,4,2021-10-03,TB,NE,0,74,7.14902,48,3.91676,26,3.23226,32.0,74,7.14902,-6.87147
2021_04_TEN_NYJ,2021,4,2021-10-03,NYJ,TEN,1,60,4.46885,37,10.48409,23,-6.01524,27.0,53,8.82475,-0.23766
2021_04_TEN_NYJ,2021,4,2021-10-03,TEN,NYJ,0,99,2.27738,62,1.85598,37,0.4214,45.0,95,1.23738,0.23766
2021_04_WAS_ATL,2021,4,2021-10-03,ATL,WAS,1,74,14.8725,47,20.2942,27,-5.42169,34.0,71,17.47794,-4.97608
2021_04_WAS_ATL,2021,4,2021-10-03,WAS,ATL,0,63,17.70505,40,23.30372,23,-5.59867,33.0,63,17.70505,4.97608
2021_05_BUF_KC,2021,5,2021-10-10,BUF,KC,0,54,17.73695,32,19.26913,22,-1.53218,26.0,33,15.77293,1.30648
2021_05_BUF_KC,2021,5,2021-10-10,KC,BUF,1,86,-2.98204,70,4.28583,16,-7.26787,46.0,57,-2.9423,-1.30648
2021_05_CHI_LV,2021,5,2021-10-10,CHI,LV,0,63,1.32756,25,6.57739,38,-5.24984,30.0,60,3.06676,0.58414
2021_05_CHI_LV,2021,5,2021-10-10,LV,CHI,1,66,-11.27885,45,-9.08754,21,-2.19131,26.0,58,-6.24911,-0.58414
2021_05_CLE_LAC,2021,5,2021-10-10,CLE,LAC,0,70,19.3218,36,10.29362,34,9.02817,34.0,69,20.17864,1.18008
2021_05_CLE_LAC,2021,5,2021-10-10,LAC,CLE,1,72,26.61304,52,21.91928,20,4.69376,33.0,70,24.17918,-1.18008
2021_05_DEN_PIT,2021,5,2021-10-10,DEN,PIT,0,59,7.29136,42,7.56082,17,-0.26946,29.0,33,-1.42916,-1.05231
2021_05_DEN_PIT,2021,5,2021-10-10,PIT,DEN,1,64,9.29088,28,12.54792,36,-3.25704,29.0,46,10.91238,1.05231
2021_05_DET_MIN,2021,5,2021-10-10,DET,MIN,0,67,-13.09368,43,-14.16101,24,1.06732,25.0,56,-8.86967,3.01646
2021_05_DET_MIN,2021,5,2021-10-10,MIN,DET,1,66,-8.36435,37,3.77777,29,-12.14212,24.0,53,0.14418,-3.01646
2021_05_GB_CIN,2021,5,2021-10-10,CIN,GB,1,66,-2.00306,43,-0.78555,23,-1.21751,31.0,66,-2.00306,1.43885
2021_05_GB_CIN,2021,5,2021-10-10,GB,CIN,0,63,9.61074,40,8.68738,23,0.92336,29.0,62,10.42061,-1.43885
2021_05_IND_BAL,2021,5,2021-10-11,BAL,IND,1,70,20.05705,52,34.30366,18,-14.24661,43.0,56,6.84655,2.72731
2021_05_IND_BAL,2021,5,2021-10-11,IND,BAL,0,68,21.49042,43,17.86663,25,3.62379,34.0,46,13.82896,-2.72731
2021_05_LA_SEA,2021,5,2021-10-07,LA,SEA,0,66,14.19083,38,14.05563,28,0.1352,34.0,60,16.35446,-2.90402
2021_05_LA_SEA,2021,5,2021-10-07,SEA,LA,1,65,-0.25182,43,7.69168,22,-7.9435,29.0,58,-2.28943,2.90402
2021_05_MIA_TB,2021,5,2021-10-10,MIA,TB,0,54,2.34142,45,2.65844,9,-0.31702,26.0,41,9.66329,-0.51033
2021_05_MIA_TB,2021,5,2021-10-10,TB,MIA,1,70,38.38871,49,36.43372,21,1.95498,44.0,47,23.55885,0.51033
2021_05_NE_HOU,2021,5,2021-10-10,HOU,NE,1,59,11.70207,35,18.76094,24,-7.05886,24.0,54,13.69377,-12.62402
2021_05_NE_HOU,2021,5,2021-10-10,NE,HOU,0,63,2.73248,32,12.01717,31,-9.28469,31.0,61,4.24882,12.62402
2021_05_NO_WAS,2021,5,2021-10-10,NO,WAS,0,55,8.32817,35,9.46902,20,-1.14085,22.0,48,6.38424,-0.58094
2021_05_NO_WAS,2021,5,2021-10-10,WAS,NO,1,82,-9.77846,52,-7.70183,30,-2.07662,38.0,76,-11.4383,0.58094
2021_05_NYG_DAL,2021,5,2021-10-10,DAL,NYG,1,78,15.50372,39,14.98837,39,0.51535,38.0,56,10.36975,5.36938
2021_05_NYG_DAL,2021,5,2021-10-10,NYG,DAL,0,67,-7.53759,44,-1.38797,23,-6.14962,27.0,42,-4.73183,-5.36938
2021_05_NYJ_ATL,2021,5,2021-10-10,ATL,NYJ,1,77,17.01612,49,18.14948,28,-1.13336,39.0,46,21.90485,-4.32964
2021_05_NYJ_ATL,2021,5,2021-10-10,NYJ,ATL,0,55,1.25375,38,-2.09261,17,3.34637,26.0,28,-5.76395,4.32964
2021_05_PHI_CAR,2021,5,2021-10-10,CAR,PHI,1,71,-21.43102,43,-17.4426,28,-3.98842,28.0,67,-21.1353,-1.80929
2021_05_PHI_CAR,2021,5,2021-10-10,PHI,CAR,0,64,-16.99297,45,-18.09005,19,1.09708,22.0,59,-18.66094,1.80929
2021_05_SF_ARI,2021,5,2021-10-10,ARI,SF,1,58,-0.13918,34,0.45676,24,-0.59594,27.0,50,-0.55479,-3.61683
2021_05_SF_ARI,2021,5,2021-10-10,SF,ARI,0,65,-12.88232,38,-2.96891,27,-9.91341,24.0,61,-14.26014,3.61683
2021_05_TEN_JAX,2021,5,2021-10-10,JAX,TEN,1,70,-2.11179,42,-5.86368,28,3.75189,39.0,41,-0.5417,-3.38555
2021_05_TEN_JAX,2021,5,2021-10-10,TEN,JAX,0,64,16.14418,27,11.55796,37,4.58622,31.0,41,16.24498,3.38555
2021_06_ARI_CLE,2021,6,2021-10-17,ARI,CLE,0,72,19.02128,37,20.08848,35,-1.0672,33.0,41,9.98351,-0.31992
2021_06_ARI_CLE,2021,6,2021-10-17,CLE,ARI,1,59,-17.84276,40,-12.89408,19,-4.94869,19.0,31,-23.79271,0.31992
2021_06_BUF_TEN,2021,6,2021-10-18,BUF,TEN,0,76,11.57649,56,17.6501,20,-6.07361,36.0,76,11.57649,-0.56282
2021_06_BUF_TEN,2021,6,2021-10-18,TEN,BUF,1,52,11.58237,31,5.98449,21,5.59788,24.0,52,11.58237,0.56282
2021_06_CIN_DET,2021,6,2021-10-17,CIN,DET,0,69,14.88531,41,15.86287,28,-0.97756,31.0,41,1.3808,4.79609
2021_06_CIN_DET,2021,6,2021-10-17,DET,CIN,1,61,-11.95544,44,-9.22542,17,-2.73002,21.0,31,-16.9449,-4.79609
2021_06_DAL_NE,2021,6,2021-10-17,DAL,NE,0,88,10.59032,56,22.27638,32,-11.68607,42.0,88,10.59032,2.66079
2021_06_DAL_NE,2021,6,2021-10-17,NE,DAL,1,50,-2.00793,25,-4.62501,25,2.61709,24.0,50,-2.00793,-2.66079
2021_06_GB_CHI,2021,6,2021-10-17,CHI,GB,1,61,1.46453,39,-0.95146,22,2.416,27.0,56,4.55522,-2.11195
2021_06_GB_CHI,2021,6,2021-10-17,GB,CHI,0,55,13.50131,30,9.78944,25,3.71187,30.0,51,13.5712,2.11195
2021_06_HOU_IND,2021,6,2021-10-17,HOU,IND,0,75,-17.02857,47,-10.03752,28,-6.99105,30.0,42,-10.29569,-1.08693
2021_06_HOU_IND,2021,6,2021-10-17,IND,HOU,1,47,13.29269,23,6.04035,24,7.25234,19.0,28,5.34742,1.08693
2021_06_KC_WAS,2021,6,2021-10-17,KC,WAS,0,82,9.96209,57,15.95971,25,-5.99762,42.0,62,6.306,2.10488
2021_06_KC_WAS,2021,6,2021-10-17,WAS,KC,1,59,-10.23125,40,-6.18607,19,-4.04518,23.0,55,-4.08234,-2.10488
2021_06_LAC_BAL,2021,6,2021-10-17,BAL,LAC,1,67,2.823,33,-2.63878,34,5.46178,37.0,30,11.08301,9.40799
2021_06_LAC_BAL,2021,6,2021-10-17,LAC,BAL,0,56,-18.54748,45,-14.71843,11,-3.82904,19.0,21,-3.56446,-9.40799
2021_06_LA_NYG,2021,6,2021-10-17,LA,NYG,0,66,10.76858,35,15.10283,31,-4.33425,32.0,27,3.23625,0.47034
2021_06_LA_NYG,2021,6,2021-10-17,NYG,LA,1,74,-20.30144,57,-13.74306,17,-6.55838,28.0,39,-15.04897,-0.47034
2021_06_LV_DEN,2021,6,2021-10-17,DEN,LV,1,81,-0.19289,59,0.58798,22,-0.78087,37.0,44,-10.13728,0.29064
2021_06_LV_DEN,2021,6,2021-10-17,LV,DEN,0,54,15.30463,30,17.16393,24,-1.85931,25.0,36,14.01516,-0.29064
2021_06_MIA_JAX,2021,6,2021-10-17,JAX,MIA,1,65,3.64116,46,9.79403,19,-6.15287,29.0,65,3.64116,4.93637
2021_06_MIA_JAX,2021,6,2021-10-17,MIA,JAX,0,69,6.95462,51,12.48999,18,-5.53538,32.0,69,6.95462,-4.93637
2021_06_MIN_CAR,2021,6,2021-10-17,CAR,MIN,1,72,-14.19321,53,-13.72714,19,-0.46607,29.0,55,-15.86342,10.03494
2021_06_MIN_CAR,2021,6,2021-10-17,MIN,CAR,0,86,7.69257,49,9.26368,37,-1.57112,37.0,76,12.23446,-10.03494
2021_06_SEA_PIT,2021,6,2021-10-17,PIT,SEA,1,74,-3.33814,45,-4.4801,29,1.14196,30.0,71,-2.57344,2.28121
2021_06_SEA_PIT,2021,6,2021-10-17,SEA,PIT,0,63,-4.19493,36,-8.42656,27,4.23163,29.0,61,-4.69634,-2.28121
2021_06_TB_PHI,2021,6,2021-10-14,PHI,TB,1,51,4.84356,37,2.33177,14,2.51178,21.0,32,-6.80622,-4.12206
2021_06_TB_PHI,2021,6,2021-10-14,TB,PHI,0,72,18.18244,43,14.07071,29,4.11173,39.0,46,17.40342,4.12206
2021_07_ATL_MIA,2021,7,2021-10-24,ATL,MIA,0,61,7.09063,42,7.78748,19,-0.69685,27.0,58,9.14361,2.27868
2021_07_ATL_MIA,2021,7,2021-10-24,MIA,ATL,1,73,5.2558,46,7.66927,27,-2.41347,38.0,66,0.22759,-2.27868
2021_07_CAR_NYG,2021,7,2021-10-24,CAR,NYG,0,64,-24.02921,48,-22.81124,16,-1.21798,22.0,45,-12.65085,-7.90507
2021_07_CAR_NYG,2021,7,2021-10-24,NYG,CAR,1,69,-8.31488,41,-2.40007,28,-5.91481,26.0,51,-8.57378,7.90507
2021_07_CHI_TB,2021,7,2021-10-24,CHI,TB,0,66,-29.84429,44,-28.52952,22,-1.31477,27.0,15,-13.65386,2.25424
2021_07_CHI_TB,2021,7,2021-10-24,TB,CHI,1,73,10.52614,41,10.19292,32,0.33322,36.0,12,3.50591,-2.25424
2021_07_CIN_BAL,2021,7,2021-10-24,BAL,CIN,1,73,-11.19547,55,-12.45342,18,1.25795,25.0,56,-2.61148,-0.37045
2021_07_CIN_BAL,2021,7,2021-10-24,CIN,BAL,0,62,18.73601,38,19.69437,24,-0.95836,27.0,45,19.79999,0.37045
2021_07_DEN_CLE,2021,7,2021-10-21,CLE,DEN,1,70,12.21884,36,7.01835,34,5.20049,39.0,63,13.14317,0.27613
2021_07_DEN_CLE,2021,7,2021-10-21,DEN,CLE,0,50,5.14836,36,6.06954,14,-0.92118,23.0,49,4.47694,-0.27613
2021_07_DET_LA,2021,7,2021-10-24,DET,LA,0,69,1.82492,39,2.39032,30,-0.56541,31.0,66,3.9166,6.97712
2021_07_DET_LA,2021,7,2021-10-24,LA,DET,1,62,13.66284,45,18.10584,17,-4.443,29.0,57,14.14755,-6.97712
2021_07_HOU_ARI,2021,7,2021-10-24,ARI,HOU,1,69,8.86066,35,12.93674,34,-4.07608,34.0,43,7.95027,-3.99134
2021_07_HOU_ARI,2021,7,2021-10-24,HOU,ARI,0,56,-29.45669,39,-19.91904,17,-9.53765,15.0,33,-13.34733,3.99134
2021_07_IND_SF,2021,7,2021-10-24,IND,SF,0,67,1.31947,34,7.2217,33,-5.90223,23.0,62,2.56112,-2.10522
2021_07_IND_SF,2021,7,2021-10-24,SF,IND,1,54,-15.42313,31,-14.20196,23,-1.22117,18.0,49,-12.87841,2.10522
2021_07_KC_TEN,2021,7,2021-10-24,KC,TEN,0,71,-8.7959,64,-7.76454,7,-1.03136,34.0,12,-7.0077,-3.08882
2021_07_KC_TEN,2021,7,2021-10-24,TEN,KC,1,66,13.03229,33,20.39735,33,-7.36505,35.0,26,15.17306,3.08882
2021_07_NO_SEA,2021,7,2021-10-25,NO,SEA,0,72,-8.1789,45,-1.74146,27,-6.43744,28.0,72,-8.1789,7.51546
2021_07_NO_SEA,2021,7,2021-10-25,SEA,NO,1,55,-6.83927,29,-3.50871,26,-3.33056,19.0,54,-2.76704,-7.51546
2021_07_NYJ_NE,2021,7,2021-10-24,NE,NYJ,1,73,35.085,46,28.89887,27,6.18613,39.0,27,16.224,6.08647
2021_07_NYJ_NE,2021,7,2021-10-24,NYJ,NE,0,65,-3.83184,47,1.0617,18,-4.89354,31.0,26,-0.73477,-6.08647
2021_07_PHI_LV,2021,7,2021-10-24,LV,PHI,1,65,12.87015,37,15.555,28,-2.68484,36.0,41,11.5683,2.83038
2021_07_PHI_LV,2021,7,2021-10-24,PHI,LV,0,67,0.88689,40,6.53445,27,-5.64756,34.0,26,-1.44413,-2.83038
2021_07_WAS_GB,2021,7,2021-10-24,GB,WAS,1,56,4.55226,42,13.85047,14,-9.2982,24.0,37,11.42869,3.60842
2021_07_WAS_GB,2021,7,2021-10-24,WAS,GB,0,70,-5.4733,47,-4.54512,23,-0.92818,36.0,37,-4.38936,-3.60842
2021_08_CAR_ATL,2021,8,2021-10-31,ATL,CAR,1,53,-7.60893,34,-5.06003,19,-2.54889,22.0,44,-4.88135,-2.65554
2021_08_CAR_ATL,2021,8,2021-10-31,CAR,ATL,0,73,2.67516,29,6.49085,44,-3.81569,36.0,67,5.05002,2.65554
2021_08_CIN_NYJ,2021,8,2021-10-31,CIN,NYJ,0,54,1.47567,39,3.149,15,-1.67333,26.0,54,1.47567,1.86744
2021_08_CIN_NYJ,2021,8,2021-10-31,NYJ,CIN,1,79,6.73529,55,6.18251,24,0.55278,46.0,71,3.34488,-1.86744
2021_08_DAL_MIN,2021,8,2021-10-31,DAL,MIN,0,73,1.63459,50,4.25751,23,-2.62292,30.0,73,1.63459,-4.17774
2021_08_DAL_MIN,2021,8,2021-10-31,MIN,DAL,1,65,-11.35176,43,-7.47145,22,-3.88031,22.0,64,-11.19832,4.17774
2021_08_GB_ARI,2021,8,2021-10-28,ARI,GB,1,59,4.09521,39,3.49223,20,0.60298,31.0,59,4.09521,-4.79997
2021_08_GB_ARI,2021,8,2021-10-28,GB,ARI,0,72,6.35485,40,2.28482,32,4.07003,34.0,72,6.35485,4.79997
2021_08_JAX_SEA,2021,8,2021-10-31,JAX,SEA,0,75,-10.36245,58,-6.61976,17,-3.74269,33.0,23,-4.8269,-10.28308
2021_08_JAX_SEA,2021,8,2021-10-31,SEA,JAX,1,56,3.73532,32,8.60596,24,-4.87065,28.0,22,10.12248,10.28308
2021_08_LA_HOU,2021,8,2021-10-31,HOU,LA,1,60,-8.95794,45,-7.67924,15,-1.2787,25.0,18,-11.68269,5.73864
2021_08_LA_HOU,2021,8,2021-10-31,LA,HOU,0,67,17.59061,36,16.67294,31,0.91767,35.0,37,8.24292,-5.73864
2021_08_MIA_BUF,2021,8,2021-10-31,BUF,MIA,1,71,4.71438,50,12.31151,21,-7.59713,32.0,57,0.49663,6.38722
2021_08_MIA_BUF,2021,8,2021-10-31,MIA,BUF,0,68,-6.98112,47,-0.864,21,-6.11712,27.0,50,-6.60094,-6.38722
2021_08_NE_LAC,2021,8,2021-10-31,LAC,NE,1,59,-3.40221,40,-8.66774,19,5.26553,21.0,49,-9.33841,-8.94484
2021_08_NE_LAC,2021,8,2021-10-31,NE,LAC,0,75,-4.27565,38,-1.13691,37,-3.13874,34.0,67,-3.26291,8.94484
2021_08_NYG_KC,2021,8,2021-11-01,KC,NYG,1,80,-0.49857,55,-1.52133,25,1.02277,39.0,80,-0.49857,4.04423
2021_08_NYG_KC,2021,8,2021-11-01,NYG,KC,0,59,-1.60628,41,0.23674,18,-1.84302,25.0,58,1.45066,-4.04423
2021_08_PHI_DET,2021,8,2021-10-31,DET,PHI,1,61,-24.07169,44,-21.41826,17,-2.65343,22.0,31,-12.41327,-4.35684
2021_08_PHI_DET,2021,8,2021-10-31,PHI,DET,0,64,15.78894,20,8.04634,44,7.7426,34.0,30,11.30687,4.35684
2021_08_PIT_CLE,2021,8,2021-10-31,CLE,PIT,1,59,-4.48278,37,0.48595,22,-4.96873,25.0,59,-4.48278,0.33958
2021_08_PIT_CLE,2021,8,2021-10-31,PIT,CLE,0,71,4.30554,38,3.9756,33,0.32994,28.0,65,4.61959,-0.33958
2021_08_SF_CHI,2021,8,2021-10-31,CHI,SF,1,70,6.40033,42,14.19059,28,-7.79026,29.0,68,10.76861,-0.53411
2021_08_SF_CHI,2021,8,2021-10-31,SF,CHI,0,51,22.21704,28,14.0556,23,8.16144,25.0,45,21.10145,0.53411
2021_08_TB_NO,2021,8,2021-10-31,NO,TB,1,75,6.83071,48,9.07701,27,-2.24629,31.0,69,4.61495,1.65092
2021_08_TB_NO,2021,8,2021-10-31,TB,NO,0,60,-3.10544,45,-0.89142,15,-2.21402,28.0,50,-2.63949,-1.65092
2021_08_TEN_IND,2021,8,2021-10-31,IND,TEN,1,80,-4.36471,59,-4.76881,21,0.4041,39.0,76,-6.08259,0.5855
2021_08_TEN_IND,2021,8,2021-10-31,TEN,IND,0,72,3.50085,40,6.09584,32,-2.595,30.0,72,3.50085,-0.5855
2021_08_WAS_DEN,2021,8,2021-10-31,DEN,WAS,1,53,2.94485,31,3.51712,22,-0.57227,23.0,50,6.24981,3.07034
2021_08_WAS_DEN,2021,8,2021-10-31,WAS,DEN,0,70,-0.25562,47,-0.42594,23,0.17031,28.0,68,1.76774,-3.07034
2021_09_ARI_SF,2021,9,2021-11-07,ARI,SF,0,69,17.65683,32,18.93422,37,-1.27738,31.0,36,21.08061,-2.9973
2021_09_ARI_SF,2021,9,2021-11-07,SF,ARI,1,59,-5.36962,49,-3.78223,10,-1.58739,27.0,28,-2.33437,2.9973
2021_09_ATL_NO,2021,9,2021-11-07,ATL,NO,0,57,4.18551,37,18.0294,20,-13.84389,22.0,49,7.22762,-4.61538
2021_09_ATL_NO,2021,9,2021-11-07,NO,ATL,1,74,-3.07946,47,0.08697,27,-3.16643,33.0,55,-10.69977,4.61538
2021_09_BUF_JAX,2021,9,2021-11-07,BUF,JAX,0,67,-13.13683,56,-5.5215,11,-7.61533,26.0,67,-13.13683,1.17426
2021_09_BUF_JAX,2021,9,2021-11-07,JAX,BUF,1,60,-8.74473,32,0.75255,28,-9.49727,23.0,57,-7.07876,-1.17426
2021_09_CHI_PIT,2021,9,2021-11-08,CHI,PIT,0,62,3.34559,41,1.40173,21,1.94386,26.0,54,1.40229,-1.37757
2021_09_CHI_PIT,2021,9,2021-11-08,PIT,CHI,1,70,6.33931,39,9.4157,31,-3.0764,30.0,56,12.93134,1.37757
2021_09_CLE_CIN,2021,9,2021-11-07,CIN,CLE,1,74,-20.01184,50,-18.92292,24,-1.08891,34.0,48,-10.33284,1.90605
2021_09_CLE_CIN,2021,9,2021-11-07,CLE,CIN,0,48,14.82861,24,12.48261,24,2.346,19.0,16,14.62218,-1.90605
2021_09_DEN_DAL,2021,9,2021-11-07,DAL,DEN,1,60,-12.71243,46,-9.44914,14,-3.2633,22.0,26,-10.31647,-0.52116
2021_09_DEN_DAL,2021,9,2021-11-07,DEN,DAL,0,75,10.60052,34,10.2719,41,0.32863,32.0,31,11.0658,0.52116
2021_09_GB_KC,2021,9,2021-11-07,GB,KC,0,63,-0.68801,41,0.27383,22,-0.96184,25.0,31,-2.5438,-15.46698
2021_09_GB_KC,2021,9,2021-11-07,KC,GB,1,63,-6.9517,40,-6.45673,23,-0.49497,25.0,38,-0.13392,15.46698
2021_09_HOU_MIA,2021,9,2021-11-07,HOU,MIA,0,68,-22.83745,52,-19.4323,16,-3.40515,22.0,56,-22.61158,4.68488
2021_09_HOU_MIA,2021,9,2021-11-07,MIA,HOU,1,75,-12.33546,50,-0.59486,25,-11.7406,30.0,50,-1.50001,-4.68488
2021_09_LAC_PHI,2021,9,2021-11-07,LAC,PHI,0,67,16.85495,41,23.47344,26,-6.61849,34.0,67,16.85495,1.37667
2021_09_LAC_PHI,2021,9,2021-11-07,PHI,LAC,1,57,12.71684,24,10.72225,33,1.99459,29.0,57,12.71684,-1.37667
2021_09_LV_NYG,2021,9,2021-11-07,LV,NYG,0,69,-3.77561,49,-7.28934,20,3.51374,38.0,69,-3.77561,-4.92984
2021_09_LV_NYG,2021,9,2021-11-07,NYG,LV,1,55,-1.52495,28,0.47164,27,-1.99659,27.0,55,-1.52495,4.92984
2021_09_MIN_BAL,2021,9,2021-11-07,BAL,MIN,1,98,13.14964,57,0.98833,41,12.1613,50.0,98,13.14964,-4.81842
2021_09_MIN_BAL,2021,9,2021-11-07,MIN,BAL,0,55,10.23648,30,9.75556,25,0.48091,21.0,55,10.23648,4.81842
2021_09_NE_CAR,2021,9,2021-11-07,CAR,NE,1,59,-30.20626,38,-26.44959,21,-3.75666,17.0,35,-19.4228,3.40464
2021_09_NE_CAR,2021,9,2021-11-07,NE,CAR,0,59,-1.99151,22,-3.47712,37,1.4856,27.0,39,-2.84347,-3.40464
2021_09_NYJ_IND,2021,9,2021-11-04,IND,NYJ,1,61,26.59409,33,15.15167,28,11.44242,34.0,28,16.68206,2.81747
2021_09_NYJ_IND,2021,9,2021-11-04,NYJ,IND,0,75,16.82699,58,23.21953,17,-6.39254,36.0,26,3.30077,-2.81747
2021_09_TEN_LA,2021,9,2021-11-07,LA,TEN,1,78,-18.6704,58,-16.95079,20,-1.71961,32.0,33,-22.70892,1.82083
2021_09_TEN_LA,2021,9,2021-11-07,TEN,LA,0,57,-1.07895,32,-1.06008,25,-0.01888,25.0,23,-1.41242,-1.82083
2021_10_ATL_DAL,2021,10,2021-11-14,ATL,DAL,0,54,-25.84817,29,-22.56834,25,-3.27983,17.0,20,-7.3819,-7.04165
2021_10_ATL_DAL,2021,10,2021-11-14,DAL,ATL,1,73,10.36161,39,24.52839,34,-14.16678,30.0,31,11.9827,7.04165
2021_10_BAL_MIA,2021,10,2021-11-11,BAL,MIA,0,70,-15.45811,51,-12.74901,19,-2.70911,31.0,47,-20.48886,-5.47826
2021_10_BAL_MIA,2021,10,2021-11-11,MIA,BAL,1,65,-3.99415,46,-1.55848,19,-2.43566,23.0,57,-6.36709,5.47826
2021_10_BUF_NYJ,2021,10,2021-11-14,BUF,NYJ,0,55,21.47133,34,18.83055,21,2.64079,32.0,32,9.39051,2.88689
2021_10_BUF_NYJ,2021,10,2021-11-14,NYJ,BUF,1,77,-10.25647,52,-4.63653,25,-5.61994,30.0,34,-9.28918,-2.88689
2021_10_CAR_ARI,2021,10,2021-11-14,ARI,CAR,1,55,-29.6801,35,-18.56302,20,-11.11708,16.0,18,-18.53466,-3.7281
2021_10_CAR_ARI,2021,10,2021-11-14,CAR,ARI,0,73,-1.8045,35,4.30967,38,-6.11417,34.0,24,7.44758,3.7281
2021_10_CLE_NE,2021,10,2021-11-14,CLE,NE,0,59,-9.65255,39,-8.74925,20,-0.9033,24.0,22,-2.4082,-1.69493
2021_10_CLE_NE,2021,10,2021-11-14,NE,CLE,1,64,29.58719,31,24.54942,33,5.03777,36.0,28,14.79832,1.69493
2021_10_DET_PIT,2021,10,2021-11-14,DET,PIT,0,71,-6.98407,32,-11.96254,39,4.97847,21.0,70,-6.88787,-4.68733
2021_10_DET_PIT,2021,10,2021-11-14,PIT,DET,1,85,-10.61388,56,-7.61834,29,-2.99553,34.0,85,-10.61388,4.68733
2021_10_JAX_IND,2021,10,2021-11-14,IND,JAX,1,61,-4.65586,36,-3.72816,25,-0.92769,23.0,51,0.2136,11.26608
2021_10_JAX_IND,2021,10,2021-11-14,JAX,IND,0,65,-2.58422,44,-6.25356,21,3.66933,26.0,63,-5.23283,-11.26608
2021_10_KC_LV,2021,10,2021-11-14,KC,LV,0,75,27.65448,51,28.92358,24,-1.2691,40.0,58,20.32177,-2.29588
2021_10_KC_LV,2021,10,2021-11-14,LV,KC,1,54,-7.09198,43,-4.26643,11,-2.82555,19.0,30,0.50857,2.29588
2021_10_LA_SF,2021,10,2021-11-15,LA,SF,0,56,-10.47614,47,-11.36862,9,0.89248,22.0,24,-2.79258,-3.40908
2021_10_LA_SF,2021,10,2021-11-15,SF,LA,1,67,11.28438,21,15.02972,46,-3.74535,30.0,31,14.37599,3.40908
2021_10_MIN_LAC,2021,10,2021-11-14,LAC,MIN,1,59,-2.44903,41,-2.19546,18,-0.25358,28.0,59,-2.44903,-3.52183
2021_10_MIN_LAC,2021,10,2021-11-14,MIN,LAC,0,76,5.67548,43,5.37135,33,0.30413,36.0,67,4.23583,3.52183
2021_10_NO_TEN,2021,10,2021-11-14,NO,TEN,0,66,7.98782,45,7.20197,21,0.78584,28.0,56,-2.86106,-12.32376
2021_10_NO_TEN,2021,10,2021-11-14,TEN,NO,1,58,-0.66609,32,4.41115,26,-5.07724,24.0,43,4.11836,12.32376
2021_10_PHI_DEN,2021,10,2021-11-14,DEN,PHI,1,58,-12.74579,38,-3.08763,20,-9.65816,23.0,44,-6.82139,-0.56608
2021_10_PHI_DEN,2021,10,2021-11-14,PHI,DEN,0,61,8.1937,26,7.09971,35,1.09399,30.0,48,8.07563,0.56608
2021_10_SEA_GB,2021,10,2021-11-14,GB,SEA,1,74,4.29056,43,2.8347,31,1.45586,34.0,63,-2.05199,-2.62856
2021_10_SEA_GB,2021,10,2021-11-14,SEA,GB,0,61,-17.09586,50,-18.26401,11,1.16815,26.0,47,-16.72862,2.62856
2021_10_TB_WAS,2021,10,2021-11-14,TB,WAS,0,48,-1.96859,35,-3.98742,13,2.01883,22.0,43,-4.13802,-2.28874
2021_10_TB_WAS,2021,10,2021-11-14,WAS,TB,1,72,5.28811,41,7.40197,31,-2.11386,32.0,60,8.68727,2.28874
2021_11_ARI_SEA,2021,11,2021-11-21,ARI,SEA,0,81,17.58313,50,20.431,31,-2.84787,45.0,70,15.50158,-8.25672
2021_11_ARI_SEA,2021,11,2021-11-21,SEA,ARI,1,49,-5.68453,30,-4.86776,19,-0.81677,18.0,43,-1.7703,8.25672
2021_11_BAL_CHI,2021,11,2021-11-21,BAL,CHI,0,81,-4.77891,49,-2.96894,32,-1.80997,34.0,81,-4.77891,7.4587
2021_11_BAL_CHI,2021,11,2021-11-21,CHI,BAL,1,58,-0.27116,39,2.1612,19,-2.43236,21.0,56,-0.39968,-7.4587
2021_11_CIN_LV,2021,11,2021-11-21,CIN,LV,0,74,5.78938,39,8.85568,35,-3.06631,37.0,69,4.32492,7.6057
2021_11_CIN_LV,2021,11,2021-11-21,LV,CIN,1,47,-12.93727,29,-8.89542,18,-4.04186,22.0,34,-2.39256,-7.6057
2021_11_DAL_KC,2021,11,2021-11-21,DAL,KC,0,66,-15.76207,50,-14.51524,16,-1.24682,24.0,48,-16.29252,1.76201
2021_11_DAL_KC,2021,11,2021-11-21,KC,DAL,1,66,-7.45087,44,-9.47307,22,2.02219,30.0,30,6.58767,-1.76201
2021_11_DET_CLE,2021,11,2021-11-21,CLE,DET,1,72,-1.88546,39,-0.80352,33,-1.08194,29.0,56,0.15196,-4.42102
2021_11_DET_CLE,2021,11,2021-11-21,DET,CLE,0,48,-11.53717,25,-12.59565,23,1.05849,15.0,43,-17.63994,4.42102
2021_11_GB_MIN,2021,11,2021-11-21,GB,MIN,0,58,21.98373,41,23.59722,17,-1.61349,28.0,51,22.53779,-1.65781
2021_11_GB_MIN,2021,11,2021-11-21,MIN,GB,1,66,21.86952,39,25.10219,27,-3.23267,34.0,63,23.14815,1.65781
2021_11_HOU_TEN,2021,11,2021-11-21,HOU,TEN,0,64,-5.17832,30,7.06834,34,-12.24666,21.0,46,2.7467,5.48459
2021_11_HOU_TEN,2021,11,2021-11-21,TEN,HOU,1,80,-14.30491,54,-9.98898,26,-4.31593,40.0,52,-21.8815,-5.48459
2021_11_IND_BUF,2021,11,2021-11-21,BUF,IND,1,55,-1.85394,43,-5.01602,12,3.16208,29.0,32,-0.15107,-12.65969
2021_11_IND_BUF,2021,11,2021-11-21,IND,BUF,0,69,20.12321,24,10.39566,45,9.72756,37.0,32,13.16047,12.65969
2021_11_MIA_NYJ,2021,11,2021-11-21,MIA,NYJ,0,71,13.65793,40,17.14311,31,-3.48518,34.0,60,12.79177,1.48209
2021_11_MIA_NYJ,2021,11,2021-11-21,NYJ,MIA,1,60,2.52727,42,0.62974,18,1.89753,30.0,53,0.80923,-1.48209
2021_11_NE_ATL,2021,11,2021-11-18,ATL,NE,1,54,-30.03496,38,-22.54794,16,-7.48701,19.0,42,-14.07719,-5.4787
2021_11_NE_ATL,2021,11,2021-11-18,NE,ATL,0,61,-2.56505,32,-0.0194,29,-2.54564,31.0,31,5.7613,5.4787
2021_11_NO_PHI,2021,11,2021-11-21,NO,PHI,0,63,-9.82607,43,-4.52816,20,-5.29791,25.0,29,-19.2782,-4.64992
2021_11_NO_PHI,2021,11,2021-11-21,PHI,NO,1,76,-0.72539,32,0.78786,44,-1.51325,31.0,37,4.13292,4.64992
2021_11_NYG_TB,2021,11,2021-11-22,NYG,TB,0,58,-19.00843,44,-19.4151,14,0.40668,21.0,34,-1.92737,0.10753
2021_11_NYG_TB,2021,11,2021-11-22,TB,NYG,1,77,7.15883,53,7.46423,24,-0.3054,40.0,56,12.48098,-0.10753
2021_11_PIT_LAC,2021,11,2021-11-21,LAC,PIT,1,73,18.54271,53,23.35945,20,-4.81674,39.0,54,26.10941,-6.39639
2021_11_PIT_LAC,2021,11,2021-11-21,PIT,LAC,0,69,4.01688,51,5.8859,18,-1.86902,33.0,45,1.64107,6.39639
2021_11_SF_JAX,2021,11,2021-11-21,JAX,SF,1,46,-3.89354,31,-0.83197,15,-3.06157,20.0,16,-5.03434,-4.42542
2021_11_SF_JAX,2021,11,2021-11-21,SF,JAX,0,67,16.59921,28,13.10531,39,3.4939,34.0,41,14.88213,4.42542
2021_11_WAS_CAR,2021,11,2021-11-21,CAR,WAS,1,50,5.64443,29,3.8187,21,1.82573,23.0,50,5.64443,-2.83293
2021_11_WAS_CAR,2021,11,2021-11-21,WAS,CAR,0,65,13.92043,27,15.85586,38,-1.93543,32.0,64,13.53599,2.83293
2021_12_ATL_JAX,2021,12,2021-11-28,ATL,JAX,0,58,7.12338,32,5.93931,26,1.18407,28.0,43,8.07385,-1.17309
2021_12_ATL_JAX,2021,12,2021-11-28,JAX,ATL,1,72,-3.4539,44,-2.25799,28,-1.19591,34.0,55,-3.55872,1.17309
2021_12_BUF_NO,2021,12,2021-11-25,BUF,NO,0,66,8.26803,38,14.30776,28,-6.03973,35.0,47,1.7267,4.44073
2021_12_BUF_NO,2021,12,2021-11-25,NO,BUF,1,56,-18.46933,33,-7.85171,23,-10.61762,16.0,26,-14.72967,-4.44073
2021_12_CAR_MIA,2021,12,2021-11-28,CAR,MIA,0,56,-18.93743,37,-19.26922,19,0.33179,17.0,36,-9.64843,-4.97286
2021_12_CAR_MIA,2021,12,2021-11-28,MIA,CAR,1,72,2.55393,35,4.14626,37,-1.59233,31.0,33,4.94127,4.97286
2021_12_CHI_DET,2021,12,2021-11-25,CHI,DET,0,67,1.74553,44,10.1559,23,-8.41037,24.0,67,1.74553,-2.71301
2021_12_CHI_DET,2021,12,2021-11-25,DET,CHI,1,49,-4.3214,27,0.40394,22,-4.72533,18.0,49,-4.3214,2.71301
2021_12_CLE_BAL,2021,12,2021-11-28,BAL,CLE,1,77,-10.19347,40,-8.09433,37,-2.09913,32.0,75,-11.13811,7.82789
2021_12_CLE_BAL,2021,12,2021-11-28,CLE,BAL,0,60,-8.63412,43,-4.04836,17,-4.58577,21.0,59,-6.70484,-7.82789
2021_12_LAC_DEN,2021,12,2021-11-28,DEN,LAC,1,60,5.93167,28,5.00529,32,0.92638,24.0,46,9.58524,6.74543
2021_12_LAC_DEN,2021,12,2021-11-28,LAC,DEN,0,70,-3.91502,57,-1.82532,13,-2.0897,34.0,56,-1.9171,-6.74543
2021_12_LA_GB,2021,12,2021-11-28,GB,LA,1,80,5.17422,48,8.76858,32,-3.59436,32.0,57,9.74637,-2.3521
2021_12_LA_GB,2021,12,2021-11-28,LA,GB,0,60,-8.22807,41,-3.7804,19,-4.44767,26.0,31,-6.04088,2.3521
2021_12_LV_DAL,2021,12,2021-11-25,DAL,LV,1,72,6.10087,52,8.36775,20,-2.26687,32.0,70,3.87662,-2.82247
2021_12_LV_DAL,2021,12,2021-11-25,LV,DAL,0,86,12.94098,49,23.17236,37,-10.23138,32.0,80,15.03899,2.82247
2021_12_MIN_SF,2021,12,2021-11-28,MIN,SF,0,54,-4.40017,36,3.18486,18,-7.58502,22.0,47,-4.97458,5.78054
2021_12_MIN_SF,2021,12,2021-11-28,SF,MIN,1,68,7.31176,30,3.55971,38,3.75205,31.0,60,6.03591,-5.78054
2021_12_NYJ_HOU,2021,12,2021-11-28,HOU,NYJ,1,57,-13.39359,34,-9.36117,23,-4.03242,17.0,53,-10.9254,2.54167
2021_12_NYJ_HOU,2021,12,2021-11-28,NYJ,HOU,0,65,-4.37188,30,-7.44348,35,3.07161,27.0,62,-3.46044,-2.54167
2021_12_PHI_NYG,2021,12,2021-11-28,NYG,PHI,1,59,-2.09911,35,4.80318,24,-6.90229,25.0,56,-0.09934,-4.09978
2021_12_PHI_NYG,2021,12,2021-11-28,PHI,NYG,0,66,-13.53658,34,-17.93027,32,4.39369,29.0,66,-13.53658,4.09978
2021_12_PIT_CIN,2021,12,2021-11-28,CIN,PIT,1,68,11.61614,30,2.77163,38,8.84452,37.0,26,10.91012,3.65577
2021_12_PIT_CIN,2021,12,2021-11-28,PIT,CIN,0,62,-19.28982,47,-15.61002,15,-3.6798,21.0,19,-5.73329,-3.65577
2021_12_SEA_WAS,2021,12,2021-11-29,SEA,WAS,0,46,-1.77223,35,1.30354,11,-3.07577,16.0,35,-8.13786,2.44776
2021_12_SEA_WAS,2021,12,2021-11-29,WAS,SEA,1,81,2.14818,41,7.56474,40,-5.41656,43.0,65,4.52878,-2.44776
2021_12_TB_IND,2021,12,2021-11-28,IND,TB,1,69,-0.85719,51,-3.59905,18,2.74186,32.0,67,7.70775,0.9968
2021_12_TB_IND,2021,12,2021-11-28,TB,IND,0,66,11.23203,39,2.0874,27,9.14462,43.0,66,11.23203,-0.9968
2021_12_TEN_NE,2021,12,2021-11-28,NE,TEN,1,59,13.25082,36,14.12667,23,-0.87585,27.0,48,10.54329,10.41807
2021_12_TEN_NE,2021,12,2021-11-28,TEN,NE,0,62,-4.82032,26,-8.09262,36,3.2723,29.0,44,2.53424,-10.41807
2021_13_ARI_CHI,2021,13,2021-12-05,ARI,CHI,0,53,9.48935,22,12.55232,31,-3.06296,25.0,31,10.36473,2.10323
2021_13_ARI_CHI,2021,13,2021-12-05,CHI,ARI,1,75,-10.69892,49,-13.85979,26,3.16088,32.0,51,-15.09246,-2.10323
2021_13_BAL_PIT,2021,13,2021-12-05,BAL,PIT,0,73,7.86555,48,11.00034,25,-3.13479,29.0,71,6.76961,3.05828
2021_13_BAL_PIT,2021,13,2021-12-05,PIT,BAL,1,57,6.25514,33,9.09626,24,-2.84111,28.0,57,6.25514,-3.05828
2021_13_DAL_NO,2021,13,2021-12-02,DAL,NO,0,67,-8.81866,46,-10.53083,21,1.71217,21.0,53,1.62212,3.89659
2021_13_DAL_NO,2021,13,2021-12-02,NO,DAL,1,70,-19.94822,48,-20.00635,22,0.05814,27.0,59,-15.22038,-3.89659
2021_13_DEN_KC,2021,13,2021-12-05,DEN,KC,0,76,-11.15169,48,-11.4527,28,0.30101,37.0,47,-8.61707,-8.9692
2021_13_DEN_KC,2021,13,2021-12-05,KC,DEN,1,55,-5.23449,35,-5.09396,20,-0.14053,23.0,47,-0.72768,8.9692
2021_13_IND_HOU,2021,13,2021-12-05,HOU,IND,1,52,-32.29771,37,-28.21783,15,-4.07988,14.0,25,-16.98655,1.27735
2021_13_IND_HOU,2021,13,2021-12-05,IND,HOU,0,70,10.90673,25,1.98349,45,8.92324,39.0,37,6.24549,-1.27735
2021_13_JAX_LA,2021,13,2021-12-05,JAX,LA,0,59,-19.16456,36,0.15443,23,-19.31898,20.0,32,-10.09971,-1.18253
2021_13_JAX_LA,2021,13,2021-12-05,LA,JAX,1,68,16.00692,41,13.2015,27,2.80542,35.0,44,6.81474,1.18253
2021_13_LAC_CIN,2021,13,2021-12-05,CIN,LAC,1,74,-23.43221,50,-7.56368,24,-15.86853,26.0,52,-23.37905,-2.20183
2021_13_LAC_CIN,2021,13,2021-12-05,LAC,CIN,0,63,-2.13698,42,-0.97227,21,-1.16471,28.0,43,1.15549,2.20183
2021_13_MIN_DET,2021,13,2021-12-05,DET,MIN,1,70,-3.51127,44,5.04389,26,-8.55516,33.0,63,-3.60644,2.49418
2021_13_MIN_DET,2021,13,2021-12-05,MIN,DET,0,72,4.01628,45,5.52561,27,-1.50933,35.0,72,4.01628,-2.49418
2021_13_NE_BUF,2021,13,2021-12-06,BUF,NE,1,58,-12.11885,37,-3.47191,21,-8.64694,20.0,58,-12.11885,4.50452
2021_13_NE_BUF,2021,13,2021-12-06,NE,BUF,0,48,-1.99923,3,0.03559,45,-2.03482,18.0,47,-1.6752,-4.50452
2021_13_NYG_MIA,2021,13,2021-12-05,MIA,NYG,1,68,-1.98228,45,3.8771,23,-5.85938,30.0,56,-0.06998,1.72859
2021_13_NYG_MIA,2021,13,2021-12-05,NYG,MIA,0,63,-9.73058,46,-11.97874,17,2.24816,21.0,48,-7.79832,-1.72859
2021_13_PHI_NYJ,2021,13,2021-12-05,NYJ,PHI,1,56,2.52903,40,3.19324,16,-0.66421,25.0,35,6.67406,-0.72433
2021_13_PHI_NYJ,2021,13,2021-12-05,PHI,NYJ,0,71,17.89307,30,18.23376,41,-0.3407,35.0,58,20.51507,0.72433
2021_13_SF_SEA,2021,13,2021-12-05,SEA,SF,1,70,-3.43098,45,-6.4161,25,2.98512,28.0,60,-1.13058,5.19078
2021_13_SF_SEA,2021,13,2021-12-05,SF,SEA,0,57,-1.43187,32,1.32658,25,-2.75845,26.0,56,-3.09517,-5.19078
2021_13_TB_ATL,2021,13,2021-12-05,ATL,TB,1,71,-4.67749,49,-5.11316,22,0.43568,32.0,62,-3.55039,1.97415
2021_13_TB_ATL,2021,13,2021-12-05,TB,ATL,0,69,13.49792,52,16.74646,17,-3.24854,32.0,54,13.43468,-1.97415
2021_13_WAS_LV,2021,13,2021-12-05,LV,WAS,1,58,1.86348,44,3.78925,14,-1.92576,28.0,58,1.86348,0.9029
2021_13_WAS_LV,2021,13,2021-12-05,WAS,LV,0,66,6.33924,37,10.84617,29,-4.50693,31.0,66,6.33924,-0.9029
2021_14_ATL_CAR,2021,14,2021-12-12,ATL,CAR,0,65,3.35561,30,6.81942,35,-3.46381,24.0,52,8.67521,3.01759
2021_14_ATL_CAR,2021,14,2021-12-12,CAR,ATL,1,64,-9.66989,39,-3.96301,25,-5.70688,31.0,45,-9.99938,-3.01759
2021_14_BAL_CLE,2021,14,2021-12-12,BAL,CLE,0,72,-10.26424,55,-5.3818,17,-4.88244,32.0,27,-25.5529,8.49235
2021_14_BAL_CLE,2021,14,2021-12-12,CLE,BAL,1,63,-0.21859,38,5.34723,25,-5.56582,26.0,28,9.30679,-8.49235
2021_14_BUF_TB,2021,14,2021-12-12,BUF,TB,0,79,6.36735,63,-1.23416,16,7.60151,39.0,47,1.37972,2.72224
2021_14_BUF_TB,2021,14,2021-12-12,TB,BUF,1,80,16.2361,55,14.85687,25,1.37923,40.0,45,17.92364,-2.72224
2021_14_CHI_GB,2021,14,2021-12-12,CHI,GB,0,62,-6.33805,47,-5.81923,15,-0.51882,23.0,44,-5.05124,11.31056
2021_14_CHI_GB,2021,14,2021-12-12,GB,CHI,1,63,18.85125,40,15.84524,23,3.00601,36.0,44,18.24756,-11.31056
2021_14_DAL_WAS,2021,14,2021-12-12,DAL,WAS,0,81,-12.16345,52,-9.48213,29,-2.68132,32.0,32,2.17854,-1.23459
2021_14_DAL_WAS,2021,14,2021-12-12,WAS,DAL,1,65,-28.27307,45,-31.58289,20,3.30982,22.0,28,-26.93434,1.23459
2021_14_DET_DEN,2021,14,2021-12-12,DEN,DET,1,67,17.92899,27,11.28342,40,6.64557,36.0,46,10.29494,0.51453
2021_14_DET_DEN,2021,14,2021-12-12,DET,DEN,0,63,-9.64427,42,-6.48132,21,-3.16295,28.0,28,-0.82825,-0.51453
2021_14_JAX_TEN,2021,14,2021-12-12,JAX,TEN,0,55,-25.00657,47,-19.37548,8,-5.6311,15.0,31,-10.04301,2.18338
2021_14_JAX_TEN,2021,14,2021-12-12,TEN,JAX,1,68,1.15262,39,7.66082,29,-6.5082,27.0,45,6.90095,-2.18338
2021_14_LA_ARI,2021,14,2021-12-13,ARI,LA,1,78,-6.09737,61,-2.66201,17,-3.43535,34.0,56,-7.91381,3.74618
2021_14_LA_ARI,2021,14,2021-12-13,LA,ARI,0,58,10.80758,37,13.56351,21,-2.75593,26.0,45,18.4889,-3.74618
2021_14_LV_KC,2021,14,2021-12-12,KC,LV,1,63,24.25328,39,22.40837,24,1.84492,37.0,13,4.74163,5.41979
2021_14_LV_KC,2021,14,2021-12-12,LV,KC,0,64,-16.07078,51,-8.28014,13,-7.79064,27.0,19,-12.27501,-5.41979
2021_14_NO_NYJ,2021,14,2021-12-12,NO,NYJ,0,70,10.31534,28,6.28859,42,4.02675,33.0,56,1.8414,-1.36827
2021_14_NO_NYJ,2021,14,2021-12-12,NYJ,NO,1,66,-18.38398,53,-15.68339,13,-2.70059,18.0,47,-12.77612,1.36827
2021_14_NYG_LAC,2021,14,2021-12-12,LAC,NYG,1,69,15.42074,36,16.71576,33,-1.29502,36.0,41,15.09318,0.89857
2021_14_NYG_LAC,2021,14,2021-12-12,NYG,LAC,0,67,-3.1626,42,-9.65136,25,6.48876,33.0,25,-2.93695,-0.89857
2021_14_PIT_MIN,2021,14,2021-12-09,MIN,PIT,1,70,-0.56344,34,-8.10321,36,7.53977,30.0,23,9.60252,6.74264
2021_14_PIT_MIN,2021,14,2021-12-09,PIT,MIN,0,71,-2.91593,48,-1.19416,23,-1.72177,32.0,16,-5.55897,-6.74264
2021_14_SEA_HOU,2021,14,2021-12-12,HOU,SEA,1,80,-11.8473,56,-5.36929,24,-6.47801,37.0,59,-3.33638,2.4938
2021_14_SEA_HOU,2021,14,2021-12-12,SEA,HOU,0,60,19.08558,32,16.40553,28,2.68005,28.0,47,14.84209,-2.4938
2021_14_SF_CIN,2021,14,2021-12-12,CIN,SF,1,66,8.50904,42,11.8014,24,-3.29236,28.0,57,-1.1105,-7.87015
2021_14_SF_CIN,2021,14,2021-12-12,SF,CIN,0,71,6.1153,49,4.58,22,1.5353,29.0,56,12.37559,7.87015
2021_15_ARI_DET,2021,15,2021-12-19,ARI,DET,0,73,-11.71095,54,-12.95699,19,1.24604,31.0,26,-11.56336,-1.78948
2021_15_ARI_DET,2021,15,2021-12-19,DET,ARI,1,65,5.25856,30,16.98816,35,-11.7296,30.0,37,10.85514,1.78948
2021_15_ATL_SF,2021,15,2021-12-19,ATL,SF,0,59,-11.81339,40,-5.01031,19,-6.80308,20.0,36,-10.72425,11.8939
2021_15_ATL_SF,2021,15,2021-12-19,SF,ATL,1,57,17.87225,25,13.3507,32,4.52155,29.0,34,17.95069,-11.8939
2021_15_CAR_BUF,2021,15,2021-12-19,BUF,CAR,1,68,5.35225,42,9.54122,26,-4.18897,31.0,46,11.57866,1.32274
2021_15_CAR_BUF,2021,15,2021-12-19,CAR,BUF,0,74,-11.42428,47,-12.32541,27,0.90113,30.0,44,-10.88614,-1.32274
2021_15_CIN_DEN,2021,15,2021-12-19,CIN,DEN,0,51,-1.59901,30,0.05414,21,-1.65315,18.0,50,-1.36503,4.95382
2021_15_CIN_DEN,2021,15,2021-12-19,DEN,CIN,1,75,-9.71252,42,-5.75864,33,-3.95388,32.0,72,-7.48454,-4.95382
2021_15_DAL_NYG,2021,15,2021-12-19,DAL,NYG,0,69,2.51926,41,0.8616,28,1.65766,33.0,54,8.59069,-2.9315
2021_15_DAL_NYG,2021,15,2021-12-19,NYG,DAL,1,63,-18.92265,38,-13.73502,25,-5.18763,23.0,38,-11.59794,2.9315
2021_15_GB_BAL,2021,15,2021-12-19,BAL,GB,1,68,15.07267,51,10.51572,17,4.55695,34.0,52,13.74163,2.65214
2021_15_GB_BAL,2021,15,2021-12-19,GB,BAL,0,60,23.13825,39,22.61984,21,0.51841,37.0,53,25.71507,-2.65214
2021_15_HOU_JAX,2021,15,2021-12-19,HOU,JAX,0,59,-2.73788,31,3.50347,28,-6.24135,20.0,48,-4.19063,11.55309
2021_15_HOU_JAX,2021,15,2021-12-19,JAX,HOU,1,69,-6.57744,44,-6.36528,25,-0.21216,26.0,58,-5.47648,-11.55309
2021_15_KC_LAC,2021,15,2021-12-16,KC,LAC,0,69,12.18686,52,12.58298,17,-0.39612,33.0,68,9.98126,-4.85683
2021_15_KC_LAC,2021,15,2021-12-16,LAC,KC,1,79,-0.23397,43,-1.41511,36,1.18114,38.0,79,-0.23397,4.85683
2021_15_LV_CLE,2021,15,2021-12-20,CLE,LV,1,55,-1.35173,30,3.14874,25,-4.50048,19.0,55,-1.35173,-4.50036
2021_15_LV_CLE,2021,15,2021-12-20,LV,CLE,0,69,-1.07188,42,1.44894,27,-2.52082,34.0,69,-1.07188,4.50036
2021_15_MIN_CHI,2021,15,2021-12-20,CHI,MIN,1,71,-11.99452,47,0.78009,24,-12.77461,32.0,43,-16.15312,-3.43863
2021_15_MIN_CHI,2021,15,2021-12-20,MIN,CHI,0,63,-3.75146,31,-4.10794,32,0.35648,23.0,43,5.26287,3.43863
2021_15_NE_IND,2021,15,2021-12-18,IND,NE,1,50,0.137,14,-6.75254,36,6.88955,21.0,18,11.38732,4.12703
2021_15_NE_IND,2021,15,2021-12-18,NE,IND,0,68,-6.91015,49,-0.50595,19,-6.4042,29.0,21,-9.3448,-4.12703
2021_15_NO_TB,2021,15,2021-12-19,NO,TB,0,61,-18.0554,30,-4.22428,31,-13.83112,20.0,51,-9.64321,9.49593
2021_15_NO_TB,2021,15,2021-12-19,TB,NO,1,74,-20.00499,54,-18.19897,20,-1.80601,27.0,60,-15.22192,-9.49593
2021_15_NYJ_MIA,2021,15,2021-12-19,MIA,NYJ,1,69,-1.16413,32,1.08828,37,-2.25241,33.0,66,0.29973,0.53414
2021_15_NYJ_MIA,2021,15,2021-12-19,NYJ,MIA,0,56,-8.69855,35,-11.41412,21,2.71558,22.0,50,-5.09937,-0.53414
2021_15_SEA_LA,2021,15,2021-12-21,LA,SEA,1,63,-2.58372,37,-0.12959,26,-2.45413,24.0,59,-1.98862,0.83754
2021_15_SEA_LA,2021,15,2021-12-21,SEA,LA,0,57,-11.52172,36,-9.22723,21,-2.29449,23.0,51,-10.39588,-0.83754
2021_15_TEN_PIT,2021,15,2021-12-19,PIT,TEN,1,48,-7.6493,32,-4.64425,16,-3.00505,20.0,48,-7.6493,-1.3488
2021_15_TEN_PIT,2021,15,2021-12-19,TEN,PIT,0,80,-17.98962,39,-17.97177,41,-0.01785,35.0,80,-17.98962,1.3488
2021_15_WAS_PHI,2021,15,2021-12-21,PHI,WAS,1,71,7.73789,33,5.06565,38,2.67224,36.0,64,9.89727,-0.59312
2021_15_WAS_PHI,2021,15,2021-12-21,WAS,PHI,0,55,-4.66976,34,-0.41153,21,-4.25823,21.0,43,-1.63895,0.59312
2021_16_BAL_CIN,2021,16,2021-12-26,BAL,CIN,0,59,5.21882,44,14.09057,15,-8.87175,28.0,27,3.58314,1.36106
2021_16_BAL_CIN,2021,16,2021-12-26,CIN,BAL,1,75,33.5753,55,35.03767,20,-1.46237,36.0,33,22.36046,-1.36106
2021_16_BUF_NE,2021,16,2021-12-26,BUF,NE,0,76,22.01915,51,22.89091,25,-0.87176,40.0,72,21.15978,2.18315
2021_16_BUF_NE,2021,16,2021-12-26,NE,BUF,1,63,6.48004,39,-0.79951,24,7.27955,29.0,47,3.34565,-2.18315
2021_16_CHI_SEA,2021,16,2021-12-26,CHI,SEA,0,72,7.085,42,9.97048,30,-2.88547,32.0,72,7.085,4.34806
2021_16_CHI_SEA,2021,16,2021-12-26,SEA,CHI,1,56,6.78111,32,1.86324,24,4.91787,22.0,46,12.15276,-4.34806
2021_16_CLE_GB,2021,16,2021-12-25,CLE,GB,0,66,10.09026,43,-0.30775,23,10.39801,36.0,60,3.1811,-1.72577
2021_16_CLE_GB,2021,16,2021-12-25,GB,CLE,1,58,8.59101,35,5.03946,23,3.55155,28.0,49,11.96434,1.72577
2021_16_DEN_LV,2021,16,2021-12-26,DEN,LV,0,42,-8.6394,27,-1.55372,15,-7.08569,12.0,42,-8.6394,-1.92671
2021_16_DEN_LV,2021,16,2021-12-26,LV,DEN,1,65,-4.4617,30,-1.88159,35,-2.58011,32.0,65,-4.4617,1.92671
2021_16_DET_ATL,2021,16,2021-12-26,ATL,DET,1,45,1.8889,27,5.6602,18,-3.7713,19.0,45,1.8889,2.29431
2021_16_DET_ATL,2021,16,2021-12-26,DET,ATL,0,68,5.79772,35,4.95999,33,0.83773,29.0,68,5.79772,-2.29431
2021_16_IND_ARI,2021,16,2021-12-25,ARI,IND,1,65,2.68679,44,-3.04225,21,5.72904,30.0,46,4.34549,-5.74232
2021_16_IND_ARI,2021,16,2021-12-25,IND,ARI,0,68,3.87099,37,9.50415,31,-5.63316,25.0,65,6.61983,5.74232
2021_16_JAX_NYJ,2021,16,2021-12-26,JAX,NYJ,0,71,12.7048,44,11.08477,27,1.62004,39.0,71,12.7048,-4.47207
2021_16_JAX_NYJ,2021,16,2021-12-26,NYJ,JAX,1,59,8.5591,26,8.2674,33,0.2917,29.0,55,9.02974,4.47207
2021_16_LAC_HOU,2021,16,2021-12-26,HOU,LAC,1,67,20.86808,30,18.02862,37,2.83946,31.0,59,17.78866,-3.34052
2021_16_LAC_HOU,2021,16,2021-12-26,LAC,HOU,0,59,4.93428,42,9.87966,17,-4.94538,36.0,42,2.57571,3.34052
2021_16_LA_MIN,2021,16,2021-12-26,LA,MIN,0,69,-2.91041,38,-9.00842,31,6.09801,32.0,58,-1.19544,9.98984
2021_16_LA_MIN,2021,16,2021-12-26,MIN,LA,1,62,-3.79235,43,2.38238,19,-6.17474,24.0,50,-11.38702,-9.98984
2021_16_MIA_NO,2021,16,2021-12-27,MIA,NO,0,65,-6.57714,34,1.44354,31,-8.02068,25.0,49,-0.98625,-4.58176
2021_16_MIA_NO,2021,16,2021-12-27,NO,MIA,1,52,-34.36685,31,-30.68476,21,-3.6821,13.0,29,-22.0713,4.58176
2021_16_NYG_PHI,2021,16,2021-12-26,NYG,PHI,0,76,-26.12281,53,-20.45327,23,-5.66954,26.0,43,-21.75106,-1.4617
2021_16_NYG_PHI,2021,16,2021-12-26,PHI,NYG,1,63,-0.21576,32,0.89902,31,-1.11477,25.0,42,-6.07202,1.4617
2021_16_PIT_KC,2021,16,2021-12-26,KC,PIT,1,69,14.57398,33,16.51547,36,-1.94149,34.0,21,8.9163,0.43764
2021_16_PIT_KC,2021,16,2021-12-26,PIT,KC,0,71,-14.62102,47,-12.0631,24,-2.55792,31.0,16,-8.56247,-0.43764
2021_16_SF_TEN,2021,16,2021-12-23,SF,TEN,0,60,2.36406,39,1.2694,21,1.09467,26.0,59,2.37436,-1.30388
2021_16_SF_TEN,2021,16,2021-12-23,TEN,SF,1,62,0.52107,37,7.97682,25,-7.45575,23.0,60,1.47848,1.30388
2021_16_TB_CAR,2021,16,2021-12-26,CAR,TB,1,70,-21.37635,55,-19.62763,15,-1.74872,22.0,32,-6.67628,-0.71495
2021_16_TB_CAR,2021,16,2021-12-26,TB,CAR,0,66,13.51507,34,11.07696,32,2.43811,29.0,35,11.67863,0.71495
2021_16_WAS_DAL,2021,16,2021-12-26,DAL,WAS,1,72,24.68946,47,25.99192,25,-1.30245,36.0,26,10.73882,4.93904
2021_16_WAS_DAL,2021,16,2021-12-26,WAS,DAL,0,59,-17.28027,40,-16.32087,19,-0.9594,20.0,16,-8.43303,-4.93904
2021_17_ARI_DAL,2021,17,2022-01-02,ARI,DAL,0,73,12.87617,45,13.5746,28,-0.69843,34.0,60,16.70874,2.53226
2021_17_ARI_DAL,2021,17,2022-01-02,DAL,ARI,1,63,1.50989,48,8.4609,15,-6.951,31.0,52,-1.5316,-2.53226
2021_17_ATL_BUF,2021,17,2022-01-02,ATL,BUF,0,53,-7.30662,33,-9.45088,20,2.14426,25.0,41,-6.23183,0.07606
2021_17_ATL_BUF,2021,17,2022-01-02,BUF,ATL,1,72,6.91515,35,-2.78937,37,9.70452,34.0,58,5.32044,-0.07606
2021_17_CAR_NO,2021,17,2022-01-02,CAR,NO,0,61,-15.82231,36,-14.21626,25,-1.60605,22.0,49,-10.14994,-4.72602
2021_17_CAR_NO,2021,17,2022-01-02,NO,CAR,1,54,-7.22216,32,1.37804,22,-8.6002,19.0,51,-4.11082,4.72602
2021_17_CLE_PIT,2021,17,2022-01-03,CLE,PIT,0,71,-13.27294,51,-10.2617,20,-3.01123,21.0,42,-18.80835,-7.49213
2021_17_CLE_PIT,2021,17,2022-01-03,PIT,CLE,1,80,-5.87772,50,-16.18913,30,10.31141,27.0,66,-4.72282,7.49213
2021_17_DEN_LAC,2021,17,2022-01-02,DEN,LAC,0,60,-6.37563,34,-1.0118,26,-5.36384,29.0,30,-12.51224,-8.62564
2021_17_DEN_LAC,2021,17,2022-01-02,LAC,DEN,1,65,10.16628,33,16.03098,32,-5.8647,33.0,39,3.04589,8.62564
2021_17_DET_SEA,2021,17,2022-01-02,DET,SEA,0,62,1.00299,40,9.5004,22,-8.49741,27.0,20,-2.88096,-1.01072
2021_17_DET_SEA,2021,17,2022-01-02,SEA,DET,1,70,28.56376,33,16.89993,37,11.66383,41.0,32,11.95448,1.01072
2021_17_HOU_SF,2021,17,2022-01-02,HOU,SF,0,67,-12.239,41,-9.57983,26,-2.65918,28.0,55,-6.49158,-2.74669
2021_17_HOU_SF,2021,17,2022-01-02,SF,HOU,1,63,2.78086,27,9.77756,36,-6.9967,27.0,50,0.84501,2.74669
2021_17_JAX_NE,2021,17,2022-01-02,JAX,NE,0,47,-12.4078,31,-10.40799,16,-1.99981,18.0,16,-4.02356,-3.20402
2021_17_JAX_NE,2021,17,2022-01-02,NE,JAX,1,71,30.04237,36,24.06913,35,5.97324,47.0,22,11.51668,3.20402
2021_17_KC_CIN,2021,17,2022-01-02,CIN,KC,1,68,25.81716,50,29.92011,18,-4.10295,34.0,68,25.81716,-0.56541
2021_17_KC_CIN,2021,17,2022-01-02,KC,CIN,0,61,20.84544,40,13.98128,21,6.86416,35.0,61,20.84544,0.56541
2021_17_LA_BAL,2021,17,2022-01-02,BAL,LA,1,69,-2.20985,38,-2.82844,31,0.61859,31.0,69,-2.20985,6.36686
2021_17_LA_BAL,2021,17,2022-01-02,LA,BAL,0,56,5.01854,36,6.982,20,-1.96345,29.0,56,5.01854,-6.36686
2021_17_LV_IND,2021,17,2022-01-02,IND,LV,1,58,-2.23778,32,-6.18004,26,3.94226,23.0,58,-2.23778,-3.04397
2021_17_LV_IND,2021,17,2022-01-02,LV,IND,0,62,3.63796,34,5.09619,28,-1.45823,29.0,62,3.63796,3.04397
2021_17_MIA_TEN,2021,17,2022-01-02,MIA,TEN,0,62,-19.07929,46,-15.82669,16,-3.2526,18.0,32,-11.18852,-8.52406
2021_17_MIA_TEN,2021,17,2022-01-02,TEN,MIA,1,63,4.47309,21,3.98035,42,0.49274,23.0,29,2.75965,8.52406
2021_17_MIN_GB,2021,17,2022-01-02,GB,MIN,1,74,17.04864,46,12.76926,28,4.27938,43.0,31,3.30885,-0.53083
2021_17_MIN_GB,2021,17,2022-01-02,MIN,GB,0,54,-14.97643,44,-12.82656,10,-2.14987,17.0,18,-13.18958,0.53083
2021_17_NYG_CHI,2021,17,2022-01-02,CHI,NYG,1,65,-8.87445,41,-6.54985,24,-2.3246,23.0,19,-0.2355,1.12354
2021_17_NYG_CHI,2021,17,2022-01-02,NYG,CHI,0,56,-34.34041,17,-31.39346,39,-2.94694,21.0,25,-16.21428,-1.12354
2021_17_PHI_WAS,2021,17,2022-01-02,PHI,WAS,0,60,9.66443,29,10.26699,31,-0.60256,29.0,60,9.66443,-1.881
2021_17_PHI_WAS,2021,17,2022-01-02,WAS,PHI,1,62,-0.5535,42,-2.89568,20,2.34218,32.0,62,-0.5535,1.881
2021_17_TB_NYJ,2021,17,2022-01-02,NYJ,TB,1,61,8.71126,35,9.00825,26,-0.29699,27.0,57,11.86869,1.09598
2021_17_TB_NYJ,2021,17,2022-01-02,TB,NYJ,0,72,17.00916,51,22.19572,21,-5.18656,37.0,62,7.9855,-1.09598
2021_18_CAR_TB,2021,18,2022-01-09,CAR,TB,0,71,-14.28116,51,-8.53601,20,-5.74515,28.0,51,-1.45221,2.64243
2021_18_CAR_TB,2021,18,2022-01-09,TB,CAR,1,59,17.48117,40,15.67227,19,1.8089,28.0,44,11.60043,-2.64243
2021_18_CHI_MIN,2021,18,2022-01-09,CHI,MIN,0,81,-21.98775,57,-20.14425,24,-1.8435,34.0,72,-14.86298,7.39824
2021_18_CHI_MIN,2021,18,2022-01-09,MIN,CHI,1,47,3.64641,26,7.0593,21,-3.41289,19.0,43,6.14343,-7.39824
2021_18_CIN_CLE,2021,18,2022-01-09,CIN,CLE,0,53,-7.24769,34,-8.04566,19,0.79797,16.0,38,-13.18305,2.90508
2021_18_CIN_CLE,2021,18,2022-01-09,CLE,CIN,1,65,-0.51837,27,-3.06119,38,2.54282,34.0,59,6.45286,-2.90508
2021_18_DAL_PHI,2021,18,2022-01-08,DAL,PHI,0,59,36.44647,30,24.99903,29,11.44745,35.0,45,26.08264,-0.49931
2021_18_DAL_PHI,2021,18,2022-01-08,PHI,DAL,1,72,6.08634,42,1.58588,30,4.50046,30.0,54,8.55161,0.49931
2021_18_GB_DET,2021,18,2022-01-09,DET,GB,1,59,9.27342,33,12.72263,26,-3.4492,28.0,55,10.97321,0.36642
2021_18_GB_DET,2021,18,2022-01-09,GB,DET,0,65,1.22227,40,-1.94289,25,3.16516,35.0,62,1.67917,-0.36642
2021_18_IND_JAX,2021,18,2022-01-09,IND,JAX,0,56,-17.81167,40,-12.4118,16,-5.39986,22.0,27,-12.65044,0.08763
2021_18_IND_JAX,2021,18,2022-01-09,JAX,IND,1,64,5.04216,39,8.35081,25,-3.30865,28.0,41,6.35427,-0.08763
2021_18_KC_DEN,2021,18,2022-01-08,DEN,KC,1,54,2.07041,30,9.5144,24,-7.44399,26.0,54,2.07041,0.22315
2021_18_KC_DEN,2021,18,2022-01-08,KC,DEN,0,74,15.74987,53,16.25443,21,-0.50456,37.0,72,12.67911,-0.22315
2021_18_LAC_LV,2021,18,2022-01-09,LAC,LV,0,92,11.50035,71,17.46372,21,-5.96336,38.0,63,6.08411,-12.3969
2021_18_LAC_LV,2021,18,2022-01-09,LV,LAC,1,78,4.76449,45,4.54934,33,0.21515,33.0,68,7.5686,12.3969
2021_18_NE_MIA,2021,18,2022-01-09,MIA,NE,1,69,5.2222,30,8.01218,39,-2.78998,30.0,47,12.63734,1.65723
2021_18_NE_MIA,2021,18,2022-01-09,NE,MIA,0,62,0.21429,35,-2.75423,27,2.96851,37.0,41,-9.70275,-1.65723
2021_18_NO_ATL,2021,18,2022-01-09,ATL,NO,1,49,-12.27888,38,-13.78497,11,1.50609,17.0,22,-10.75375,9.66424
2021_18_NO_ATL,2021,18,2022-01-09,NO,ATL,0,71,11.62567,28,13.73027,43,-2.1046,34.0,40,16.99439,-9.66424
2021_18_NYJ_BUF,2021,18,2022-01-09,BUF,NYJ,1,79,2.46453,53,7.39643,26,-4.93189,33.0,70,-2.80487,-5.66152
2021_18_NYJ_BUF,2021,18,2022-01-09,NYJ,BUF,0,46,-23.86336,31,-17.6216,15,-6.24177,7.0,40,-18.5788,5.66152
2021_18_PIT_BAL,2021,18,2022-01-09,BAL,PIT,1,72,-16.06939,44,-14.16176,28,-1.90763,28.0,72,-16.06939,0.27795
2021_18_PIT_BAL,2021,18,2022-01-09,PIT,BAL,0,73,-5.62583,46,1.79697,27,-7.42279,27.0,73,-5.62583,-0.27795
2021_18_SEA_ARI,2021,18,2022-01-09,ARI,SEA,1,77,-6.3124,52,-6.95252,25,0.64012,34.0,63,-7.92499,-1.96963
2021_18_SEA_ARI,2021,18,2022-01-09,SEA,ARI,0,57,8.95024,29,3.88994,28,5.0603,25.0,55,8.74757,1.96963
2021_18_SF_LA,2021,18,2022-01-09,LA,SF,1,65,3.60214,38,13.56168,27,-9.95954,25.0,56,6.56825,2.9376
2021_18_SF_LA,2021,18,2022-01-09,SF,LA,0,68,6.87797,35,5.86334,33,1.01463,35.0,54,0.4979,-2.9376
2021_18_TEN_HOU,2021,18,2022-01-09,HOU,TEN,1,55,9.12348,38,8.21807,17,0.90541,25.0,42,0.89814,3.97344
2021_18_TEN_HOU,2021,18,2022-01-09,TEN,HOU,0,67,18.23048,35,22.43778,32,-4.2073,29.0,54,21.33891,-3.97344
2021_18_WAS_NYG,2021,18,2022-01-09,NYG,WAS,1,60,-25.5518,38,-12.68345,22,-12.86835,17.0,44,-22.39281,2.43392
2021_18_WAS_NYG,2021,18,2022-01-09,WAS,NYG,0,58,-0.71369,22,-7.25826,36,6.54457,28.0,49,3.47449,-2.43392
2021_19_ARI_LA,2021,19,2022-01-17,ARI,LA,0,55,-22.44267,38,-19.715,17,-2.72768,19.0,11,-11.28125,0.0451
2021_19_ARI_LA,2021,19,2022-01-17,LA,ARI,1,60,5.47849,25,14.96587,35,-9.48738,23.0,23,7.69517,-0.0451
2021_19_LV_CIN,2021,19,2022-01-15,CIN,LV,1,60,6.25298,36,10.01377,24,-3.76079,24.0,51,7.87256,2.65281
2021_19_LV_CIN,2021,19,2022-01-15,LV,CIN,0,76,3.57004,61,5.34461,15,-1.77457,31.0,64,0.35593,-2.65281
2021_19_NE_BUF,2021,19,2022-01-15,BUF,NE,1,53,38.31713,30,25.51599,23,12.80114,36.0,23,12.53404,0.90313
2021_19_NE_BUF,2021,19,2022-01-15,NE,BUF,0,61,6.61728,43,7.46759,18,-0.85031,24.0,12,-1.68943,-0.90313
2021_19_PHI_TB,2021,19,2022-01-16,PHI,TB,0,65,-8.66477,49,-8.09724,16,-0.56753,25.0,22,-11.79154,-6.60143
2021_19_PHI_TB,2021,19,2022-01-16,TB,PHI,1,73,5.29314,42,9.50765,31,-4.21451,36.0,27,9.69695,6.60143
2021_19_PIT_KC,2021,19,2022-01-16,KC,PIT,1,65,13.8609,46,21.11595,19,-7.25505,35.0,40,2.55741,1.98369
2021_19_PIT_KC,2021,19,2022-01-16,PIT,KC,0,67,-6.41552,48,-7.28182,19,0.8663,27.0,26,-12.50189,-1.98369
2021_19_SF_DAL,2021,19,2022-01-16,DAL,SF,1,72,-11.97257,54,-9.9014,18,-2.07118,28.0,51,-14.67753,1.43618
2021_19_SF_DAL,2021,19,2022-01-16,SF,DAL,0,65,-0.48047,27,1.54323,38,-2.0237,29.0,50,8.63156,-1.43618
2021_20_BUF_KC,2021,20,2022-01-23,BUF,KC,0,63,24.26447,40,19.43191,23,4.83256,31.0,63,24.26447,-2.06993
2021_20_BUF_KC,2021,20,2022-01-23,KC,BUF,1,76,28.51105,56,28.51647,20,-0.00542,40.0,76,28.51105,2.06993
2021_20_CIN_TEN,2021,20,2022-01-22,CIN,TEN,0,63,-5.19123,46,-3.84718,17,-1.34406,25.0,63,-5.19123,3.79131
2021_20_CIN_TEN,2021,20,2022-01-22,TEN,CIN,1,52,-7.63615,27,-5.94672,25,-1.68943,23.0,52,-7.63615,-3.79131
2021_20_LA_TB,2021,20,2022-01-23,LA,TB,0,71,-8.90453,41,11.9652,30,-20.86973,33.0,34,14.68843,5.44699
2021_20_LA_TB,2021,20,2022-01-23,TB,LA,1,71,-9.56056,58,-12.94691,13,3.38635,26.0,39,-4.82872,-5.44699
2021_20_SF_GB,2021,20,2022-01-22,GB,SF,1,55,-6.94439,35,-6.68242,20,-0.26197,20.0,55,-6.94439,-10.36517
2021_20_SF_GB,2021,20,2022-01-22,SF,GB,0,54,-14.83299,24,-7.91408,30,-6.91891,21.0,54,-14.83299,10.36517
2021_21_CIN_KC,2021,21,2022-01-30,CIN,KC,0,68,5.70185,43,8.57354,25,-2.87168,31.0,59,2.10669,2.05783
2021_21_CIN_KC,2021,21,2022-01-30,KC,CIN,1,69,0.52742,48,-2.89993,21,3.42734,39.0,58,-1.33549,-2.05783
2021_21_SF_LA,2021,21,2022-01-30,LA,SF,1,74,6.32136,49,16.49584,25,-10.17448,34.0,74,6.32136,-0.07253
2021_21_SF_LA,2021,21,2022-01-30,SF,LA,0,50,-2.45059,31,6.15147,19,-8.60207,17.0,50,-2.45059,0.07253
2021_22_LA_CIN,2021,22,2022-02-13,CIN,LA,1,60,-7.17648,42,-3.94126,18,-3.23522,22.0,60,-7.17648,0.117
2021_22_LA_CIN,2021,22,2022-02-13,LA,CIN,0,68,-1.19691,47,7.2965,21,-8.49341,29.0,68,-1.19691,-0.117
2022_01_BAL_NYJ,2022,1,2022-09-11,BAL,NYJ,0,54,2.64432,35,7.82656,19,-5.18224,21.0,38,-1.0214,7.07442
2022_01_BAL_NYJ,2022,1,2022-09-11,NYJ,BAL,1,84,-13.21458,66,-7.98336,18,-5.23122,33.0,43,-16.45876,-7.07442
2022_01_BUF_LA,2022,1,2022-09-08,BUF,LA,0,57,9.99481,38,20.1261,19,-10.13129,30.0,51,9.24367,2.12611
2022_01_BUF_LA,2022,1,2022-09-08,LA,BUF,1,67,-16.84334,50,-15.41643,17,-1.42691,27.0,41,-8.91067,-2.12611
2022_01_CLE_CAR,2022,1,2022-09-11,CAR,CLE,1,52,2.6984,35,2.9275,17,-0.2291,19.0,47,-4.59591,-1.90858
2022_01_CLE_CAR,2022,1,2022-09-11,CLE,CAR,0,78,6.38198,41,-2.03733,37,8.4193,34.0,71,9.99171,1.90858
2022_01_DEN_SEA,2022,1,2022-09-12,DEN,SEA,0,66,10.65535,47,20.00716,19,-9.35181,33.0,66,10.65535,-5.15592
2022_01_DEN_SEA,2022,1,2022-09-12,SEA,DEN,1,52,3.18598,36,6.76772,16,-3.58174,23.0,52,3.18598,5.15592
2022_01_GB_MIN,2022,1,2022-09-11,GB,MIN,0,59,-11.30072,42,-11.94798,17,0.64726,27.0,24,-7.74084,-1.5892
2022_01_GB_MIN,2022,1,2022-09-11,MIN,GB,1,62,5.96439,34,7.39369,28,-1.4293,26.0,32,10.1455,1.5892
2022_01_IND_HOU,2022,1,2022-09-11,HOU,IND,1,69,-7.70441,43,-1.36466,26,-6.33976,32.0,49,-0.02507,3.83418
2022_01_IND_HOU,2022,1,2022-09-11,IND,HOU,0,92,0.20287,56,5.62006,36,-5.41719,45.0,73,-2.69957,-3.83418
2022_01_JAX_WAS,2022,1,2022-09-11,JAX,WAS,0,69,5.20774,49,3.80402,20,1.40372,33.0,69,5.20774,0.25695
2022_01_JAX_WAS,2022,1,2022-09-11,WAS,JAX,1,72,6.29011,50,11.97057,22,-5.68047,31.0,67,10.90325,-0.25695
2022_01_KC_ARI,2022,1,2022-09-11,ARI,KC,1,62,0.34513,44,1.06009,18,-0.71497,25.0,28,-4.844,1.12431
2022_01_KC_ARI,2022,1,2022-09-11,KC,ARI,0,70,30.44655,44,30.72978,26,-0.28323,41.0,41,15.22971,-1.12431
2022_01_LV_LAC,2022,1,2022-09-11,LAC,LV,1,64,4.29871,36,15.84105,28,-11.54234,29.0,49,9.68273,-5.94278
2022_01_LV_LAC,2022,1,2022-09-11,LV,LAC,0,56,-7.0075,43,-6.35052,13,-0.65698,24.0,44,-11.32811,5.94278
2022_01_NE_MIA,2022,1,2022-09-11,MIA,NE,1,58,2.9814,36,5.85633,22,-2.87493,28.0,33,8.81089,1.7664
2022_01_NE_MIA,2022,1,2022-09-11,NE,MIA,0,55,-11.08214,35,-7.37497,20,-3.70717,26.0,24,-10.16932,-1.7664
2022_01_NO_ATL,2022,1,2022-09-11,ATL,NO,1,74,0.1964,39,1.79159,35,-1.59519,38.0,53,7.97621,4.69262
2022_01_NO_ATL,2022,1,2022-09-11,NO,ATL,0,57,7.46132,39,-0.82449,18,8.28581,30.0,47,5.65541,-4.69262
2022_01_NYG_TEN,2022,1,2022-09-11,NYG,TEN,0,59,0.67468,31,-7.89528,28,8.56997,26.0,54,-3.82876,4.25137
2022_01_NYG_TEN,2022,1,2022-09-11,TEN,NYG,1,64,3.89921,38,12.75785,26,-8.85864,29.0,50,10.04615,-4.25137
2022_01_PHI_DET,2022,1,2022-09-11,DET,PHI,1,68,8.81559,41,1.50923,27,7.30636,30.0,44,-5.54401,-0.38861
2022_01_PHI_DET,2022,1,2022-09-11,PHI,DET,0,74,19.85107,46,13.42231,28,6.42877,39.0,63,18.88633,0.38861
2022_01_PIT_CIN,2022,1,2022-09-11,CIN,PIT,1,99,-17.26803,70,-10.67136,29,-6.59667,39.0,99,-17.26803,2.71258
2022_01_PIT_CIN,2022,1,2022-09-11,PIT,CIN,0,61,-7.16241,42,-3.6277,19,-3.53472,21.0,55,-6.95278,-2.71258
2022_01_SF_CHI,2022,1,2022-09-11,CHI,SF,1,55,-0.21421,24,2.45621,31,-2.67043,18.0,52,2.70893,-1.0583
2022_01_SF_CHI,2022,1,2022-09-11,SF,CHI,0,69,-13.13794,36,-10.97338,33,-2.16455,28.0,53,-7.47427,1.0583
2022_01_TB_DAL,2022,1,2022-09-11,DAL,TB,1,68,-22.9238,50,-20.31288,18,-2.61092,26.0,34,-12.38054,2.05231
2022_01_TB_DAL,2022,1,2022-09-11,TB,DAL,0,60,0.82072,29,1.05085,31,-0.23014,30.0,46,7.81408,-2.05231
2022_02_ARI_LV,2022,2,2022-09-18,ARI,LV,0,85,4.72653,58,2.01127,27,2.71526,42.0,30,-8.66106,-3.34378
2022_02_ARI_LV,2022,2,2022-09-18,LV,ARI,1,67,-3.22777,44,0.39424,23,-3.622,30.0,37,0.85248,3.34378
2022_02_ATL_LA,2022,2,2022-09-18,ATL,LA,0,60,-6.78716,34,4.05128,26,-10.83844,26.0,40,-11.39738,2.81533
2022_02_ATL_LA,2022,2,2022-09-18,LA,ATL,1,63,0.71717,37,1.37921,26,-0.66204,35.0,22,5.19252,-2.81533
2022_02_CAR_NYG,2022,2,2022-09-18,CAR,NYG,0,58,-3.47371,40,-12.0821,18,8.60839,26.0,58,-3.47371,-8.6293
2022_02_CAR_NYG,2022,2,2022-09-18,NYG,CAR,1,71,-9.3642,46,-1.34907,25,-8.01513,23.0,69,-8.26946,8.6293
2022_02_CHI_GB,2022,2,2022-09-18,CHI,GB,0,41,-3.13789,16,-7.54116,25,4.40327,17.0,16,-0.4248,-2.14065
2022_02_CHI_GB,2022,2,2022-09-18,GB,CHI,1,67,14.02943,30,14.39112,37,-0.36169,37.0,40,12.32915,2.14065
2022_02_CIN_DAL,2022,2,2022-09-18,CIN,DAL,0,67,1.18402,45,6.1206,22,-4.93658,25.0,64,2.30273,-0.61146
2022_02_CIN_DAL,2022,2,2022-09-18,DAL,CIN,1,60,1.63565,34,4.00513,26,-2.36948,25.0,58,2.74842,0.61146
2022_02_HOU_DEN,2022,2,2022-09-18,DEN,HOU,1,71,2.22606,41,4.67743,30,-2.45138,28.0,68,3.21032,-2.11957
2022_02_HOU_DEN,2022,2,2022-09-18,HOU,DEN,0,61,-10.04959,43,-11.75681,18,1.70722,23.0,57,-7.82603,2.11957
2022_02_IND_JAX,2022,2,2022-09-18,IND,JAX,0,50,-20.96414,36,-20.87995,14,-0.08418,14.0,16,-9.27213,1.02932
2022_02_IND_JAX,2022,2,2022-09-18,JAX,IND,1,70,7.26536,32,17.99834,38,-10.73298,31.0,26,8.93123,-1.02932
2022_02_LAC_KC,2022,2,2022-09-15,KC,LAC,1,55,5.31738,39,5.78807,16,-0.47069,25.0,50,3.02569,1.4368
2022_02_LAC_KC,2022,2,2022-09-15,LAC,KC,0,74,1.92547,51,0.3396,23,1.58587,37.0,65,-4.07999,-1.4368
2022_02_MIA_BAL,2022,2,2022-09-18,BAL,MIA,1,58,16.41697,34,22.59665,24,-6.17968,28.0,40,7.76712,5.38598
2022_02_MIA_BAL,2022,2,2022-09-18,MIA,BAL,0,71,29.1025,53,25.06308,18,4.03942,37.0,38,13.3479,-5.38598
2022_02_MIN_PHI,2022,2,2022-09-19,MIN,PHI,0,61,-12.46747,52,-12.50068,9,0.03321,29.0,23,-1.19006,5.86147
2022_02_MIN_PHI,2022,2,2022-09-19,PHI,MIN,1,73,11.94469,43,7.31757,30,4.62712,35.0,41,14.82273,-5.86147
2022_02_NE_PIT,2022,2,2022-09-18,NE,PIT,0,65,7.12765,40,3.62418,25,3.50348,31.0,62,7.14256,-1.91161
2022_02_NE_PIT,2022,2,2022-09-18,PIT,NE,1,58,-4.74635,37,-5.6288,21,0.88245,25.0,58,-4.74635,1.91161
2022_02_NYJ_CLE,2022,2,2022-09-18,CLE,NYJ,1,66,19.26513,33,16.26702,33,2.99811,34.0,56,15.96445,-4.72049
2022_02_NYJ_CLE,2022,2,2022-09-18,NYJ,CLE,0,70,14.58416,50,16.20438,20,-1.62022,30.0,66,9.49667,4.72049
2022_02_SEA_SF,2022,2,2022-09-18,SEA,SF,0,49,-13.86331,35,-10.06836,14,-3.79495,20.0,22,-8.11507,3.11125
2022_02_SEA_SF,2022,2,2022-09-18,SF,SEA,1,76,11.43445,29,10.39332,47,1.04113,33.0,26,6.435,-3.11125
2022_02_TB_NO,2022,2,2022-09-18,NO,TB,1,68,-25.73085,49,-20.42442,19,-5.30644,27.0,52,-29.59083,-2.19127
2022_02_TB_NO,2022,2,2022-09-18,TB,NO,0,65,-13.89309,37,5.08341,28,-18.9765,20.0,56,-7.58444,2.19127
2022_02_TEN_BUF,2022,2,2022-09-19,BUF,TEN,1,66,16.98843,45,19.04425,21,-2.05582,31.0,42,18.30788,8.50604
2022_02_TEN_BUF,2022,2,2022-09-19,TEN,BUF,0,56,-22.20617,30,-14.47794,26,-7.72823,22.0,30,-0.70492,-8.50604
2022_02_WAS_DET,2022,2,2022-09-18,DET,WAS,1,59,3.50537,37,1.22053,22,2.28483,22.0,28,3.88233,10.96243
2022_02_WAS_DET,2022,2,2022-09-18,WAS,DET,0,72,3.63885,53,5.112,19,-1.47315,29.0,18,-10.69876,-10.96243
2022_03_ATL_SEA,2022,3,2022-09-25,ATL,SEA,0,55,17.05236,28,15.2368,27,1.81556,29.0,53,17.53317,1.33591
2022_03_ATL_SEA,2022,3,2022-09-25,SEA,ATL,1,71,11.07194,47,10.58894,24,0.48299,39.0,71,11.07194,-1.33591
2022_03_BAL_NE,2022,3,2022-09-25,BAL,NE,0,56,12.44492,34,3.02148,22,9.42344,28.0,52,10.56783,3.30719
2022_03_BAL_NE,2022,3,2022-09-25,NE,BAL,1,65,-0.64377,41,-2.29886,24,1.6551,29.0,61,0.42391,-3.30719
2022_03_BUF_MIA,2022,3,2022-09-25,BUF,MIA,0,90,9.13196,71,12.02223,19,-2.89027,46.0,90,9.13196,-2.91184
2022_03_BUF_MIA,2022,3,2022-09-25,MIA,BUF,1,43,7.25536,25,8.83349,18,-1.57813,19.0,43,7.25536,2.91184
2022_03_CIN_NYJ,2022,3,2022-09-25,CIN,NYJ,0,66,4.66878,41,13.04042,25,-8.37164,30.0,37,8.56186,-6.53586
2022_03_CIN_NYJ,2022,3,2022-09-25,NYJ,CIN,1,78,-24.62184,58,-23.65276,20,-0.96908,29.0,44,-16.47235,6.53586
2022_03_DAL_NYG,2022,3,2022-09-26,DAL,NYG,0,62,9.59562,31,3.38709,31,6.20852,30.0,54,12.37174,0.54882
2022_03_DAL_NYG,2022,3,2022-09-26,NYG,DAL,1,72,-1.34094,54,-3.57621,18,2.23527,33.0,66,-1.18617,-0.54882
2022_03_DET_MIN,2022,3,2022-09-25,DET,MIN,0,77,4.70734,44,7.86044,33,-3.1531,34.0,76,6.40996,-3.07206
2022_03_DET_MIN,2022,3,2022-09-25,MIN,DET,1,70,2.80893,46,3.16585,24,-0.35692,40.0,70,2.80893,3.07206
2022_03_GB_TB,2022,3,2022-09-25,GB,TB,0,61,-5.57249,37,1.1605,24,-6.73298,25.0,53,-5.42651,-2.6546
2022_03_GB_TB,2022,3,2022-09-25,TB,GB,1,63,-11.19336,49,-5.91166,14,-5.2817,27.0,59,-12.97733,2.6546
2022_03_HOU_CHI,2022,3,2022-09-25,CHI,HOU,1,61,-1.70883,26,-3.49282,35,1.78399,25.0,61,-1.70883,-0.75129
2022_03_HOU_CHI,2022,3,2022-09-25,HOU,CHI,0,60,-3.81215,35,-3.43833,25,-0.37382,25.0,60,-3.81215,0.75129
2022_03_JAX_LAC,2022,3,2022-09-25,JAX,LAC,0,73,15.02376,40,13.09496,33,1.9288,36.0,45,4.91267,2.67114
2022_03_JAX_LAC,2022,3,2022-09-25,LAC,JAX,1,61,-17.45089,50,-10.20813,11,-7.24276,23.0,38,-13.00424,-2.67114
2022_03_KC_IND,2022,3,2022-09-25,IND,KC,1,70,-10.8664,45,-4.19332,25,-6.67309,30.0,70,-10.8664,15.23459
2022_03_KC_IND,2022,3,2022-09-25,KC,IND,0,63,2.13832,44,6.23555,19,-4.09723,26.0,63,2.13832,-15.23459
2022_03_LA_ARI,2022,3,2022-09-25,ARI,LA,1,83,-4.85093,63,-6.94558,20,2.09465,32.0,67,-8.30191,-3.19185
2022_03_LA_ARI,2022,3,2022-09-25,LA,ARI,0,46,7.73357,27,10.95367,19,-3.22011,23.0,38,8.79114,3.19185
2022_03_LV_TEN,2022,3,2022-09-25,LV,TEN,0,69,11.75607,52,12.6753,17,-0.91923,30.0,52,-1.67447,-1.04162
2022_03_LV_TEN,2022,3,2022-09-25,TEN,LV,1,55,8.03019,30,10.32133,25,-2.29114,27.0,39,15.21989,1.04162
2022_03_NO_CAR,2022,3,2022-09-25,CAR,NO,1,59,-7.75629,28,-4.78454,31,-2.97175,19.0,31,-0.84251,12.43734
2022_03_NO_CAR,2022,3,2022-09-25,NO,CAR,0,69,-7.33161,46,6.13878,23,-13.47039,31.0,46,-9.41425,-12.43734
2022_03_PHI_WAS,2022,3,2022-09-25,PHI,WAS,0,68,5.15192,43,18.22815,25,-13.07623,26.0,37,7.49645,-1.47688
2022_03_PHI_WAS,2022,3,2022-09-25,WAS,PHI,1,76,-20.22043,57,-17.15624,19,-3.06419,29.0,26,-16.52574,1.47688
2022_03_PIT_CLE,2022,3,2022-09-22,CLE,PIT,1,72,6.40971,34,-0.05742,38,6.46714,34.0,61,12.84332,3.06786
2022_03_PIT_CLE,2022,3,2022-09-22,PIT,CLE,0,59,-1.54681,37,-7.80744,22,6.26063,30.0,46,7.015,-3.06786
2022_03_SF_DEN,2022,3,2022-09-25,DEN,SF,1,70,-14.77248,43,-9.66683,27,-5.10565,22.0,70,-14.77248,-1.09893
2022_03_SF_DEN,2022,3,2022-09-25,SF,DEN,0,56,-17.17544,35,-10.18906,21,-6.98637,22.0,56,-17.17544,1.09893
2022_04_ARI_CAR,2022,4,2022-10-02,ARI,CAR,0,72,-4.07068,39,1.00148,33,-5.07215,32.0,64,-7.50858,-1.75671
2022_04_ARI_CAR,2022,4,2022-10-02,CAR,ARI,1,52,-23.90521,39,-12.76153,13,-11.14368,19.0,41,-26.24864,1.75671
2022_04_BUF_BAL,2022,4,2022-10-02,BAL,BUF,1,69,-4.09739,43,-6.8926,26,2.79521,32.0,54,-2.64101,1.41836
2022_04_BUF_BAL,2022,4,2022-10-02,BUF,BAL,0,61,2.80249,43,8.21501,18,-5.41252,31.0,51,0.85779,-1.41836
2022_04_CHI_NYG,2022,4,2022-10-02,CHI,NYG,0,62,-5.11798,36,1.38719,26,-6.50517,20.0,55,-4.07266,5.74117
2022_04_CHI_NYG,2022,4,2022-10-02,NYG,CHI,1,65,5.68864,26,6.78116,39,-1.09252,27.0,58,6.81127,-5.74117
2022_04_CLE_ATL,2022,4,2022-10-02,ATL,CLE,1,52,1.90794,20,-5.13431,32,7.04225,24.0,52,1.90794,2.02328
2022_04_CLE_ATL,2022,4,2022-10-02,CLE,ATL,0,73,1.02402,40,-6.38774,33,7.41176,32.0,73,1.02402,-2.02328
2022_04_DEN_LV,2022,4,2022-10-02,DEN,LV,0,53,-12.37287,36,-2.73052,17,-9.64235,16.0,48,-9.52413,2.40641
2022_04_DEN_LV,2022,4,2022-10-02,LV,DEN,1,73,3.1287,40,0.1873,33,2.94139,34.0,69,1.91211,-2.40641
2022_04_JAX_PHI,2022,4,2022-10-02,JAX,PHI,0,47,-14.55877,28,-8.23453,19,-6.32424,20.0,40,-15.85812,3.48926
2022_04_JAX_PHI,2022,4,2022-10-02,PHI,JAX,1,78,-1.68262,31,-7.27314,47,5.59052,35.0,60,-2.58663,-3.48926
2022_04_KC_TB,2022,4,2022-10-02,KC,TB,0,80,18.5234,44,11.94052,36,6.58288,43.0,50,17.67425,7.5904
2022_04_KC_TB,2022,4,2022-10-02,TB,KC,1,64,8.7811,57,10.35945,7,-1.57835,35.0,35,2.02623,-7.5904
2022_04_LAC_HOU,2022,4,2022-10-02,HOU,LAC,1,57,-3.82404,43,-8.94304,14,5.119,19.0,31,-14.42241,4.58603
2022_04_LAC_HOU,2022,4,2022-10-02,LAC,HOU,0,66,16.3341,41,16.64345,25,-0.30935,29.0,37,19.72568,-4.58603
2022_04_LA_SF,2022,4,2022-10-03,LA,SF,0,74,-14.99847,57,-11.92837,17,-3.0701,32.0,58,-12.62274,6.69234
2022_04_LA_SF,2022,4,2022-10-03,SF,LA,1,50,8.5933,28,11.51379,22,-2.92049,17.0,42,12.57154,-6.69234
2022_04_MIA_CIN,2022,4,2022-09-29,CIN,MIA,1,61,5.68234,36,14.90449,25,-9.22215,26.0,58,4.01923,5.52396
2022_04_MIA_CIN,2022,4,2022-09-29,MIA,CIN,0,64,-1.20681,42,3.26933,22,-4.47615,27.0,58,-0.39158,-5.52396
2022_04_MIN_NO,2022,4,2022-10-02,MIN,NO,0,73,6.10793,47,8.17162,26,-2.0637,33.0,73,6.10793,6.26912
2022_04_MIN_NO,2022,4,2022-10-02,NO,MIN,1,59,7.75213,31,6.06257,28,1.68955,34.0,59,7.75213,-6.26912
2022_04_NE_GB,2022,4,2022-10-02,GB,NE,1,73,1.15328,38,-3.30514,35,4.45842,34.0,73,1.15328,-0.27934
2022_04_NE_GB,2022,4,2022-10-02,NE,GB,0,58,1.30673,25,-6.88554,33,8.19226,31.0,58,1.30673,0.27934
2022_04_NYJ_PIT,2022,4,2022-10-02,NYJ,PIT,0,70,1.16496,43,0.70036,27,0.4646,27.0,69,-3.36341,-0.23883
2022_04_NYJ_PIT,2022,4,2022-10-02,PIT,NYJ,1,64,-5.78232,37,-5.79013,27,0.00781,27.0,63,-6.24428,0.23883
2022_04_SEA_DET,2022,4,2022-10-02,DET,SEA,1,72,13.60937,47,9.57915,25,4.03021,30.0,57,-0.48241,3.88755
2022_04_SEA_DET,2022,4,2022-10-02,SEA,DET,0,65,32.32202,35,20.47984,30,11.84218,35.0,54,31.90417,-3.88755
2022_04_TEN_IND,2022,4,2022-10-02,IND,TEN,1,65,-4.71112,42,10.10292,23,-14.81404,24.0,58,-8.99292,-5.28258
2022_04_TEN_IND,2022,4,2022-10-02,TEN,IND,0,51,2.90879,28,0.95802,23,1.95077,25.0,36,5.11844,5.28258
2022_04_WAS_DAL,2022,4,2022-10-02,DAL,WAS,1,61,-2.61827,33,8.99591,28,-11.61418,23.0,48,5.43217,-0.09327
2022_04_WAS_DAL,2022,4,2022-10-02,WAS,DAL,0,74,-20.168,47,-17.63256,27,-2.53544,22.0,52,-4.83527,0.09327
2022_05_ATL_TB,2022,5,2022-10-09,ATL,TB,0,65,1.85768,36,-2.54242,29,4.4001,26.0,31,-4.82996,-0.84566
2022_05_ATL_TB,2022,5,2022-10-09,TB,ATL,1,75,11.31953,54,15.73087,21,-4.41135,40.0,50,12.29983,0.84566
2022_05_CHI_MIN,2022,5,2022-10-09,CHI,MIN,0,49,2.53658,31,9.09769,18,-6.56111,19.0,46,6.9601,11.00673
2022_05_CHI_MIN,2022,5,2022-10-09,MIN,CHI,1,75,16.94285,46,16.1569,29,0.78595,43.0,67,15.98453,-11.00673
2022_05_CIN_BAL,2022,5,2022-10-09,BAL,CIN,1,64,-2.02894,37,-5.1685,27,3.13956,30.0,64,-2.02894,6.96892
2022_05_CIN_BAL,2022,5,2022-10-09,CIN,BAL,0,63,0.40245,42,-2.6922,21,3.09465,30.0,63,0.40245,-6.96892
2022_05_DAL_LA,2022,5,2022-10-09,DAL,LA,0,52,-7.44241,19,-6.6676,33,-0.7748,19.0,40,-4.91468,9.12136
2022_05_DAL_LA,2022,5,2022-10-09,LA,DAL,1,66,-20.25952,50,-13.70298,16,-6.55654,22.0,55,-16.24522,-9.12136
2022_05_DET_NE,2022,5,2022-10-09,DET,NE,0,65,-26.39897,41,-20.44351,24,-5.95546,25.0,30,-18.56565,-1.31315
2022_05_DET_NE,2022,5,2022-10-09,NE,DET,1,58,7.50448,26,9.72327,32,-2.21878,26.0,20,-0.31702,1.31315
2022_05_HOU_JAX,2022,5,2022-10-09,HOU,JAX,0,57,-3.38485,26,-1.83154,31,-1.5533,23.0,54,-1.27922,1.89144
2022_05_HOU_JAX,2022,5,2022-10-09,JAX,HOU,1,73,-9.01959,50,-6.10382,23,-2.91577,30.0,66,-6.6556,-1.89144
2022_05_IND_DEN,2022,5,2022-10-06,DEN,IND,1,71,-14.24969,46,-9.79592,25,-4.45377,29.0,69,-8.91642,-5.39798
2022_05_IND_DEN,2022,5,2022-10-06,IND,DEN,0,78,-17.80107,52,-14.58159,26,-3.21948,29.0,78,-17.80107,5.39798
2022_05_LAC_CLE,2022,5,2022-10-09,CLE,LAC,1,67,12.70184,38,11.33935,29,1.36249,33.0,67,12.70184,-1.68956
2022_05_LAC_CLE,2022,5,2022-10-09,LAC,CLE,0,69,19.39815,40,7.93502,29,11.46312,32.0,69,19.39815,1.68956
2022_05_LV_KC,2022,5,2022-10-10,KC,LV,1,70,15.09505,50,16.36352,20,-1.26847,36.0,70,15.09505,-5.57935
2022_05_LV_KC,2022,5,2022-10-10,LV,KC,0,63,12.34185,37,12.44625,26,-0.10439,27.0,63,12.34185,5.57935
2022_05_MIA_NYJ,2022,5,2022-10-09,MIA,NYJ,0,67,-7.22943,40,-11.14513,27,3.91571,34.0,54,-1.8162,-5.47301
2022_05_MIA_NYJ,2022,5,2022-10-09,NYJ,MIA,1,56,10.0277,26,5.67692,30,4.35077,28.0,50,5.38272,5.47301
2022_05_NYG_GB,2022,5,2022-10-09,GB,NYG,1,63,8.16855,43,7.01704,20,1.15151,33.0,62,8.23225,0.50176
2022_05_NYG_GB,2022,5,2022-10-09,NYG,GB,0,59,15.87822,33,15.93097,26,-0.05275,31.0,58,17.60143,-0.50176
2022_05_PHI_ARI,2022,5,2022-10-09,ARI,PHI,1,68,5.62588,42,6.9529,26,-1.32702,32.0,68,5.62588,-3.5684
2022_05_PHI_ARI,2022,5,2022-10-09,PHI,ARI,0,72,7.8591,41,5.11488,31,2.74422,42.0,72,7.8591,3.5684
2022_05_PIT_BUF,2022,5,2022-10-09,BUF,PIT,1,53,19.98227,40,18.06665,13,1.91561,26.0,24,11.66879,9.61454
2022_05_PIT_BUF,2022,5,2022-10-09,PIT,BUF,0,75,-8.83556,59,-3.8345,16,-5.00106,32.0,24,-6.33224,-9.61454
2022_05_SEA_NO,2022,5,2022-10-09,NO,SEA,1,71,6.09953,29,0.16962,42,5.92992,32.0,66,5.91803,-0.48098
2022_05_SEA_NO,2022,5,2022-10-09,SEA,NO,0,52,1.87499,33,4.33609,19,-2.4611,19.0,50,-0.44384,0.48098
2022_05_SF_CAR,2022,5,2022-10-09,CAR,SF,1,69,-13.29891,51,-13.39196,18,0.09306,25.0,45,-9.32256,2.95061
2022_05_SF_CAR,2022,5,2022-10-09,SF,CAR,0,63,17.64038,35,16.3907,28,1.24968,30.0,45,13.18126,-2.95061
2022_05_TEN_WAS,2022,5,2022-10-09,TEN,WAS,0,64,-1.22377,33,-1.94895,31,0.72518,26.0,63,-1.32066,3.22068
2022_05_TEN_WAS,2022,5,2022-10-09,WAS,TEN,1,62,-2.3646,47,2.41745,15,-4.78205,25.0,62,-2.3646,-3.22068
2022_06_ARI_SEA,2022,6,2022-10-16,ARI,SEA,0,71,-14.43352,47,-12.19226,24,-2.24126,23.0,54,-10.37898,-4.56058
2022_06_ARI_SEA,2022,6,2022-10-16,SEA,ARI,1,69,-10.09833,41,-1.91918,28,-8.17916,29.0,56,-3.19173,4.56058
2022_06_BAL_NYG,2022,6,2022-10-16,BAL,NYG,0,59,6.36059,36,0.77018,23,5.59041,28.0,59,6.36059,-4.41945
2022_06_BAL_NYG,2022,6,2022-10-16,NYG,BAL,1,61,8.0579,34,10.70775,27,-2.64985,29.0,59,6.95042,4.41945
2022_06_BUF_KC,2022,6,2022-10-16,BUF,KC,0,71,10.09701,45,13.79347,26,-3.69646,35.0,70,10.16363,1.61618
2022_06_BUF_KC,2022,6,2022-10-16,KC,BUF,1,67,3.25105,53,7.05627,14,-3.80522,27.0,67,3.25105,-1.61618
2022_06_CAR_LA,2022,6,2022-10-16,CAR,LA,0,43,-15.12247,23,-12.94753,20,-2.17494,14.0,33,-10.01762,-1.95489
2022_06_CAR_LA,2022,6,2022-10-16,LA,CAR,1,63,-0.51629,35,3.02596,28,-3.54224,27.0,52,-1.58744,1.95489
2022_06_CIN_NO,2022,6,2022-10-16,CIN,NO,0,55,17.06431,44,15.25826,11,1.80605,33.0,55,17.06431,-5.27362
2022_06_CIN_NO,2022,6,2022-10-16,NO,CIN,1,72,6.60918,38,2.61139,34,3.9978,33.0,72,6.60918,5.27362
2022_06_DAL_PHI,2022,6,2022-10-16,DAL,PHI,0,67,-3.73344,41,-7.99178,26,4.25834,30.0,31,0.93287,-5.36176
2022_06_DAL_PHI,2022,6,2022-10-16,PHI,DAL,1,68,2.80605,30,4.50026,38,-1.69421,32.0,45,8.25222,5.36176
2022_06_DEN_LAC,2022,6,2022-10-17,DEN,LAC,0,58,-5.94885,36,-3.10617,22,-2.84267,21.0,58,-5.94885,-6.25006
2022_06_DEN_LAC,2022,6,2022-10-17,LAC,DEN,1,93,-9.61583,67,-7.27027,26,-2.34556,35.0,93,-9.61583,6.25006
2022_06_JAX_IND,2022,6,2022-10-16,IND,JAX,1,79,18.55667,63,20.61484,16,-2.05817,38.0,79,18.55667,1.34479
2022_06_JAX_IND,2022,6,2022-10-16,JAX,IND,0,61,16.42,30,5.91982,31,10.50018,36.0,59,16.52883,-1.34479
2022_06_MIN_MIA,2022,6,2022-10-16,MIA,MIN,1,78,-12.67428,59,-3.65853,19,-9.01575,31.0,66,-18.15275,-0.82665
2022_06_MIN_MIA,2022,6,2022-10-16,MIN,MIA,0,49,-5.15885,34,-4.30373,15,-0.85511,18.0,46,-2.73558,0.82665
2022_06_NE_CLE,2022,6,2022-10-16,CLE,NE,1,69,-17.04692,51,-9.45494,18,-7.59198,22.0,38,-13.02339,-0.90865
2022_06_NE_CLE,2022,6,2022-10-16,NE,CLE,0,67,13.69554,40,12.77222,27,0.92332,27.0,45,8.93284,0.90865
2022_06_NYJ_GB,2022,6,2022-10-16,GB,NYJ,1,73,-20.09207,53,-12.85593,20,-7.23614,33.0,55,-14.5772,-4.384
2022_06_NYJ_GB,2022,6,2022-10-16,NYJ,GB,0,52,0.24186,22,-6.08254,30,6.3244,21.0,39,-1.70562,4.384
2022_06_SF_ATL,2022,6,2022-10-16,ATL,SF,1,58,6.51921,19,7.12696,39,-0.60775,29.0,41,11.00102,-0.62814
2022_06_SF_ATL,2022,6,2022-10-16,SF,ATL,0,60,-9.10591,45,1.20548,15,-10.31139,31.0,28,-2.96134,0.62814
2022_06_TB_PIT,2022,6,2022-10-16,PIT,TB,1,62,1.79705,36,9.36298,26,-7.56593,26.0,60,0.9145,4.62938
2022_06_TB_PIT,2022,6,2022-10-16,TB,PIT,0,70,5.23896,43,9.22299,27,-3.98403,35.0,70,5.23896,-4.62938
2022_06_WAS_CHI,2022,6,2022-10-13,CHI,WAS,1,72,-6.76153,45,-8.12256,27,1.36103,31.0,72,-6.76153,-5.59529
2022_06_WAS_CHI,2022,6,2022-10-13,WAS,CHI,0,56,-2.77665,27,-5.02213,29,2.24548,23.0,52,-1.78161,5.59529
2022_07_ATL_CIN,2022,7,2022-10-23,ATL,CIN,0,47,1.23021,21,1.19326,26,0.03696,19.0,26,-4.90543,1.41774
2022_07_ATL_CIN,2022,7,2022-10-23,CIN,ATL,1,67,27.09628,47,26.73694,20,0.35934,38.0,28,16.86849,-1.41774
2022_07_CHI_NE,2022,7,2022-10-24,CHI,NE,0,70,9.54286,27,4.35375,43,5.18911,38.0,55,8.06178,6.13775
2022_07_CHI_NE,2022,7,2022-10-24,NE,CHI,1,51,-13.67144,36,-8.58869,15,-5.08276,20.0,35,-6.17952,-6.13775
2022_07_CLE_BAL,2022,7,2022-10-23,BAL,CLE,1,63,-3.19744,22,-2.61014,41,-0.5873,28.0,60,-1.5571,7.85324
2022_07_CLE_BAL,2022,7,2022-10-23,CLE,BAL,0,60,5.35601,38,1.36569,22,3.99031,29.0,57,5.37332,-7.85324
2022_07_DET_DAL,2022,7,2022-10-23,DAL,DET,1,61,3.09689,31,6.68967,30,-3.59278,33.0,55,-1.09274,0.67586
2022_07_DET_DAL,2022,7,2022-10-23,DET,DAL,0,59,-18.52818,33,-9.13638,26,-9.3918,28.0,52,-10.46792,-0.67586
2022_07_GB_WAS,2022,7,2022-10-23,GB,WAS,0,53,-2.12245,40,0.1787,13,-2.30114,22.0,45,-3.9339,-3.27368
2022_07_GB_WAS,2022,7,2022-10-23,WAS,GB,1,74,-2.55877,36,-0.20676,38,-2.35201,27.0,66,-0.2149,3.27368
2022_07_HOU_LV,2022,7,2022-10-23,HOU,LV,0,65,3.73958,42,3.07251,23,0.66707,30.0,44,13.21643,-2.75618
2022_07_HOU_LV,2022,7,2022-10-23,LV,HOU,1,54,17.71828,29,12.72382,25,4.99446,32.0,54,17.71828,2.75618
2022_07_IND_TEN,2022,7,2022-10-23,IND,TEN,0,64,-13.82336,48,-14.1685,16,0.34514,31.0,55,-14.02096,-4.0645
2022_07_IND_TEN,2022,7,2022-10-23,TEN,IND,1,57,-5.17584,23,4.26545,34,-9.4413,23.0,43,2.23621,4.0645
2022_07_KC_SF,2022,7,2022-10-23,KC,SF,0,61,30.51098,42,26.16076,19,4.35021,35.0,52,27.04851,-5.95251
2022_07_KC_SF,2022,7,2022-10-23,SF,KC,1,77,1.22657,56,1.37412,21,-0.14755,36.0,55,6.88391,5.95251
2022_07_NO_ARI,2022,7,2022-10-20,ARI,NO,1,61,8.99012,34,5.96513,27,3.025,28.0,33,7.21329,0.3538
2022_07_NO_ARI,2022,7,2022-10-20,NO,ARI,0,71,3.21102,53,5.54594,18,-2.33492,39.0,42,-6.08221,-0.3538
2022_07_NYG_JAX,2022,7,2022-10-23,JAX,NYG,1,70,5.60129,47,10.61954,23,-5.01825,31.0,67,2.54947,0.05039
2022_07_NYG_JAX,2022,7,2022-10-23,NYG,JAX,0,76,14.10382,42,7.95407,34,6.14975,41.0,73,15.30925,-0.05039
2022_07_NYJ_DEN,2022,7,2022-10-23,DEN,NYJ,1,79,-8.8444,50,-9.70981,29,0.86541,28.0,72,-8.13292,-9.09051
2022_07_NYJ_DEN,2022,7,2022-10-23,NYJ,DEN,0,58,-7.7245,34,-7.69971,24,-0.02479,19.0,55,-6.47682,9.09051
2022_07_PIT_MIA,2022,7,2022-10-23,MIA,PIT,1,61,-1.98137,38,4.95747,23,-6.93884,26.0,58,0.44776,-0.10749
2022_07_PIT_MIA,2022,7,2022-10-23,PIT,MIA,0,74,-10.887,52,-7.24758,22,-3.63942,29.0,74,-10.887,0.10749
2022_07_SEA_LAC,2022,7,2022-10-23,LAC,SEA,1,71,-16.03492,59,-8.37158,12,-7.66334,26.0,46,-16.22527,-2.5815
2022_07_SEA_LAC,2022,7,2022-10-23,SEA,LAC,0,69,11.13366,37,10.33101,32,0.80265,32.0,51,9.15615,2.5815
2022_07_TB_CAR,2022,7,2022-10-23,CAR,TB,1,50,6.78418,23,5.26887,27,1.5153,19.0,35,3.39552,-0.88437
2022_07_TB_CAR,2022,7,2022-10-23,TB,CAR,0,67,-10.99287,52,-3.72048,15,-7.27239,25.0,53,-15.43752,0.88437
2022_08_ARI_MIN,2022,8,2022-10-30,ARI,MIN,0,76,-2.40733,58,0.51479,18,-2.92212,36.0,58,0.2628,-1.58583
2022_08_ARI_MIN,2022,8,2022-10-30,MIN,ARI,1,71,-0.51749,44,-1.46982,27,0.95233,36.0,65,4.47369,1.58583
2022_08_BAL_TB,2022,8,2022-10-27,BAL,TB,0,73,9.75407,44,0.99685,29,8.75722,38.0,69,8.68469,5.89879
2022_08_BAL_TB,2022,8,2022-10-27,TB,BAL,1,65,8.58256,51,7.842,14,0.74056,31.0,48,-2.04938,-5.89879
2022_08_CAR_ATL,2022,8,2022-10-30,ATL,CAR,1,66,2.31289,31,6.27198,35,-3.95909,30.0,63,4.34504,2.00076
2022_08_CAR_ATL,2022,8,2022-10-30,CAR,ATL,0,79,3.7915,42,0.10188,37,3.68962,33.0,74,-0.96241,-2.00076
2022_08_CHI_DAL,2022,8,2022-10-30,CHI,DAL,0,77,4.01002,36,-2.15219,41,6.16221,34.0,32,0.3417,-0.24654
2022_08_CHI_DAL,2022,8,2022-10-30,DAL,CHI,1,55,24.56894,28,14.72569,27,9.84325,31.0,38,20.83775,0.24654
2022_08_CIN_CLE,2022,8,2022-10-31,CIN,CLE,0,53,-6.28461,43,-6.78954,10,0.50493,25.0,31,-11.03105,-4.31657
2022_08_CIN_CLE,2022,8,2022-10-31,CLE,CIN,1,67,11.93601,25,10.1239,42,1.8121,37.0,38,-0.00303,4.31657
2022_08_DEN_JAX,2022,8,2022-10-30,DEN,JAX,0,60,1.1913,34,4.34904,26,-3.15775,27.0,56,4.27768,-1.21194
2022_08_DEN_JAX,2022,8,2022-10-30,JAX,DEN,1,72,-5.78017,39,-12.08188,33,6.30171,35.0,72,-5.78017,1.21194
2022_08_GB_BUF,2022,8,2022-10-30,BUF,GB,1,58,8.03947,34,7.62277,24,0.4167,30.0,24,15.56872,4.68187
2022_08_GB_BUF,2022,8,2022-10-30,GB,BUF,0,66,3.56982,36,-0.49679,30,4.06661,32.0,30,-1.27111,-4.68187
2022_08_LV_NO,2022,8,2022-10-30,LV,NO,0,58,-20.69452,44,-12.14859,14,-8.54594,19.0,20,-14.46339,3.30212
2022_08_LV_NO,2022,8,2022-10-30,NO,LV,1,64,11.47641,32,11.68111,32,-0.20471,34.0,21,3.30125,-3.30212
2022_08_MIA_DET,2022,8,2022-10-30,DET,MIA,1,61,11.51144,42,9.90616,19,1.60528,33.0,61,11.51144,1.44256
2022_08_MIA_DET,2022,8,2022-10-30,MIA,DET,0,65,20.90472,42,22.35465,23,-1.44993,32.0,61,20.61471,-1.44256
2022_08_NE_NYJ,2022,8,2022-10-30,NE,NYJ,0,74,-9.49581,45,-1.68365,29,-7.81215,28.0,63,-3.66988,13.42117
2022_08_NE_NYJ,2022,8,2022-10-30,NYJ,NE,1,59,-7.70902,43,-2.31007,16,-5.39896,20.0,44,-9.82678,-13.42117
2022_08_NYG_SEA,2022,8,2022-10-30,NYG,SEA,0,65,-5.37332,40,0.40521,25,-5.77853,21.0,50,-3.01663,-11.53713
2022_08_NYG_SEA,2022,8,2022-10-30,SEA,NYG,1,63,-4.99642,41,-3.19672,22,-1.79969,23.0,55,-6.62696,11.53713
2022_08_PIT_PHI,2022,8,2022-10-30,PHI,PIT,1,56,19.52043,36,14.65309,20,4.86734,27.0,31,14.64592,0.73373
2022_08_PIT_PHI,2022,8,2022-10-30,PIT,PHI,0,77,-5.78498,57,-14.34098,20,8.556,31.0,38,-2.91433,-0.73373
2022_08_SF_LA,2022,8,2022-10-30,LA,SF,1,57,-2.62308,38,3.40349,19,-6.02656,23.0,50,0.30914,-1.94946
2022_08_SF_LA,2022,8,2022-10-30,SF,LA,0,53,18.33151,29,18.32095,24,0.01056,29.0,45,14.66307,1.94946
2022_08_TEN_HOU,2022,8,2022-10-30,HOU,TEN,1,53,-18.9568,37,-14.0966,16,-4.86021,13.0,34,-20.26932,8.06241
2022_08_TEN_HOU,2022,8,2022-10-30,TEN,HOU,0,57,2.52688,15,-10.94608,42,13.47296,27.0,42,5.59722,-8.06241
2022_08_WAS_IND,2022,8,2022-10-30,IND,WAS,1,57,-6.40722,31,0.51082,26,-6.91803,23.0,57,-6.40722,3.01245
2022_08_WAS_IND,2022,8,2022-10-30,WAS,IND,0,61,-4.02536,38,1.52731,23,-5.55267,27.0,59,-7.33397,-3.01245
2022_09_BAL_NO,2022,9,2022-11-07,BAL,NO,0,68,9.49589,27,4.54985,41,4.94604,34.0,43,9.43864,2.16202
2022_09_BAL_NO,2022,9,2022-11-07,NO,BAL,1,51,-8.87057,36,-3.75373,15,-5.11684,22.0,40,-9.22544,-2.16202
2022_09_BUF_NYJ,2022,9,2022-11-06,BUF,NYJ,0,62,-2.06133,43,-8.94397,19,6.88264,29.0,60,1.119,0.57424
2022_09_BUF_NYJ,2022,9,2022-11-06,NYJ,BUF,1,60,3.93121,29,1.52622,31,2.40499,34.0,60,3.93121,-0.57424
2022_09_CAR_CIN,2022,9,2022-11-06,CAR,CIN,0,49,-0.70124,32,-1.05701,17,0.35578,20.0,9,-6.16836,7.20293
2022_09_CAR_CIN,2022,9,2022-11-06,CIN,CAR,1,72,28.26246,35,11.28019,37,16.98228,47.0,25,13.23017,-7.20293
2022_09_GB_DET,2022,9,2022-11-06,DET,GB,1,60,-6.3533,29,1.46229,31,-7.81559,27.0,55,-2.45021,0.70236
2022_09_GB_DET,2022,9,2022-11-06,GB,DET,0,72,-8.71419,51,-6.14091,21,-2.57328,29.0,72,-8.71419,-0.70236
2022_09_IND_NE,2022,9,2022-11-06,IND,NE,0,62,-36.46256,44,-25.90877,18,-10.55379,15.0,41,-15.30084,-10.81562
2022_09_IND_NE,2022,9,2022-11-06,NE,IND,1,62,-20.8132,34,-12.82812,28,-7.98508,18.0,32,-5.38653,10.81562
2022_09_LAC_ATL,2022,9,2022-11-06,ATL,LAC,1,61,-0.97394,27,-8.43565,34,7.46171,32.0,61,-0.97394,-2.25635
2022_09_LAC_ATL,2022,9,2022-11-06,LAC,ATL,0,69,0.41171,45,3.84632,24,-3.43461,30.0,69,0.41171,2.25635
2022_09_LA_TB,2022,9,2022-11-06,LA,TB,0,56,-8.72706,33,-3.22323,23,-5.50384,13.0,54,-8.66198,-6.09039
2022_09_LA_TB,2022,9,2022-11-06,TB,LA,1,83,-13.0936,61,-3.28286,22,-9.81074,32.0,83,-13.0936,6.09039
2022_09_LV_JAX,2022,9,2022-11-06,JAX,LV,1,67,10.79772,32,16.94991,35,-6.15219,37.0,64,10.53102,-3.19602
2022_09_LV_JAX,2022,9,2022-11-06,LV,JAX,0,59,1.57562,39,7.04243,20,-5.46681,21.0,55,4.59521,3.19602
2022_09_MIA_CHI,2022,9,2022-11-06,CHI,MIA,1,72,12.96709,40,10.24089,32,2.72619,32.0,72,12.96709,-2.95913
2022_09_MIA_CHI,2022,9,2022-11-06,MIA,CHI,0,53,20.7101,34,24.44849,19,-3.73839,26.0,53,20.7101,2.95913
2022_09_MIN_WAS,2022,9,2022-11-06,MIN,WAS,0,66,-3.61809,44,2.26784,22,-5.88593,23.0,66,-3.61809,-0.78469
2022_09_MIN_WAS,2022,9,2022-11-06,WAS,MIN,1,62,-6.74264,36,-8.72329,26,1.98065,25.0,61,-6.70498,0.78469
2022_09_PHI_HOU,2022,9,2022-11-03,HOU,PHI,1,60,-5.14162,31,-5.81099,29,0.66937,27.0,43,-0.32937,2.69254
2022_09_PHI_HOU,2022,9,2022-11-03,PHI,HOU,0,62,11.41062,35,8.08461,27,3.32602,36.0,54,14.70704,-2.69254
2022_09_SEA_ARI,2022,9,2022-11-06,ARI,SEA,1,63,-6.99225,45,-3.55949,18,-3.43276,22.0,54,-6.176,-3.66493
2022_09_SEA_ARI,2022,9,2022-11-06,SEA,ARI,0,71,6.0857,41,1.62165,30,4.46406,34.0,70,4.36448,3.66493
2022_09_TEN_KC,2022,9,2022-11-06,KC,TEN,1,97,1.92744,82,8.10324,15,-6.1758,40.0,97,1.92744,-5.83829
2022_09_TEN_KC,2022,9,2022-11-06,TEN,KC,0,50,-4.24222,23,-6.30763,27,2.06541,14.0,45,-1.90569,5.83829
2022_10_ARI_LA,2022,10,2022-11-13,ARI,LA,0,67,2.59002,42,5.45665,25,-2.86664,28.0,60,5.34462,-0.10766
2022_10_ARI_LA,2022,10,2022-11-13,LA,ARI,1,60,-12.61826,41,-13.94341,19,1.32516,26.0,43,-11.81138,0.10766
2022_10_ATL_CAR,2022,10,2022-11-10,ATL,CAR,0,62,-8.82193,38,-3.90445,24,-4.91748,25.0,44,-6.84784,-2.68145
2022_10_ATL_CAR,2022,10,2022-11-10,CAR,ATL,1,66,2.53738,17,-1.43682,49,3.97419,28.0,45,8.2636,2.68145
2022_10_CLE_MIA,2022,10,2022-11-13,CLE,MIA,0,66,-3.96077,46,0.13572,20,-4.09649,31.0,32,-3.76628,2.12984
2022_10_CLE_MIA,2022,10,2022-11-13,MIA,CLE,1,66,27.09958,36,19.24543,30,7.85415,41.0,37,13.18272,-2.12984
2022_10_DAL_GB,2022,10,2022-11-13,DAL,GB,0,83,-0.12988,50,-5.22876,33,5.09888,38.0,83,-0.12988,7.88958
2022_10_DAL_GB,2022,10,2022-11-13,GB,DAL,1,63,14.02323,25,8.41029,38,5.61294,29.0,55,7.14761,-7.88958
2022_10_DEN_TEN,2022,10,2022-11-13,DEN,TEN,0,79,-5.17382,55,-1.22678,24,-3.94704,30.0,75,-5.81768,-5.44165
2022_10_DEN_TEN,2022,10,2022-11-13,TEN,DEN,1,62,-5.69289,40,5.34427,22,-11.03716,25.0,61,-5.84666,5.44165
2022_10_DET_CHI,2022,10,2022-11-13,CHI,DET,1,61,2.96011,27,-1.60175,34,4.56186,30.0,57,5.4912,0.52281
2022_10_DET_CHI,2022,10,2022-11-13,DET,CHI,0,61,11.48481,33,19.50988,28,-8.02508,31.0,50,12.17992,-0.52281
2022_10_HOU_NYG,2022,10,2022-11-13,HOU,NYG,0,64,-0.59189,45,4.0462,19,-4.63809,29.0,48,-4.77145,1.76257
2022_10_HOU_NYG,2022,10,2022-11-13,NYG,HOU,1,68,9.34755,24,13.61158,44,-4.26403,29.0,55,13.5264,-1.76257
2022_10_IND_LV,2022,10,2022-11-13,IND,LV,0,60,10.67986,32,6.4988,28,4.18105,32.0,60,10.67986,-6.62289
2022_10_IND_LV,2022,10,2022-11-13,LV,IND,1,69,-5.43443,43,2.72782,26,-8.16224,26.0,69,-5.43443,6.62289
2022_10_JAX_KC,2022,10,2022-11-13,JAX,KC,0,64,2.61575,51,5.18969,13,-2.57394,27.0,43,-12.41813,2.03305
2022_10_JAX_KC,2022,10,2022-11-13,KC,JAX,1,62,17.20875,41,24.15077,21,-6.94203,34.0,33,9.20384,-2.03305
2022_10_LAC_SF,2022,10,2022-11-13,LAC,SF,0,58,-6.54844,44,-4.56739,14,-1.98104,18.0,57,-4.54923,2.71217
2022_10_LAC_SF,2022,10,2022-11-13,SF,LAC,1,70,3.3328,30,3.66424,40,-0.33144,37.0,67,5.47723,-2.71217
2022_10_MIN_BUF,2022,10,2022-11-13,BUF,MIN,1,75,-5.2926,52,8.34693,23,-13.63952,40.0,54,12.13225,4.37502
2022_10_MIN_BUF,2022,10,2022-11-13,MIN,BUF,0,82,4.92164,60,5.16725,22,-0.24561,37.0,64,-3.79727,-4.37502
2022_10_NO_PIT,2022,10,2022-11-13,NO,PIT,0,47,-12.80396,33,-2.592,14,-10.21196,13.0,40,-5.77468,9.49892
2022_10_NO_PIT,2022,10,2022-11-13,PIT,NO,1,83,8.7819,45,6.68738,38,2.09453,39.0,71,9.83553,-9.49892
2022_10_SEA_TB,2022,10,2022-11-13,SEA,TB,0,51,1.72522,41,6.92261,10,-5.19739,28.0,37,-8.52331,5.55531
2022_10_SEA_TB,2022,10,2022-11-13,TB,SEA,1,69,11.96531,31,11.25662,38,0.70869,34.0,46,10.31529,-5.55531
2022_10_WAS_PHI,2022,10,2022-11-14,PHI,WAS,1,50,-5.61656,29,-7.55889,21,1.94233,25.0,49,1.3178,-5.35024
2022_10_WAS_PHI,2022,10,2022-11-14,WAS,PHI,0,79,4.84778,33,1.92244,46,2.92534,42.0,75,5.98557,5.35024
2022_11_CAR_BAL,2022,11,2022-11-20,BAL,CAR,1,68,-10.13506,39,-9.27083,29,-0.86423,32.0,61,-4.10756,-2.17
2022_11_CAR_BAL,2022,11,2022-11-20,CAR,BAL,0,57,-21.45046,42,-16.19131,15,-5.25915,18.0,42,-13.03181,2.17
2022_11_CHI_ATL,2022,11,2022-11-20,ATL,CHI,1,50,0.36284,24,1.24535,26,-0.8825,24.0,48,-1.43744,4.96765
2022_11_CHI_ATL,2022,11,2022-11-20,CHI,ATL,0,69,1.78063,33,5.68847,36,-3.90784,30.0,69,1.78063,-4.96765
2022_11_CIN_PIT,2022,11,2022-11-20,CIN,PIT,0,64,11.17842,42,12.30884,22,-1.13042,31.0,61,12.54171,3.31467
2022_11_CIN_PIT,2022,11,2022-11-20,PIT,CIN,1,73,-1.65934,48,-0.29291,25,-1.36643,28.0,60,-3.02379,-3.31467
2022_11_CLE_BUF,2022,11,2022-11-20,BUF,CLE,1,63,6.99595,32,6.14604,31,0.84991,32.0,43,5.58514,14.45458
2022_11_CLE_BUF,2022,11,2022-11-20,CLE,BUF,0,73,8.49144,51,23.94003,22,-15.4486,38.0,50,0.75705,-14.45458
2022_11_DAL_MIN,2022,11,2022-11-20,DAL,MIN,0,72,18.43529,32,18.83831,40,-0.40301,34.0,38,10.16528,7.6803
2022_11_DAL_MIN,2022,11,2022-11-20,MIN,DAL,1,57,-19.57089,40,-15.71112,17,-3.85977,16.0,25,-10.24737,-7.6803
2022_11_DET_NYG,2022,11,2022-11-20,DET,NYG,0,64,7.53929,30,3.58467,34,3.95463,29.0,39,7.62217,7.765
2022_11_DET_NYG,2022,11,2022-11-20,NYG,DET,1,75,-1.46908,51,-1.42761,24,-0.04147,34.0,39,-4.39738,-7.765
2022_11_KC_LAC,2022,11,2022-11-20,KC,LAC,0,64,15.9163,41,14.96646,23,0.94983,33.0,64,15.9163,-0.66373
2022_11_KC_LAC,2022,11,2022-11-20,LAC,KC,1,65,5.54612,37,4.10989,28,1.43622,35.0,65,5.54612,0.66373
2022_11_LA_NO,2022,11,2022-11-20,LA,NO,0,63,-2.53824,36,-1.3956,27,-1.14264,24.0,53,-0.56537,-0.40592
2022_11_LA_NO,2022,11,2022-11-20,NO,LA,1,55,5.92259,32,9.05985,23,-3.13725,28.0,44,10.87117,0.40592
2022_11_LV_DEN,2022,11,2022-11-20,DEN,LV,1,64,1.97803,37,6.36605,27,-4.38802,30.0,64,1.97803,-1.9191
2022_11_LV_DEN,2022,11,2022-11-20,LV,DEN,0,66,6.39064,41,8.1802,25,-1.78956,28.0,66,6.39064,1.9191
2022_11_NYJ_NE,2022,11,2022-11-20,NE,NYJ,1,63,-11.64077,34,-2.79377,29,-8.847,24.0,63,-11.64077,-0.90985
2022_11_NYJ_NE,2022,11,2022-11-20,NYJ,NE,0,50,-19.72486,30,-9.22134,20,-10.50352,11.0,50,-19.72486,0.90985
2022_11_PHI_IND,2022,11,2022-11-20,IND,PHI,1,65,-11.72992,37,-3.58213,28,-8.1478,22.0,63,-9.65531,-0.4984
2022_11_PHI_IND,2022,11,2022-11-20,PHI,IND,0,66,-8.84493,35,-10.29919,31,1.45426,31.0,66,-8.84493,0.4984
2022_11_SF_ARI,2022,11,2022-11-21,ARI,SF,1,71,-11.73514,49,-7.05772,22,-4.67742,28.0,47,-3.47781,-0.89847
2022_11_SF_ARI,2022,11,2022-11-21,SF,ARI,0,56,19.64708,30,15.43551,26,4.21157,31.0,36,14.80552,0.89847
2022_11_TEN_GB,2022,11,2022-11-17,GB,TEN,1,60,-3.65577,40,1.65708,20,-5.31285,20.0,49,0.70815,1.36069
2022_11_TEN_GB,2022,11,2022-11-17,TEN,GB,0,63,16.15037,34,18.79174,29,-2.64137,32.0,53,20.86775,-1.36069
2022_11_WAS_HOU,2022,11,2022-11-20,HOU,WAS,1,55,-21.50296,42,-14.9426,13,-6.56036,16.0,23,-23.30185,-0.40087
2022_11_WAS_HOU,2022,11,2022-11-20,WAS,HOU,0,68,-3.68193,29,1.69218,39,-5.37412,29.0,34,2.99568,0.40087
2022_12_ATL_WAS,2022,12,2022-11-27,ATL,WAS,0,57,0.62046,26,-4.72027,31,5.34073,27.0,57,0.62046,-1.52154
2022_12_ATL_WAS,2022,12,2022-11-27,WAS,ATL,1,61,4.59035,24,0.85309,37,3.73726,31.0,58,5.11842,1.52154
2022_12_BAL_JAX,2022,12,2022-11-27,BAL,JAX,0,70,6.49787,39,10.17391,31,-3.67604,33.0,70,6.49787,-1.31429
2022_12_BAL_JAX,2022,12,2022-11-27,JAX,BAL,1,62,3.06937,43,14.52109,19,-11.45173,25.0,56,-2.93369,1.31429
2022_12_BUF_DET,2022,12,2022-11-24,BUF,DET,0,77,9.67088,53,5.20898,24,4.4619,38.0,77,9.67088,0.63661
2022_12_BUF_DET,2022,12,2022-11-24,DET,BUF,1,70,5.1082,41,7.18937,29,-2.08117,33.0,70,5.1082,-0.63661
2022_12_CHI_NYJ,2022,12,2022-11-27,CHI,NYJ,0,56,-4.50177,28,-7.19823,28,2.69647,21.0,31,0.45958,-1.56755
2022_12_CHI_NYJ,2022,12,2022-11-27,NYJ,CHI,1,62,14.04836,30,14.55426,32,-0.5059,31.0,45,9.11226,1.56755
2022_12_CIN_TEN,2022,12,2022-11-27,CIN,TEN,0,66,4.90663,45,7.65478,21,-2.74815,29.0,63,7.17113,3.96168
2022_12_CIN_TEN,2022,12,2022-11-27,TEN,CIN,1,57,2.56518,38,7.01455,19,-4.44937,23.0,57,2.56518,-3.96168
2022_12_DEN_CAR,2022,12,2022-11-27,CAR,DEN,1,66,3.76426,20,5.04299,46,-1.27873,27.0,45,4.25972,2.6499
2022_12_DEN_CAR,2022,12,2022-11-27,DEN,CAR,0,60,-11.90158,43,-10.70661,17,-1.19498,22.0,31,-11.37908,-2.6499
2022_12_GB_PHI,2022,12,2022-11-27,GB,PHI,0,48,9.0879,28,7.54302,20,1.54488,24.0,36,-0.71419,-1.79699
2022_12_GB_PHI,2022,12,2022-11-27,PHI,GB,1,79,15.91505,36,2.43997,43,13.47508,41.0,57,15.70156,1.79699
2022_12_HOU_MIA,2022,12,2022-11-27,HOU,MIA,0,58,-21.38601,46,-21.63268,12,0.24667,17.0,14,-13.75867,1.47772
2022_12_HOU_MIA,2022,12,2022-11-27,MIA,HOU,1,72,-6.52274,50,4.90382,22,-11.42656,28.0,24,3.77985,-1.47772
2022_12_LAC_ARI,2022,12,2022-11-27,ARI,LAC,1,65,2.72408,33,11.305,32,-8.58091,27.0,62,4.36184,-2.43397
2022_12_LAC_ARI,2022,12,2022-11-27,LAC,ARI,0,64,2.243,54,3.77009,10,-1.52709,29.0,64,2.243,2.43397
2022_12_LA_KC,2022,12,2022-11-27,KC,LA,1,76,9.82996,50,12.36348,26,-2.53353,39.0,47,12.11066,-5.611
2022_12_LA_KC,2022,12,2022-11-27,LA,KC,0,54,-12.28027,30,-6.46556,24,-5.81471,17.0,28,-7.59853,5.611
2022_12_LV_SEA,2022,12,2022-11-27,LV,SEA,0,77,16.008,39,14.18039,38,1.82761,39.0,77,16.008,-3.96478
2022_12_LV_SEA,2022,12,2022-11-27,SEA,LV,1,64,2.32697,44,10.80691,20,-8.47994,34.0,64,2.32697,3.96478
2022_12_NE_MIN,2022,12,2022-11-24,MIN,NE,1,67,4.41209,41,12.52423,26,-8.11214,31.0,59,9.32989,2.5616
2022_12_NE_MIN,2022,12,2022-11-24,NE,MIN,0,54,3.83819,41,6.05518,13,-2.21699,23.0,51,4.14117,-2.5616
2022_12_NO_SF,2022,12,2022-11-27,NO,SF,0,57,-11.57894,39,-3.02504,18,-8.55389,21.0,37,-13.1354,-5.10505
2022_12_NO_SF,2022,12,2022-11-27,SF,NO,1,68,-1.55873,39,2.43291,29,-3.99164,27.0,52,2.22593,5.10505
2022_12_NYG_DAL,2022,12,2022-11-24,DAL,NYG,1,74,12.51192,36,15.19458,38,-2.68266,34.0,60,7.72372,-4.57782
2022_12_NYG_DAL,2022,12,2022-11-24,NYG,DAL,0,61,-2.75436,40,-4.02499,21,1.27063,26.0,44,-6.437,4.57782
2022_12_PIT_IND,2022,12,2022-11-28,IND,PIT,1,64,-8.44134,41,-2.22507,23,-6.21627,27.0,64,-8.44134,2.83941
2022_12_PIT_IND,2022,12,2022-11-28,PIT,IND,0,67,5.80569,34,1.11685,33,4.68885,35.0,65,5.7216,-2.83941
2022_12_TB_CLE,2022,12,2022-11-27,CLE,TB,1,79,-0.02213,46,-3.81594,33,3.79382,29.0,79,-0.02213,3.4851
2022_12_TB_CLE,2022,12,2022-11-27,TB,CLE,0,69,-1.97134,49,-1.47899,20,-0.49235,26.0,67,-0.78034,-3.4851
2022_13_BUF_NE,2022,13,2022-12-01,BUF,NE,0,71,12.5256,40,13.20854,31,-0.68294,32.0,60,10.13097,6.81644
2022_13_BUF_NE,2022,13,2022-12-01,NE,BUF,1,54,-1.33443,41,0.5567,13,-1.89114,21.0,32,-1.31596,-6.81644
2022_13_CLE_HOU,2022,13,2022-12-04,CLE,HOU,0,60,-14.13091,24,-10.07542,36,-4.0555,23.0,53,-11.04951,9.63395
2022_13_CLE_HOU,2022,13,2022-12-04,HOU,CLE,1,64,-25.66394,41,-18.40246,23,-7.26149,27.0,52,-29.40425,-9.63395
2022_13_DEN_BAL,2022,13,2022-12-04,BAL,DEN,1,71,-7.94515,49,-8.13679,22,0.19164,28.0,71,-7.94515,-0.40357
2022_13_DEN_BAL,2022,13,2022-12-04,DEN,BAL,0,53,-6.60222,27,2.00977,26,-8.61199,19.0,53,-6.60222,0.40357
2022_13_GB_CHI,2022,13,2022-12-04,CHI,GB,1,51,4.39672,29,-2.86458,22,7.2613,22.0,45,6.51653,0.17278
2022_13_GB_CHI,2022,13,2022-12-04,GB,CHI,0,63,13.18062,34,6.43412,29,6.7465,31.0,63,13.18062,-0.17278
2022_13_IND_DAL,2022,13,2022-12-04,DAL,IND,1,67,18.03038,32,7.23623,35,10.79415,31.0,55,5.29174,-2.51728
2022_13_IND_DAL,2022,13,2022-12-04,IND,DAL,0,69,-18.6344,41,-15.50115,28,-3.13325,27.0,49,-7.6468,2.51728
2022_13_JAX_DET,2022,13,2022-12-04,DET,JAX,1,74,20.29823,45,21.28793,29,-0.9897,40.0,22,9.39364,6.52595
2022_13_JAX_DET,2022,13,2022-12-04,JAX,DET,0,55,-6.02021,39,-3.22845,16,-2.79176,22.0,25,-7.75642,-6.52595
2022_13_KC_CIN,2022,13,2022-12-04,CIN,KC,1,70,16.32161,42,18.54755,28,-2.22594,39.0,68,15.53942,1.73637
2022_13_KC_CIN,2022,13,2022-12-04,KC,CIN,0,55,12.59264,32,6.59915,23,5.99348,29.0,55,12.59264,-1.73637
2022_13_LAC_LV,2022,13,2022-12-04,LAC,LV,0,75,-7.2179,56,-10.02557,19,2.80767,30.0,59,-13.31862,-2.93048
2022_13_LAC_LV,2022,13,2022-12-04,LV,LAC,1,61,-3.52593,32,-6.16949,29,2.64356,26.0,42,-0.56615,2.93048
2022_13_MIA_SF,2022,13,2022-12-04,MIA,SF,0,46,-15.54068,37,-14.31213,9,-1.22856,19.0,40,-10.78009,-2.24403
2022_13_MIA_SF,2022,13,2022-12-04,SF,MIA,1,81,1.38684,48,4.18248,33,-2.79564,35.0,69,3.56076,2.24403
2022_13_NO_TB,2022,13,2022-12-05,NO,TB,0,58,-0.86654,33,6.49097,25,-7.35751,23.0,46,0.24247,3.93613
2022_13_NO_TB,2022,13,2022-12-05,TB,NO,1,79,0.53545,59,2.51171,20,-1.97626,36.0,64,-3.95914,-3.93613
2022_13_NYJ_MIN,2022,13,2022-12-04,MIN,NYJ,1,66,1.47946,41,1.13359,25,0.34587,28.0,53,6.21458,-3.0695
2022_13_NYJ_MIN,2022,13,2022-12-04,NYJ,MIN,0,85,-3.59406,62,-7.73056,23,4.1365,35.0,72,-11.43547,3.0695
2022_13_PIT_ATL,2022,13,2022-12-04,ATL,PIT,1,54,-1.64425,25,-4.99037,29,3.34613,27.0,54,-1.64425,-0.20669
2022_13_PIT_ATL,2022,13,2022-12-04,PIT,ATL,0,64,11.52562,31,10.00942,33,1.5162,35.0,60,12.8568,0.20669
2022_13_SEA_LA,2022,13,2022-12-04,LA,SEA,1,64,-1.49312,36,-8.19176,28,6.69865,29.0,62,0.83713,1.34378
2022_13_SEA_LA,2022,13,2022-12-04,SEA,LA,0,66,11.65649,46,12.71449,20,-1.058,36.0,66,11.65649,-1.34378
2022_13_TEN_PHI,2022,13,2022-12-04,PHI,TEN,1,73,23.14462,46,23.78222,27,-0.6376,37.0,41,19.1694,-2.44805
2022_13_TEN_PHI,2022,13,2022-12-04,TEN,PHI,0,55,-11.6735,36,-5.05681,19,-6.61669,16.0,32,0.56722,2.44805
2022_13_WAS_NYG,2022,13,2022-12-04,NYG,WAS,1,63,-6.85276,39,0.81484,24,-7.6676,28.0,58,-3.06248,5.81455
2022_13_WAS_NYG,2022,13,2022-12-04,WAS,NYG,0,84,2.89854,48,1.3806,36,1.51795,37.0,81,0.51718,-5.81455
2022_14_BAL_PIT,2022,14,2022-12-11,BAL,PIT,0,57,2.86771,23,0.04829,34,2.81943,25.0,52,3.82966,6.09403
2022_14_BAL_PIT,2022,14,2022-12-11,PIT,BAL,1,55,1.90346,37,4.82512,18,-2.92166,27.0,53,-1.39293,-6.09403
2022_14_CAR_SEA,2022,14,2022-12-11,CAR,SEA,0,71,11.88555,28,0.51019,43,11.37536,37.0,63,10.29652,0.36997
2022_14_CAR_SEA,2022,14,2022-12-11,SEA,CAR,1,54,-2.80204,43,1.66934,11,-4.47137,21.0,45,-6.66452,-0.36997
2022_14_CLE_CIN,2022,14,2022-12-11,CIN,CLE,1,64,3.45787,43,0.64367,21,2.8142,29.0,48,8.96794,-5.96911
2022_14_CLE_CIN,2022,14,2022-12-11,CLE,CIN,0,71,-11.72852,49,-5.925,22,-5.80353,30.0,37,-10.00861,5.96911
2022_14_HOU_DAL,2022,14,2022-12-11,DAL,HOU,1,70,-1.70956,42,-3.87665,28,2.16708,33.0,70,-1.70956,-8.60766
2022_14_HOU_DAL,2022,14,2022-12-11,HOU,DAL,0,65,-11.59628,29,8.01959,36,-19.61586,26.0,65,-11.59628,8.60766
2022_14_JAX_TEN,2022,14,2022-12-11,JAX,TEN,0,70,12.38284,45,20.26576,25,-7.88291,33.0,47,11.57374,-1.20386
2022_14_JAX_TEN,2022,14,2022-12-11,TEN,JAX,1,66,-10.17287,47,-7.08068,19,-3.09219,31.0,35,-4.03773,1.20386
2022_14_KC_DEN,2022,14,2022-12-11,DEN,KC,1,72,-3.37262,56,-1.44809,16,-1.92453,23.0,47,-9.53464,-1.33565
2022_14_KC_DEN,2022,14,2022-12-11,KC,DEN,0,65,6.98925,44,5.76685,21,1.2224,32.0,51,13.49028,1.33565
2022_14_LV_LA,2022,14,2022-12-08,LA,LV,1,62,-4.74005,43,3.89748,19,-8.63753,25.0,41,-6.83169,-2.10503
2022_14_LV_LA,2022,14,2022-12-08,LV,LA,0,60,1.07209,24,-1.94007,36,3.01216,27.0,53,5.27868,2.10503
2022_14_MIA_LAC,2022,14,2022-12-11,LAC,MIA,1,78,6.23568,58,7.4366,20,-1.20092,32.0,70,6.61403,-2.20116
2022_14_MIA_LAC,2022,14,2022-12-11,MIA,LAC,0,51,-2.72119,35,-4.39669,16,1.6755,18.0,44,-2.47599,2.20116
2022_14_MIN_DET,2022,14,2022-12-11,DET,MIN,1,71,12.91861,41,17.00648,30,-4.08787,31.0,51,11.4915,2.16057
2022_14_MIN_DET,2022,14,2022-12-11,MIN,DET,0,64,6.72861,47,17.49717,17,-10.76855,29.0,45,-7.74377,-2.16057
2022_14_NE_ARI,2022,14,2022-12-12,ARI,NE,1,75,-23.70024,58,-24.76597,17,1.06573,32.0,53,-11.78307,1.06545
2022_14_NE_ARI,2022,14,2022-12-12,NE,ARI,0,56,-0.39684,39,-4.13934,17,3.74249,22.0,48,3.1997,-1.06545
2022_14_NYJ_BUF,2022,14,2022-12-11,BUF,NYJ,1,58,-7.2581,37,-2.29695,21,-4.96116,20.0,45,-1.32148,4.59378
2022_14_NYJ_BUF,2022,14,2022-12-11,NYJ,BUF,0,74,-13.41664,51,-5.35904,23,-8.0576,28.0,51,-11.51006,-4.59378
2022_14_PHI_NYG,2022,14,2022-12-11,NYG,PHI,1,64,-6.06887,44,-3.00698,20,-3.06189,30.0,22,-7.51638,-1.71157
2022_14_PHI_NYG,2022,14,2022-12-11,PHI,NYG,0,67,27.66634,38,8.83658,29,18.82976,35.0,29,17.24254,1.71157
2022_14_TB_SF,2022,14,2022-12-11,SF,TB,1,62,11.64007,28,10.72535,34,0.91472,33.0,23,11.93911,5.90095
2022_14_TB_SF,2022,14,2022-12-11,TB,SF,0,75,-15.38666,58,-13.63544,17,-1.75122,32.0,16,-4.04113,-5.90095
2022_15_ARI_DEN,2022,15,2022-12-18,ARI,DEN,0,63,-17.71221,44,-17.29861,19,-0.4136,20.0,53,-22.04799,5.61853
2022_15_ARI_DEN,2022,15,2022-12-18,DEN,ARI,1,67,-3.59265,33,-6.00405,34,2.41139,34.0,57,-3.62141,-5.61853
2022_15_ATL_NO,2022,15,2022-12-18,ATL,NO,0,72,1.02922,38,-9.03034,34,10.05956,34.0,70,2.38833,-1.90046
2022_15_ATL_NO,2022,15,2022-12-18,NO,ATL,1,54,2.82531,21,11.87301,33,-9.04771,28.0,45,14.13233,1.90046
2022_15_BAL_CLE,2022,15,2022-12-17,BAL,CLE,0,63,-11.28848,37,-13.65641,26,2.36793,31.0,58,-4.90469,0.17297
2022_15_BAL_CLE,2022,15,2022-12-17,CLE,BAL,1,63,2.23899,33,1.91451,30,0.32447,32.0,43,3.86929,-0.17297
2022_15_CIN_TB,2022,15,2022-12-18,CIN,TB,0,61,0.38921,42,5.16334,19,-4.77413,30.0,39,-1.54974,6.66218
2022_15_CIN_TB,2022,15,2022-12-18,TB,CIN,1,74,-7.35599,47,4.37444,27,-11.73043,33.0,57,-14.74421,-6.66218
2022_15_DAL_JAX,2022,15,2022-12-18,DAL,JAX,0,75,4.75512,35,4.36257,40,0.39255,42.0,66,10.6881,-0.15985
2022_15_DAL_JAX,2022,15,2022-12-18,JAX,DAL,1,70,8.14055,45,6.78213,25,1.35842,40.0,67,2.54346,0.15985
2022_15_DET_NYJ,2022,15,2022-12-18,DET,NYJ,0,68,1.1143,38,11.71899,30,-10.60468,27.0,68,1.1143,2.65846
2022_15_DET_NYJ,2022,15,2022-12-18,NYJ,DET,1,63,-3.62471,41,1.81015,22,-5.43486,25.0,63,-3.62471,-2.65846
2022_15_IND_MIN,2022,15,2022-12-17,IND,MIN,0,78,-14.05214,37,-2.64003,41,-11.41212,32.0,30,5.46937,11.58222
2022_15_IND_MIN,2022,15,2022-12-17,MIN,IND,1,90,-8.94843,67,1.72857,23,-10.67701,41.0,33,-11.31947,-11.58222
2022_15_KC_HOU,2022,15,2022-12-18,HOU,KC,1,61,-0.62033,37,3.53087,24,-4.1512,23.0,61,-0.62033,5.58047
2022_15_KC_HOU,2022,15,2022-12-18,KC,HOU,0,76,9.39764,46,14.07905,30,-4.68141,46.0,76,9.39764,-5.58047
2022_15_LA_GB,2022,15,2022-12-19,GB,LA,1,68,8.70122,36,5.73519,32,2.96602,36.0,43,7.20557,4.84327
2022_15_LA_GB,2022,15,2022-12-19,LA,GB,0,45,-2.61617,28,-1.6882,17,-0.92797,17.0,29,-3.91305,-4.84327
2022_15_MIA_BUF,2022,15,2022-12-17,BUF,MIA,1,75,13.64073,48,12.33267,27,1.30806,41.0,75,13.64073,-2.53041
2022_15_MIA_BUF,2022,15,2022-12-17,MIA,BUF,0,58,10.51193,34,-0.46319,24,10.97512,27.0,58,10.51193,2.53041
2022_15_NE_LV,2022,15,2022-12-18,LV,NE,1,68,-5.94399,44,-4.45015,24,-1.49384,27.0,59,-0.04012,2.63185
2022_15_NE_LV,2022,15,2022-12-18,NE,LV,0,63,-6.2116,34,-5.88928,29,-0.32232,24.0,60,-4.47555,-2.63185
2022_15_NYG_WAS,2022,15,2022-12-18,NYG,WAS,0,60,3.09795,35,1.29986,25,1.79809,28.0,57,4.68308,0.72808
2022_15_NYG_WAS,2022,15,2022-12-18,WAS,NYG,1,62,-7.79634,34,-8.2037,28,0.40736,26.0,61,-9.41904,-0.72808
2022_15_PHI_CHI,2022,15,2022-12-18,CHI,PHI,1,58,-8.64386,34,-0.83396,24,-7.80991,26.0,52,-14.00133,2.16507
2022_15_PHI_CHI,2022,15,2022-12-18,PHI,CHI,0,70,0.05778,43,-1.4297,27,1.48747,30.0,66,-1.42975,-2.16507
2022_15_PIT_CAR,2022,15,2022-12-18,CAR,PIT,1,45,3.79601,30,12.00652,15,-8.2105,15.0,37,-4.05157,0.06685
2022_15_PIT_CAR,2022,15,2022-12-18,PIT,CAR,0,67,15.37734,23,10.36357,44,5.01377,35.0,52,16.90175,-0.06685
2022_15_SF_SEA,2022,15,2022-12-15,SEA,SF,1,64,-13.98223,51,-11.73944,13,-2.24279,25.0,36,-16.58395,10.12411
2022_15_SF_SEA,2022,15,2022-12-15,SF,SEA,0,61,10.67746,31,5.84657,30,4.83089,25.0,33,6.82625,-10.12411
2022_15_TEN_LAC,2022,15,2022-12-18,LAC,TEN,1,69,-4.80852,45,-7.88777,24,3.07925,36.0,64,-0.87221,1.14377
2022_15_TEN_LAC,2022,15,2022-12-18,TEN,LAC,0,61,-7.35285,34,-7.8323,27,0.47945,24.0,60,-9.65973,-1.14377
2022_16_ATL_BAL,2022,16,2022-12-24,ATL,BAL,0,71,-10.20374,39,-2.45,32,-7.75374,26.0,59,-10.08747,2.25896
2022_16_ATL_BAL,2022,16,2022-12-24,BAL,ATL,1,48,-0.43903,18,-1.76358,30,1.32455,21.0,39,3.92582,-2.25896
2022_16_BUF_CHI,2022,16,2022-12-24,BUF,CHI,0,62,7.53374,34,-0.28132,28,7.81506,29.0,44,7.79373,-7.36868
2022_16_BUF_CHI,2022,16,2022-12-24,CHI,BUF,1,61,-24.16181,34,-7.6564,27,-16.50542,19.0,53,-18.88437,7.36868
2022_16_CIN_NE,2022,16,2022-12-24,CIN,NE,0,81,3.44509,58,5.97065,23,-2.52556,41.0,45,15.96913,3.08457
2022_16_CIN_NE,2022,16,2022-12-24,NE,CIN,1,53,-2.04224,38,4.09708,15,-6.13932,21.0,32,-8.43664,-3.08457
2022_16_DEN_LA,2022,16,2022-12-25,DEN,LA,0,64,-21.73917,42,-17.02935,22,-4.70982,24.0,14,-11.35316,-3.07934
2022_16_DEN_LA,2022,16,2022-12-25,LA,DEN,1,64,19.46108,30,15.04499,34,4.4161,36.0,18,5.72406,3.07934
2022_16_DET_CAR,2022,16,2022-12-24,CAR,DET,1,67,26.77958,25,15.02916,42,11.75042,37.0,30,19.45741,-0.00758
2022_16_DET_CAR,2022,16,2022-12-24,DET,CAR,0,65,9.26431,50,17.96835,15,-8.70405,26.0,28,2.31662,0.00758
2022_16_GB_MIA,2022,16,2022-12-25,GB,MIA,0,64,-1.99305,43,3.52065,21,-5.51371,26.0,64,-1.99305,7.28487
2022_16_GB_MIA,2022,16,2022-12-25,MIA,GB,1,50,-5.54151,29,-0.98693,21,-4.55458,20.0,50,-5.54151,-7.28487
2022_16_HOU_TEN,2022,16,2022-12-24,HOU,TEN,0,65,-5.33238,37,4.32827,28,-9.66065,27.0,62,-3.07198,-0.99759
2022_16_HOU_TEN,2022,16,2022-12-24,TEN,HOU,1,61,-16.24512,29,-16.92824,32,0.68312,25.0,59,-17.1676,0.99759
2022_16_JAX_NYJ,2022,16,2022-12-22,JAX,NYJ,0,69,4.3276,37,4.95089,32,-0.62329,29.0,53,8.13952,-0.90163
2022_16_JAX_NYJ,2022,16,2022-12-22,NYJ,JAX,1,59,-16.60808,41,-10.60331,18,-6.00477,20.0,35,-15.67,0.90163
2022_16_LAC_IND,2022,16,2022-12-26,IND,LAC,1,52,-28.64921,37,-23.87493,15,-4.77428,18.0,40,-23.57755,3.22306
2022_16_LAC_IND,2022,16,2022-12-26,LAC,IND,0,65,-3.97973,37,-4.10828,28,0.12855,32.0,54,-6.70697,-3.22306
2022_16_LV_PIT,2022,16,2022-12-24,LV,PIT,0,53,-10.39337,35,-5.18933,18,-5.20404,19.0,53,-10.39337,5.2009
2022_16_LV_PIT,2022,16,2022-12-24,PIT,LV,1,68,-3.21091,41,0.75899,27,-3.9699,29.0,66,-3.13308,-5.2009
2022_16_NO_CLE,2022,16,2022-12-24,CLE,NO,1,70,-17.83711,36,-16.27598,34,-1.56113,22.0,69,-15.44672,3.31145
2022_16_NO_CLE,2022,16,2022-12-24,NO,CLE,0,53,-6.08124,15,-5.01254,38,-1.06869,20.0,50,-3.36308,-3.31145
2022_16_NYG_MIN,2022,16,2022-12-24,MIN,NYG,1,71,-1.12526,52,-1.05665,19,-0.0686,33.0,71,-1.12526,1.04636
2022_16_NYG_MIN,2022,16,2022-12-24,NYG,MIN,0,68,0.41824,51,-3.44242,17,3.86067,34.0,63,-6.41837,-1.04636
2022_16_PHI_DAL,2022,16,2022-12-24,DAL,PHI,1,71,7.50151,45,11.1545,26,-3.65299,34.0,67,8.97936,1.7465
2022_16_PHI_DAL,2022,16,2022-12-24,PHI,DAL,0,70,3.80249,43,16.76446,27,-12.96197,35.0,70,3.80249,-1.7465
2022_16_SEA_KC,2022,16,2022-12-24,KC,SEA,1,53,-0.02139,33,4.01173,20,-4.03312,23.0,29,4.89518,1.86599
2022_16_SEA_KC,2022,16,2022-12-24,SEA,KC,0,76,-13.43659,47,-12.85722,29,-0.57938,27.0,32,-16.26105,-1.86599
2022_16_TB_ARI,2022,16,2022-12-25,ARI,TB,1,76,-19.45108,49,-14.2148,27,-5.23628,22.0,76,-19.45108,2.69794
2022_16_TB_ARI,2022,16,2022-12-25,TB,ARI,0,80,-7.19983,51,-1.48876,29,-5.71107,32.0,80,-7.19983,-2.69794
2022_16_WAS_SF,2022,16,2022-12-24,SF,WAS,1,52,4.96958,27,4.71014,25,0.25944,18.0,38,4.77951,6.74853
2022_16_WAS_SF,2022,16,2022-12-24,WAS,SF,0,72,-8.36086,38,8.55393,34,-16.91479,28.0,50,-14.09584,-6.74853
2022_17_ARI_ATL,2022,17,2023-01-01,ARI,ATL,0,74,3.10526,48,4.46427,26,-1.359,33.0,74,3.10526,-5.82501
2022_17_ARI_ATL,2022,17,2023-01-01,ATL,ARI,1,61,-5.60649,30,-0.52362,31,-5.08287,25.0,61,-5.60649,5.82501
2022_17_CAR_TB,2022,17,2023-01-01,CAR,TB,0,64,-0.23508,43,10.96774,21,-11.20282,30.0,54,-3.20193,5.80363
2022_17_CAR_TB,2022,17,2023-01-01,TB,CAR,1,77,8.07553,52,11.30011,25,-3.22458,37.0,72,8.78954,-5.80363
2022_17_CHI_DET,2022,17,2023-01-01,CHI,DET,0,52,-16.33557,34,-20.33756,18,4.00199,19.0,26,-0.39172,-0.44932
2022_17_CHI_DET,2022,17,2023-01-01,DET,CHI,1,68,17.24233,32,9.59442,36,7.64791,36.0,29,17.49314,0.44932
2022_17_CLE_WAS,2022,17,2023-01-01,CLE,WAS,0,53,7.66977,27,5.11921,26,2.55056,21.0,46,5.70663,-0.22566
2022_17_CLE_WAS,2022,17,2023-01-01,WAS,CLE,1,69,-10.69324,33,-6.92425,36,-3.76899,25.0,56,-6.22955,0.22566
2022_17_DAL_TEN,2022,17,2022-12-29,DAL,TEN,0,80,7.9268,49,19.48827,31,-11.56146,37.0,68,11.25069,-0.23201
2022_17_DAL_TEN,2022,17,2022-12-29,TEN,DAL,1,65,-10.65916,42,-8.01689,23,-2.64227,19.0,51,-3.37082,0.23201
2022_17_DEN_KC,2022,17,2023-01-01,DEN,KC,0,70,-5.99062,47,-6.43053,23,0.43992,27.0,68,-8.61507,7.64585
2022_17_DEN_KC,2022,17,2023-01-01,KC,DEN,1,59,6.56904,46,9.12964,13,-2.56061,31.0,56,7.54888,-7.64585
2022_17_IND_NYG,2022,17,2023-01-01,IND,NYG,0,58,-8.58093,31,-7.15656,27,-1.42437,19.0,25,-9.1945,-5.28879
2022_17_IND_NYG,2022,17,2023-01-01,NYG,IND,1,63,12.0801,29,9.99704,34,2.08306,37.0,30,9.44419,5.28879
2022_17_JAX_HOU,2022,17,2023-01-01,HOU,JAX,1,70,-34.09122,51,-25.47524,19,-8.61597,19.0,23,-19.75801,-0.96104
2022_17_JAX_HOU,2022,17,2023-01-01,JAX,HOU,0,63,-1.5005,34,-2.827,29,1.3265,29.0,20,6.10086,0.96104
2022_17_LA_LAC,2022,17,2023-01-01,LA,LAC,0,48,-4.83163,25,-10.26663,23,5.435,20.0,32,1.02436,-1.48921
2022_17_LA_LAC,2022,17,2023-01-01,LAC,LA,1,64,15.2493,31,11.59125,33,3.65805,35.0,39,16.64562,1.48921
2022_17_MIA_NE,2022,17,2023-01-01,MIA,NE,0,71,-2.93455,46,-1.63177,25,-1.30278,28.0,57,-3.91271,-0.72579
2022_17_MIA_NE,2022,17,2023-01-01,NE,MIA,1,58,-1.94286,39,1.94249,19,-3.88535,18.0,54,3.31946,0.72579
2022_17_MIN_GB,2022,17,2023-01-01,GB,MIN,1,61,6.39542,29,4.40842,32,1.987,30.0,17,-4.51276,6.53817
2022_17_MIN_GB,2022,17,2023-01-01,MIN,GB,0,58,-11.49869,40,-8.08051,18,-3.41818,26.0,27,-19.89207,-6.53817
2022_17_NO_PHI,2022,17,2023-01-01,NO,PHI,0,66,-5.80273,33,-6.21232,33,0.4096,28.0,56,-5.09269,3.91752
2022_17_NO_PHI,2022,17,2023-01-01,PHI,NO,1,55,-17.15776,39,-12.16918,16,-4.98858,17.0,49,-15.91996,-3.91752
2022_17_NYJ_SEA,2022,17,2023-01-01,NYJ,SEA,0,68,-21.6439,51,-18.90685,17,-2.73705,23.0,43,-4.60332,1.20661
2022_17_NYJ_SEA,2022,17,2023-01-01,SEA,NYJ,1,72,-0.9708,36,-2.23255,36,1.26175,29.0,33,9.82091,-1.20661
2022_17_PIT_BAL,2022,17,2023-01-01,BAL,PIT,1,51,-0.80726,26,2.77374,25,-3.58099,21.0,51,-0.80726,5.36461
2022_17_PIT_BAL,2022,17,2023-01-01,PIT,BAL,0,68,10.43146,29,4.15913,39,6.27233,38.0,68,10.43146,-5.36461
2022_17_SF_LV,2022,17,2023-01-01,LV,SF,1,69,5.90637,41,10.5853,28,-4.67894,37.0,69,5.90637,3.14299
2022_17_SF_LV,2022,17,2023-01-01,SF,LV,0,65,19.27895,38,9.7381,27,9.54085,37.0,65,19.27895,-3.14299
2022_18_ARI_SF,2022,18,2023-01-08,ARI,SF,0,51,-18.51153,32,-15.11605,19,-3.39548,20.0,29,-1.7714,-3.01939
2022_18_ARI_SF,2022,18,2023-01-08,SF,ARI,1,62,3.63743,26,6.22076,36,-2.58333,30.0,37,8.11328,3.01939
2022_18_BAL_CIN,2022,18,2023-01-08,BAL,CIN,0,76,-22.34285,48,-17.36809,28,-4.97476,26.0,24,-25.06367,0.75352
2022_18_BAL_CIN,2022,18,2023-01-08,CIN,BAL,1,66,-12.9385,46,-7.11856,20,-5.81994,22.0,31,7.73241,-0.75352
2022_18_CAR_NO,2022,18,2023-01-08,CAR,NO,0,59,-11.9807,21,-10.66052,38,-1.32018,25.0,59,-11.9807,8.38585
2022_18_CAR_NO,2022,18,2023-01-08,NO,CAR,1,60,-10.49479,27,-7.218,33,-3.27679,27.0,60,-10.49479,-8.38585
2022_18_CLE_PIT,2022,18,2023-01-08,CLE,PIT,0,63,-1.60829,46,-2.13071,17,0.52242,26.0,40,-3.72188,-4.70664
2022_18_CLE_PIT,2022,18,2023-01-08,PIT,CLE,1,72,7.71133,36,12.28108,36,-4.56976,30.0,61,8.47493,4.70664
2022_18_DAL_WAS,2022,18,2023-01-08,DAL,WAS,0,68,-33.855,43,-18.16429,25,-15.69071,18.0,46,-23.20402,-0.49592
2022_18_DAL_WAS,2022,18,2023-01-08,WAS,DAL,1,65,-9.68967,28,-1.26285,37,-8.42682,23.0,38,-5.53322,0.49592
2022_18_DET_GB,2022,18,2023-01-08,DET,GB,0,61,6.64558,38,5.12607,23,1.51951,32.0,56,5.402,-4.08193
2022_18_DET_GB,2022,18,2023-01-08,GB,DET,1,60,-6.36083,33,-3.08978,27,-3.27104,28.0,60,-6.36083,4.08193
2022_18_HOU_IND,2022,18,2023-01-08,HOU,IND,0,64,-5.41667,42,6.3223,22,-11.73897,22.0,61,-13.83876,3.11436
2022_18_HOU_IND,2022,18,2023-01-08,IND,HOU,1,72,-3.6237,42,-7.7341,30,4.1104,31.0,72,-3.6237,-3.11436
2022_18_KC_LV,2022,18,2023-01-07,KC,LV,0,56,16.19441,32,5.53523,24,10.65918,32.0,30,16.12971,-0.61799
2022_18_KC_LV,2022,18,2023-01-07,LV,KC,1,70,-10.03254,52,-5.93143,18,-4.10111,28.0,32,-5.39835,0.61799
2022_18_LAC_DEN,2022,18,2023-01-08,DEN,LAC,1,65,11.54376,32,5.29071,33,6.25305,30.0,63,13.32967,-8.6477
2022_18_LAC_DEN,2022,18,2023-01-08,LAC,DEN,0,66,2.46724,46,10.79403,20,-8.32679,29.0,62,3.17029,8.6477
2022_18_LA_SEA,2022,18,2023-01-08,LA,SEA,0,60,-6.66156,34,-10.51576,26,3.8542,21.0,60,-6.66156,0.14733
2022_18_LA_SEA,2022,18,2023-01-08,SEA,LA,1,69,-7.10391,37,-2.83581,32,-4.2681,29.0,69,-7.10391,-0.14733
2022_18_MIN_CHI,2022,18,2023-01-08,CHI,MIN,1,48,-6.73871,30,-8.43273,18,1.69402,16.0,27,-1.90747,-2.58138
2022_18_MIN_CHI,2022,18,2023-01-08,MIN,CHI,0,71,17.87403,34,22.01445,37,-4.14042,39.0,45,18.45227,2.58138
2022_18_NE_BUF,2022,18,2023-01-08,BUF,NE,1,56,4.24131,37,7.72039,19,-3.47908,27.0,49,5.69259,7.11326
2022_18_NE_BUF,2022,18,2023-01-08,NE,BUF,0,66,-2.67464,45,-2.89325,21,0.21861,31.0,53,5.05963,-7.11326
2022_18_NYG_PHI,2022,18,2023-01-08,NYG,PHI,0,63,0.83701,44,-4.10224,19,4.93925,24.0,28,-10.65235,-7.57406
2022_18_NYG_PHI,2022,18,2023-01-08,PHI,NYG,1,69,-0.97299,43,-5.01385,26,4.04086,28.0,24,2.29303,7.57406
2022_18_NYJ_MIA,2022,18,2023-01-08,MIA,NYJ,1,65,-6.29118,34,-8.11793,31,1.82674,22.0,65,-6.29118,3.27509
2022_18_NYJ_MIA,2022,18,2023-01-08,NYJ,MIA,0,55,-6.61462,35,1.12532,20,-7.73994,17.0,52,-4.52663,-3.27509
2022_18_TB_ATL,2022,18,2023-01-08,ATL,TB,1,68,2.55868,35,4.23623,33,-1.67755,28.0,55,4.56542,1.73077
2022_18_TB_ATL,2022,18,2023-01-08,TB,ATL,0,55,-9.92911,34,-6.52467,21,-3.40445,19.0,45,-4.57911,-1.73077
2022_18_TEN_JAX,2022,18,2023-01-07,JAX,TEN,1,46,-4.30377,34,4.82997,12,-9.13374,19.0,46,-4.30377,0.51208
2022_18_TEN_JAX,2022,18,2023-01-07,TEN,JAX,0,75,-8.48158,37,0.05584,38,-8.53742,32.0,75,-8.48158,-0.51208
2022_19_BAL_CIN,2022,19,2023-01-15,BAL,CIN,0,69,-4.89007,35,4.61195,34,-9.50202,30.0,68,-2.7859,0.43707
2022_19_BAL_CIN,2022,19,2023-01-15,CIN,BAL,1,55,0.02564,40,0.88468,15,-0.85904,28.0,51,2.31264,-0.43707
2022_19_DAL_TB,2022,19,2023-01-16,DAL,TB,0,67,25.02732,37,25.24591,30,-0.21859,37.0,39,14.84885,-7.05359
2022_19_DAL_TB,2022,19,2023-01-16,TB,DAL,1,80,-4.10039,68,-3.68479,12,-0.41561,33.0,32,-10.88125,7.05359
2022_19_LAC_JAX,2022,19,2023-01-14,JAX,LAC,1,72,-0.05773,52,-3.77593,20,3.7182,37.0,37,-14.10101,-0.12426
2022_19_LAC_JAX,2022,19,2023-01-14,LAC,JAX,0,69,4.30827,48,8.969,21,-4.66073,27.0,30,10.94197,0.12426
2022_19_MIA_BUF,2022,19,2023-01-15,BUF,MIA,1,73,-9.82539,50,-10.47516,23,0.64978,32.0,62,-5.62562,-3.37987
2022_19_MIA_BUF,2022,19,2023-01-15,MIA,BUF,0,70,-14.622,52,-10.22684,18,-4.39516,22.0,69,-17.50448,3.37987
2022_19_NYG_MIN,2022,19,2023-01-15,MIN,NYG,1,57,10.43946,41,10.76692,16,-0.32746,31.0,51,11.06231,1.43084
2022_19_NYG_MIN,2022,19,2023-01-15,NYG,MIN,0,68,22.46338,46,20.18671,22,2.27666,35.0,61,25.20601,-1.43084
2022_19_SEA_SF,2022,19,2023-01-14,SEA,SF,0,67,6.36886,44,9.13231,23,-2.76345,31.0,44,5.38759,-2.71146
2022_19_SEA_SF,2022,19,2023-01-14,SF,SEA,1,63,24.29083,32,22.93208,31,1.35875,31.0,50,19.47489,2.71146
2022_20_CIN_BUF,2022,20,2023-01-22,BUF,CIN,1,63,-0.72118,48,-3.09821,15,2.37703,28.0,42,2.64307,-1.40142
2022_20_CIN_BUF,2022,20,2023-01-22,CIN,BUF,0,71,19.40527,41,17.18787,30,2.21739,40.0,53,18.40519,1.40142
2022_20_DAL_SF,2022,20,2023-01-22,DAL,SF,0,61,-6.40334,41,-4.13559,20,-2.26774,24.0,53,-5.18203,2.68655
2022_20_DAL_SF,2022,20,2023-01-22,SF,DAL,1,66,0.93362,34,4.03579,32,-3.10216,30.0,60,1.78555,-2.68655
2022_20_JAX_KC,2022,20,2023-01-21,JAX,KC,0,60,3.07043,43,-2.09617,17,5.1666,31.0,51,3.11339,2.06728
2022_20_JAX_KC,2022,20,2023-01-21,KC,JAX,1,66,12.24393,40,11.92485,26,0.31908,34.0,58,13.86723,-2.06728
2022_20_NYG_PHI,2022,20,2023-01-21,NYG,PHI,0,52,-11.86121,35,-14.34183,17,2.48062,21.0,13,-9.54722,-2.37994
2022_20_NYG_PHI,2022,20,2023-01-21,PHI,NYG,1,69,22.17404,27,5.2615,42,16.91254,38.0,17,8.29626,2.37994
2022_21_CIN_KC,2022,21,2023-01-29,CIN,KC,0,66,0.15543,52,-1.65928,14,1.8147,28.0,66,0.15543,1.36444
2022_21_CIN_KC,2022,21,2023-01-29,KC,CIN,1,69,3.99473,51,10.00131,18,-6.00658,28.0,68,4.46453,-1.36444
2022_21_SF_PHI,2022,21,2023-01-29,PHI,SF,1,72,8.87456,30,2.66671,42,6.20785,32.0,42,7.90889,-2.84789
2022_21_SF_PHI,2022,21,2023-01-29,SF,PHI,0,46,-20.06817,21,-7.33899,25,-12.72918,16.0,27,-10.98949,2.84789
2022_22_KC_PHI,2022,22,2023-02-12,KC,PHI,0,52,20.51431,31,17.34058,21,3.17373,32.0,52,20.51431,-1.32455
2022_22_KC_PHI,2022,22,2023-02-12,PHI,KC,1,73,9.53812,43,12.66793,30,-3.12981,35.0,73,9.53812,1.32455
2023_01_ARI_WAS,2023,1,2023-09-10,ARI,WAS,0,62,-21.59258,37,-10.41328,25,-11.1793,19.0,62,-21.59258,4.59181
2023_01_ARI_WAS,2023,1,2023-09-10,WAS,ARI,1,71,-15.79187,45,-7.31493,26,-8.47694,28.0,67,-13.79195,-4.59181
2023_01_BUF_NYJ,2023,1,2023-09-11,BUF,NYJ,0,68,-5.38382,50,1.01525,18,-6.39907,33.0,68,-5.38382,-3.93073
2023_01_BUF_NYJ,2023,1,2023-09-11,NYJ,BUF,1,52,-1.55432,27,-3.79505,25,2.24072,21.0,52,-1.55432,3.93073
2023_01_CAR_ATL,2023,1,2023-09-10,ATL,CAR,1,50,-6.94679,24,-5.5994,26,-1.34739,18.0,41,-9.44995,0.72528
2023_01_CAR_ATL,2023,1,2023-09-10,CAR,ATL,0,77,-19.91771,46,-10.76236,31,-9.15535,30.0,59,-13.98862,-0.72528
2023_01_CIN_CLE,2023,1,2023-09-10,CIN,CLE,0,54,-22.21807,36,-17.90171,18,-4.31636,12.0,44,-12.11026,-10.95704
2023_01_CIN_CLE,2023,1,2023-09-10,CLE,CIN,1,73,-11.84941,35,-8.94665,38,-2.90276,29.0,56,-11.09,10.95704
2023_01_DAL_NYG,2023,1,2023-09-10,DAL,NYG,0,58,8.43439,28,6.71619,30,1.71821,27.0,11,3.9148,10.81184
2023_01_DAL_NYG,2023,1,2023-09-10,NYG,DAL,1,70,-29.89653,49,-24.86143,21,-5.0351,24.0,20,-17.48624,-10.81184
2023_01_DET_KC,2023,1,2023-09-07,DET,KC,0,67,1.73414,36,2.5363,31,-0.80217,27.0,67,1.73414,-3.04477
2023_01_DET_KC,2023,1,2023-09-07,KC,DET,1,65,-7.70054,48,-2.19387,17,-5.50666,26.0,65,-7.70054,3.04477
2023_01_GB_CHI,2023,1,2023-09-10,CHI,GB,1,72,-13.15196,50,-6.15395,22,-6.99801,30.0,35,-9.23877,-1.43844
2023_01_GB_CHI,2023,1,2023-09-10,GB,CHI,0,60,9.34208,30,16.61555,30,-7.27346,22.0,43,12.4453,1.43844
2023_01_HOU_BAL,2023,1,2023-09-10,BAL,HOU,1,63,-3.62549,35,-1.99889,28,-1.6266,25.0,39,1.77222,0.05971
2023_01_HOU_BAL,2023,1,2023-09-10,HOU,BAL,0,76,-22.25615,57,-14.71943,19,-7.53672,23.0,44,-13.54831,-0.05971
2023_01_JAX_IND,2023,1,2023-09-10,IND,JAX,1,72,-26.8618,49,-9.4599,23,-17.4019,25.0,55,-26.12859,-2.48883
2023_01_JAX_IND,2023,1,2023-09-10,JAX,IND,0,69,-16.81531,36,-9.28442,33,-7.5309,34.0,68,-17.019,2.48883
2023_01_LA_SEA,2023,1,2023-09-10,LA,SEA,0,81,20.55118,41,22.07603,40,-1.52485,40.0,65,20.64025,-2.42666
2023_01_LA_SEA,2023,1,2023-09-10,SEA,LA,1,50,-1.88178,33,-1.07474,17,-0.80703,24.0,43,1.85641,2.42666
2023_01_LV_DEN,2023,1,2023-09-10,DEN,LV,1,63,4.49407,41,8.12832,22,-3.63425,30.0,63,4.49407,-6.62879
2023_01_LV_DEN,2023,1,2023-09-10,LV,DEN,0,55,9.49763,32,17.22916,23,-7.73153,21.0,55,9.49763,6.62879
2023_01_MIA_LAC,2023,1,2023-09-10,LAC,MIA,1,80,13.60418,44,2.82199,36,10.78219,47.0,80,13.60418,0.80325
2023_01_MIA_LAC,2023,1,2023-09-10,MIA,LAC,0,65,22.07155,47,30.0626,18,-7.99105,34.0,65,22.07155,-0.80325
2023_01_PHI_NE,2023,1,2023-09-10,NE,PHI,1,78,-15.15489,58,-11.23704,20,-3.91785,32.0,73,-18.85188,-4.17592
2023_01_PHI_NE,2023,1,2023-09-10,PHI,NE,0,65,-8.73509,42,-3.81093,23,-4.92416,24.0,56,-4.89694,4.17592
2023_01_SF_PIT,2023,1,2023-09-10,PIT,SF,1,62,-18.31407,53,-17.48282,9,-0.83125,26.0,11,-12.12965,-4.10737
2023_01_SF_PIT,2023,1,2023-09-10,SF,PIT,0,65,8.2989,34,9.02196,31,-0.72305,27.0,24,13.30942,4.10737
2023_01_TB_MIN,2023,1,2023-09-10,MIN,TB,1,64,-6.32978,48,2.00943,16,-8.33921,26.0,64,-6.32978,-4.39996
2023_01_TB_MIN,2023,1,2023-09-10,TB,MIN,0,65,-6.79009,38,-0.53978,27,-6.25031,22.0,65,-6.79009,4.39996
2023_01_TEN_NO,2023,1,2023-09-10,NO,TEN,1,63,-4.25945,39,5.59461,24,-9.85406,23.0,63,-4.25945,-6.78614
2023_01_TEN_NO,2023,1,2023-09-10,TEN,NO,0,63,-11.12941,43,-10.6678,20,-0.46161,20.0,63,-11.12941,6.78614
2023_02_BAL_CIN,2023,2,2023-09-17,BAL,CIN,0,74,16.61966,45,12.6467,29,3.97297,43.0,70,17.06307,-7.16014
2023_02_BAL_CIN,2023,2,2023-09-17,CIN,BAL,1,60,2.73809,45,2.5004,15,0.23769,29.0,50,0.53277,7.16014
2023_02_CHI_TB,2023,2,2023-09-17,CHI,TB,0,52,-8.91417,37,-8.27179,15,-0.64237,21.0,44,-9.38514,8.4676
2023_02_CHI_TB,2023,2,2023-09-17,TB,CHI,1,69,13.24219,39,13.06696,30,0.17523,30.0,66,15.28651,-8.4676
2023_02_CLE_PIT,2023,2,2023-09-18,CLE,PIT,0,85,-21.31276,52,-16.9236,33,-4.38916,33.0,85,-21.31276,-5.92536
2023_02_CLE_PIT,2023,2,2023-09-18,PIT,CLE,1,50,-19.04326,32,-13.45263,18,-5.59062,14.0,50,-19.04326,5.92536
2023_02_GB_ATL,2023,2,2023-09-17,ATL,GB,1,81,7.84094,42,2.97654,39,4.8644,40.0,81,7.84094,2.27745
2023_02_GB_ATL,2023,2,2023-09-17,GB,ATL,0,49,9.3828,29,11.74699,20,-2.36419,25.0,49,9.3828,-2.27745
2023_02_IND_HOU,2023,2,2023-09-17,HOU,IND,1,81,-0.25609,54,4.4106,27,-4.6667,33.0,36,-9.73583,-1.61467
2023_02_IND_HOU,2023,2,2023-09-17,IND,HOU,0,57,13.14167,36,8.49917,21,4.64251,29.0,38,15.38833,1.61467
2023_02_KC_JAX,2023,2,2023-09-17,JAX,KC,1,66,-17.06788,52,-14.86345,14,-2.20442,26.0,66,-17.06788,6.50157
2023_02_KC_JAX,2023,2,2023-09-17,KC,JAX,0,64,6.57702,48,5.4456,16,1.13141,24.0,57,1.04028,-6.50157
2023_02_LAC_TEN,2023,2,2023-09-17,LAC,TEN,0,67,4.10807,46,8.33878,21,-4.23071,28.0,67,4.10807,-3.05786
2023_02_LAC_TEN,2023,2,2023-09-17,TEN,LAC,1,65,5.14672,31,5.93317,34,-0.78645,29.0,65,5.14672,3.05786
2023_02_LV_BUF,2023,2,2023-09-17,BUF,LV,1,76,23.97952,42,15.7639,34,8.21563,45.0,40,11.19328,0.45747
2023_02_LV_BUF,2023,2,2023-09-17,LV,BUF,0,40,-9.05227,26,-1.3099,14,-7.74237,18.0,26,-1.2721,-0.45747
2023_02_MIA_NE,2023,2,2023-09-17,MIA,NE,0,62,11.7015,33,12.2651,29,-0.5636,33.0,42,9.13706,-8.40102
2023_02_MIA_NE,2023,2,2023-09-17,NE,MIA,1,73,-5.4246,50,-4.13301,23,-1.29159,39.0,56,-13.69716,8.40102
2023_02_MIN_PHI,2023,2,2023-09-14,MIN,PHI,0,58,4.73593,49,11.3066,9,-6.57067,27.0,28,-8.66574,-2.15508
2023_02_MIN_PHI,2023,2,2023-09-14,PHI,MIN,1,77,7.67155,32,-0.06361,45,7.73516,38.0,48,3.10773,2.15508
2023_02_NO_CAR,2023,2,2023-09-18,CAR,NO,1,59,-7.38451,41,-6.14749,18,-1.23702,26.0,48,-13.5907,5.7086
2023_02_NO_CAR,2023,2,2023-09-18,NO,CAR,0,74,3.95321,43,0.6882,31,3.26502,36.0,73,3.57722,-5.7086
2023_02_NYG_ARI,2023,2,2023-09-17,ARI,NYG,1,63,11.22439,35,11.20591,28,0.01848,28.0,35,9.43932,-2.96576
2023_02_NYG_ARI,2023,2,2023-09-17,NYG,ARI,0,68,13.63183,46,10.09763,22,3.5342,36.0,30,-6.55627,2.96576
2023_02_NYJ_DAL,2023,2,2023-09-17,DAL,NYJ,1,82,7.02918,42,16.91841,40,-9.88923,35.0,52,10.90505,1.10104
2023_02_NYJ_DAL,2023,2,2023-09-17,NYJ,DAL,0,47,-20.29393,35,-11.44061,12,-8.85332,18.0,28,-6.35435,-1.10104
2023_02_SEA_DET,2023,2,2023-09-17,DET,SEA,1,66,-2.15261,39,6.49075,27,-8.64336,33.0,62,-4.66111,6.2647
2023_02_SEA_DET,2023,2,2023-09-17,SEA,DET,0,70,15.2911,48,13.02864,22,2.26246,37.0,67,13.31158,-6.2647
2023_02_SF_LA,2023,2,2023-09-17,LA,SF,1,79,-5.69775,60,-6.98636,19,1.28861,36.0,65,-4.92985,3.36186
2023_02_SF_LA,2023,2,2023-09-17,SF,LA,0,57,7.87322,28,4.88391,29,2.98931,27.0,49,12.95951,-3.36186
2023_02_WAS_DEN,2023,2,2023-09-17,DEN,WAS,1,64,9.47535,43,7.28844,21,2.18691,30.0,39,4.14258,3.46221
2023_02_WAS_DEN,2023,2,2023-09-17,WAS,DEN,0,72,14.94312,51,11.8522,21,3.09093,34.0,63,13.11591,-3.46221
2023_03_ATL_DET,2023,3,2023-09-24,ATL,DET,0,67,-18.91594,48,-12.35732,19,-6.55862,22.0,47,-16.57047,-3.36145
2023_03_ATL_DET,2023,3,2023-09-24,DET,ATL,1,67,-3.60886,37,2.22162,30,-5.83048,26.0,54,-7.03004,3.36145
2023_03_BUF_WAS,2023,3,2023-09-24,BUF,WAS,0,66,10.43813,38,9.06464,28,1.37349,28.0,33,5.47567,2.81339
2023_03_BUF_WAS,2023,3,2023-09-24,WAS,BUF,1,54,-28.91895,41,-28.84561,13,-0.07334,22.0,31,-13.07056,-2.81339
2023_03_CAR_SEA,2023,3,2023-09-24,CAR,SEA,0,79,6.8,66,9.14709,13,-2.34709,32.0,61,7.5848,-5.3839
2023_03_CAR_SEA,2023,3,2023-09-24,SEA,CAR,1,70,11.86805,40,5.19569,30,6.67236,37.0,62,10.48397,5.3839
2023_03_CHI_KC,2023,3,2023-09-24,CHI,KC,0,51,-15.38545,29,-18.47249,22,3.08704,19.0,16,-3.78418,-4.10028
2023_03_CHI_KC,2023,3,2023-09-24,KC,CHI,1,75,16.97744,43,15.29989,32,1.67755,39.0,25,12.07291,4.10028
2023_03_DAL_ARI,2023,3,2023-09-24,ARI,DAL,1,57,14.85024,29,5.92767,28,8.92257,32.0,51,13.68944,2.05682
2023_03_DAL_ARI,2023,3,2023-09-24,DAL,ARI,0,81,4.52906,50,-1.73465,31,6.26371,39.0,67,6.59156,-2.05682
2023_03_DEN_MIA,2023,3,2023-09-24,DEN,MIA,0,62,-16.89029,42,-10.89067,20,-5.99961,21.0,24,2.99186,5.48754
2023_03_DEN_MIA,2023,3,2023-09-24,MIA,DEN,1,72,44.44516,29,30.18892,43,14.25624,44.0,33,15.02371,-5.48754
2023_03_HOU_JAX,2023,3,2023-09-24,HOU,JAX,0,56,12.32721,31,15.31314,25,-2.98593,27.0,37,5.94944,12.49184
2023_03_HOU_JAX,2023,3,2023-09-24,JAX,HOU,1,73,-1.54791,48,-0.28076,25,-1.26715,34.0,50,1.19274,-12.49184
2023_03_IND_BAL,2023,3,2023-09-24,BAL,IND,1,72,-10.42523,40,-8.37175,32,-2.05348,35.0,72,-10.42523,-8.61781
2023_03_IND_BAL,2023,3,2023-09-24,IND,BAL,0,84,-12.957,49,-8.41835,35,-4.53866,33.0,84,-12.957,8.61781
2023_03_LAC_MIN,2023,3,2023-09-24,LAC,MIN,0,65,10.36555,51,20.44876,14,-10.08321,32.0,65,10.36555,-3.91157
2023_03_LAC_MIN,2023,3,2023-09-24,MIN,LAC,1,83,1.21876,58,1.64826,25,-0.4295,40.0,83,1.21876,3.91157
2023_03_LA_CIN,2023,3,2023-09-25,CIN,LA,1,73,-5.83563,53,-5.62088,20,-0.21476,25.0,67,2.69003,4.293
2023_03_LA_CIN,2023,3,2023-09-25,LA,CIN,0,55,-7.70062,43,-6.79252,12,-0.90809,21.0,41,-11.44503,-4.293
2023_03_NE_NYJ,2023,3,2023-09-24,NE,NYJ,0,71,-2.63453,31,4.56807,40,-7.2026,26.0,62,1.32568,-9.2496
2023_03_NE_NYJ,2023,3,2023-09-24,NYJ,NE,1,62,-20.17503,41,-14.34106,21,-5.83397,18.0,61,-20.34618,9.2496
2023_03_NO_GB,2023,3,2023-09-24,GB,NO,1,74,-0.31527,53,2.49718,21,-2.81245,30.0,41,-3.26347,-5.23804
2023_03_NO_GB,2023,3,2023-09-24,NO,GB,0,61,-4.63371,38,-2.44502,23,-2.18869,26.0,35,4.18899,5.23804
2023_03_NYG_SF,2023,3,2023-09-21,NYG,SF,0,49,-9.68965,39,-8.76379,10,-0.92586,18.0,37,-4.18417,5.42499
2023_03_NYG_SF,2023,3,2023-09-21,SF,NYG,1,80,16.43534,43,18.94832,37,-2.51298,38.0,63,14.29408,-5.42499
2023_03_PHI_TB,2023,3,2023-09-25,PHI,TB,0,80,6.84222,42,2.78343,38,4.05879,43.0,46,8.00151,1.68846
2023_03_PHI_TB,2023,3,2023-09-25,TB,PHI,1,46,-8.78243,30,-2.04274,16,-6.7397,18.0,31,-11.50777,-1.68846
2023_03_PIT_LV,2023,3,2023-09-24,LV,PIT,1,70,-9.13009,52,-5.63643,18,-3.49365,35.0,45,-10.94127,-2.12525
2023_03_PIT_LV,2023,3,2023-09-24,PIT,LV,0,61,2.38566,32,9.14911,29,-6.76345,23.0,51,6.26792,2.12525
2023_03_TEN_CLE,2023,3,2023-09-24,CLE,TEN,1,71,9.82009,41,15.75552,30,-5.93543,35.0,44,4.03581,-0.42974
2023_03_TEN_CLE,2023,3,2023-09-24,TEN,CLE,0,47,-18.07951,32,-12.39594,15,-5.68357,13.0,34,-10.68277,0.42974
2023_04_ARI_SF,2023,4,2023-10-01,ARI,SF,0,71,11.154,49,8.97649,22,2.17751,35.0,37,4.8553,-1.60423
2023_04_ARI_SF,2023,4,2023-10-01,SF,ARI,1,53,27.58332,24,24.90747,29,2.67585,35.0,33,19.08895,1.60423
2023_04_ATL_JAX,2023,4,2023-10-01,ATL,JAX,0,58,-17.09909,37,-18.8853,21,1.78621,25.0,34,-16.55466,-2.73593
2023_04_ATL_JAX,2023,4,2023-10-01,JAX,ATL,1,63,2.43237,38,9.88167,25,-7.4493,24.0,37,4.11846,2.73593
2023_04_BAL_CLE,2023,4,2023-10-01,BAL,CLE,0,58,0.9269,29,4.18596,29,-3.25906,24.0,36,6.63403,-1.50849
2023_04_BAL_CLE,2023,4,2023-10-01,CLE,BAL,1,68,-29.90028,46,-23.52314,22,-6.37715,23.0,32,-16.88842,1.50849
2023_04_CIN_TEN,2023,4,2023-10-01,CIN,TEN,0,52,-10.04801,36,-10.19582,16,0.14781,28.0,31,-2.79232,-4.95713
2023_04_CIN_TEN,2023,4,2023-10-01,TEN,CIN,1,65,14.20737,34,14.21257,31,-0.0052,31.0,26,8.81059,4.95713
2023_04_DEN_CHI,2023,4,2023-10-01,CHI,DEN,1,72,8.43406,43,10.54432,29,-2.11026,36.0,45,15.04852,-0.21147
2023_04_DEN_CHI,2023,4,2023-10-01,DEN,CHI,0,47,16.41076,31,14.82378,16,1.58697,25.0,29,2.97804,0.21147
2023_04_DET_GB,2023,4,2023-09-28,DET,GB,0,74,7.86828,32,2.24109,42,5.62719,35.0,28,8.7303,0.50908
2023_04_DET_GB,2023,4,2023-09-28,GB,DET,1,55,-11.85767,43,-12.28088,12,0.42321,22.0,16,-15.05989,-0.50908
2023_04_KC_NYJ,2023,4,2023-10-01,KC,NYJ,0,68,10.19262,39,7.85535,29,2.33727,32.0,67,7.3685,3.80129
2023_04_KC_NYJ,2023,4,2023-10-01,NYJ,KC,1,58,-0.52329,43,3.06638,15,-3.58968,22.0,58,-0.52329,-3.80129
2023_04_LA_IND,2023,4,2023-10-01,IND,LA,1,61,0.60934,33,9.08838,28,-8.47904,24.0,33,-8.27012,1.64473
2023_04_LA_IND,2023,4,2023-10-01,LA,IND,0,82,12.78235,47,14.9698,35,-2.18746,37.0,53,20.52938,-1.64473
2023_04_LV_LAC,2023,4,2023-10-01,LAC,LV,1,60,-0.8269,32,1.90576,28,-2.73266,21.0,35,13.46892,-5.03282
2023_04_LV_LAC,2023,4,2023-10-01,LV,LAC,0,73,-12.31572,49,-10.95186,24,-1.36386,33.0,29,-13.86572,5.03282
2023_04_MIA_BUF,2023,4,2023-10-01,BUF,MIA,1,54,24.57253,30,24.06397,24,0.50856,31.0,33,23.23239,3.35672
2023_04_MIA_BUF,2023,4,2023-10-01,MIA,BUF,0,64,-0.8494,46,-3.36065,18,2.51125,31.0,26,4.40121,-3.35672
2023_04_MIN_CAR,2023,4,2023-10-01,CAR,MIN,1,72,-16.69664,43,-11.95052,29,-4.74613,28.0,70,-15.32073,0.33738
2023_04_MIN_CAR,2023,4,2023-10-01,MIN,CAR,0,48,-6.20025,25,-10.2955,23,4.09525,24.0,41,-4.17423,-0.33738
2023_04_NE_DAL,2023,4,2023-10-01,DAL,NE,1,66,5.7895,39,5.51023,27,0.27927,31.0,24,4.74875,7.87476
2023_04_NE_DAL,2023,4,2023-10-01,NE,DAL,0,55,-26.29201,34,-17.0016,21,-9.29041,17.0,22,-9.08595,-7.87476
2023_04_PIT_HOU,2023,4,2023-10-01,HOU,PIT,1,69,10.32853,33,15.32197,36,-4.99344,31.0,38,4.26826,2.89347
2023_04_PIT_HOU,2023,4,2023-10-01,PIT,HOU,0,59,-14.66273,35,-11.75254,24,-2.91019,21.0,43,-15.76439,-2.89347
2023_04_SEA_NYG,2023,4,2023-10-02,NYG,SEA,1,75,-34.46783,52,-26.86908,23,-7.59876,26.0,51,-24.49731,0.23568
2023_04_SEA_NYG,2023,4,2023-10-02,SEA,NYG,0,55,-8.60265,31,-6.89788,24,-1.70477,21.0,41,1.98821,-0.23568
2023_04_TB_NO,2023,4,2023-10-01,NO,TB,1,64,-20.17742,47,-14.29878,17,-5.87865,20.0,58,-14.74326,1.0485
2023_04_TB_NO,2023,4,2023-10-01,TB,NO,0,67,5.6169,41,12.07959,26,-6.46269,30.0,52,1.43169,-1.0485
2023_04_WAS_PHI,2023,4,2023-10-01,PHI,WAS,1,70,12.28553,46,12.91481,24,-0.62928,34.0,70,12.28553,6.3132
2023_04_WAS_PHI,2023,4,2023-10-01,WAS,PHI,0,78,17.02979,54,13.66571,24,3.36408,33.0,75,14.73872,-6.3132
2023_05_BAL_PIT,2023,5,2023-10-08,BAL,PIT,0,70,-16.25173,47,-18.32514,23,2.07341,29.0,65,-14.69388,5.90523
2023_05_BAL_PIT,2023,5,2023-10-08,PIT,BAL,1,60,-0.77644,36,3.58355,24,-4.35999,21.0,60,-0.77644,-5.90523
2023_05_CAR_DET,2023,5,2023-10-08,CAR,DET,0,71,-2.2203,48,3.85105,23,-6.07135,35.0,31,-11.05882,-2.48877
2023_05_CAR_DET,2023,5,2023-10-08,DET,CAR,1,57,14.41237,30,5.7717,27,8.64067,31.0,26,8.03321,2.48877
2023_05_CHI_WAS,2023,5,2023-10-05,CHI,WAS,0,64,19.77262,33,12.55891,31,7.2137,27.0,32,17.52171,1.78513
2023_05_CHI_WAS,2023,5,2023-10-05,WAS,CHI,1,68,-4.35734,62,-0.18417,6,-4.17317,29.0,26,-18.04303,-1.78513
2023_05_CIN_ARI,2023,5,2023-10-08,ARI,CIN,1,57,-16.80447,35,-15.65153,22,-1.15294,19.0,44,-4.51681,-3.07424
2023_05_CIN_ARI,2023,5,2023-10-08,CIN,ARI,0,81,-0.43408,53,10.12428,28,-10.55836,42.0,69,6.67822,3.07424
2023_05_DAL_SF,2023,5,2023-10-08,DAL,SF,0,48,-21.44063,30,-13.61049,18,-7.83013,17.0,30,-9.78436,-0.17146
2023_05_DAL_SF,2023,5,2023-10-08,SF,DAL,1,70,15.47133,30,19.65282,40,-4.18149,43.0,40,12.15896,0.17146
2023_05_GB_LV,2023,5,2023-10-09,GB,LV,0,58,-11.70016,35,-14.31031,23,2.61015,26.0,58,-11.70016,4.66807
2023_05_GB_LV,2023,5,2023-10-09,LV,GB,1,61,-4.87833,35,-2.32352,26,-2.55481,29.0,61,-4.87833,-4.66807
2023_05_HOU_ATL,2023,5,2023-10-08,ATL,HOU,1,73,-3.06894,39,9.25298,34,-12.32191,34.0,73,-3.06894,-3.07045
2023_05_HOU_ATL,2023,5,2023-10-08,HOU,ATL,0,59,-3.73519,36,3.41236,23,-7.14755,23.0,59,-3.73519,3.07045
2023_05_JAX_BUF,2023,5,2023-10-08,BUF,JAX,1,58,7.63735,47,10.37059,11,-2.73325,29.0,41,-2.54226,-0.45079
2023_05_JAX_BUF,2023,5,2023-10-08,JAX,BUF,0,86,16.38383,52,15.52386,34,0.85997,41.0,81,12.93482,0.45079
2023_05_KC_MIN,2023,5,2023-10-08,KC,MIN,0,65,13.33978,43,18.80435,22,-5.46457,29.0,59,16.65884,-2.06841
2023_05_KC_MIN,2023,5,2023-10-08,MIN,KC,1,71,0.8771,53,-2.1918,18,3.0689,31.0,59,-3.49481,2.06841
2023_05_NO_NE,2023,5,2023-10-08,NE,NO,1,54,-38.67952,35,-24.43038,19,-14.24914,12.0,20,-12.62671,-9.00913
2023_05_NO_NE,2023,5,2023-10-08,NO,NE,0,68,0.65291,30,4.52863,38,-3.87571,25.0,25,7.33795,9.00913
2023_05_NYG_MIA,2023,5,2023-10-08,MIA,NYG,1,52,5.06863,31,-2.0249,21,7.09353,31.0,27,20.56251,-0.98637
2023_05_NYG_MIA,2023,5,2023-10-08,NYG,MIA,0,73,-7.40009,46,3.06745,27,-10.46754,29.0,42,-8.99189,0.98637
2023_05_NYJ_DEN,2023,5,2023-10-08,DEN,NYJ,1,60,-14.38587,42,-6.46716,18,-7.91871,23.0,53,-16.24731,-4.32078
2023_05_NYJ_DEN,2023,5,2023-10-08,NYJ,DEN,0,65,-1.58757,35,-7.51976,30,5.93219,29.0,62,0.18458,4.32078
2023_05_PHI_LA,2023,5,2023-10-08,LA,PHI,1,56,-0.93966,42,-3.32794,14,2.38828,22.0,45,3.92959,-0.54313
2023_05_PHI_LA,2023,5,2023-10-08,PHI,LA,0,79,12.53858,44,12.91589,35,-0.37732,39.0,68,17.67697,0.54313
2023_05_TEN_IND,2023,5,2023-10-08,IND,TEN,1,65,13.59069,32,10.60176,33,2.98893,27.0,60,14.10785,-0.43946
2023_05_TEN_IND,2023,5,2023-10-08,TEN,IND,0,59,5.52388,38,9.08946,21,-3.56558,26.0,53,6.91293,0.43946
2023_06_ARI_LA,2023,6,2023-10-15,ARI,LA,0,75,-20.28251,48,-12.39305,27,-7.88946,27.0,52,-10.95382,7.20888
2023_06_ARI_LA,2023,6,2023-10-15,LA,ARI,1,55,5.92495,27,3.22075,28,2.7042,27.0,45,5.97635,-7.20888
2023_06_BAL_TEN,2023,6,2023-10-15,BAL,TEN,0,69,1.55836,37,6.7923,32,-5.23394,34.0,58,1.29111,7.81477
2023_06_BAL_TEN,2023,6,2023-10-15,TEN,BAL,1,55,-2.58616,37,-1.68626,18,-0.8999,25.0,39,-5.3516,-7.81477
2023_06_CAR_MIA,2023,6,2023-10-15,CAR,MIA,0,69,-9.61097,44,-12.81027,25,3.1993,25.0,47,0.38316,-3.5954
2023_06_CAR_MIA,2023,6,2023-10-15,MIA,CAR,1,64,12.51667,33,7.6524,31,4.86428,31.0,39,15.16924,3.5954
2023_06_DAL_LAC,2023,6,2023-10-16,DAL,LAC,0,62,4.3173,41,9.84617,21,-5.52886,26.0,62,4.3173,-3.24548
2023_06_DAL_LAC,2023,6,2023-10-16,LAC,DAL,1,72,-8.63144,53,-0.89652,19,-7.73491,26.0,72,-8.63144,3.24548
2023_06_DEN_KC,2023,6,2023-10-12,DEN,KC,0,51,-14.28913,31,-15.94179,20,1.65267,22.0,27,-11.11398,-2.65044
2023_06_DEN_KC,2023,6,2023-10-12,KC,DEN,1,69,-1.69597,48,8.09267,21,-9.78864,35.0,36,-1.24222,2.65044
2023_06_DET_TB,2023,6,2023-10-15,DET,TB,0,69,8.20253,48,18.92552,21,-10.72298,32.0,49,7.81891,-4.58164
2023_06_DET_TB,2023,6,2023-10-15,TB,DET,1,56,-13.83599,42,-10.32932,14,-3.50667,20.0,40,-11.66657,4.58164
2023_06_IND_JAX,2023,6,2023-10-15,IND,JAX,0,78,-15.20797,63,-12.36075,15,-2.84721,29.0,29,-8.58707,-7.15017
2023_06_IND_JAX,2023,6,2023-10-15,JAX,IND,1,60,-1.95373,37,-0.10192,23,-1.85181,26.0,24,2.72664,7.15017
2023_06_MIN_CHI,2023,6,2023-10-15,CHI,MIN,1,65,-19.52104,33,-21.04625,32,1.52521,32.0,53,-20.91019,0.84126
2023_06_MIN_CHI,2023,6,2023-10-15,MIN,CHI,0,56,-12.23566,34,-5.96864,22,-6.26702,23.0,42,-6.34091,-0.84126
2023_06_NE_LV,2023,6,2023-10-15,LV,NE,1,67,-0.95999,36,10.52621,31,-11.4862,25.0,67,-0.95999,1.37795
2023_06_NE_LV,2023,6,2023-10-15,NE,LV,0,59,0.30046,39,-3.382,20,3.68247,30.0,59,0.30046,-1.37795
2023_06_NO_HOU,2023,6,2023-10-15,HOU,NO,1,62,2.85156,33,4.13707,29,-1.28551,28.0,53,5.25634,6.80807
2023_06_NO_HOU,2023,6,2023-10-15,NO,HOU,0,82,2.33111,57,4.86104,25,-2.52993,41.0,81,4.86727,-6.80807
2023_06_NYG_BUF,2023,6,2023-10-15,BUF,NYG,1,61,-0.72254,34,-1.5605,27,0.83797,30.0,58,1.06986,-6.21171
2023_06_NYG_BUF,2023,6,2023-10-15,NYG,BUF,0,75,-9.11017,46,-0.07408,29,-9.0361,33.0,75,-9.11017,6.21171
2023_06_PHI_NYJ,2023,6,2023-10-15,NYJ,PHI,1,62,-7.26044,44,-8.74445,18,1.48401,24.0,62,-7.26044,8.7059
2023_06_PHI_NYJ,2023,6,2023-10-15,PHI,NYJ,0,70,-9.0207,51,-9.63294,19,0.61224,29.0,69,-6.24869,-8.7059
2023_06_SEA_CIN,2023,6,2023-10-15,CIN,SEA,1,53,-4.65833,40,-2.28713,13,-2.3712,25.0,52,-4.2461,-1.12077
2023_06_SEA_CIN,2023,6,2023-10-15,SEA,CIN,0,73,-5.11207,51,-3.40169,22,-1.71037,34.0,73,-5.11207,1.12077
2023_06_SF_CLE,2023,6,2023-10-15,CLE,SF,1,75,-13.66628,41,-15.43191,34,1.76562,26.0,75,-13.66628,6.46916
2023_06_SF_CLE,2023,6,2023-10-15,SF,CLE,0,60,-8.49196,35,-8.86546,25,0.37349,21.0,60,-8.49196,-6.46916
2023_06_WAS_ATL,2023,6,2023-10-15,ATL,WAS,1,80,-8.94397,53,-2.10933,27,-6.83463,32.0,68,-8.21509,-1.64222
2023_06_WAS_ATL,2023,6,2023-10-15,WAS,ATL,0,49,-1.41393,30,-0.85912,19,-0.55481,18.0,36,6.54968,1.64222
2023_07_ARI_SEA,2023,7,2023-10-22,ARI,SEA,0,67,-14.68344,43,-14.55534,24,-0.12809,22.0,61,-12.02133,0.90287
2023_07_ARI_SEA,2023,7,2023-10-22,SEA,ARI,1,58,0.38589,29,10.54585,29,-10.15997,27.0,50,0.44775,-0.90287
2023_07_ATL_TB,2023,7,2023-10-22,ATL,TB,0,65,-1.8334,29,10.50901,36,-12.34241,29.0,65,-1.8334,1.36056
2023_07_ATL_TB,2023,7,2023-10-22,TB,ATL,1,72,-4.79453,52,3.364,20,-8.15853,28.0,72,-4.79453,-1.36056
2023_07_BUF_NE,2023,7,2023-10-22,BUF,NE,0,70,10.4254,49,10.89304,21,-0.46764,36.0,62,4.80728,-7.30976
2023_07_BUF_NE,2023,7,2023-10-22,NE,BUF,1,58,10.58432,36,10.25802,22,0.32631,31.0,54,7.09952,7.30976
2023_07_CLE_IND,2023,7,2023-10-22,CLE,IND,0,72,-8.5629,41,-7.13622,31,-1.42669,26.0,72,-8.5629,10.14449
2023_07_CLE_IND,2023,7,2023-10-22,IND,CLE,1,70,-4.55821,33,3.90777,37,-8.46598,29.0,70,-4.55821,-10.14449
2023_07_DET_BAL,2023,7,2023-10-22,BAL,DET,1,59,23.44683,37,23.17974,22,0.26709,29.0,24,13.15191,0.62645
2023_07_DET_BAL,2023,7,2023-10-22,DET,BAL,0,74,-11.57489,60,-13.40929,14,1.8344,31.0,6,-4.70741,-0.62645
2023_07_GB_DEN,2023,7,2023-10-22,DEN,GB,1,59,5.7063,34,7.66784,25,-1.96154,26.0,55,6.55614,4.51552
2023_07_GB_DEN,2023,7,2023-10-22,GB,DEN,0,64,9.56696,35,11.85182,29,-2.28486,29.0,60,4.36653,-4.51552
2023_07_JAX_NO,2023,7,2023-10-19,JAX,NO,0,54,0.41806,36,7.91725,18,-7.49919,23.0,50,5.41284,-2.3132
2023_07_JAX_NO,2023,7,2023-10-19,NO,JAX,1,89,-13.24004,61,-18.2781,28,5.03806,33.0,84,-18.45788,2.3132
2023_07_LAC_KC,2023,7,2023-10-22,KC,LAC,1,66,15.94755,48,23.03774,18,-7.09019,33.0,60,12.47613,-0.02794
2023_07_LAC_KC,2023,7,2023-10-22,LAC,KC,0,62,2.93262,38,0.94516,24,1.98746,23.0,53,3.40113,0.02794
2023_07_LV_CHI,2023,7,2023-10-22,CHI,LV,1,69,10.70385,33,7.33153,36,3.37232,35.0,44,7.18899,3.0198
2023_07_LV_CHI,2023,7,2023-10-22,LV,CHI,0,64,-6.11582,49,-1.34787,15,-4.76795,26.0,35,-4.27599,-3.0198
2023_07_MIA_PHI,2023,7,2023-10-22,MIA,PHI,0,49,-7.82453,37,-5.77384,12,-2.05069,21.0,45,-4.0526,0.08868
2023_07_MIA_PHI,2023,7,2023-10-22,PHI,MIA,1,69,10.11884,38,6.3941,31,3.72474,34.0,61,3.14125,-0.08868
2023_07_PIT_LA,2023,7,2023-10-22,LA,PIT,1,67,-3.87274,37,-1.94587,30,-1.92687,28.0,67,-3.87274,-8.32383
2023_07_PIT_LA,2023,7,2023-10-22,PIT,LA,0,54,1.3739,29,-0.22719,25,1.60109,27.0,47,-0.00806,8.32383
2023_07_SF_MIN,2023,7,2023-10-23,MIN,SF,1,68,11.44854,47,15.36742,21,-3.91888,29.0,60,13.55264,-3.62891
2023_07_SF_MIN,2023,7,2023-10-23,SF,MIN,0,51,3.99539,32,9.69193,19,-5.69654,29.0,51,3.99539,3.62891
2023_07_WAS_NYG,2023,7,2023-10-22,NYG,WAS,1,65,-3.15952,39,4.79835,26,-7.95788,29.0,51,5.68244,-8.22101
2023_07_WAS_NYG,2023,7,2023-10-22,WAS,NYG,0,69,-15.6291,50,-12.63662,19,-2.99248,25.0,66,-13.69268,8.22101
2023_08_ATL_TEN,2023,8,2023-10-29,ATL,TEN,0,67,-3.38677,45,-5.72094,22,2.33416,28.0,56,-12.85919,1.74298
2023_08_ATL_TEN,2023,8,2023-10-29,TEN,ATL,1,66,2.63571,34,4.30276,32,-1.66705,27.0,66,2.63571,-1.74298
2023_08_BAL_ARI,2023,8,2023-10-29,ARI,BAL,1,72,-10.18932,43,-4.1664,29,-6.02292,35.0,46,-17.01797,2.61057
2023_08_BAL_ARI,2023,8,2023-10-29,BAL,ARI,0,64,6.07128,37,-1.31908,27,7.39036,30.0,46,-0.05198,-2.61057
2023_08_CHI_LAC,2023,8,2023-10-29,CHI,LAC,0,63,-10.74761,39,-8.94941,24,-1.79819,27.0,22,-6.20458,-7.99328
2023_08_CHI_LAC,2023,8,2023-10-29,LAC,CHI,1,69,0.67501,45,14.35783,24,-13.68282,28.0,22,11.84938,7.99328
2023_08_CIN_SF,2023,8,2023-10-29,CIN,SF,0,62,15.50349,39,12.69025,23,2.81324,35.0,53,13.84034,-0.46978
2023_08_CIN_SF,2023,8,2023-10-29,SF,CIN,1,59,-2.50879,40,3.11796,19,-5.62674,31.0,41,-5.96463,0.46978
2023_08_CLE_SEA,2023,8,2023-10-29,CLE,SEA,0,77,-1.46225,40,0.63361,37,-2.09586,34.0,75,1.73529,-0.65684
2023_08_CLE_SEA,2023,8,2023-10-29,SEA,CLE,1,56,3.6264,39,1.87758,17,1.74882,26.0,56,3.6264,0.65684
2023_08_HOU_CAR,2023,8,2023-10-29,CAR,HOU,1,67,-7.01925,44,4.38774,23,-11.40699,24.0,67,-7.01925,3.99816
2023_08_HOU_CAR,2023,8,2023-10-29,HOU,CAR,0,57,-1.71197,28,-2.99111,29,1.27915,23.0,57,-1.71197,-3.99816
2023_08_JAX_PIT,2023,8,2023-10-29,JAX,PIT,0,70,-6.2288,39,4.358,31,-10.5868,33.0,62,-0.69098,7.6068
2023_08_JAX_PIT,2023,8,2023-10-29,PIT,JAX,1,66,-12.75396,52,-9.97472,14,-2.77924,26.0,47,-9.7407,-7.6068
2023_08_KC_DEN,2023,8,2023-10-29,DEN,KC,1,71,-3.07532,34,-2.83445,37,-0.24087,29.0,62,1.37338,1.18397
2023_08_KC_DEN,2023,8,2023-10-29,KC,DEN,0,60,-16.06404,47,-12.84279,13,-3.22125,25.0,44,-8.55131,-1.18397
2023_08_LA_DAL,2023,8,2023-10-29,DAL,LA,1,62,12.84523,43,14.89434,19,-2.04912,32.0,19,4.41991,5.17691
2023_08_LA_DAL,2023,8,2023-10-29,LA,DAL,0,60,-9.92374,36,-10.14213,24,0.21839,25.0,13,-9.44033,-5.17691
2023_08_LV_DET,2023,8,2023-10-30,DET,LV,1,84,-9.34232,39,-4.59672,45,-4.74561,36.0,65,-6.85161,3.33635
2023_08_LV_DET,2023,8,2023-10-30,LV,DET,0,46,-21.64502,29,-22.53473,17,0.88971,21.0,34,-14.70987,-3.33635
2023_08_MIN_GB,2023,8,2023-10-29,GB,MIN,1,68,-14.26393,54,-9.65561,14,-4.60831,26.0,32,-8.2878,10.15212
2023_08_MIN_GB,2023,8,2023-10-29,MIN,GB,0,70,14.94215,42,19.75736,28,-4.81521,31.0,47,15.45003,-10.15212
2023_08_NE_MIA,2023,8,2023-10-29,MIA,NE,1,74,6.20143,51,16.0476,23,-9.84618,32.0,54,6.13091,0.34351
2023_08_NE_MIA,2023,8,2023-10-29,NE,MIA,0,52,-11.00509,33,-9.64383,19,-1.36126,20.0,28,-9.64142,-0.34351
2023_08_NO_IND,2023,8,2023-10-29,IND,NO,1,71,5.26726,47,0.24967,24,5.0176,28.0,56,0.43027,0.35145
2023_08_NO_IND,2023,8,2023-10-29,NO,IND,0,65,21.64655,31,17.8922,34,3.75435,34.0,46,17.83589,-0.35145
2023_08_NYJ_NYG,2023,8,2023-10-29,NYG,NYJ,1,75,-22.76081,26,-18.61229,49,-4.14851,20.0,72,-21.83789,-6.04378
2023_08_NYJ_NYG,2023,8,2023-10-29,NYJ,NYG,0,63,-22.95351,44,-12.34905,19,-10.60446,21.0,63,-22.95351,6.04378
2023_08_PHI_WAS,2023,8,2023-10-29,PHI,WAS,0,61,16.06739,42,30.27965,19,-14.21226,26.0,55,15.55807,0.8564
2023_08_PHI_WAS,2023,8,2023-10-29,WAS,PHI,1,72,3.4839,57,5.02933,15,-1.54542,36.0,66,1.96228,-0.8564
2023_08_TB_BUF,2023,8,2023-10-26,BUF,TB,1,68,5.99051,46,3.03741,22,2.9531,36.0,43,9.13924,2.23505
2023_08_TB_BUF,2023,8,2023-10-26,TB,BUF,0,66,3.62803,52,6.49944,14,-2.87141,26.0,33,0.48743,-2.23505
2023_09_ARI_CLE,2023,9,2023-11-05,ARI,CLE,0,51,-39.1055,34,-34.29777,17,-4.80772,8.0,23,-15.66137,3.04597
2023_09_ARI_CLE,2023,9,2023-11-05,CLE,ARI,1,72,-5.37773,35,2.92408,37,-8.30181,22.0,37,-0.23979,-3.04597
2023_09_BUF_CIN,2023,9,2023-11-05,BUF,CIN,0,57,2.33373,46,0.35931,11,1.97442,31.0,41,-3.65328,-0.23369
2023_09_BUF_CIN,2023,9,2023-11-05,CIN,BUF,1,67,12.42147,49,14.42226,18,-2.00079,32.0,47,12.30601,0.23369
2023_09_CHI_NO,2023,9,2023-11-05,CHI,NO,0,68,-11.25288,39,-3.80966,29,-7.44322,28.0,63,-4.78141,-1.87735
2023_09_CHI_NO,2023,9,2023-11-05,NO,CHI,1,62,-2.62648,37,4.74997,25,-7.37646,29.0,46,4.10403,1.87735
2023_09_DAL_PHI,2023,9,2023-11-05,DAL,PHI,0,73,11.36242,56,13.87834,17,-2.51592,36.0,69,7.33931,0.69476
2023_09_DAL_PHI,2023,9,2023-11-05,PHI,DAL,1,62,14.97943,35,13.65264,27,1.3268,32.0,56,17.27537,-0.69476
2023_09_IND_CAR,2023,9,2023-11-05,CAR,IND,1,71,-21.19798,48,-21.00225,23,-0.19573,26.0,44,-23.50049,4.01564
2023_09_IND_CAR,2023,9,2023-11-05,IND,CAR,0,58,-2.28273,32,5.05969,26,-7.34243,23.0,44,4.47477,-4.01564
2023_09_LAC_NYJ,2023,9,2023-11-06,LAC,NYJ,0,56,-6.1588,38,-4.54535,18,-1.61345,19.0,42,-4.73804,2.98863
2023_09_LAC_NYJ,2023,9,2023-11-06,NYJ,LAC,1,81,-27.71598,60,-21.82579,21,-5.89019,28.0,57,-17.37824,-2.98863
2023_09_LA_GB,2023,9,2023-11-05,GB,LA,1,69,-3.37413,31,3.76028,38,-7.13441,31.0,51,-10.38137,2.5115
2023_09_LA_GB,2023,9,2023-11-05,LA,GB,0,58,-23.19738,35,-11.76705,23,-11.43033,18.0,49,-18.20021,-2.5115
2023_09_MIA_KC,2023,9,2023-11-05,KC,MIA,1,57,-0.15441,38,1.27301,19,-1.42742,25.0,42,6.77534,-2.26017
2023_09_MIA_KC,2023,9,2023-11-05,MIA,KC,0,63,-10.03921,41,-8.71563,22,-1.32358,26.0,43,-13.84457,2.26017
2023_09_MIN_ATL,2023,9,2023-11-05,ATL,MIN,1,68,-10.01379,42,-1.40373,26,-8.61006,23.0,68,-10.01379,5.7229
2023_09_MIN_ATL,2023,9,2023-11-05,MIN,ATL,0,73,-1.96123,48,6.46159,25,-8.42282,29.0,73,-1.96123,-5.7229
2023_09_NYG_LV,2023,9,2023-11-05,LV,NYG,1,60,-1.08074,25,7.60305,35,-8.68378,28.0,21,6.63426,3.63533
2023_09_NYG_LV,2023,9,2023-11-05,NYG,LV,0,62,-23.63269,42,-19.21463,20,-4.41806,24.0,28,-11.19507,-3.63533
2023_09_SEA_BAL,2023,9,2023-11-05,BAL,SEA,1,73,14.26801,37,-0.50171,36,14.76973,36.0,34,2.48925,3.77639
2023_09_SEA_BAL,2023,9,2023-11-05,SEA,BAL,0,48,-21.4854,34,-13.92788,14,-7.55752,12.0,29,-13.10044,-3.77639
2023_09_TB_HOU,2023,9,2023-11-05,HOU,TB,1,67,16.00663,49,23.44971,18,-7.44308,30.0,67,16.00663,-4.34693
2023_09_TB_HOU,2023,9,2023-11-05,TB,HOU,0,66,11.16401,37,13.85425,29,-2.69024,26.0,66,11.16401,4.34693
2023_09_TEN_PIT,2023,9,2023-11-02,PIT,TEN,1,63,10.48584,34,6.36286,29,4.12298,32.0,62,10.77397,-3.07085
2023_09_TEN_PIT,2023,9,2023-11-02,TEN,PIT,0,73,2.59954,48,0.17475,25,2.42479,31.0,73,2.59954,3.07085
2023_09_WAS_NE,2023,9,2023-11-05,NE,WAS,1,63,-3.09669,47,-3.94599,16,0.8493,23.0,63,-3.09669,1.59569
2023_09_WAS_NE,2023,9,2023-11-05,WAS,NE,0,77,3.47382,52,8.07467,25,-4.60085,33.0,77,3.47382,-1.59569
2023_10_ATL_ARI,2023,10,2023-11-12,ARI,ATL,1,63,-0.52463,39,-4.41787,24,3.89324,31.0,63,-0.52463,6.71884
2023_10_ATL_ARI,2023,10,2023-11-12,ATL,ARI,0,69,2.5426,31,3.36964,38,-0.82704,29.0,69,2.5426,-6.71884
2023_10_CAR_CHI,2023,10,2023-11-09,CAR,CHI,0,60,-8.79549,47,-3.39756,13,-5.39793,16.0,60,-8.79549,0.11823
2023_10_CAR_CHI,2023,10,2023-11-09,CHI,CAR,1,71,-6.04044,39,-4.03416,32,-2.00627,30.0,68,-5.21732,-0.11823
2023_10_CLE_BAL,2023,10,2023-11-12,BAL,CLE,1,54,-0.84468,34,0.98447,20,-1.82915,25.0,46,-1.01135,1.4836
2023_10_CLE_BAL,2023,10,2023-11-12,CLE,BAL,0,76,5.38019,48,1.17774,28,4.20244,34.0,55,-5.42528,-1.4836
2023_10_DEN_BUF,2023,10,2023-11-13,BUF,DEN,1,53,-5.54331,28,-9.17352,25,3.63021,26.0,53,-5.54331,-4.37449
2023_10_DEN_BUF,2023,10,2023-11-13,DEN,BUF,0,72,0.81619,41,4.63216,31,-3.81597,28.0,72,0.81619,4.37449
2023_10_DET_LAC,2023,10,2023-11-12,DET,LAC,0,63,26.99927,35,14.60804,28,12.39123,35.0,63,26.99927,-0.77228
2023_10_DET_LAC,2023,10,2023-11-12,LAC,DET,1,72,19.2573,45,22.05623,27,-2.79893,36.0,72,19.2573,0.77228
2023_10_GB_PIT,2023,10,2023-11-12,GB,PIT,0,67,4.07171,45,5.35589,22,-1.28418,26.0,67,4.07171,-3.09242
2023_10_GB_PIT,2023,10,2023-11-12,PIT,GB,1,65,4.15777,30,-1.82184,35,5.97961,32.0,64,4.40169,3.09242
2023_10_HOU_CIN,2023,10,2023-11-12,CIN,HOU,1,63,1.87467,51,4.467,12,-2.59233,25.0,58,-3.48378,2.34975
2023_10_HOU_CIN,2023,10,2023-11-12,HOU,CIN,0,75,10.38883,42,9.71616,33,0.67266,34.0,66,17.46356,-2.34975
2023_10_IND_NE,2023,10,2023-11-12,IND,NE,0,56,-2.38113,31,0.98466,25,-3.36579,24.0,56,-2.38113,5.22517
2023_10_IND_NE,2023,10,2023-11-12,NE,IND,1,69,-0.44149,34,-3.24263,35,2.80114,36.0,69,-0.44149,-5.22517
2023_10_NO_MIN,2023,10,2023-11-12,MIN,NO,1,73,5.57376,44,13.34037,29,-7.76661,33.0,35,10.87706,-1.49088
2023_10_NO_MIN,2023,10,2023-11-12,NO,MIN,0,65,-4.32883,50,-4.51728,15,0.18845,23.0,23,-3.67043,1.49088
2023_10_NYG_DAL,2023,10,2023-11-12,DAL,NYG,1,77,22.76524,47,20.7176,30,2.04765,40.0,29,0.62096,-0.04638
2023_10_NYG_DAL,2023,10,2023-11-12,NYG,DAL,0,56,-13.38798,39,-10.52628,17,-2.8617,18.0,18,-13.95538,0.04638
2023_10_NYJ_LV,2023,10,2023-11-12,LV,NYJ,1,64,-14.17157,32,-12.53423,32,-1.63734,27.0,61,-12.60119,2.28695
2023_10_NYJ_LV,2023,10,2023-11-12,NYJ,LV,0,66,-12.46438,47,-3.1551,19,-9.30927,25.0,66,-12.46438,-2.28695
2023_10_SF_JAX,2023,10,2023-11-12,JAX,SF,1,57,-20.39223,42,-18.48163,15,-1.9106,18.0,36,-16.36983,0.5708
2023_10_SF_JAX,2023,10,2023-11-12,SF,JAX,0,59,16.23033,32,12.57569,27,3.65464,28.0,33,8.52994,-0.5708
2023_10_TEN_TB,2023,10,2023-11-12,TB,TEN,1,64,2.81366,37,9.83569,27,-7.02203,23.0,44,6.74469,-1.49967
2023_10_TEN_TB,2023,10,2023-11-12,TEN,TB,0,63,-13.28275,47,-8.93961,16,-4.34314,24.0,40,-7.02314,1.49967
2023_10_WAS_SEA,2023,10,2023-11-12,SEA,WAS,1,79,9.70471,54,8.95749,25,0.74722,37.0,79,9.70471,-0.00681
2023_10_WAS_SEA,2023,10,2023-11-12,WAS,SEA,0,61,6.65852,47,11.65842,14,-4.99989,25.0,60,6.44201,0.00681
2023_11_ARI_HOU,2023,11,2023-11-19,ARI,HOU,0,60,-3.35911,39,-3.96799,21,0.60888,26.0,60,-3.35911,-0.26857
2023_11_ARI_HOU,2023,11,2023-11-19,HOU,ARI,1,66,-3.49005,42,2.06592,24,-5.55597,30.0,62,0.3546,0.26857
2023_11_CHI_DET,2023,11,2023-11-19,CHI,DET,0,74,3.60002,33,8.28674,41,-4.68672,36.0,64,1.65411,3.87778
2023_11_CHI_DET,2023,11,2023-11-19,DET,CHI,1,60,4.18946,39,-0.40499,21,4.59444,33.0,54,-1.7858,-3.87778
2023_11_CIN_BAL,2023,11,2023-11-16,BAL,CIN,1,65,11.13339,37,10.70793,28,0.42546,32.0,41,10.95333,5.53435
2023_11_CIN_BAL,2023,11,2023-11-16,CIN,BAL,0,61,5.98091,43,4.70149,18,1.27941,29.0,45,5.72775,-5.53435
2023_11_DAL_CAR,2023,11,2023-11-19,CAR,DAL,1,58,-17.14259,37,-18.84337,21,1.70078,21.0,48,-1.10147,2.52316
2023_11_DAL_CAR,2023,11,2023-11-19,DAL,CAR,0,69,13.56734,45,11.19559,24,2.37175,31.0,52,17.87534,-2.52316
2023_11_LAC_GB,2023,11,2023-11-19,GB,LAC,1,71,8.78699,45,12.86946,26,-4.08247,32.0,68,10.56328,-3.57256
2023_11_LAC_GB,2023,11,2023-11-19,LAC,GB,0,63,3.15,46,10.42819,17,-7.27819,26.0,63,3.15,3.57256
2023_11_LV_MIA,2023,11,2023-11-19,LV,MIA,0,61,-16.8883,44,-10.73109,17,-6.15721,21.0,54,-18.9479,2.88422
2023_11_LV_MIA,2023,11,2023-11-19,MIA,LV,1,69,-6.37921,42,-1.17788,27,-5.20133,26.0,64,-4.65545,-2.88422
2023_11_MIN_DEN,2023,11,2023-11-19,DEN,MIN,1,53,-3.38764,38,0.16627,15,-3.55391,21.0,53,-3.38764,3.37337
2023_11_MIN_DEN,2023,11,2023-11-19,MIN,DEN,0,75,-2.62255,41,3.72871,34,-6.35127,35.0,75,-2.62255,-3.37337
2023_11_NYG_WAS,2023,11,2023-11-19,NYG,WAS,0,55,-1.98862,37,2.65248,18,-4.64109,19.0,49,-2.8679,6.74964
2023_11_NYG_WAS,2023,11,2023-11-19,WAS,NYG,1,81,-8.63998,55,-5.13692,26,-3.50306,39.0,66,-14.46578,-6.74964
2023_11_NYJ_BUF,2023,11,2023-11-19,BUF,NYJ,1,74,6.7786,39,12.77628,35,-5.99768,28.0,48,6.54522,8.86041
2023_11_NYJ_BUF,2023,11,2023-11-19,NYJ,BUF,0,57,-17.55353,42,-16.20071,15,-1.35282,16.0,18,-8.6037,-8.86041
2023_11_PHI_KC,2023,11,2023-11-20,KC,PHI,1,78,-7.13116,52,-8.25419,26,1.12303,28.0,78,-7.13116,-1.36923
2023_11_PHI_KC,2023,11,2023-11-20,PHI,KC,0,53,-0.92247,30,-4.06709,23,3.14462,21.0,53,-0.92247,1.36923
2023_11_PIT_CLE,2023,11,2023-11-19,CLE,PIT,1,73,-10.74204,45,-10.29692,28,-0.44512,27.0,73,-10.74204,3.14173
2023_11_PIT_CLE,2023,11,2023-11-19,PIT,CLE,0,57,-7.01487,34,-12.26517,23,5.2503,20.0,56,-7.01049,-3.14173
2023_11_SEA_LA,2023,11,2023-11-19,LA,SEA,1,66,-4.65161,41,-0.34953,25,-4.30208,28.0,66,-4.65161,-1.54932
2023_11_SEA_LA,2023,11,2023-11-19,SEA,LA,0,63,-2.77194,42,-1.12873,21,-1.64321,22.0,63,-2.77194,1.54932
2023_11_TB_SF,2023,11,2023-11-19,SF,TB,1,58,12.8237,32,18.82772,26,-6.00402,31.0,36,13.39801,-2.1248
2023_11_TB_SF,2023,11,2023-11-19,TB,SF,0,70,-3.44444,53,-4.9458,17,1.50136,35.0,31,-0.2485,2.1248
2023_11_TEN_JAX,2023,11,2023-11-19,JAX,TEN,1,71,17.62046,37,22.68245,34,-5.06199,30.0,30,9.2688,8.15245
2023_11_TEN_JAX,2023,11,2023-11-19,TEN,JAX,0,38,2.52634,22,5.28046,16,-2.75412,16.0,23,-8.86819,-8.15245
2023_12_BAL_LAC,2023,12,2023-11-26,BAL,LAC,0,69,-0.11198,38,-5.81434,31,5.70236,33.0,66,-4.27101,-3.1182
2023_12_BAL_LAC,2023,12,2023-11-26,LAC,BAL,1,66,-19.91029,51,-19.86178,15,-0.04851,24.0,61,-15.83247,3.1182
2023_12_BUF_PHI,2023,12,2023-11-26,BUF,PHI,0,94,12.83503,59,16.0837,35,-3.24866,41.0,94,12.83503,-9.89145
2023_12_BUF_PHI,2023,12,2023-11-26,PHI,BUF,1,65,3.92567,39,4.70926,26,-0.7836,30.0,65,3.92567,9.89145
2023_12_CAR_TEN,2023,12,2023-11-26,CAR,TEN,0,74,-6.98493,44,2.10567,30,-9.0906,27.0,69,-4.5219,-0.24821
2023_12_CAR_TEN,2023,12,2023-11-26,TEN,CAR,1,49,2.01357,28,-0.43628,21,2.44985,23.0,44,3.00718,0.24821
2023_12_CHI_MIN,2023,12,2023-11-27,CHI,MIN,0,65,-7.85997,44,-10.25265,21,2.39267,24.0,65,-7.85997,-3.03124
2023_12_CHI_MIN,2023,12,2023-11-27,MIN,CHI,1,55,-20.02726,40,-17.67527,15,-2.35199,19.0,55,-20.02726,3.03124
2023_12_CLE_DEN,2023,12,2023-11-26,CLE,DEN,0,71,-14.30338,49,-7.16076,22,-7.14262,27.0,53,-2.84185,1.30384
2023_12_CLE_DEN,2023,12,2023-11-26,DEN,CLE,1,63,2.55035,28,4.753,35,-2.20265,28.0,51,7.62534,-1.30384
2023_12_GB_DET,2023,12,2023-11-23,DET,GB,1,83,-10.85392,54,-8.71986,29,-2.13407,34.0,47,-12.64253,-1.31918
2023_12_GB_DET,2023,12,2023-11-23,GB,DET,0,54,7.53247,34,10.90306,20,-3.37059,25.0,39,10.60949,1.31918
2023_12_JAX_HOU,2023,12,2023-11-26,HOU,JAX,1,60,1.97759,47,3.88908,13,-1.9115,26.0,57,3.37137,-2.55777
2023_12_JAX_HOU,2023,12,2023-11-26,JAX,HOU,0,74,5.97197,42,18.79736,32,-12.8254,33.0,69,8.05863,2.55777
2023_12_KC_LV,2023,12,2023-11-26,KC,LV,0,58,12.81925,38,12.24425,20,0.575,29.0,47,15.22082,6.65735
2023_12_KC_LV,2023,12,2023-11-26,LV,KC,1,58,-1.53244,35,3.49928,23,-5.03173,19.0,47,8.07299,-6.65735
2023_12_LA_ARI,2023,12,2023-11-26,ARI,LA,1,70,-7.71847,53,-9.45655,17,1.73808,27.0,38,-7.08169,-0.19624
2023_12_LA_ARI,2023,12,2023-11-26,LA,ARI,0,67,20.79309,34,12.6868,33,8.1063,37.0,38,15.11683,0.19624
2023_12_MIA_NYJ,2023,12,2023-11-24,MIA,NYJ,0,68,5.15024,33,5.47617,35,-0.32594,31.0,46,-1.4942,3.35125
2023_12_MIA_NYJ,2023,12,2023-11-24,NYJ,MIA,1,58,-19.67872,48,-17.19346,10,-2.48526,21.0,22,-18.74236,-3.35125
2023_12_NE_NYG,2023,12,2023-11-26,NE,NYG,0,68,-11.14649,37,-16.32507,31,5.17858,28.0,68,-11.14649,-5.72582
2023_12_NE_NYG,2023,12,2023-11-26,NYG,NE,1,51,-14.09889,33,-3.30411,18,-10.79478,15.0,51,-14.09889,5.72582
2023_12_NO_ATL,2023,12,2023-11-26,ATL,NO,1,61,3.11403,24,1.04406,37,2.06997,29.0,56,2.73979,-0.86929
2023_12_NO_ATL,2023,12,2023-11-26,NO,ATL,0,71,-4.94402,43,0.87481,28,-5.81883,33.0,63,-5.53195,0.86929
2023_12_PIT_CIN,2023,12,2023-11-26,CIN,PIT,1,42,-9.00572,33,-4.15703,9,-4.84869,14.0,38,-9.48377,7.70686
2023_12_PIT_CIN,2023,12,2023-11-26,PIT,CIN,0,68,4.23158,40,10.78257,28,-6.55099,31.0,63,4.50787,-7.70686
2023_12_SF_SEA,2023,12,2023-11-23,SEA,SF,1,56,-15.17487,37,-11.26824,19,-3.90663,24.0,31,-14.31803,-2.58861
2023_12_SF_SEA,2023,12,2023-11-23,SF,SEA,0,64,8.20961,34,1.41762,30,6.79199,31.0,42,10.47672,2.58861
2023_12_TB_IND,2023,12,2023-11-26,IND,TB,1,72,4.18943,46,1.68192,26,2.50751,35.0,65,10.71791,0.35246
2023_12_TB_IND,2023,12,2023-11-26,TB,IND,0,60,-5.6561,40,-6.98148,20,1.32538,28.0,55,-8.73262,-0.35246
2023_12_WAS_DAL,2023,12,2023-11-23,DAL,WAS,1,53,20.58686,34,19.46129,19,1.12557,27.0,39,16.21623,1.20841
2023_12_WAS_DAL,2023,12,2023-11-23,WAS,DAL,0,78,-16.32399,52,-10.25735,26,-6.06664,37.0,56,1.15014,-1.20841
2023_13_ARI_PIT,2023,13,2023-12-03,ARI,PIT,0,64,4.85257,30,7.49172,34,-2.63915,23.0,44,0.97848,10.03875
2023_13_ARI_PIT,2023,13,2023-12-03,PIT,ARI,1,60,-5.24044,31,8.79734,29,-14.03778,28.0,46,-12.18037,-10.03875
2023_13_ATL_NYJ,2023,13,2023-12-03,ATL,NYJ,0,67,-13.22156,33,-2.90226,34,-10.31929,22.0,67,-13.22156,-1.36105
2023_13_ATL_NYJ,2023,13,2023-12-03,NYJ,ATL,1,68,-22.83819,44,-11.25738,24,-11.5808,18.0,68,-22.83819,1.36105
2023_13_CAR_TB,2023,13,2023-12-03,CAR,TB,0,70,-7.96442,36,-5.99112,34,-1.9733,31.0,61,-12.1782,0.80657
2023_13_CAR_TB,2023,13,2023-12-03,TB,CAR,1,60,-1.65016,34,-2.81173,26,1.16157,19.0,60,-1.65016,-0.80657
2023_13_CIN_JAX,2023,13,2023-12-04,CIN,JAX,0,73,14.87784,43,13.52343,30,1.3544,38.0,73,14.87784,3.42534
2023_13_CIN_JAX,2023,13,2023-12-04,JAX,CIN,1,69,11.45746,47,10.72041,22,0.73705,33.0,69,11.45746,-3.42534
2023_13_CLE_LA,2023,13,2023-12-03,CLE,LA,0,71,-7.13343,48,-8.30354,23,1.17011,30.0,63,0.08735,2.35388
2023_13_CLE_LA,2023,13,2023-12-03,LA,CLE,1,62,10.28999,38,8.4128,24,1.87719,27.0,57,6.97527,-2.35388
2023_13_DEN_HOU,2023,13,2023-12-03,DEN,HOU,0,59,-11.0826,36,-12.03029,23,0.94769,26.0,55,-10.55206,-0.23363
2023_13_DEN_HOU,2023,13,2023-12-03,HOU,DEN,1,66,-5.48363,37,-1.96327,29,-3.52037,23.0,59,1.48536,0.23363
2023_13_DET_NO,2023,13,2023-12-03,DET,NO,0,55,9.86121,27,8.88224,28,0.97897,22.0,41,14.66024,0.95451
2023_13_DET_NO,2023,13,2023-12-03,NO,DET,1,66,-2.39067,31,6.01894,35,-8.40961,30.0,61,-18.19851,-0.95451
2023_13_IND_TEN,2023,13,2023-12-03,IND,TEN,0,69,3.40672,48,3.7389,21,-0.33219,31.0,68,3.85271,7.95938
2023_13_IND_TEN,2023,13,2023-12-03,TEN,IND,1,85,3.02859,44,3.18896,41,-0.16037,36.0,85,3.02859,-7.95938
2023_13_KC_GB,2023,13,2023-12-03,GB,KC,1,64,17.9655,40,15.30945,24,2.65605,31.0,59,18.79458,-0.00722
2023_13_KC_GB,2023,13,2023-12-03,KC,GB,0,66,9.62564,44,4.19411,22,5.43153,32.0,56,10.27322,0.00722
2023_13_LAC_NE,2023,13,2023-12-03,LAC,NE,0,59,-8.72408,38,1.16526,21,-9.88934,24.0,55,-8.47865,4.1866
2023_13_LAC_NE,2023,13,2023-12-03,NE,LAC,1,63,-16.28689,34,-11.57407,29,-4.71283,25.0,63,-16.28689,-4.1866
2023_13_MIA_WAS,2023,13,2023-12-03,MIA,WAS,0,61,24.00439,26,20.17658,35,3.82782,31.0,19,11.99925,4.37442
2023_13_MIA_WAS,2023,13,2023-12-03,WAS,MIA,1,54,-10.76814,29,-10.53742,25,-0.23072,15.0,31,-11.88258,-4.37442
2023_13_SEA_DAL,2023,13,2023-11-30,DAL,SEA,1,86,19.95168,55,20.1685,31,-0.21683,46.0,83,21.56246,5.08728
2023_13_SEA_DAL,2023,13,2023-11-30,SEA,DAL,0,68,17.33861,47,22.84244,21,-5.50383,33.0,68,17.33861,-5.08728
2023_13_SF_PHI,2023,13,2023-12-03,PHI,SF,1,71,6.53604,58,9.02737,13,-2.49133,25.0,44,3.09939,-0.60278
2023_13_SF_PHI,2023,13,2023-12-03,SF,PHI,0,58,30.81992,32,23.94446,26,6.87546,36.0,41,20.89492,0.60278
2023_14_BUF_KC,2023,14,2023-12-10,BUF,KC,0,74,-0.10489,51,-2.95456,23,2.84967,30.0,74,-0.10489,-0.20956
2023_14_BUF_KC,2023,14,2023-12-10,KC,BUF,1,66,-6.02234,47,-8.22055,19,2.19821,32.0,66,-6.02234,0.20956
2023_14_CAR_NO,2023,14,2023-12-10,CAR,NO,0,81,-25.91122,45,-26.20352,36,0.2923,29.0,66,-20.00306,-3.2335
2023_14_CAR_NO,2023,14,2023-12-10,NO,CAR,1,50,-9.54687,27,-9.56364,23,0.01676,22.0,36,-12.71838,3.2335
2023_14_DEN_LAC,2023,14,2023-12-10,DEN,LAC,0,64,-3.90334,37,-1.56637,27,-2.33697,26.0,42,-5.52247,-1.32519
2023_14_DEN_LAC,2023,14,2023-12-10,LAC,DEN,1,68,-31.0869,49,-26.24878,19,-4.83811,26.0,42,-27.05629,1.32519
2023_14_DET_CHI,2023,14,2023-12-10,CHI,DET,1,68,3.47425,44,10.23236,24,-6.75811,23.0,56,6.70039,2.8497
2023_14_DET_CHI,2023,14,2023-12-10,DET,CHI,0,65,-10.77946,41,-7.81268,24,-2.96678,27.0,44,-2.89891,-2.8497
2023_14_GB_NYG,2023,14,2023-12-11,GB,NYG,0,67,0.19788,43,1.51763,24,-1.31975,28.0,67,0.19788,0.24223
2023_14_GB_NYG,2023,14,2023-12-11,NYG,GB,1,55,1.88439,28,6.95567,27,-5.07128,30.0,52,3.80753,-0.24223
2023_14_HOU_NYJ,2023,14,2023-12-10,HOU,NYJ,0,56,-25.05553,37,-23.14007,19,-1.91545,15.0,37,-10.63712,-4.38905
2023_14_HOU_NYJ,2023,14,2023-12-10,NYJ,HOU,1,67,-0.04895,44,3.46717,23,-3.51612,26.0,46,4.63153,4.38905
2023_14_IND_CIN,2023,14,2023-12-10,CIN,IND,1,60,4.84031,30,6.00117,30,-1.16086,25.0,41,9.68168,10.09389
2023_14_IND_CIN,2023,14,2023-12-10,IND,CIN,0,62,-5.48991,44,-0.3451,18,-5.14481,28.0,39,1.18492,-10.09389
2023_14_JAX_CLE,2023,14,2023-12-10,CLE,JAX,1,73,-10.88497,47,-8.36925,26,-2.51572,30.0,59,1.13614,4.5512
2023_14_JAX_CLE,2023,14,2023-12-10,JAX,CLE,0,74,-10.52288,57,-6.98509,17,-3.5378,27.0,51,-17.17482,-4.5512
2023_14_LA_BAL,2023,14,2023-12-10,BAL,LA,1,70,10.90234,53,14.61235,17,-3.71002,30.0,70,10.90234,3.72387
2023_14_LA_BAL,2023,14,2023-12-10,LA,BAL,0,75,10.77703,46,8.88418,29,1.89285,33.0,75,10.77703,-3.72387
2023_14_MIN_LV,2023,14,2023-12-10,LV,MIN,1,54,-25.79288,36,-23.76425,18,-2.02863,12.0,54,-25.79288,5.41762
2023_14_MIN_LV,2023,14,2023-12-10,MIN,LV,0,72,-13.47391,47,-11.89115,25,-1.58276,29.0,69,-12.01782,-5.41762
2023_14_NE_PIT,2023,14,2023-12-07,NE,PIT,0,57,-5.42797,34,0.57607,23,-6.00403,18.0,49,2.6263,-6.58282
2023_14_NE_PIT,2023,14,2023-12-07,PIT,NE,1,68,-17.69803,45,-13.61663,23,-4.0814,28.0,67,-17.79777,6.58282
2023_14_PHI_DAL,2023,14,2023-12-10,DAL,PHI,1,82,5.03669,49,5.23571,33,-0.19902,38.0,50,17.70142,5.94967
2023_14_PHI_DAL,2023,14,2023-12-10,PHI,DAL,0,55,-11.12825,31,-4.61129,24,-6.51696,24.0,28,-0.4148,-5.94967
2023_14_SEA_SF,2023,14,2023-12-10,SEA,SF,0,58,-1.06077,41,3.30542,17,-4.36619,22.0,42,6.1074,1.28087
2023_14_SEA_SF,2023,14,2023-12-10,SF,SEA,1,54,12.79336,31,8.24986,23,4.5435,23.0,40,15.25448,-1.28087
2023_14_TB_ATL,2023,14,2023-12-10,ATL,TB,1,70,-0.00829,46,0.17446,24,-0.18275,31.0,70,-0.00829,-7.95275
2023_14_TB_ATL,2023,14,2023-12-10,TB,ATL,0,68,-1.56166,32,1.84955,36,-3.41121,26.0,68,-1.56166,7.95275
2023_14_TEN_MIA,2023,14,2023-12-11,MIA,TEN,1,72,-0.93184,42,-5.50306,30,4.57121,36.0,66,-1.8834,0.52682
2023_14_TEN_MIA,2023,14,2023-12-11,TEN,MIA,0,69,2.2182,42,10.56425,27,-8.34604,30.0,60,-4.34691,-0.52682
2023_15_ATL_CAR,2023,15,2023-12-17,ATL,CAR,0,51,-14.09624,22,3.43576,29,-17.532,19.0,51,-14.09624,-0.50495
2023_15_ATL_CAR,2023,15,2023-12-17,CAR,ATL,1,63,-10.20053,31,-1.1351,32,-9.06543,24.0,63,-10.20053,0.50495
2023_15_BAL_JAX,2023,15,2023-12-17,BAL,JAX,0,70,2.57105,31,-0.7761,39,3.34714,38.0,50,3.37524,4.90828
2023_15_BAL_JAX,2023,15,2023-12-17,JAX,BAL,1,62,-13.24955,49,-10.88507,13,-2.36448,23.0,46,-5.7767,-4.90828
2023_15_CHI_CLE,2023,15,2023-12-17,CHI,CLE,0,72,-21.248,46,-13.54441,26,-7.7036,20.0,69,-19.76536,-5.26386
2023_15_CHI_CLE,2023,15,2023-12-17,CLE,CHI,1,69,-25.87177,51,-16.38599,18,-9.48578,23.0,69,-25.87177,5.26386
2023_15_DAL_BUF,2023,15,2023-12-17,BUF,DAL,1,64,15.00265,21,4.49566,43,10.50699,35.0,37,11.70866,-1.69129
2023_15_DAL_BUF,2023,15,2023-12-17,DAL,BUF,0,57,-5.36833,41,-6.51447,16,1.14614,25.0,21,-2.47887,1.69129
2023_15_DEN_DET,2023,15,2023-12-16,DEN,DET,0,63,-4.5647,36,1.92494,27,-6.48964,26.0,23,-14.17609,-0.73984
2023_15_DEN_DET,2023,15,2023-12-16,DET,DEN,1,66,20.61729,37,16.19637,29,4.42092,33.0,32,6.13638,0.73984
2023_15_HOU_TEN,2023,15,2023-12-17,HOU,TEN,0,77,-7.95842,44,-1.3061,33,-6.65232,35.0,76,-10.98534,3.92084
2023_15_HOU_TEN,2023,15,2023-12-17,TEN,HOU,1,63,-11.45935,36,-3.99149,27,-7.46786,17.0,59,-7.7939,-3.92084
2023_15_KC_NE,2023,15,2023-12-17,KC,NE,0,62,-1.3662,45,3.02919,17,-4.39538,23.0,39,8.3572,2.69591
2023_15_KC_NE,2023,15,2023-12-17,NE,KC,1,53,-18.97973,37,-15.71796,16,-3.26176,18.0,37,-10.41758,-2.69591
2023_15_LAC_LV,2023,15,2023-12-14,LAC,LV,0,65,-25.71743,37,-9.63267,28,-16.08476,26.0,8,-11.93174,-6.41809
2023_15_LAC_LV,2023,15,2023-12-14,LV,LAC,1,64,16.67598,38,13.09457,26,3.58141,32.0,17,8.11482,6.41809
2023_15_MIN_CIN,2023,15,2023-12-16,CIN,MIN,1,68,8.6158,48,6.68898,20,1.92682,34.0,65,7.64113,0.76431
2023_15_MIN_CIN,2023,15,2023-12-16,MIN,CIN,0,68,9.97617,40,11.40773,28,-1.43156,34.0,65,10.82991,-0.76431
2023_15_NYG_NO,2023,15,2023-12-17,NO,NYG,1,59,6.14392,32,13.19169,27,-7.04778,26.0,41,3.11426,-1.59507
2023_15_NYG_NO,2023,15,2023-12-17,NYG,NO,0,61,-18.85032,46,-15.52101,15,-3.3293,15.0,41,-15.13241,1.59507
2023_15_NYJ_MIA,2023,15,2023-12-17,MIA,NYJ,1,59,2.4904,30,6.32466,29,-3.83426,20.0,22,1.15131,0.79338
2023_15_NYJ_MIA,2023,15,2023-12-17,NYJ,MIA,0,59,-31.26275,46,-21.92294,13,-9.33981,13.0,20,-18.04633,-0.79338
2023_15_PHI_SEA,2023,15,2023-12-18,PHI,SEA,0,69,7.88849,37,5.93001,32,1.95849,35.0,69,7.88849,-2.31588
2023_15_PHI_SEA,2023,15,2023-12-18,SEA,PHI,1,60,7.24055,37,7.16238,23,0.07817,26.0,60,7.24055,2.31588
2023_15_PIT_IND,2023,15,2023-12-16,IND,PIT,1,66,7.00854,34,1.99411,32,5.01442,29.0,45,7.22312,-8.16845
2023_15_PIT_IND,2023,15,2023-12-16,PIT,IND,0,58,-20.98373,34,-11.78969,24,-9.19404,19.0,44,-14.23191,8.16845
2023_15_SF_ARI,2023,15,2023-12-17,ARI,SF,1,73,1.84783,46,-4.39151,27,6.23933,30.0,43,-6.22925,0.1136
2023_15_SF_ARI,2023,15,2023-12-17,SF,ARI,0,53,23.01789,28,19.04722,25,3.97067,29.0,32,17.46077,-0.1136
2023_15_TB_GB,2023,15,2023-12-17,GB,TB,1,59,2.64159,43,4.76408,16,-2.12249,27.0,50,5.73854,-2.56502
2023_15_TB_GB,2023,15,2023-12-17,TB,GB,0,60,22.74856,35,25.07451,25,-2.32595,31.0,54,21.38045,2.56502
2023_15_WAS_LA,2023,15,2023-12-17,LA,WAS,1,74,-0.67094,38,4.54007,36,-5.21101,32.0,33,6.55557,0.76825
2023_15_WAS_LA,2023,15,2023-12-17,WAS,LA,0,61,-8.04752,44,-0.62017,17,-7.42735,23.0,27,-14.21473,-0.76825
2023_16_ARI_CHI,2023,16,2023-12-24,ARI,CHI,0,60,-5.95307,42,-4.059,18,-1.89406,20.0,32,-7.48265,3.59886
2023_16_ARI_CHI,2023,16,2023-12-24,CHI,ARI,1,70,8.20273,36,0.24294,34,7.9598,30.0,36,11.3342,-3.59886
2023_16_BAL_SF,2023,16,2023-12-25,BAL,SF,0,67,6.36854,44,9.59395,23,-3.22542,31.0,46,5.70309,2.37486
2023_16_BAL_SF,2023,16,2023-12-25,SF,BAL,1,70,-11.52567,53,-13.96801,17,2.44234,31.0,32,-11.57724,-2.37486
2023_16_BUF_LAC,2023,16,2023-12-23,BUF,LAC,0,55,-0.03395,26,6.16987,29,-6.20381,21.0,55,-0.03395,-9.11755
2023_16_BUF_LAC,2023,16,2023-12-23,LAC,BUF,1,70,-7.86696,43,-2.49318,27,-5.37378,24.0,70,-7.86696,9.11755
2023_16_CIN_PIT,2023,16,2023-12-23,CIN,PIT,0,63,-13.41747,47,-8.04468,16,-5.3728,26.0,22,-10.85016,1.20253
2023_16_CIN_PIT,2023,16,2023-12-23,PIT,CIN,1,59,12.28442,30,9.94145,29,2.34298,27.0,12,12.9287,-1.20253
2023_16_CLE_HOU,2023,16,2023-12-24,CLE,HOU,0,78,7.84874,48,14.04901,30,-6.20027,33.0,28,9.78161,-4.94347
2023_16_CLE_HOU,2023,16,2023-12-24,HOU,CLE,1,74,-15.73356,59,-10.90197,15,-4.83158,26.0,37,-14.97227,4.94347
2023_16_DAL_MIA,2023,16,2023-12-24,DAL,MIA,0,65,9.53256,43,15.26636,22,-5.7338,31.0,65,9.53256,-8.49975
2023_16_DAL_MIA,2023,16,2023-12-24,MIA,DAL,1,63,2.61508,39,7.685,24,-5.06992,33.0,63,2.61508,8.49975
2023_16_DET_MIN,2023,16,2023-12-24,DET,MIN,0,77,14.1785,43,14.88783,34,-0.70933,39.0,73,17.51075,-0.66376
2023_16_DET_MIN,2023,16,2023-12-24,MIN,DET,1,53,3.42757,43,6.86372,10,-3.43614,22.0,52,-0.08616,0.66376
2023_16_GB_CAR,2023,16,2023-12-24,CAR,GB,1,63,11.97999,40,14.58621,23,-2.60622,30.0,49,7.73931,-2.21827
2023_16_GB_CAR,2023,16,2023-12-24,GB,CAR,0,66,18.88074,33,14.82143,33,4.05931,34.0,55,23.01876,2.21827
2023_16_IND_ATL,2023,16,2023-12-24,ATL,IND,1,63,8.24479,34,8.29317,29,-0.04838,32.0,45,12.86465,0.43957
2023_16_IND_ATL,2023,16,2023-12-24,IND,ATL,0,70,-12.98821,49,-4.02022,21,-8.96799,25.0,46,-0.80363,-0.43957
2023_16_JAX_TB,2023,16,2023-12-24,JAX,TB,0,64,-7.82019,55,-1.59783,9,-6.22236,30.0,21,-6.25942,-7.92225
2023_16_JAX_TB,2023,16,2023-12-24,TB,JAX,1,71,7.08187,40,17.23545,31,-10.15357,29.0,33,6.52075,7.92225
2023_16_LV_KC,2023,16,2023-12-25,KC,LV,1,76,-16.35769,60,-0.95408,16,-15.40362,32.0,56,-22.96965,-2.04052
2023_16_LV_KC,2023,16,2023-12-25,LV,KC,0,49,-6.95127,24,-10.83215,25,3.88088,17.0,38,-6.94604,2.04052
2023_16_NE_DEN,2023,16,2023-12-24,DEN,NE,1,66,-10.84304,44,-7.54465,22,-3.2984,29.0,53,-13.39098,-4.68614
2023_16_NE_DEN,2023,16,2023-12-24,NE,DEN,0,57,-6.15343,36,1.3922,21,-7.54563,19.0,53,-3.45062,4.68614
2023_16_NO_LA,2023,16,2023-12-21,LA,NO,1,69,13.53623,36,16.93447,33,-3.39824,33.0,41,15.48998,-4.59013
2023_16_NO_LA,2023,16,2023-12-21,NO,LA,0,58,-4.98787,43,0.39137,15,-5.37924,21.0,35,-11.54026,4.59013
2023_16_NYG_PHI,2023,16,2023-12-25,NYG,PHI,0,59,-4.20103,35,-2.84652,24,-1.35451,20.0,49,-9.96758,1.43503
2023_16_NYG_PHI,2023,16,2023-12-25,PHI,NYG,1,76,7.21353,43,4.22852,33,2.98501,40.0,51,16.40996,-1.43503
2023_16_SEA_TEN,2023,16,2023-12-24,SEA,TEN,0,62,11.45679,43,14.31821,19,-2.86143,28.0,62,11.45679,1.07848
2023_16_SEA_TEN,2023,16,2023-12-24,TEN,SEA,1,65,8.84738,36,5.58002,29,3.26736,34.0,65,8.84738,-1.07848
2023_16_WAS_NYJ,2023,16,2023-12-24,NYJ,WAS,1,90,-18.30015,55,-12.82908,35,-5.47107,39.0,29,0.62959,12.10531
2023_16_WAS_NYJ,2023,16,2023-12-24,WAS,NYJ,0,61,-5.65454,40,-10.75755,21,5.10301,24.0,30,-6.0276,-12.10531
2023_17_ARI_PHI,2023,17,2023-12-31,ARI,PHI,0,75,20.40478,36,12.51543,39,7.88934,44.0,69,18.3166,-2.40387
2023_17_ARI_PHI,2023,17,2023-12-31,PHI,ARI,1,49,11.33415,25,13.06193,24,-1.72779,25.0,49,11.33415,2.40387
2023_17_ATL_CHI,2023,17,2023-12-31,ATL,CHI,0,59,-4.29121,39,-3.31916,20,-0.97205,23.0,21,4.3466,-9.06561
2023_17_ATL_CHI,2023,17,2023-12-31,CHI,ATL,1,74,7.52546,40,8.39056,34,-0.86511,28.0,30,14.20242,9.06561
2023_17_CAR_JAX,2023,17,2023-12-31,CAR,JAX,0,54,-24.82415,39,-22.68461,15,-2.13954,18.0,29,-12.59548,-1.36866
2023_17_CAR_JAX,2023,17,2023-12-31,JAX,CAR,1,59,7.20468,29,7.5544,30,-0.34972,22.0,38,3.96229,1.36866
2023_17_CIN_KC,2023,17,2023-12-31,CIN,KC,0,74,-0.41542,47,9.42646,27,-9.84188,26.0,66,1.00754,-7.9073
2023_17_CIN_KC,2023,17,2023-12-31,KC,CIN,1,52,2.78998,34,1.28575,18,1.50424,20.0,51,3.41614,7.9073
2023_17_DET_DAL,2023,17,2023-12-30,DAL,DET,1,64,-1.92137,43,5.95607,21,-7.87744,30.0,60,-0.4819,1.15838
2023_17_DET_DAL,2023,17,2023-12-30,DET,DAL,0,64,-1.97827,33,3.51509,31,-5.49336,29.0,62,-3.54323,-1.15838
2023_17_GB_MIN,2023,17,2023-12-31,GB,MIN,0,72,19.97209,34,16.15699,38,3.8151,39.0,38,5.05572,-7.16744
2023_17_GB_MIN,2023,17,2023-12-31,MIN,GB,1,52,-17.68899,39,-18.07634,13,0.38734,19.0,23,-14.33842,7.16744
2023_17_LAC_DEN,2023,17,2023-12-31,DEN,LAC,1,67,0.01448,38,6.99199,29,-6.97751,28.0,56,4.38276,-1.17729
2023_17_LAC_DEN,2023,17,2023-12-31,LAC,DEN,0,65,-9.39802,40,1.25003,25,-10.64805,25.0,56,-14.04196,1.17729
2023_17_LA_NYG,2023,17,2023-12-31,LA,NYG,0,61,1.46631,39,-2.68761,22,4.15392,30.0,57,3.1275,-5.65192
2023_17_LA_NYG,2023,17,2023-12-31,NYG,LA,1,72,-7.06155,53,-2.1774,19,-4.88415,27.0,72,-7.06155,5.65192
2023_17_LV_IND,2023,17,2023-12-31,IND,LV,1,55,7.86506,27,12.36433,28,-4.49927,22.0,45,9.56893,2.63987
2023_17_LV_IND,2023,17,2023-12-31,LV,IND,0,75,7.77466,50,10.62819,25,-2.85353,33.0,61,0.5744,-2.63987
2023_17_MIA_BAL,2023,17,2023-12-31,BAL,MIA,1,55,29.75219,27,31.6932,28,-1.94101,30.0,28,20.6564,2.64454
2023_17_MIA_BAL,2023,17,2023-12-31,MIA,BAL,0,68,-8.86491,45,-2.56576,23,-6.29916,27.0,32,4.93563,-2.64454
2023_17_NE_BUF,2023,17,2023-12-31,BUF,NE,1,67,-3.29753,35,-3.40447,32,0.10693,32.0,54,-3.74257,-2.00643
2023_17_NE_BUF,2023,17,2023-12-31,NE,BUF,0,52,-14.705,31,-12.90962,21,-1.79538,20.0,42,-21.90219,2.00643
2023_17_NO_TB,2023,17,2023-12-31,NO,TB,0,67,4.92015,35,9.73838,32,-4.81823,24.0,36,10.20801,4.94852
2023_17_NO_TB,2023,17,2023-12-31,TB,NO,1,53,-4.34437,38,6.74191,15,-11.08628,20.0,25,-10.59022,-4.94852
2023_17_NYJ_CLE,2023,17,2023-12-28,CLE,NYJ,1,60,-3.19054,32,1.86566,28,-5.0562,27.0,24,9.01621,6.77275
2023_17_NYJ_CLE,2023,17,2023-12-28,NYJ,CLE,0,71,-11.90315,52,-16.0879,19,4.18475,28.0,16,-5.12585,-6.77275
2023_17_PIT_SEA,2023,17,2023-12-31,PIT,SEA,0,71,19.11914,27,10.15406,44,8.96508,36.0,62,18.84975,1.29069
2023_17_PIT_SEA,2023,17,2023-12-31,SEA,PIT,1,49,6.00809,37,7.97906,12,-1.97097,23.0,40,2.92056,-1.29069
2023_17_SF_WAS,2023,17,2023-12-31,SF,WAS,0,68,16.59107,31,12.39214,37,4.19893,44.0,51,17.43199,-0.96679
2023_17_SF_WAS,2023,17,2023-12-31,WAS,SF,1,46,-7.86648,32,-9.62253,14,1.75604,23.0,37,1.55499,0.96679
2023_17_TEN_HOU,2023,17,2023-12-31,HOU,TEN,1,61,0.15435,34,3.12698,27,-2.97264,29.0,25,4.10725,1.27503
2023_17_TEN_HOU,2023,17,2023-12-31,TEN,HOU,0,54,-23.45646,33,-12.78485,21,-10.67161,15.0,13,-12.4151,-1.27503
2023_18_ATL_NO,2023,18,2024-01-07,ATL,NO,0,61,-19.24931,36,-2.88593,25,-16.36337,25.0,41,2.3173,-2.0203
2023_18_ATL_NO,2023,18,2024-01-07,NO,ATL,1,67,14.85535,32,15.51519,35,-0.65983,31.0,47,14.21765,2.0203
2023_18_BUF_MIA,2023,18,2024-01-07,BUF,MIA,0,76,4.66632,46,7.90524,30,-3.23893,37.0,67,6.6348,5.8929
2023_18_BUF_MIA,2023,18,2024-01-07,MIA,BUF,1,52,1.101,31,-0.36928,21,1.47028,23.0,50,0.57517,-5.8929
2023_18_CHI_GB,2023,18,2024-01-07,CHI,GB,0,47,-5.48362,24,0.37522,23,-5.85884,19.0,47,-5.48362,6.75045
2023_18_CHI_GB,2023,18,2024-01-07,GB,CHI,1,58,13.68227,34,10.84826,24,2.83401,32.0,48,11.43574,-6.75045
2023_18_CLE_CIN,2023,18,2024-01-07,CIN,CLE,1,63,0.49513,35,0.07294,28,0.42219,30.0,18,6.21189,-1.32544
2023_18_CLE_CIN,2023,18,2024-01-07,CLE,CIN,0,52,-13.22339,32,-9.8809,20,-3.34249,19.0,12,-11.93518,1.32544
2023_18_DAL_WAS,2023,18,2024-01-07,DAL,WAS,0,72,23.45159,42,22.52728,30,0.92431,44.0,45,17.47408,-6.46719
2023_18_DAL_WAS,2023,18,2024-01-07,WAS,DAL,1,48,-14.37475,33,-6.86354,15,-7.51121,17.0,33,-6.24284,6.46719
2023_18_DEN_LV,2023,18,2024-01-07,DEN,LV,0,60,-4.71482,42,-2.05721,18,-2.65761,24.0,46,-8.97318,-0.89676
2023_18_DEN_LV,2023,18,2024-01-07,LV,DEN,1,63,8.27419,35,11.00714,28,-2.73295,28.0,47,4.35297,0.89676
2023_18_HOU_IND,2023,18,2024-01-06,HOU,IND,0,57,5.7865,31,14.07059,26,-8.28408,27.0,53,8.17678,3.57484
2023_18_HOU_IND,2023,18,2024-01-06,IND,HOU,1,65,-0.52924,28,-3.2539,37,2.72466,28.0,65,-0.52924,-3.57484
2023_18_JAX_TEN,2023,18,2024-01-07,JAX,TEN,0,71,-2.90506,48,4.28352,23,-7.18858,35.0,47,-2.48775,1.42757
2023_18_JAX_TEN,2023,18,2024-01-07,TEN,JAX,1,53,7.30215,30,1.20688,23,6.09527,25.0,34,16.13015,-1.42757
2023_18_KC_LAC,2023,18,2024-01-07,KC,LAC,0,58,-8.33379,35,-5.84337,23,-2.49042,20.0,58,-8.33379,-3.84642
2023_18_KC_LAC,2023,18,2024-01-07,LAC,KC,1,83,-15.74569,59,-6.36104,24,-9.38464,38.0,83,-15.74569,3.84642
2023_18_LA_SF,2023,18,2024-01-07,LA,SF,0,65,8.08448,34,9.91109,31,-1.82662,34.0,63,3.74006,3.61679
2023_18_LA_SF,2023,18,2024-01-07,SF,LA,1,60,8.43526,32,6.09703,28,2.33823,32.0,59,8.58318,-3.61679
2023_18_MIN_DET,2023,18,2024-01-07,DET,MIN,1,57,9.2885,34,12.27397,23,-2.98547,25.0,41,18.38419,1.05941
2023_18_MIN_DET,2023,18,2024-01-07,MIN,DET,0,73,0.55081,51,3.69733,22,-3.14652,29.0,49,-2.37728,-1.05941
2023_18_NYJ_NE,2023,18,2024-01-07,NE,NYJ,1,58,-32.44967,39,-29.39876,19,-3.05091,11.0,52,-29.96007,1.16968
2023_18_NYJ_NE,2023,18,2024-01-07,NYJ,NE,0,64,-14.76255,22,-9.94604,42,-4.81651,21.0,58,-17.08409,-1.16968
2023_18_PHI_NYG,2023,18,2024-01-07,NYG,PHI,1,67,4.81705,42,5.63876,25,-0.82171,33.0,29,5.91516,-4.4648
2023_18_PHI_NYG,2023,18,2024-01-07,PHI,NYG,0,65,-18.33887,43,-21.49345,22,3.15458,27.0,23,-10.49628,4.4648
2023_18_PIT_BAL,2023,18,2024-01-06,BAL,PIT,1,56,-16.06043,38,-5.15631,18,-10.90412,21.0,45,-17.59432,-0.09402
2023_18_PIT_BAL,2023,18,2024-01-06,PIT,BAL,0,61,-4.13972,23,-2.40621,38,-1.73351,30.0,53,-3.38046,0.09402
2023_18_SEA_ARI,2023,18,2024-01-07,ARI,SEA,1,70,14.97521,32,16.8855,38,-1.91029,30.0,61,16.1572,-6.89202
2023_18_SEA_ARI,2023,18,2024-01-07,SEA,ARI,0,54,5.53664,31,5.65401,23,-0.11737,26.0,53,4.6285,6.89202
2023_18_TB_CAR,2023,18,2024-01-07,CAR,TB,1,52,-15.52267,24,-10.93511,28,-4.58756,14.0,52,-15.52267,-6.44697
2023_18_TB_CAR,2023,18,2024-01-07,TB,CAR,0,62,-6.4294,38,-7.22757,24,0.79817,25.0,53,-8.12863,6.44697
2023_19_CLE_HOU,2023,19,2024-01-13,CLE,HOU,0,71,-22.33947,53,-17.64437,18,-4.6951,27.0,39,-5.16269,-1.14418
2023_19_CLE_HOU,2023,19,2024-01-13,HOU,CLE,1,43,12.49273,24,15.61011,19,-3.11738,17.0,34,10.92951,1.14418
2023_19_GB_DAL,2023,19,2024-01-14,DAL,GB,1,92,5.19247,73,3.35282,19,1.83965,53.0,18,-6.81722,-4.20488
2023_19_GB_DAL,2023,19,2024-01-14,GB,DAL,0,55,24.95328,22,24.86965,33,0.08363,29.0,33,13.5011,4.20488
2023_19_LA_DET,2023,19,2024-01-14,DET,LA,1,53,9.00063,30,11.21838,23,-2.21775,26.0,53,9.00063,2.95129
2023_19_LA_DET,2023,19,2024-01-14,LA,DET,0,58,15.66609,41,18.35115,17,-2.68507,27.0,58,15.66609,-2.95129
2023_19_MIA_KC,2023,19,2024-01-13,KC,MIA,1,79,7.22471,47,17.61581,32,-10.3911,30.0,49,7.5384,0.42813
2023_19_MIA_KC,2023,19,2024-01-13,MIA,KC,0,61,-14.07487,45,-12.57758,16,-1.49729,19.0,33,-9.68185,-0.42813
2023_19_PHI_TB,2023,19,2024-01-15,PHI,TB,0,58,-8.50275,44,-3.61799,14,-4.88477,17.0,40,-3.76841,-4.26449
2023_19_PHI_TB,2023,19,2024-01-15,TB,PHI,1,70,11.01413,42,13.33314,28,-2.31901,33.0,53,6.97195,4.26449
2023_19_PIT_BUF,2023,19,2024-01-15,BUF,PIT,1,66,12.77531,35,10.05664,31,2.71867,32.0,24,13.95129,-7.04421
2023_19_PIT_BUF,2023,19,2024-01-15,PIT,BUF,0,65,-7.12927,44,-4.99336,21,-2.13591,27.0,32,-12.26897,7.04421
2023_20_GB_SF,2023,20,2024-01-20,GB,SF,0,65,3.7244,39,5.44592,26,-1.72153,29.0,65,3.7244,1.27526
2023_20_GB_SF,2023,20,2024-01-20,SF,GB,1,62,10.45906,41,6.52167,21,3.93739,29.0,62,10.45906,-1.27526
2023_20_HOU_BAL,2023,20,2024-01-20,BAL,HOU,1,68,13.80242,30,10.66298,38,3.13944,31.0,48,6.94976,-0.58874
2023_20_HOU_BAL,2023,20,2024-01-20,HOU,BAL,0,48,-10.24259,37,-5.28711,11,-4.95548,15.0,37,-2.74932,0.58874
2023_20_KC_BUF,2023,20,2024-01-21,BUF,KC,1,78,11.16897,46,9.04196,32,2.127,45.0,78,11.16897,-5.13278
2023_20_KC_BUF,2023,20,2024-01-21,KC,BUF,0,46,11.64861,28,9.28092,18,2.36769,25.0,45,12.95513,5.13278
2023_20_TB_DET,2023,20,2024-01-21,DET,TB,1,69,11.93927,48,7.49393,21,4.44533,38.0,59,9.17487,3.36777
2023_20_TB_DET,2023,20,2024-01-21,TB,DET,0,63,4.28836,49,3.62449,14,0.66387,30.0,52,2.22037,-3.36777
2023_21_DET_SF,2023,21,2024-01-28,DET,SF,0,72,9.26706,43,6.99841,29,2.26864,36.0,46,8.55167,0.3762
2023_21_DET_SF,2023,21,2024-01-28,SF,DET,1,64,14.04199,36,11.97278,28,2.0692,30.0,61,16.05908,-0.3762
2023_21_KC_BAL,2023,21,2024-01-28,BAL,KC,1,57,-11.11775,47,-12.77205,10,1.6543,23.0,48,-15.75393,2.23022
2023_21_KC_BAL,2023,21,2024-01-28,KC,BAL,0,77,2.43894,50,9.86687,27,-7.42793,34.0,66,2.86019,-2.23022
2023_22_SF_KC,2023,22,2024-02-11,KC,SF,1,79,-1.46548,55,7.43649,24,-8.90197,35.0,79,-1.46548,3.93488
2023_22_SF_KC,2023,22,2024-02-11,SF,KC,0,74,0.29513,44,11.17204,30,-10.87691,33.0,70,3.82253,-3.93488
2024_01_ARI_BUF,2024,1,2024-09-08,ARI,BUF,0,59,2.7471,38,6.04129,21,-3.29419,22.0,59,2.7471,1.80489
2024_01_ARI_BUF,2024,1,2024-09-08,BUF,ARI,1,60,12.68932,32,16.96236,28,-4.27304,35.0,60,12.68932,-1.80489
2024_01_BAL_KC,2024,1,2024-09-05,BAL,KC,0,80,3.13593,58,-2.57322,22,5.70915,42.0,70,-2.50946,-0.46394
2024_01_BAL_KC,2024,1,2024-09-05,KC,BAL,1,53,9.65612,33,13.79402,20,-4.1379,23.0,46,11.67653,0.46394
2024_01_CAR_NO,2024,1,2024-09-08,CAR,NO,0,59,-27.16437,42,-14.10019,17,-13.06418,18.0,12,-7.40364,-4.81137
2024_01_CAR_NO,2024,1,2024-09-08,NO,CAR,1,66,13.69397,28,9.55453,38,4.13944,30.0,20,7.90852,4.81137
2024_01_DAL_CLE,2024,1,2024-09-08,CLE,DAL,1,76,-22.9456,60,-21.87455,16,-1.07106,19.0,26,-15.39507,-4.05718
2024_01_DAL_CLE,2024,1,2024-09-08,DAL,CLE,0,62,-6.24368,36,-5.99204,26,-0.25163,23.0,38,4.67787,4.05718
2024_01_DEN_SEA,2024,1,2024-09-08,DEN,SEA,0,69,-21.46434,49,-17.56855,20,-3.89579,19.0,51,-22.3503,8.99311
2024_01_DEN_SEA,2024,1,2024-09-08,SEA,DEN,1,63,-3.30274,34,-0.98854,29,-2.3142,29.0,49,1.88547,-8.99311
2024_01_GB_PHI,2024,1,2024-09-06,GB,PHI,0,66,9.72601,42,3.79607,24,5.92995,27.0,65,9.22136,-3.7924
2024_01_GB_PHI,2024,1,2024-09-06,PHI,GB,1,75,4.45547,40,14.48931,35,-10.03384,35.0,70,5.7799,3.7924
2024_01_HOU_IND,2024,1,2024-09-08,HOU,IND,0,76,14.44921,40,9.82814,36,4.62107,38.0,76,14.44921,-1.25339
2024_01_HOU_IND,2024,1,2024-09-08,IND,HOU,1,44,3.46156,25,3.9216,19,-0.46004,20.0,40,-4.56676,1.25339
2024_01_JAX_MIA,2024,1,2024-09-08,JAX,MIA,0,53,-4.86461,27,6.25665,26,-11.12126,22.0,52,1.04914,4.90138
2024_01_JAX_MIA,2024,1,2024-09-08,MIA,JAX,1,71,1.41259,45,7.42825,26,-6.01566,29.0,71,1.41259,-4.90138
2024_01_LA_DET,2024,1,2024-09-08,DET,LA,1,61,6.45236,31,-3.19894,30,9.6513,31.0,57,4.18644,2.35293
2024_01_LA_DET,2024,1,2024-09-08,LA,DET,0,78,5.89542,53,8.49987,25,-2.60444,38.0,75,0.69683,-2.35293
2024_01_LV_LAC,2024,1,2024-09-08,LAC,LV,1,53,-4.02395,29,-4.70826,24,0.68431,20.0,50,-6.09927,2.26037
2024_01_LV_LAC,2024,1,2024-09-08,LV,LAC,0,60,-19.11807,41,-3.88465,19,-15.23343,20.0,53,-17.2724,-2.26037
2024_01_MIN_NYG,2024,1,2024-09-08,MIN,NYG,0,54,8.83563,28,8.94266,26,-0.10704,25.0,34,12.43136,-7.74113
2024_01_MIN_NYG,2024,1,2024-09-08,NYG,MIN,1,70,-24.75566,51,-21.71322,19,-3.04243,22.0,31,-7.32157,7.74113
2024_01_NE_CIN,2024,1,2024-09-08,CIN,NE,1,51,-6.14562,38,-8.68333,13,2.53771,22.0,50,-7.54768,-4.87175
2024_01_NE_CIN,2024,1,2024-09-08,NE,CIN,0,61,-0.42086,29,1.34374,32,-1.7646,27.0,54,1.79115,4.87175
2024_01_NYJ_SF,2024,1,2024-09-09,NYJ,SF,0,48,-0.57417,31,2.28853,17,-2.8627,22.0,22,-6.09364,-4.88759
2024_01_NYJ_SF,2024,1,2024-09-09,SF,NYJ,1,71,8.79411,35,6.92596,36,1.86815,33.0,46,8.08546,4.88759
2024_01_PIT_ATL,2024,1,2024-09-08,ATL,PIT,1,55,-17.58528,32,-10.14981,23,-7.43547,24.0,53,-17.38118,-5.72074
2024_01_PIT_ATL,2024,1,2024-09-08,PIT,ATL,0,68,-8.20705,32,-1.10087,36,-7.10618,26.0,62,-6.49616,5.72074
2024_01_TEN_CHI,2024,1,2024-09-08,CHI,TEN,1,53,-14.76949,34,-10.91832,19,-3.85117,20.0,49,-13.54648,3.06132
2024_01_TEN_CHI,2024,1,2024-09-08,TEN,CHI,0,64,-16.69058,39,-15.17981,25,-1.51078,24.0,56,-13.69067,-3.06132
2024_01_WAS_TB,2024,1,2024-09-08,TB,WAS,1,61,19.41359,36,24.80679,25,-5.39321,33.0,44,15.04692,11.43248
2024_01_WAS_TB,2024,1,2024-09-08,WAS,TB,0,57,10.13092,35,9.32017,22,0.81075,29.0,32,2.45765,-11.43248
2024_02_ATL_PHI,2024,2,2024-09-16,ATL,PHI,0,58,10.34092,33,9.88335,25,0.45757,29.0,58,10.34092,-0.97263
2024_02_ATL_PHI,2024,2,2024-09-16,PHI,ATL,1,70,4.96593,38,5.35919,32,-0.39325,31.0,66,6.35081,0.97263
2024_02_BUF_MIA,2024,2,2024-09-12,BUF,MIA,0,42,9.69008,20,10.82368,22,-1.1336,18.0,25,14.91864,-4.85319
2024_02_BUF_MIA,2024,2,2024-09-12,MIA,BUF,1,76,-21.16061,44,-15.14841,32,-6.0122,33.0,44,-14.72643,4.85319
2024_02_CHI_HOU,2024,2,2024-09-15,CHI,HOU,0,70,-14.02561,52,-11.55692,18,-2.46869,25.0,55,-11.55682,-2.55795
2024_02_CHI_HOU,2024,2,2024-09-15,HOU,CHI,1,61,-9.6195,40,0.97015,21,-10.58965,21.0,49,-2.40132,2.55795
2024_02_CIN_KC,2024,2,2024-09-15,CIN,KC,0,64,1.70466,44,2.60459,20,-0.89993,33.0,64,1.70466,-0.43954
2024_02_CIN_KC,2024,2,2024-09-15,KC,CIN,1,64,-3.2722,36,-6.0859,28,2.8137,30.0,64,-3.2722,0.43954
2024_02_CLE_JAX,2024,2,2024-09-15,CLE,JAX,0,72,-1.41959,42,1.28502,30,-2.70461,28.0,64,3.6987,7.95532
2024_02_CLE_JAX,2024,2,2024-09-15,JAX,CLE,1,59,-1.47622,40,-1.69202,19,0.21581,25.0,58,-5.44433,-7.95532
2024_02_IND_GB,2024,2,2024-09-15,GB,IND,1,70,-2.35436,19,8.3958,51,-10.75016,24.0,50,-0.80474,3.82831
2024_02_IND_GB,2024,2,2024-09-15,IND,GB,0,55,-5.37178,38,-4.54889,17,-0.82289,23.0,35,-8.87012,-3.82831
2024_02_LAC_CAR,2024,2,2024-09-15,CAR,LAC,1,48,-24.19172,31,-23.49652,17,-0.6952,11.0,19,-13.03745,0.20709
2024_02_LAC_CAR,2024,2,2024-09-15,LAC,CAR,0,66,6.77906,24,3.26435,42,3.51471,35.0,35,8.20743,-0.20709
2024_02_LA_ARI,2024,2,2024-09-15,ARI,LA,1,66,21.65016,27,22.73632,39,-1.08616,36.0,14,12.25083,0.71582
2024_02_LA_ARI,2024,2,2024-09-15,LA,ARI,0,52,-13.67819,32,-11.15959,20,-2.5186,23.0,10,-10.25229,-0.71582
2024_02_LV_BAL,2024,2,2024-09-15,BAL,LV,1,63,-1.10472,39,0.79367,24,-1.89839,28.0,62,-1.05336,-6.40604
2024_02_LV_BAL,2024,2,2024-09-15,LV,BAL,0,62,-3.5266,46,3.80601,16,-7.33261,27.0,62,-3.5266,6.40604
2024_02_NO_DAL,2024,2,2024-09-15,DAL,NO,1,69,-11.19338,49,-10.26232,20,-0.93106,27.0,40,-0.02426,5.18272
2024_02_NO_DAL,2024,2,2024-09-15,NO,DAL,0,56,23.79139,19,14.88703,37,8.90436,32.0,23,23.52882,-5.18272
2024_02_NYG_WAS,2024,2,2024-09-15,NYG,WAS,0,54,8.12811,31,9.36275,23,-1.23464,25.0,54,8.12811,-2.48293
2024_02_NYG_WAS,2024,2,2024-09-15,WAS,NYG,1,70,13.06801,41,10.23434,29,2.83367,32.0,70,13.06801,2.48293
2024_02_NYJ_TEN,2024,2,2024-09-15,NYJ,TEN,0,56,4.69673,34,4.06266,22,0.63407,24.0,56,4.69673,1.67449
2024_02_NYJ_TEN,2024,2,2024-09-15,TEN,NYJ,1,66,-4.25535,38,-3.08253,28,-1.17282,26.0,66,-4.25535,-1.67449
2024_02_PIT_DEN,2024,2,2024-09-15,DEN,PIT,1,61,-14.61023,44,-10.28102,17,-4.32921,22.0,38,-17.12027,0.52604
2024_02_PIT_DEN,2024,2,2024-09-15,PIT,DEN,0,66,-5.07538,33,4.84279,33,-9.91816,21.0,51,0.81454,-0.52604
2024_02_SEA_NE,2024,2,2024-09-15,NE,SEA,1,68,3.39422,33,1.86599,35,1.52823,30.0,68,3.39422,-3.20876
2024_02_SEA_NE,2024,2,2024-09-15,SEA,NE,0,68,4.20362,51,12.13049,17,-7.92688,33.0,68,4.20362,3.20876
2024_02_SF_MIN,2024,2,2024-09-15,MIN,SF,1,51,-2.15289,31,-3.67959,20,1.5267,25.0,38,6.99601,6.42869
2024_02_SF_MIN,2024,2,2024-09-15,SF,MIN,0,70,-5.32119,44,-1.02693,26,-4.29426,35.0,49,-15.87068,-6.42869
2024_02_TB_DET,2024,2,2024-09-15,DET,TB,1,84,-6.47837,58,-9.52782,26,3.04945,36.0,84,-6.47837,-0.27129
2024_02_TB_DET,2024,2,2024-09-15,TB,DET,0,47,-1.49701,28,1.99629,19,-3.4933,18.0,44,-0.61793,0.27129
2024_03_BAL_DAL,2024,3,2024-09-22,BAL,DAL,0,61,19.1468,18,9.27399,43,9.87281,29.0,36,16.33434,-10.66205
2024_03_BAL_DAL,2024,3,2024-09-22,DAL,BAL,1,78,6.34396,62,8.39429,16,-2.05033,31.0,37,-5.29992,10.66205
2024_03_CAR_LV,2024,3,2024-09-22,CAR,LV,0,71,15.15305,42,13.57939,29,1.57367,36.0,37,11.47745,4.83709
2024_03_CAR_LV,2024,3,2024-09-22,LV,CAR,1,63,-5.31159,48,2.37129,15,-7.68288,30.0,34,-4.51262,-4.83709
2024_03_CHI_IND,2024,3,2024-09-22,CHI,IND,0,88,-12.48604,59,-2.82401,29,-9.66203,33.0,75,-17.87947,-3.97569
2024_03_CHI_IND,2024,3,2024-09-22,IND,CHI,1,53,-12.14385,23,-10.62104,30,-1.52281,18.0,48,-11.81945,3.97569
2024_03_DEN_TB,2024,3,2024-09-22,DEN,TB,0,67,6.13385,43,6.61597,24,-0.48212,36.0,40,9.16499,1.7301
2024_03_DEN_TB,2024,3,2024-09-22,TB,DEN,1,57,-19.53887,41,-21.55936,16,2.02049,26.0,35,-12.61493,-1.7301
2024_03_DET_ARI,2024,3,2024-09-22,ARI,DET,1,59,-9.84183,42,-0.12922,17,-9.71261,26.0,52,-13.16593,-0.27027
2024_03_DET_ARI,2024,3,2024-09-22,DET,ARI,0,66,2.95545,26,6.60853,40,-3.65308,37.0,52,5.79701,0.27027
2024_03_GB_TEN,2024,3,2024-09-22,GB,TEN,0,63,3.36261,26,6.97664,37,-3.61403,23.0,36,9.58421,-1.78579
2024_03_GB_TEN,2024,3,2024-09-22,TEN,GB,1,54,-18.72369,45,-17.04574,9,-1.67795,24.0,30,-16.44835,1.78579
2024_03_HOU_MIN,2024,3,2024-09-22,HOU,MIN,0,66,-14.78443,55,-11.03211,11,-3.75232,20.0,29,-7.65365,-9.39978
2024_03_HOU_MIN,2024,3,2024-09-22,MIN,HOU,1,62,5.98534,35,4.81774,27,1.1676,29.0,16,3.138,9.39978
2024_03_JAX_BUF,2024,3,2024-09-23,BUF,JAX,1,63,26.6195,39,24.95252,24,1.66698,32.0,31,15.80896,-1.29143
2024_03_JAX_BUF,2024,3,2024-09-23,JAX,BUF,0,71,-14.84898,53,-25.65619,18,10.80721,27.0,22,-8.08573,1.29143
2024_03_KC_ATL,2024,3,2024-09-22,ATL,KC,1,60,-2.09874,36,6.17107,24,-8.26981,26.0,60,-2.09874,1.42885
2024_03_KC_ATL,2024,3,2024-09-22,KC,ATL,0,71,7.54972,42,4.99817,29,2.55155,42.0,71,7.54972,-1.42885
2024_03_LAC_PIT,2024,3,2024-09-22,LAC,PIT,0,46,-8.70742,26,-3.34429,20,-5.36313,15.0,43,-5.44273,-1.00365
2024_03_LAC_PIT,2024,3,2024-09-22,PIT,LAC,1,66,7.37849,37,8.13414,29,-0.75565,30.0,58,2.8904,1.00365
2024_03_MIA_SEA,2024,3,2024-09-22,MIA,SEA,0,61,-25.06639,42,-15.96789,19,-9.0985,20.0,37,-14.36313,-1.48535
2024_03_MIA_SEA,2024,3,2024-09-22,SEA,MIA,1,62,-3.30303,38,-1.33987,24,-1.96317,26.0,28,1.42411,1.48535
2024_03_NE_NYJ,2024,3,2024-09-19,NE,NYJ,0,52,-16.02527,39,-12.16367,13,-3.86159,19.0,23,-5.81089,7.03392
2024_03_NE_NYJ,2024,3,2024-09-19,NYJ,NE,1,73,15.78501,43,17.45289,30,-1.66788,40.0,46,14.16973,-7.03392
2024_03_NYG_CLE,2024,3,2024-09-22,CLE,NYG,1,65,-23.49631,50,-16.03928,15,-7.45703,24.0,56,-25.74265,10.96082
2024_03_NYG_CLE,2024,3,2024-09-22,NYG,CLE,0,68,2.79829,41,8.06183,27,-5.26355,30.0,48,9.57334,-10.96082
2024_03_PHI_NO,2024,3,2024-09-22,NO,PHI,1,54,-10.1887,27,1.40083,27,-11.58954,16.0,54,-10.1887,7.04418
2024_03_PHI_NO,2024,3,2024-09-22,PHI,NO,0,67,-0.21623,46,-3.06679,21,2.85056,28.0,67,-0.21623,-7.04418
2024_03_SF_LA,2024,3,2024-09-22,LA,SF,1,59,11.50281,33,7.82347,26,3.67934,27.0,59,11.50281,4.69782
2024_03_SF_LA,2024,3,2024-09-22,SF,LA,0,71,15.45619,43,18.09864,28,-2.64245,34.0,65,16.74051,-4.69782
2024_03_WAS_CIN,2024,3,2024-09-23,CIN,WAS,1,61,26.15112,42,20.24125,19,5.90987,35.0,48,15.78251,-8.83649
2024_03_WAS_CIN,2024,3,2024-09-23,WAS,CIN,0,56,28.33845,30,23.23823,26,5.10022,33.0,51,25.79102,8.83649
2024_04_BUF_BAL,2024,4,2024-09-29,BAL,BUF,1,57,14.58543,22,9.00645,35,5.57898,28.0,20,14.71102,3.9863
2024_04_BUF_BAL,2024,4,2024-09-29,BUF,BAL,0,59,-10.4155,38,-11.85902,21,1.44352,20.0,29,-4.09476,-3.9863
2024_04_CIN_CAR,2024,4,2024-09-29,CAR,CIN,1,70,1.57735,44,1.1747,26,0.40265,34.0,56,-1.1715,-1.28232
2024_04_CIN_CAR,2024,4,2024-09-29,CIN,CAR,0,67,10.67286,36,10.73707,31,-0.06421,30.0,44,24.67737,1.28232
2024_04_CLE_LV,2024,4,2024-09-29,CLE,LV,0,59,-8.19493,44,-8.6384,15,0.44347,21.0,59,-8.19493,-2.15895
2024_04_CLE_LV,2024,4,2024-09-29,LV,CLE,1,57,-7.73095,29,-2.05696,28,-5.67399,23.0,56,0.91308,2.15895
2024_04_DAL_NYG,2024,4,2024-09-26,DAL,NYG,0,55,5.01257,32,6.48109,23,-1.46853,27.0,50,5.8294,-1.61289
2024_04_DAL_NYG,2024,4,2024-09-26,NYG,DAL,1,67,-3.80978,44,3.50605,23,-7.31582,24.0,67,-3.80978,1.61289
2024_04_DEN_NYJ,2024,4,2024-09-29,DEN,NYJ,0,59,-15.03616,29,-15.78614,30,0.74999,20.0,59,-15.03616,-1.97605
2024_04_DEN_NYJ,2024,4,2024-09-29,NYJ,DEN,1,74,-17.36269,54,-11.54415,20,-5.81853,23.0,74,-17.36269,1.97605
2024_04_JAX_HOU,2024,4,2024-09-29,HOU,JAX,1,75,7.83636,51,15.73592,24,-7.89956,33.0,75,7.83636,-8.00043
2024_04_JAX_HOU,2024,4,2024-09-29,JAX,HOU,0,57,-0.76681,35,-1.24002,22,0.47321,25.0,55,-0.78548,8.00043
2024_04_KC_LAC,2024,4,2024-09-29,KC,LAC,0,59,-7.21358,37,-2.80428,22,-4.4093,27.0,58,-7.95247,1.52568
2024_04_KC_LAC,2024,4,2024-09-29,LAC,KC,1,56,-14.0821,30,-2.84438,26,-11.23772,15.0,56,-14.0821,-1.52568
2024_04_LA_CHI,2024,4,2024-09-29,CHI,LA,1,58,6.05514,32,3.80918,26,2.24597,29.0,52,7.65581,2.57756
2024_04_LA_CHI,2024,4,2024-09-29,LA,CHI,0,59,3.31323,34,-1.1822,25,4.49543,31.0,58,6.73491,-2.57756
2024_04_MIN_GB,2024,4,2024-09-29,GB,MIN,1,75,-8.31142,57,-6.49364,18,-1.81777,30.0,20,-6.56682,1.38959
2024_04_MIN_GB,2024,4,2024-09-29,MIN,GB,0,65,3.53616,36,12.56317,29,-9.02702,34.0,27,21.87135,-1.38959
2024_04_NE_SF,2024,4,2024-09-29,NE,SF,0,64,-27.65517,40,-15.36557,24,-12.28961,22.0,29,-17.43481,13.72098
2024_04_NE_SF,2024,4,2024-09-29,SF,NE,1,61,6.47212,31,8.94247,30,-2.47035,24.0,19,5.00173,-13.72098
2024_04_NO_ATL,2024,4,2024-09-29,ATL,NO,1,56,-1.63522,40,-3.01432,16,1.3791,22.0,56,-1.63522,7.54864
2024_04_NO_ATL,2024,4,2024-09-29,NO,ATL,0,74,3.54744,41,-1.54804,33,5.09548,36.0,74,3.54744,-7.54864
2024_04_PHI_TB,2024,4,2024-09-29,PHI,TB,0,56,-4.34517,38,-9.93618,18,5.59101,24.0,15,-7.82134,-1.45383
2024_04_PHI_TB,2024,4,2024-09-29,TB,PHI,1,76,18.29847,52,15.68548,24,2.61299,39.0,26,11.05566,1.45383
2024_04_PIT_IND,2024,4,2024-09-29,IND,PIT,1,65,9.47854,35,13.50685,30,-4.0283,28.0,35,17.72983,-5.87804
2024_04_PIT_IND,2024,4,2024-09-29,PIT,IND,0,69,-0.93625,43,4.60179,26,-5.53805,33.0,46,-15.97695,5.87804
2024_04_SEA_DET,2024,4,2024-09-30,DET,SEA,1,50,20.46278,24,18.11525,26,2.34753,27.0,38,19.57749,4.41316
2024_04_SEA_DET,2024,4,2024-09-30,SEA,DET,0,88,12.08708,71,7.00574,17,5.08133,47.0,53,0.83327,-4.41316
2024_04_TEN_MIA,2024,4,2024-09-30,MIA,TEN,1,59,-23.99002,30,-10.08991,29,-13.9001,16.0,38,-21.53433,-4.5148
2024_04_TEN_MIA,2024,4,2024-09-30,TEN,MIA,0,64,-4.28014,24,-4.13085,40,-0.14929,23.0,50,-4.05889,4.5148
2024_04_WAS_ARI,2024,4,2024-09-29,ARI,WAS,1,59,-6.06084,28,-7.3482,31,1.28736,27.0,31,-4.66923,-0.63261
2024_04_WAS_ARI,2024,4,2024-09-29,WAS,ARI,0,70,28.61507,38,16.08008,32,12.53499,40.0,38,15.74898,0.63261
2024_05_ARI_SF,2024,5,2024-10-06,ARI,SF,0,55,5.86711,33,-0.19163,22,6.05874,24.0,53,7.11563,-6.09827
2024_05_ARI_SF,2024,5,2024-10-06,SF,ARI,1,64,-4.53359,41,1.74724,23,-6.28083,27.0,56,1.64596,6.09827
2024_05_BAL_CIN,2024,5,2024-10-06,BAL,CIN,0,77,21.20402,48,20.01948,29,1.18455,42.0,73,16.70769,1.48856
2024_05_BAL_CIN,2024,5,2024-10-06,CIN,BAL,1,65,16.5181,43,23.13319,22,-6.61509,29.0,65,16.5181,-1.48856
2024_05_BUF_HOU,2024,5,2024-10-06,BUF,HOU,0,61,-1.63971,35,1.45859,26,-3.09829,19.0,56,-6.19803,-2.36556
2024_05_BUF_HOU,2024,5,2024-10-06,HOU,BUF,1,68,-4.74591,42,7.0144,26,-11.76032,26.0,53,0.83658,2.36556
2024_05_CAR_CHI,2024,5,2024-10-06,CAR,CHI,0,59,-13.38459,42,-18.52212,17,5.13753,21.0,25,-9.30227,-0.10906
2024_05_CAR_CHI,2024,5,2024-10-06,CHI,CAR,1,70,13.50161,38,17.17139,32,-3.66978,31.0,36,8.99033,0.10906
2024_05_CLE_WAS,2024,5,2024-10-06,CLE,WAS,0,62,-17.39467,41,-15.58831,21,-1.80635,20.0,26,-14.01101,4.03113
2024_05_CLE_WAS,2024,5,2024-10-06,WAS,CLE,1,66,4.80691,37,4.70673,29,0.10018,23.0,36,3.46067,-4.03113
2024_05_DAL_PIT,2024,5,2024-10-06,DAL,PIT,0,76,10.22716,46,12.67621,30,-2.44906,37.0,76,10.22716,-1.76361
2024_05_DAL_PIT,2024,5,2024-10-06,PIT,DAL,1,58,3.64671,32,-0.91927,26,4.56597,29.0,56,3.67196,1.76361
2024_05_GB_LA,2024,5,2024-10-06,GB,LA,0,57,2.04253,30,2.65902,27,-0.61649,25.0,43,2.07235,-0.82485
2024_05_GB_LA,2024,5,2024-10-06,LA,GB,1,77,-4.77953,49,-7.20233,28,2.42281,42.0,69,-10.46309,0.82485
2024_05_IND_JAX,2024,5,2024-10-06,IND,JAX,0,69,17.72353,51,15.75817,18,1.96536,31.0,65,9.47298,-4.12739
2024_05_IND_JAX,2024,5,2024-10-06,JAX,IND,1,58,14.29096,35,11.88775,23,2.40322,24.0,55,16.47643,4.12739
2024_05_LV_DEN,2024,5,2024-10-06,DEN,LV,1,57,1.05222,33,-0.04609,24,1.09831,26.0,42,-4.88598,3.43419
2024_05_LV_DEN,2024,5,2024-10-06,LV,DEN,0,69,-15.46921,46,-12.49714,23,-2.97207,25.0,48,-12.73298,-3.43419
2024_05_MIA_NE,2024,5,2024-10-06,MIA,NE,0,78,-1.52807,38,1.89447,40,-3.42253,30.0,75,-1.00092,-0.45032
2024_05_MIA_NE,2024,5,2024-10-06,NE,MIA,1,59,-8.37375,40,-10.76238,19,2.38863,24.0,59,-8.37375,0.45032
2024_05_NO_KC,2024,5,2024-10-07,KC,NO,1,81,11.30927,47,8.42938,34,2.87989,46.0,65,18.04168,0.96482
2024_05_NO_KC,2024,5,2024-10-07,NO,KC,0,53,-5.13599,39,-3.3119,14,-1.82409,19.0,43,-0.39072,-0.96482
2024_05_NYG_SEA,2024,5,2024-10-06,NYG,SEA,0,69,1.85749,39,9.57318,30,-7.71569,34.0,61,5.35106,5.24482
2024_05_NYG_SEA,2024,5,2024-10-06,SEA,NYG,1,58,-5.53454,51,-5.4919,7,-0.04264,28.0,43,-9.30117,-5.24482
2024_05_NYJ_MIN,2024,5,2024-10-06,MIN,NYJ,1,71,-10.95618,43,-0.8554,28,-10.10077,28.0,59,-9.1262,0.10585
2024_05_NYJ_MIN,2024,5,2024-10-06,NYJ,MIN,0,72,-22.4078,58,-14.73662,14,-7.67118,26.0,62,-23.27829,-0.10585
2024_05_TB_ATL,2024,5,2024-10-03,ATL,TB,1,85,16.92051,65,21.97688,20,-5.05637,39.0,85,16.92051,-7.8354
2024_05_TB_ATL,2024,5,2024-10-03,TB,ATL,0,52,6.96139,31,10.11982,21,-3.15843,25.0,48,10.63694,7.8354
2024_06_ARI_GB,2024,6,2024-10-13,ARI,GB,0,58,-7.93714,39,-2.3645,19,-5.57264,26.0,26,-6.38537,0.74241
2024_06_ARI_GB,2024,6,2024-10-13,GB,ARI,1,71,19.05734,37,19.63969,34,-0.58235,37.0,28,12.34326,-0.74241
2024_06_ATL_CAR,2024,6,2024-10-13,ATL,CAR,0,65,19.16015,31,8.99128,34,10.16888,34.0,52,14.25306,0.7778
2024_06_ATL_CAR,2024,6,2024-10-13,CAR,ATL,1,66,-5.71325,44,-4.20992,22,-1.50334,27.0,58,5.06076,-0.7778
2024_06_BUF_NYJ,2024,6,2024-10-14,BUF,NYJ,0,65,17.78687,37,12.38913,28,5.39774,36.0,65,17.78687,-1.17052
2024_06_BUF_NYJ,2024,6,2024-10-14,NYJ,BUF,1,63,10.73131,41,12.28856,22,-1.55726,25.0,63,10.73131,1.17052
2024_06_CIN_NYG,2024,6,2024-10-13,CIN,NYG,0,51,-0.50396,34,7.97284,17,-8.4768,22.0,50,-4.42502,6.40787
2024_06_CIN_NYG,2024,6,2024-10-13,NYG,CIN,1,76,-5.67746,48,-8.77911,28,3.10165,36.0,70,-8.23629,-6.40787
2024_06_CLE_PHI,2024,6,2024-10-13,CLE,PHI,0,57,-4.21231,33,0.1854,24,-4.39771,20.0,57,-4.21231,5.96529
2024_06_CLE_PHI,2024,6,2024-10-13,PHI,CLE,1,58,9.93399,26,7.14372,32,2.79027,29.0,56,8.07952,-5.96529
2024_06_DET_DAL,2024,6,2024-10-13,DAL,DET,1,69,-30.69631,53,-28.41678,16,-2.27953,23.0,28,-9.25032,3.54967
2024_06_DET_DAL,2024,6,2024-10-13,DET,DAL,0,66,22.42639,34,14.16874,32,8.25765,30.0,27,14.04391,-3.54967
2024_06_HOU_NE,2024,6,2024-10-13,HOU,NE,0,65,10.63639,39,6.35068,26,4.28572,27.0,38,5.88701,-2.33158
2024_06_HOU_NE,2024,6,2024-10-13,NE,HOU,1,66,-18.43422,45,-10.20953,21,-8.22469,26.0,33,-15.56595,2.33158
2024_06_IND_TEN,2024,6,2024-10-13,IND,TEN,0,70,1.01813,43,8.1034,27,-7.08526,26.0,69,1.22291,1.24428
2024_06_IND_TEN,2024,6,2024-10-13,TEN,IND,1,58,-1.08318,32,-4.41935,26,3.33617,22.0,57,-1.15135,-1.24428
2024_06_JAX_CHI,2024,6,2024-10-13,CHI,JAX,1,63,20.16717,39,20.60804,24,-0.44087,33.0,35,9.08817,-3.32083
2024_06_JAX_CHI,2024,6,2024-10-13,JAX,CHI,0,60,-0.51249,43,1.22593,17,-1.73842,24.0,25,-5.3214,3.32083
2024_06_LAC_DEN,2024,6,2024-10-13,DEN,LAC,1,55,-3.00261,43,3.08969,12,-6.0923,23.0,17,-12.17187,-0.03733
2024_06_LAC_DEN,2024,6,2024-10-13,LAC,DEN,0,75,7.34525,41,8.59387,34,-1.24862,33.0,38,11.66088,0.03733
2024_06_PIT_LV,2024,6,2024-10-13,LV,PIT,1,62,-15.56856,43,-4.50295,19,-11.06561,27.0,41,-14.26251,-11.13263
2024_06_PIT_LV,2024,6,2024-10-13,PIT,LV,0,64,5.23718,34,6.16316,30,-0.92598,26.0,48,3.9431,11.13263
2024_06_SF_SEA,2024,6,2024-10-10,SEA,SF,1,77,0.54105,57,4.00244,20,-3.46139,31.0,51,-8.88738,2.3992
2024_06_SF_SEA,2024,6,2024-10-10,SF,SEA,0,62,19.84607,32,12.91558,30,6.9305,32.0,36,8.26077,-2.3992
2024_06_TB_NO,2024,6,2024-10-13,NO,TB,1,70,-26.05782,51,-20.75972,19,-5.2981,27.0,56,-21.19437,7.24814
2024_06_TB_NO,2024,6,2024-10-13,TB,NO,0,75,15.76327,43,4.80089,32,10.96239,41.0,59,5.40192,-7.24814
2024_06_WAS_BAL,2024,6,2024-10-13,BAL,WAS,1,66,15.33391,33,15.32146,33,0.01245,35.0,57,16.51142,-1.79671
2024_06_WAS_BAL,2024,6,2024-10-13,WAS,BAL,0,59,7.25839,44,13.25572,15,-5.99733,26.0,45,-4.03344,1.79671
2024_07_BAL_TB,2024,7,2024-10-21,BAL,TB,0,59,20.67523,29,27.87264,30,-7.19742,28.0,38,15.36303,0.31849
2024_07_BAL_TB,2024,7,2024-10-21,TB,BAL,1,79,9.32461,54,7.6343,25,1.69031,39.0,41,1.20905,-0.31849
2024_07_CAR_WAS,2024,7,2024-10-20,CAR,WAS,0,42,-19.90779,21,-18.31981,21,-1.58798,18.0,16,-15.37148,-3.27474
2024_07_CAR_WAS,2024,7,2024-10-20,WAS,CAR,1,67,16.20538,32,15.287,35,0.91838,37.0,17,3.61145,3.27474
2024_07_CIN_CLE,2024,7,2024-10-20,CIN,CLE,0,51,-9.01532,29,-1.05644,22,-7.95889,16.0,37,-4.58735,8.54056
2024_07_CIN_CLE,2024,7,2024-10-20,CLE,CIN,1,82,-13.68571,60,-12.18044,22,-1.50527,29.0,56,-10.18616,-8.54056
2024_07_DEN_NO,2024,7,2024-10-17,DEN,NO,0,63,4.98696,36,-1.63106,27,6.61802,34.0,41,8.38532,6.99231
2024_07_DEN_NO,2024,7,2024-10-17,NO,DEN,1,69,-22.91665,52,-22.86742,17,-0.04923,27.0,29,-9.44577,-6.99231
2024_07_DET_MIN,2024,7,2024-10-20,DET,MIN,0,56,4.24101,29,14.9179,27,-10.67689,23.0,54,6.56139,0.12009
2024_07_DET_MIN,2024,7,2024-10-20,MIN,DET,1,58,-0.32176,41,0.2665,17,-0.58826,20.0,58,-0.32176,-0.12009
2024_07_HOU_GB,2024,7,2024-10-20,GB,HOU,1,58,-1.52555,38,2.23285,20,-3.7584,23.0,58,-1.52555,-7.53966
2024_07_HOU_GB,2024,7,2024-10-20,HOU,GB,0,61,-8.08304,31,-9.05933,30,0.97629,24.0,61,-8.08304,7.53966
2024_07_KC_SF,2024,7,2024-10-20,KC,SF,0,68,2.78595,33,1.82808,35,0.95787,35.0,56,-3.54355,3.37504
2024_07_KC_SF,2024,7,2024-10-20,SF,KC,1,62,-8.25983,41,-5.92643,21,-2.3334,28.0,53,-13.74601,-3.37504
2024_07_LAC_ARI,2024,7,2024-10-21,ARI,LAC,1,55,5.62769,31,8.19212,24,-2.56443,28.0,55,5.62769,-3.64673
2024_07_LAC_ARI,2024,7,2024-10-21,LAC,ARI,0,65,3.03367,45,5.83529,20,-2.80162,28.0,65,3.03367,3.64673
2024_07_LV_LA,2024,7,2024-10-20,LA,LV,1,53,-13.51009,26,-5.72008,27,-7.79001,23.0,38,-4.67818,-7.96006
2024_07_LV_LA,2024,7,2024-10-20,LV,LA,0,79,-25.62773,48,-22.24685,31,-3.38087,26.0,72,-28.74095,7.96006
2024_07_MIA_IND,2024,7,2024-10-20,IND,MIA,1,61,-11.67585,30,-4.67997,31,-6.99588,22.0,59,-10.71378,1.70221
2024_07_MIA_IND,2024,7,2024-10-20,MIA,IND,0,68,-15.93898,32,-0.94892,36,-14.99006,30.0,68,-15.93898,-1.70221
2024_07_NE_JAX,2024,7,2024-10-20,JAX,NE,1,60,14.49411,22,13.38593,38,1.10818,32.0,23,15.18449,3.95351
2024_07_NE_JAX,2024,7,2024-10-20,NE,JAX,0,59,5.0717,45,9.1354,14,-4.0637,21.0,35,2.98706,-3.95351
2024_07_NYJ_PIT,2024,7,2024-10-20,NYJ,PIT,0,56,-3.23099,40,-0.96828,16,-2.26272,24.0,46,-2.15742,-8.40912
2024_07_NYJ_PIT,2024,7,2024-10-20,PIT,NYJ,1,68,11.47087,33,9.45759,35,2.01328,26.0,50,3.507,8.40912
2024_07_PHI_NYG,2024,7,2024-10-20,NYG,PHI,1,57,-23.88831,42,-22.19219,15,-1.69611,17.0,37,-15.31256,3.50997
2024_07_PHI_NYG,2024,7,2024-10-20,PHI,NYG,0,65,9.37939,23,1.57366,42,7.80573,27.0,36,5.44952,-3.50997
2024_07_SEA_ATL,2024,7,2024-10-20,ATL,SEA,1,72,-6.83325,41,-7.97272,31,1.13947,38.0,53,0.81408,-7.18629
2024_07_SEA_ATL,2024,7,2024-10-20,SEA,ATL,0,60,10.66445,36,13.38811,24,-2.72366,25.0,51,14.26211,7.18629
2024_07_TEN_BUF,2024,7,2024-10-20,BUF,TEN,1,55,12.39286,35,12.69436,20,-0.3015,25.0,40,5.05019,-1.11946
2024_07_TEN_BUF,2024,7,2024-10-20,TEN,BUF,0,72,-13.00427,46,0.4891,26,-13.49336,28.0,54,-7.92286,1.11946
2024_08_ARI_MIA,2024,8,2024-10-27,ARI,MIA,0,64,16.47922,39,17.16276,25,-0.68353,33.0,64,16.47922,0.45216
2024_08_ARI_MIA,2024,8,2024-10-27,MIA,ARI,1,65,11.43463,41,9.51703,24,1.9176,32.0,65,11.43463,-0.45216
2024_08_ATL_TB,2024,8,2024-10-27,ATL,TB,0,62,15.06843,33,17.0004,29,-1.93198,33.0,56,19.66925,-5.60435
2024_08_ATL_TB,2024,8,2024-10-27,TB,ATL,1,72,3.5944,52,7.72117,20,-4.12678,36.0,60,-2.34447,5.60435
2024_08_BAL_CLE,2024,8,2024-10-27,BAL,CLE,0,66,9.47097,46,12.47311,20,-3.00214,33.0,66,9.47097,-6.52466
2024_08_BAL_CLE,2024,8,2024-10-27,CLE,BAL,1,68,9.0088,44,13.09957,24,-4.09077,33.0,68,9.0088,6.52466
2024_08_BUF_SEA,2024,8,2024-10-27,BUF,SEA,0,73,20.00865,41,14.62247,32,5.38618,39.0,45,12.63399,-0.58579
2024_08_BUF_SEA,2024,8,2024-10-27,SEA,BUF,1,50,-10.2866,36,0.71972,14,-11.00632,23.0,30,-12.68242,0.58579
2024_08_CAR_DEN,2024,8,2024-10-27,CAR,DEN,0,62,-11.12593,44,-8.02506,18,-3.10087,24.0,26,-3.79947,0.09302
2024_08_CAR_DEN,2024,8,2024-10-27,DEN,CAR,1,72,3.887,42,3.73576,30,0.15124,32.0,37,9.92076,-0.09302
2024_08_CHI_WAS,2024,8,2024-10-27,CHI,WAS,0,62,-6.44194,34,-6.76101,28,0.31907,26.0,62,-6.44194,3.76725
2024_08_CHI_WAS,2024,8,2024-10-27,WAS,CHI,1,74,3.76506,48,10.38907,26,-6.624,32.0,70,8.37199,-3.76725
2024_08_DAL_SF,2024,8,2024-10-27,DAL,SF,0,61,1.41909,43,3.38773,18,-1.96865,26.0,42,-5.4919,-3.22013
2024_08_DAL_SF,2024,8,2024-10-27,SF,DAL,1,67,11.68112,34,9.80633,33,1.87479,33.0,50,8.77559,3.22013
2024_08_GB_JAX,2024,8,2024-10-27,GB,JAX,0,67,10.61801,32,10.86145,35,-0.24344,31.0,61,13.63571,-2.22299
2024_08_GB_JAX,2024,8,2024-10-27,JAX,GB,1,57,2.23451,35,2.98108,22,-0.74658,27.0,57,2.23451,2.22299
2024_08_IND_HOU,2024,8,2024-10-27,HOU,IND,1,71,-3.59421,41,5.80286,30,-9.39707,30.0,67,0.25121,-2.46051
2024_08_IND_HOU,2024,8,2024-10-27,IND,HOU,0,62,-6.42946,39,-7.81005,23,1.38059,18.0,61,-6.76456,2.46051
2024_08_KC_LV,2024,8,2024-10-27,KC,LV,0,68,8.56227,43,12.04743,25,-3.48517,35.0,60,5.03273,-4.43183
2024_08_KC_LV,2024,8,2024-10-27,LV,KC,1,55,-4.00758,36,6.18869,19,-10.19627,27.0,43,-10.22616,4.43183
2024_08_MIN_LA,2024,8,2024-10-24,LA,MIN,1,68,16.54071,39,20.68175,29,-4.14104,34.0,62,17.45521,-0.29935
2024_08_MIN_LA,2024,8,2024-10-24,MIN,LA,0,49,5.29142,29,8.59872,20,-3.3073,22.0,46,8.59778,0.29935
2024_08_NO_LAC,2024,8,2024-10-27,LAC,NO,1,66,0.93969,41,5.78497,25,-4.84528,21.0,51,0.68897,6.13996
2024_08_NO_LAC,2024,8,2024-10-27,NO,LAC,0,73,-15.72336,52,-11.81998,21,-3.90337,23.0,56,-12.2315,-6.13996
2024_08_NYG_PIT,2024,8,2024-10-28,NYG,PIT,0,71,0.57781,46,-3.23987,25,3.81768,28.0,51,-4.41331,-1.85074
2024_08_NYG_PIT,2024,8,2024-10-28,PIT,NYG,1,63,2.59,33,1.91386,30,0.67614,28.0,50,7.29436,1.85074
2024_08_NYJ_NE,2024,8,2024-10-27,NE,NYJ,1,66,1.10303,38,3.74322,28,-2.64018,27.0,66,1.10303,7.16888
2024_08_NYJ_NE,2024,8,2024-10-27,NYJ,NE,0,61,11.87674,33,10.28016,28,1.59658,31.0,61,11.87674,-7.16888
2024_08_PHI_CIN,2024,8,2024-10-27,CIN,PHI,1,57,-0.05314,40,4.77565,17,-4.82879,23.0,53,4.86579,-4.99757
2024_08_PHI_CIN,2024,8,2024-10-27,PHI,CIN,0,61,20.41219,23,15.41283,38,4.99936,30.0,47,15.22086,4.99757
2024_08_TEN_DET,2024,8,2024-10-27,DET,TEN,1,48,2.989,24,-2.57276,24,5.56176,22.0,18,5.13062,17.76098
2024_08_TEN_DET,2024,8,2024-10-27,TEN,DET,0,76,-21.3365,47,-13.84986,29,-7.48664,32.0,31,-3.06351,-17.76098
2024_09_CHI_ARI,2024,9,2024-11-03,ARI,CHI,1,58,-5.02679,23,-7.30061,35,2.27382,24.0,33,6.55333,2.74402
2024_09_CHI_ARI,2024,9,2024-11-03,CHI,ARI,0,73,-17.73999,54,-15.04031,19,-2.69968,21.0,43,-4.31978,-2.74402
2024_09_DAL_ATL,2024,9,2024-11-03,ATL,DAL,1,54,5.34571,26,8.40133,28,-3.05562,26.0,42,5.27629,-3.13372
2024_09_DAL_ATL,2024,9,2024-11-03,DAL,ATL,0,75,-3.36649,56,-5.92854,19,2.56205,31.0,46,-4.68303,3.13372
2024_09_DEN_BAL,2024,9,2024-11-03,BAL,DEN,1,56,21.18708,24,20.18392,32,1.00316,30.0,25,13.00638,2.2377
2024_09_DEN_BAL,2024,9,2024-11-03,DEN,BAL,0,71,-10.50894,46,-2.50859,25,-8.00035,23.0,44,-1.8634,-2.2377
2024_09_DET_GB,2024,9,2024-11-03,DET,GB,0,54,6.97498,24,7.54973,30,-0.57475,24.0,27,5.81864,6.05164
2024_09_DET_GB,2024,9,2024-11-03,GB,DET,1,64,-0.38659,41,-2.47813,23,2.09154,29.0,32,-3.94479,-6.05164
2024_09_HOU_NYJ,2024,9,2024-10-31,HOU,NYJ,0,78,-3.25572,48,-4.35233,30,1.09661,28.0,63,-5.56539,-6.96194
2024_09_HOU_NYJ,2024,9,2024-10-31,NYJ,HOU,1,57,4.37162,36,9.37076,21,-4.99914,23.0,57,4.37162,6.96194
2024_09_IND_MIN,2024,9,2024-11-03,IND,MIN,0,53,-17.30476,35,-10.42168,18,-6.88307,19.0,46,-17.05499,4.75313
2024_09_IND_MIN,2024,9,2024-11-03,MIN,IND,1,72,-3.7156,42,-2.75009,30,-0.96551,36.0,70,-6.02595,-4.75313
2024_09_JAX_PHI,2024,9,2024-11-03,JAX,PHI,0,51,-9.67005,36,-7.72805,15,-1.942,17.0,29,-18.01318,-1.44311
2024_09_JAX_PHI,2024,9,2024-11-03,PHI,JAX,1,73,1.84911,35,8.25201,38,-6.4029,32.0,61,6.78898,1.44311
2024_09_LAC_CLE,2024,9,2024-11-03,CLE,LAC,1,79,-22.27701,59,-19.07675,20,-3.20026,30.0,43,-13.65491,3.11
2024_09_LAC_CLE,2024,9,2024-11-03,LAC,CLE,0,55,0.29945,35,-0.24167,20,0.54112,16.0,30,6.97237,-3.11
2024_09_LA_SEA,2024,9,2024-11-03,LA,SEA,0,77,0.66614,48,10.02299,29,-9.35685,32.0,72,3.63638,-7.13317
2024_09_LA_SEA,2024,9,2024-11-03,SEA,LA,1,79,-17.49551,48,-3.58186,31,-13.91366,31.0,73,-21.40204,7.13317
2024_09_LV_CIN,2024,9,2024-11-03,CIN,LV,1,71,6.5303,43,8.07987,28,-1.54957,38.0,40,16.7411,-3.91514
2024_09_LV_CIN,2024,9,2024-11-03,LV,CIN,0,61,-12.56429,41,-5.40417,20,-7.16012,22.0,32,-0.77508,3.91514
2024_09_MIA_BUF,2024,9,2024-11-03,BUF,MIA,1,64,10.853,46,11.883,18,-1.03,34.0,64,10.853,5.98812
2024_09_MIA_BUF,2024,9,2024-11-03,MIA,BUF,0,60,19.20315,31,21.13761,29,-1.93445,35.0,60,19.20315,-5.98812
2024_09_NE_TEN,2024,9,2024-11-03,NE,TEN,0,68,-6.04455,54,-0.91074,14,-5.1338,29.0,66,-8.18386,4.39727
2024_09_NE_TEN,2024,9,2024-11-03,TEN,NE,1,77,-0.19501,37,7.72447,40,-7.91948,33.0,74,1.53377,-4.39727
2024_09_NO_CAR,2024,9,2024-11-03,CAR,NO,1,50,3.41845,31,4.77724,19,-1.35879,21.0,50,3.41845,4.15188
2024_09_NO_CAR,2024,9,2024-11-03,NO,CAR,0,79,10.25886,37,3.98205,42,6.2768,36.0,79,10.25886,-4.15188
2024_09_TB_KC,2024,9,2024-11-04,KC,TB,1,85,12.08504,51,13.38885,34,-1.30381,41.0,79,11.94207,0.03643
2024_09_TB_KC,2024,9,2024-11-04,TB,KC,0,55,9.08397,37,8.34137,18,0.7426,23.0,51,7.66727,-0.03643
2024_09_WAS_NYG,2024,9,2024-11-03,NYG,WAS,1,63,10.3949,33,2.5379,30,7.857,31.0,45,-1.16367,-2.90613
2024_09_WAS_NYG,2024,9,2024-11-03,WAS,NYG,0,59,18.81017,27,14.56957,32,4.2406,32.0,40,15.87654,2.90613
2024_10_ATL_NO,2024,10,2024-11-10,ATL,NO,0,78,7.36958,44,1.51727,34,5.85231,42.0,78,7.36958,-10.03361
2024_10_ATL_NO,2024,10,2024-11-10,NO,ATL,1,52,-1.08492,27,6.04801,25,-7.13292,19.0,49,0.51838,10.03361
2024_10_BUF_IND,2024,10,2024-11-10,BUF,IND,0,73,0.26903,43,-5.24125,30,5.51028,33.0,55,-1.37839,0.92054
2024_10_BUF_IND,2024,10,2024-11-10,IND,BUF,1,64,-14.7269,42,-11.85105,22,-2.87585,26.0,52,-19.61018,-0.92054
2024_10_CIN_BAL,2024,10,2024-11-07,BAL,CIN,1,61,15.9168,39,18.82096,22,-2.90416,29.0,61,15.9168,1.24854
2024_10_CIN_BAL,2024,10,2024-11-07,CIN,BAL,0,81,15.71545,65,21.0047,16,-5.28926,39.0,72,19.56866,-1.24854
2024_10_DEN_KC,2024,10,2024-11-10,DEN,KC,0,57,1.71837,34,6.2102,23,-4.49183,23.0,57,1.71837,-2.54223
2024_10_DEN_KC,2024,10,2024-11-10,KC,DEN,1,68,1.29333,51,6.14913,17,-4.8558,25.0,68,1.29333,2.54223
2024_10_DET_HOU,2024,10,2024-11-10,DET,HOU,0,64,-6.60379,33,-1.47093,31,-5.13286,26.0,59,-9.72021,-1.7552
2024_10_DET_HOU,2024,10,2024-11-10,HOU,DET,1,68,-13.74529,39,-2.59386,29,-11.15142,22.0,59,-2.74897,1.7552
2024_10_MIA_LA,2024,10,2024-11-11,LA,MIA,1,69,-17.4881,49,-7.45517,20,-10.03294,30.0,55,-19.8736,-3.99359
2024_10_MIA_LA,2024,10,2024-11-11,MIA,LA,0,52,-6.27634,31,-1.53125,21,-4.74509,20.0,41,-3.93739,3.99359
2024_10_MIN_JAX,2024,10,2024-11-10,JAX,MIN,1,44,-13.88446,28,-7.25565,16,-6.62881,14.0,44,-13.88446,2.20637
2024_10_MIN_JAX,2024,10,2024-11-10,MIN,JAX,0,82,-0.05762,44,0.41265,38,-0.47027,39.0,79,2.28189,-2.20637
2024_10_NE_CHI,2024,10,2024-11-10,CHI,NE,1,60,-22.39859,42,-18.23633,18,-4.16225,20.0,45,-16.62291,0.15062
2024_10_NE_CHI,2024,10,2024-11-10,NE,CHI,0,62,-1.91347,31,-2.72197,31,0.8085,26.0,46,-3.00929,-0.15062
2024_10_NYG_CAR,2024,10,2024-11-10,CAR,NYG,1,60,-2.68528,29,-5.88362,31,3.19835,25.0,59,-2.17289,2.63171
2024_10_NYG_CAR,2024,10,2024-11-10,NYG,CAR,0,73,-6.62072,41,-6.56933,32,-0.05139,37.0,72,-8.31886,-2.63171
2024_10_NYJ_ARI,2024,10,2024-11-10,ARI,NYJ,1,58,22.78522,27,19.76435,31,3.02087,35.0,26,15.58356,-2.66904
2024_10_NYJ_ARI,2024,10,2024-11-10,NYJ,ARI,0,58,-6.13852,41,-8.38335,17,2.24483,27.0,26,0.43093,2.66904
2024_10_PHI_DAL,2024,10,2024-11-10,DAL,PHI,1,60,-38.77891,35,-26.07868,25,-12.70023,20.0,40,-19.54244,1.3812
2024_10_PHI_DAL,2024,10,2024-11-10,PHI,DAL,0,67,-1.95629,33,-1.20939,34,-0.7469,33.0,43,-1.82952,-1.3812
2024_10_PIT_WAS,2024,10,2024-11-10,PIT,WAS,0,76,0.95466,36,9.08663,40,-8.13197,29.0,76,0.95466,-2.7441
2024_10_PIT_WAS,2024,10,2024-11-10,WAS,PIT,1,64,-5.07242,41,-6.07005,23,0.99763,29.0,64,-5.07242,2.7441
2024_10_SF_TB,2024,10,2024-11-10,SF,TB,0,62,17.6784,44,21.5378,18,-3.8594,34.0,62,17.6784,-12.1501
2024_10_SF_TB,2024,10,2024-11-10,TB,SF,1,61,-0.93101,34,0.2319,27,-1.16291,26.0,61,-0.93101,12.1501
2024_10_TEN_LAC,2024,10,2024-11-10,LAC,TEN,1,56,12.76007,24,10.55941,32,2.20066,28.0,43,10.27124,3.62511
2024_10_TEN_LAC,2024,10,2024-11-10,TEN,LAC,0,54,5.55794,34,2.12408,20,3.43386,25.0,40,2.6993,-3.62511
2024_11_ATL_DEN,2024,11,2024-11-17,ATL,DEN,0,58,-14.63891,36,-3.57477,22,-11.06414,21.0,29,-0.94514,0.9894
2024_11_ATL_DEN,2024,11,2024-11-17,DEN,ATL,1,62,20.1822,36,21.37601,26,-1.19381,32.0,32,14.64324,-0.9894
2024_11_BAL_PIT,2024,11,2024-11-17,BAL,PIT,0,59,-7.02087,38,-6.28353,21,-0.73734,24.0,52,-9.85693,-13.99867
2024_11_BAL_PIT,2024,11,2024-11-17,PIT,BAL,1,75,-20.18415,42,-11.94746,33,-8.23669,24.0,71,-18.87842,13.99867
2024_11_CIN_LAC,2024,11,2024-11-17,CIN,LAC,0,82,9.41729,59,10.64308,23,-1.22579,32.0,58,4.64128,-8.67456
2024_11_CIN_LAC,2024,11,2024-11-17,LAC,CIN,1,66,2.7087,45,1.86946,21,0.83923,28.0,39,10.27931,8.67456
2024_11_CLE_NO,2024,11,2024-11-17,CLE,NO,0,70,2.99503,51,9.9233,19,-6.92827,27.0,57,7.33898,-10.3538
2024_11_CLE_NO,2024,11,2024-11-17,NO,CLE,1,58,13.83416,31,2.82396,27,11.0102,28.0,47,9.56546,10.3538
2024_11_GB_CHI,2024,11,2024-11-17,CHI,GB,1,71,12.5288,41,7.42288,30,5.10592,35.0,71,12.5288,-1.14681
2024_11_GB_CHI,2024,11,2024-11-17,GB,CHI,0,44,11.96152,22,11.30136,22,0.66016,23.0,44,11.96152,1.14681
2024_11_HOU_DAL,2024,11,2024-11-18,DAL,HOU,1,84,-25.3832,67,-18.38606,17,-6.99714,30.0,61,-17.40256,0.35137
2024_11_HOU_DAL,2024,11,2024-11-18,HOU,DAL,0,63,10.66656,40,7.31054,23,3.35602,27.0,53,8.74091,-0.35137
2024_11_IND_NYJ,2024,11,2024-11-17,IND,NYJ,0,68,1.87686,32,9.63771,36,-7.76085,27.0,68,1.87686,-0.96753
2024_11_IND_NYJ,2024,11,2024-11-17,NYJ,IND,1,52,-5.2526,33,-0.8021,19,-4.4505,18.0,52,-5.2526,0.96753
2024_11_JAX_DET,2024,11,2024-11-17,DET,JAX,1,77,42.71475,38,38.6723,39,4.04245,52.0,25,12.63919,-3.41031
2024_11_JAX_DET,2024,11,2024-11-17,JAX,DET,0,48,-17.0528,32,-12.45713,16,-4.59567,15.0,14,-5.72649,3.41031
2024_11_KC_BUF,2024,11,2024-11-17,BUF,KC,1,71,11.83601,47,14.76356,24,-2.92755,32.0,71,11.83601,1.42141
2024_11_KC_BUF,2024,11,2024-11-17,KC,BUF,0,55,4.80406,38,4.26887,17,0.53519,28.0,49,6.0128,-1.42141
2024_11_LA_NE,2024,11,2024-11-17,LA,NE,0,49,19.55011,28,16.17717,21,3.37294,26.0,43,21.67432,-4.85071
2024_11_LA_NE,2024,11,2024-11-17,NE,LA,1,76,7.19393,48,11.78963,28,-4.5957,39.0,69,2.77795,4.85071
2024_11_LV_MIA,2024,11,2024-11-17,LV,MIA,0,64,5.14565,50,5.10107,14,0.04458,28.0,40,5.16248,-0.0353
2024_11_LV_MIA,2024,11,2024-11-17,MIA,LV,1,67,21.7071,40,26.43073,27,-4.72363,35.0,64,22.87585,0.0353
2024_11_MIN_TEN,2024,11,2024-11-17,MIN,TEN,0,72,3.75306,41,15.03481,31,-11.28175,30.0,49,13.40394,-2.09971
2024_11_MIN_TEN,2024,11,2024-11-17,TEN,MIN,1,59,-10.89361,41,0.22012,18,-11.11374,15.0,45,-13.71062,2.09971
2024_11_SEA_SF,2024,11,2024-11-17,SEA,SF,0,60,0.42815,39,4.42059,21,-3.99244,29.0,60,0.42815,4.40112
2024_11_SEA_SF,2024,11,2024-11-17,SF,SEA,1,63,1.36365,38,4.37956,25,-3.01591,28.0,63,1.36365,-4.40112
2024_11_WAS_PHI,2024,11,2024-11-14,PHI,WAS,1,70,12.98889,35,3.1191,35,9.86979,32.0,68,8.81663,-8.03833
2024_11_WAS_PHI,2024,11,2024-11-14,WAS,PHI,0,65,-4.97637,41,3.39825,24,-8.37463,29.0,48,-6.89311,8.03833
2024_12_ARI_SEA,2024,12,2024-11-24,ARI,SEA,0,58,-12.83917,44,-7.12412,14,-5.71505,20.0,51,-14.59772,-1.2088
2024_12_ARI_SEA,2024,12,2024-11-24,SEA,ARI,1,62,-4.14494,39,2.2097,23,-6.35464,24.0,52,1.71219,1.2088
2024_12_BAL_LAC,2024,12,2024-11-25,BAL,LAC,0,62,17.64799,25,8.52421,37,9.12377,28.0,54,19.82441,-2.78831
2024_12_BAL_LAC,2024,12,2024-11-25,LAC,BAL,1,69,1.93254,51,4.77177,18,-2.83923,30.0,50,-0.45484,2.78831
2024_12_DAL_WAS,2024,12,2024-11-24,DAL,WAS,0,66,-2.04362,38,8.77911,28,-10.82273,30.0,63,0.26468,5.72281
2024_12_DAL_WAS,2024,12,2024-11-24,WAS,DAL,1,68,-4.13745,44,-8.80266,24,4.66521,26.0,53,-17.93483,-5.72281
2024_12_DEN_LV,2024,12,2024-11-24,DEN,LV,0,68,1.55969,45,9.93864,23,-8.37894,27.0,62,5.53008,0.82991
2024_12_DEN_LV,2024,12,2024-11-24,LV,DEN,1,77,-14.38382,63,-13.45357,14,-0.93026,31.0,63,-14.16822,-0.82991
2024_12_DET_IND,2024,12,2024-11-24,DET,IND,0,71,10.90387,40,8.49735,31,2.40651,37.0,51,12.98516,1.87302
2024_12_DET_IND,2024,12,2024-11-24,IND,DET,1,54,-13.03819,35,-9.98811,19,-3.05008,16.0,37,-2.73043,-1.87302
2024_12_KC_CAR,2024,12,2024-11-24,CAR,KC,1,59,13.16847,41,10.16741,18,3.00106,28.0,54,13.14197,0.8047
2024_12_KC_CAR,2024,12,2024-11-24,KC,CAR,0,74,18.87629,52,14.50597,22,4.37032,41.0,63,22.1352,-0.8047
2024_12_MIN_CHI,2024,12,2024-11-24,CHI,MIN,1,73,3.2351,56,6.15879,17,-2.92369,31.0,53,-4.71214,-5.2099
2024_12_MIN_CHI,2024,12,2024-11-24,MIN,CHI,0,71,6.24326,43,15.33628,28,-9.09302,33.0,54,8.16999,5.2099
2024_12_NE_MIA,2024,12,2024-11-24,MIA,NE,1,65,-0.1394,43,13.66444,22,-13.80383,30.0,21,8.13641,3.6669
2024_12_NE_MIA,2024,12,2024-11-24,NE,MIA,0,67,-14.40777,51,-13.29921,16,-1.10856,25.0,21,-1.93797,-3.6669
2024_12_PHI_LA,2024,12,2024-11-24,LA,PHI,1,63,2.63707,46,8.71139,17,-6.07432,30.0,43,-4.42688,-3.13512
2024_12_PHI_LA,2024,12,2024-11-24,PHI,LA,0,70,22.17627,30,9.67908,40,12.49718,35.0,52,16.08402,3.13512
2024_12_PIT_CLE,2024,12,2024-11-21,CLE,PIT,1,57,-0.53569,31,-2.87308,26,2.33738,28.0,57,-0.53569,1.35046
2024_12_PIT_CLE,2024,12,2024-11-21,PIT,CLE,0,68,0.3433,35,10.53433,33,-10.19103,26.0,63,-5.12993,-1.35046
2024_12_SF_GB,2024,12,2024-11-24,GB,SF,1,71,7.63766,27,8.66358,44,-1.02591,34.0,41,5.74873,1.65021
2024_12_SF_GB,2024,12,2024-11-24,SF,GB,0,48,-19.57727,32,-16.77632,16,-2.80095,15.0,30,-6.16801,-1.65021
2024_12_TB_NYG,2024,12,2024-11-24,NYG,TB,1,58,-13.42726,43,-4.18084,15,-9.24643,23.0,17,-11.2472,3.91643
2024_12_TB_NYG,2024,12,2024-11-24,TB,NYG,0,65,19.73333,35,25.45685,30,-5.72352,33.0,31,13.5694,-3.91643
2024_12_TEN_HOU,2024,12,2024-11-24,HOU,TEN,1,56,-14.13847,42,-6.96484,14,-7.17363,18.0,56,-14.13847,0.20313
2024_12_TEN_HOU,2024,12,2024-11-24,TEN,HOU,0,65,-4.37141,36,1.52685,29,-5.89826,25.0,65,-4.37141,-0.20313
2024_13_ARI_MIN,2024,13,2024-12-01,ARI,MIN,0,81,6.7484,54,7.94472,27,-1.19631,38.0,81,6.7484,-4.45327
2024_13_ARI_MIN,2024,13,2024-12-01,MIN,ARI,1,52,-1.23537,41,-0.96922,11,-0.26614,28.0,52,-1.23537,4.45327
2024_13_CHI_DET,2024,13,2024-11-28,CHI,DET,0,65,1.21937,54,2.33481,11,-1.11544,26.0,31,-6.92418,1.23872
2024_13_CHI_DET,2024,13,2024-11-28,DET,CHI,1,70,3.62939,36,1.00399,34,2.62539,32.0,43,9.03655,-1.23872
2024_13_CLE_DEN,2024,13,2024-12-02,CLE,DEN,0,85,-2.83318,63,-0.0937,22,-2.73948,34.0,78,-7.97684,-2.80703
2024_13_CLE_DEN,2024,13,2024-12-02,DEN,CLE,1,64,5.90366,40,6.38359,24,-0.47993,29.0,64,5.90366,2.80703
2024_13_HOU_JAX,2024,13,2024-12-01,HOU,JAX,0,60,4.76011,40,2.98667,20,1.77343,24.0,52,1.51169,8.26523
2024_13_HOU_JAX,2024,13,2024-12-01,JAX,HOU,1,68,4.45824,45,8.42875,23,-3.9705,27.0,47,-6.77324,-8.26523
2024_13_IND_NE,2024,13,2024-12-01,IND,NE,0,60,6.59495,28,1.68047,32,4.91448,32.0,60,6.59495,1.52751
2024_13_IND_NE,2024,13,2024-12-01,NE,IND,1,71,6.9502,42,8.10931,29,-1.15911,35.0,70,7.31421,-1.52751
2024_13_LAC_ATL,2024,13,2024-12-01,ATL,LAC,1,81,-13.30547,43,-7.48619,38,-5.81928,36.0,81,-13.30547,-6.27334
2024_13_LAC_ATL,2024,13,2024-12-01,LAC,ATL,0,43,-13.64782,29,-8.95783,14,-4.68999,13.0,43,-13.64782,6.27334
2024_13_LA_NO,2024,13,2024-12-01,LA,NO,0,54,8.43615,27,2.01566,27,6.42049,27.0,53,8.84155,0.05336
2024_13_LA_NO,2024,13,2024-12-01,NO,LA,1,70,-2.2274,41,0.87341,29,-3.10081,27.0,70,-2.2274,-0.05336
2024_13_LV_KC,2024,13,2024-11-29,KC,LV,1,69,-0.49476,55,3.45733,14,-3.95209,24.0,66,1.56006,4.91124
2024_13_LV_KC,2024,13,2024-11-29,LV,KC,0,67,2.25399,41,7.87892,26,-5.62493,29.0,66,-2.08112,-4.91124
2024_13_MIA_GB,2024,13,2024-11-28,GB,MIA,1,54,11.83383,29,13.31797,25,-1.48414,26.0,27,6.5401,6.43011
2024_13_MIA_GB,2024,13,2024-11-28,MIA,GB,0,69,5.02398,54,12.00403,15,-6.98005,35.0,25,-1.24752,-6.43011
2024_13_NYG_DAL,2024,13,2024-11-28,DAL,NYG,1,73,-3.073,42,1.48678,31,-4.55978,29.0,54,1.65082,-6.43211
2024_13_NYG_DAL,2024,13,2024-11-28,NYG,DAL,0,63,-14.37105,45,-14.15949,18,-0.21156,25.0,40,-19.73048,6.43211
2024_13_PHI_BAL,2024,13,2024-12-01,BAL,PHI,1,72,1.40829,45,5.07282,27,-3.66453,29.0,64,-2.28701,-7.73983
2024_13_PHI_BAL,2024,13,2024-12-01,PHI,BAL,0,54,2.30506,23,-1.60547,31,3.91053,24.0,44,3.41357,7.73983
2024_13_PIT_CIN,2024,13,2024-12-01,CIN,PIT,1,62,4.82231,49,3.48803,13,1.33428,34.0,49,-5.75555,5.49977
2024_13_PIT_CIN,2024,13,2024-12-01,PIT,CIN,0,66,20.61943,43,18.40145,23,2.21798,39.0,50,18.79371,-5.49977
2024_13_SEA_NYJ,2024,13,2024-12-01,NYJ,SEA,1,66,-16.74761,45,-11.82265,21,-4.92496,24.0,60,-6.2348,14.90639
2024_13_SEA_NYJ,2024,13,2024-12-01,SEA,NYJ,0,62,6.4043,38,4.76069,24,1.64361,23.0,62,6.4043,-14.90639
2024_13_SF_BUF,2024,13,2024-12-01,BUF,SF,1,55,18.95604,20,11.26112,35,7.69493,29.0,25,17.48182,1.90959
2024_13_SF_BUF,2024,13,2024-12-01,SF,BUF,0,47,-10.11623,22,-6.31492,25,-3.80132,16.0,27,-6.49724,-1.90959
2024_13_TB_CAR,2024,13,2024-12-01,CAR,TB,1,70,0.28137,52,6.78864,18,-6.50727,34.0,70,0.28137,-6.87545
2024_13_TB_CAR,2024,13,2024-12-01,TB,CAR,0,79,-0.48423,41,-4.97312,38,4.48889,36.0,79,-0.48423,6.87545
2024_13_TEN_WAS,2024,13,2024-12-01,TEN,WAS,0,54,-3.61782,42,4.78334,12,-8.40116,17.0,10,-8.78594,2.82189
2024_13_TEN_WAS,2024,13,2024-12-01,WAS,TEN,1,81,23.50777,42,12.19984,39,11.30792,47.0,15,10.53255,-2.82189
2024_14_ATL_MIN,2024,14,2024-12-08,ATL,MIN,0,73,4.83377,40,0.69001,33,4.14376,39.0,56,6.79772,-0.25
2024_14_ATL_MIN,2024,14,2024-12-08,MIN,ATL,1,57,25.6601,36,23.68188,21,1.97822,29.0,42,15.23538,0.25
2024_14_BUF_LA,2024,14,2024-12-08,BUF,LA,0,60,31.78016,45,30.43205,15,1.34811,32.0,41,14.34381,-7.87207
2024_14_BUF_LA,2024,14,2024-12-08,LA,BUF,1,77,23.31043,35,27.30881,42,-3.99838,40.0,66,18.68022,7.87207
2024_14_CAR_PHI,2024,14,2024-12-08,CAR,PHI,0,70,0.61808,43,4.00527,27,-3.38718,27.0,69,-1.7329,3.45025
2024_14_CAR_PHI,2024,14,2024-12-08,PHI,CAR,1,56,6.11545,29,0.96689,27,5.14857,26.0,51,9.03067,-3.45025
2024_14_CHI_SF,2024,14,2024-12-08,CHI,SF,0,52,-7.25265,33,-4.68866,19,-2.56399,21.0,11,-7.48242,2.85945
2024_14_CHI_SF,2024,14,2024-12-08,SF,CHI,1,60,24.42044,28,20.42865,32,3.99179,30.0,23,14.15509,-2.85945
2024_14_CIN_DAL,2024,14,2024-12-09,CIN,DAL,0,69,7.01495,52,7.72441,17,-0.70946,34.0,69,7.01495,1.32047
2024_14_CIN_DAL,2024,14,2024-12-09,DAL,CIN,1,60,-0.06821,36,-5.31281,24,5.2446,27.0,57,2.58036,-1.32047
2024_14_CLE_PIT,2024,14,2024-12-08,CLE,PIT,0,72,-11.13052,47,-8.96984,25,-2.16069,28.0,43,-10.29097,-11.59478
2024_14_CLE_PIT,2024,14,2024-12-08,PIT,CLE,1,63,-6.4212,31,0.99299,32,-7.41419,23.0,44,-3.10306,11.59478
2024_14_GB_DET,2024,14,2024-12-05,DET,GB,1,80,3.37827,45,13.45898,35,-10.08071,38.0,80,3.37827,3.06633
2024_14_GB_DET,2024,14,2024-12-05,GB,DET,0,49,7.72636,27,6.2421,22,1.48426,23.0,49,7.72636,-3.06633
2024_14_JAX_TEN,2024,14,2024-12-08,JAX,TEN,0,58,0.66157,35,2.84698,23,-2.18541,24.0,55,1.33107,-2.82814
2024_14_JAX_TEN,2024,14,2024-12-08,TEN,JAX,1,64,-9.40627,35,-8.87945,29,-0.52683,24.0,64,-9.40627,2.82814
2024_14_LAC_KC,2024,14,2024-12-08,KC,LAC,1,67,4.60403,46,6.18366,21,-1.57962,37.0,67,4.60403,5.55408
2024_14_LAC_KC,2024,14,2024-12-08,LAC,KC,0,60,5.65463,38,8.12959,22,-2.47497,24.0,58,1.24945,-5.55408
2024_14_LV_TB,2024,14,2024-12-08,LV,TB,0,66,-9.94559,43,-6.42216,23,-3.52343,27.0,49,-10.90965,2.34475
2024_14_LV_TB,2024,14,2024-12-08,TB,LV,1,62,8.74676,38,6.43908,24,2.30768,31.0,54,7.63262,-2.34475
2024_14_NO_NYG,2024,14,2024-12-08,NO,NYG,0,68,-4.11442,36,2.98133,32,-7.09576,29.0,59,-1.97387,-5.63394
2024_14_NO_NYG,2024,14,2024-12-08,NYG,NO,1,76,-11.86991,58,-7.11452,18,-4.75539,26.0,66,-16.85994,5.63394
2024_14_NYJ_MIA,2024,14,2024-12-08,MIA,NYJ,1,70,14.53275,50,20.7563,20,-6.22355,40.0,69,14.87588,2.68657
2024_14_NYJ_MIA,2024,14,2024-12-08,NYJ,MIA,0,68,16.59127,45,17.08758,23,-0.49632,36.0,68,16.59127,-2.68657
2024_14_SEA_ARI,2024,14,2024-12-08,ARI,SEA,1,69,-8.14118,47,-6.05479,22,-2.08638,31.0,49,-13.35394,-3.45528
2024_14_SEA_ARI,2024,14,2024-12-08,SEA,ARI,0,63,7.90523,31,6.60148,32,1.30376,30.0,37,8.90709,3.45528
2024_15_ATL_LV,2024,15,2024-12-16,ATL,LV,0,58,-10.52474,22,-6.55555,36,-3.9692,20.0,46,-5.70416,2.05829
2024_15_ATL_LV,2024,15,2024-12-16,LV,ATL,1,66,-18.04025,47,-7.94563,19,-10.09462,26.0,52,-18.04684,-2.05829
2024_15_BAL_NYG,2024,15,2024-12-15,BAL,NYG,0,58,25.7093,29,24.63362,29,1.07568,35.0,29,12.08129,4.42972
2024_15_BAL_NYG,2024,15,2024-12-15,NYG,BAL,1,67,-0.30583,48,4.04006,19,-4.34589,26.0,39,-1.80882,-4.42972
2024_15_BUF_DET,2024,15,2024-12-15,BUF,DET,0,69,30.25975,38,21.16722,31,9.09253,38.0,41,26.32758,4.61318
2024_15_BUF_DET,2024,15,2024-12-15,DET,BUF,1,77,17.40611,64,21.1207,13,-3.7146,37.0,37,0.71818,-4.61318
2024_15_CHI_MIN,2024,15,2024-12-16,CHI,MIN,0,66,-17.65399,38,-8.82987,28,-8.82412,24.0,41,-17.68899,-1.17078
2024_15_CHI_MIN,2024,15,2024-12-16,MIN,CHI,1,77,3.87899,47,5.61128,30,-1.7323,39.0,39,5.84132,1.17078
2024_15_CIN_TEN,2024,15,2024-12-15,CIN,TEN,0,68,16.02321,41,12.65595,27,3.36726,34.0,48,9.65979,-2.67695
2024_15_CIN_TEN,2024,15,2024-12-15,TEN,CIN,1,69,-3.34297,44,1.97638,25,-5.31935,37.0,33,-13.90885,2.67695
2024_15_DAL_CAR,2024,15,2024-12-15,CAR,DAL,1,55,-9.55704,42,-6.83086,13,-2.72618,23.0,30,-9.82594,-2.8189
2024_15_DAL_CAR,2024,15,2024-12-15,DAL,CAR,0,70,12.19113,30,10.53054,40,1.6606,38.0,47,7.15034,2.8189
2024_15_GB_SEA,2024,15,2024-12-15,GB,SEA,0,64,7.591,30,15.23116,34,-7.64016,32.0,32,17.20419,-4.92178
2024_15_GB_SEA,2024,15,2024-12-15,SEA,GB,1,59,-20.13629,44,-19.91364,15,-0.22265,19.0,37,-7.60228,4.92178
2024_15_IND_DEN,2024,15,2024-12-15,DEN,IND,1,60,-17.35465,39,-12.12792,21,-5.22673,21.0,50,-15.65147,2.22014
2024_15_IND_DEN,2024,15,2024-12-15,IND,DEN,0,76,-33.29593,46,-20.85619,30,-12.43974,23.0,59,-22.86793,-2.22014
2024_15_KC_CLE,2024,15,2024-12-15,CLE,KC,1,61,-29.93195,43,-25.9337,18,-3.99825,23.0,31,-22.5611,1.92777
2024_15_KC_CLE,2024,15,2024-12-15,KC,CLE,0,73,-5.65206,42,-0.87793,31,-4.77413,30.0,33,2.41507,-1.92777
2024_15_LA_SF,2024,15,2024-12-12,LA,SF,0,65,-6.2133,28,-3.82689,37,-2.3864,26.0,62,-4.93707,-1.73406
2024_15_LA_SF,2024,15,2024-12-12,SF,LA,1,54,-16.12982,35,-11.59456,19,-4.53526,16.0,52,-15.58619,1.73406
2024_15_MIA_HOU,2024,15,2024-12-15,HOU,MIA,1,48,-10.38684,33,-7.80725,15,-2.5796,19.0,35,-6.68207,1.65577
2024_15_MIA_HOU,2024,15,2024-12-15,MIA,HOU,0,68,-14.86048,49,-10.28017,19,-4.58031,30.0,61,-17.92386,-1.65577
2024_15_NE_ARI,2024,15,2024-12-15,ARI,NE,1,69,12.99444,41,10.47711,28,2.51732,30.0,39,8.50581,4.53445
2024_15_NE_ARI,2024,15,2024-12-15,NE,ARI,0,51,1.19417,29,5.79732,22,-4.60315,28.0,34,-7.5898,-4.53445
2024_15_NYJ_JAX,2024,15,2024-12-15,JAX,NYJ,1,83,10.94976,57,9.05922,26,1.89055,45.0,82,10.32424,4.3993
2024_15_NYJ_JAX,2024,15,2024-12-15,NYJ,JAX,0,57,23.09215,40,20.58102,17,2.51113,24.0,57,23.09215,-4.3993
2024_15_PIT_PHI,2024,15,2024-12-15,PHI,PIT,1,77,11.8312,40,14.76222,37,-2.93102,35.0,56,6.46341,-7.14725
2024_15_PIT_PHI,2024,15,2024-12-15,PIT,PHI,0,43,-12.91055,27,-5.52996,16,-7.38059,15.0,36,-11.60997,7.14725
2024_15_TB_LAC,2024,15,2024-12-15,LAC,TB,1,52,-15.19408,41,-12.42511,11,-2.76896,21.0,41,-4.64034,-4.24222
2024_15_TB_LAC,2024,15,2024-12-15,TB,LAC,0,72,13.15074,35,16.75388,37,-3.60314,37.0,51,9.91823,4.24222
2024_15_WAS_NO,2024,15,2024-12-15,NO,WAS,1,53,-2.23455,38,0.1151,15,-2.34965,20.0,39,-9.58626,3.69813
2024_15_WAS_NO,2024,15,2024-12-15,WAS,NO,0,78,1.51775,48,4.31253,30,-2.79478,37.0,53,5.03496,-3.69813
2024_16_ARI_CAR,2024,16,2024-12-22,ARI,CAR,0,70,10.54784,45,6.16659,25,4.38125,36.0,67,6.25308,2.52645
2024_16_ARI_CAR,2024,16,2024-12-22,CAR,ARI,1,67,17.53042,35,9.99945,32,7.53097,31.0,65,18.72704,-2.52645
2024_16_CLE_CIN,2024,16,2024-12-22,CIN,CLE,1,55,6.27281,36,4.37853,19,1.89427,30.0,29,7.3686,0.11218
2024_16_CLE_CIN,2024,16,2024-12-22,CLE,CIN,0,66,-14.4868,45,-12.25098,21,-2.23582,25.0,32,-9.58896,-0.11218
2024_16_DEN_LAC,2024,16,2024-12-19,DEN,LAC,0,64,10.7971,45,8.85002,19,1.94708,28.0,57,11.05388,-2.29225
2024_16_DEN_LAC,2024,16,2024-12-19,LAC,DEN,1,60,14.75315,39,18.20788,21,-3.45473,32.0,59,14.64827,2.29225
2024_16_DET_CHI,2024,16,2024-12-22,CHI,DET,1,63,0.36905,48,12.37445,15,-12.00539,27.0,20,-10.18583,1.37178
2024_16_DET_CHI,2024,16,2024-12-22,DET,CHI,0,64,20.68937,33,15.49068,31,5.19869,36.0,25,13.96338,-1.37178
2024_16_HOU_KC,2024,16,2024-12-21,HOU,KC,0,59,4.38926,44,5.33897,15,-0.94971,22.0,56,6.75358,-0.26494
2024_16_HOU_KC,2024,16,2024-12-21,KC,HOU,1,72,11.52914,49,14.64848,23,-3.11934,35.0,65,10.76484,0.26494
2024_16_JAX_LV,2024,16,2024-12-22,JAX,LV,0,67,-15.71638,45,-9.67334,22,-6.04304,19.0,67,-15.71638,0.64872
2024_16_JAX_LV,2024,16,2024-12-22,LV,JAX,1,70,-4.30061,46,0.919,24,-5.2196,29.0,69,-3.84898,-0.64872
2024_16_LA_NYJ,2024,16,2024-12-22,LA,NYJ,0,49,5.25308,20,4.01106,29,1.24202,25.0,42,8.07725,5.43796
2024_16_LA_NYJ,2024,16,2024-12-22,NYJ,LA,1,69,-7.01743,49,-1.12803,20,-5.8894,30.0,59,-7.79126,-5.43796
2024_16_MIN_SEA,2024,16,2024-12-22,MIN,SEA,0,63,7.00721,42,11.49844,21,-4.49123,30.0,61,8.93896,3.48824
2024_16_MIN_SEA,2024,16,2024-12-22,SEA,MIN,1,64,2.91888,48,3.34582,16,-0.42694,32.0,64,2.91888,-3.48824
2024_16_NE_BUF,2024,16,2024-12-22,BUF,NE,1,59,1.6885,35,2.12705,24,-0.43854,27.0,48,4.88316,4.65009
2024_16_NE_BUF,2024,16,2024-12-22,NE,BUF,0,74,3.55141,45,12.75354,29,-9.20214,36.0,59,-2.23275,-4.65009
2024_16_NO_GB,2024,16,2024-12-23,GB,NO,1,67,17.6837,30,6.09106,37,11.59264,34.0,29,11.96271,2.6243
2024_16_NO_GB,2024,16,2024-12-23,NO,GB,0,55,-18.49633,39,-14.57177,16,-3.92455,18.0,9,-3.30387,-2.6243
2024_16_NYG_ATL,2024,16,2024-12-22,ATL,NYG,1,65,6.32636,30,8.0665,35,-1.74015,33.0,33,5.81734,-2.73665
2024_16_NYG_ATL,2024,16,2024-12-22,NYG,ATL,0,58,-26.25493,44,-22.85234,14,-3.40258,25.0,32,-19.78084,2.73665
2024_16_PHI_WAS,2024,16,2024-12-22,PHI,WAS,0,74,8.9832,40,5.827,34,3.1562,29.0,74,8.9832,-6.15704
2024_16_PHI_WAS,2024,16,2024-12-22,WAS,PHI,1,65,-3.79907,47,10.23309,18,-14.03217,27.0,62,-8.41464,6.15704
2024_16_PIT_BAL,2024,16,2024-12-21,BAL,PIT,1,59,10.50801,25,8.447,34,2.06101,31.0,48,15.09748,-1.28903
2024_16_PIT_BAL,2024,16,2024-12-21,PIT,BAL,0,59,-10.55868,37,-10.29844,22,-0.26024,22.0,47,-7.44753,1.28903
2024_16_SF_MIA,2024,16,2024-12-22,MIA,SF,1,66,7.96802,35,3.98911,31,3.97891,33.0,63,2.39712,9.88187
2024_16_SF_MIA,2024,16,2024-12-22,SF,MIA,0,62,4.9778,45,5.96844,17,-0.99064,30.0,55,5.48164,-9.88187
2024_16_TB_DAL,2024,16,2024-12-22,DAL,TB,1,57,-0.29778,39,9.12064,18,-9.41842,21.0,46,5.65869,9.25988
2024_16_TB_DAL,2024,16,2024-12-22,TB,DAL,0,72,3.116,52,-1.01462,20,4.13062,38.0,61,-2.33783,-9.25988
2024_16_TEN_IND,2024,16,2024-12-22,IND,TEN,1,62,13.52958,14,1.39373,48,12.13586,31.0,30,11.83124,-0.10632
2024_16_TEN_IND,2024,16,2024-12-22,TEN,IND,0,58,3.86356,38,4.05552,20,-0.19196,27.0,27,-5.00434,0.10632
2024_17_ARI_LA,2024,17,2024-12-28,ARI,LA,0,79,-2.77292,58,2.16085,21,-4.93377,41.0,79,-2.77292,-3.28856
2024_17_ARI_LA,2024,17,2024-12-28,LA,ARI,1,56,-3.7824,36,-1.09592,20,-2.68648,25.0,54,-3.74923,3.28856
2024_17_ATL_WAS,2024,17,2024-12-29,ATL,WAS,0,64,7.08561,42,2.17712,22,4.90849,34.0,63,3.05522,-2.16821
2024_17_ATL_WAS,2024,17,2024-12-29,WAS,ATL,1,82,13.11899,51,10.50807,31,2.61092,41.0,79,14.80012,2.16821
2024_17_BAL_HOU,2024,17,2024-12-25,BAL,HOU,0,63,19.42576,21,11.89568,42,7.53009,37.0,30,10.65443,-0.41854
2024_17_BAL_HOU,2024,17,2024-12-25,HOU,BAL,1,56,-20.09241,40,-15.8206,16,-4.27181,18.0,36,-12.11192,0.41854
2024_17_CAR_TB,2024,17,2024-12-29,CAR,TB,0,47,-4.66912,36,-1.35153,11,-3.31758,17.0,21,-3.06305,-4.01186
2024_17_CAR_TB,2024,17,2024-12-29,TB,CAR,1,74,33.72024,37,26.54099,37,7.17925,45.0,33,15.44798,4.01186
2024_17_DAL_PHI,2024,17,2024-12-29,DAL,PHI,0,62,-17.33237,32,-12.38429,30,-4.94808,25.0,37,-10.47518,-3.05068
2024_17_DAL_PHI,2024,17,2024-12-29,PHI,DAL,1,63,18.37008,22,14.89058,41,3.4795,31.0,29,2.47812,3.05068
2024_17_DEN_CIN,2024,17,2024-12-28,CIN,DEN,1,89,16.00979,64,21.63518,25,-5.62538,50.0,89,16.00979,-1.03283
2024_17_DEN_CIN,2024,17,2024-12-28,DEN,CIN,0,60,10.30052,39,9.5798,21,0.72072,27.0,59,4.99754,1.03283
2024_17_DET_SF,2024,17,2024-12-30,DET,SF,0,67,23.95388,37,20.0328,30,3.92108,37.0,62,20.30254,7.5766
2024_17_DET_SF,2024,17,2024-12-30,SF,DET,1,63,19.71501,47,19.89405,16,-0.17904,38.0,52,13.8018,-7.5766
2024_17_GB_MIN,2024,17,2024-12-29,GB,MIN,0,61,-3.9736,36,0.44444,25,-4.41804,28.0,34,-7.12873,7.24216
2024_17_GB_MIN,2024,17,2024-12-29,MIN,GB,1,69,6.10623,46,12.10101,23,-5.99478,36.0,50,12.35858,-7.24216
2024_17_IND_NYG,2024,17,2024-12-29,IND,NYG,0,76,8.26142,43,12.28464,33,-4.02322,37.0,67,16.43058,-7.94378
2024_17_IND_NYG,2024,17,2024-12-29,NYG,IND,1,52,17.06128,26,30.57369,26,-13.51241,21.0,49,18.63256,7.94378
2024_17_KC_PIT,2024,17,2024-12-25,KC,PIT,0,61,16.95933,42,18.72387,19,-1.76454,31.0,48,16.58268,-0.4587
2024_17_KC_PIT,2024,17,2024-12-25,PIT,KC,1,75,-10.24249,49,-11.14497,26,0.90248,32.0,49,-6.13828,0.4587
2024_17_LAC_NE,2024,17,2024-12-28,LAC,NE,0,79,23.65376,45,21.56713,34,2.08663,42.0,49,15.87833,-4.60017
2024_17_LAC_NE,2024,17,2024-12-28,NE,LAC,1,53,-23.62297,38,-12.40141,15,-11.22156,18.0,21,-5.8282,4.60017
2024_17_LV_NO,2024,17,2024-12-29,LV,NO,0,75,7.12831,37,10.77964,38,-3.65133,32.0,61,8.02422,-1.50583
2024_17_LV_NO,2024,17,2024-12-29,NO,LV,1,60,-19.27671,47,-15.98007,13,-3.29664,22.0,42,-10.99051,1.50583
2024_17_MIA_CLE,2024,17,2024-12-29,CLE,MIA,1,79,-28.14698,51,-25.19864,28,-2.94834,27.0,60,-22.92161,0.93224
2024_17_MIA_CLE,2024,17,2024-12-29,MIA,CLE,0,58,-6.90793,37,8.17287,21,-15.0808,21.0,48,-8.54908,-0.93224
2024_17_NYJ_BUF,2024,17,2024-12-29,BUF,NYJ,1,68,11.12653,37,19.07894,31,-7.95242,33.0,46,2.26434,1.98883
2024_17_NYJ_BUF,2024,17,2024-12-29,NYJ,BUF,0,61,-12.85068,39,-8.81582,22,-4.03486,29.0,33,-11.85675,-1.98883
2024_17_SEA_CHI,2024,17,2024-12-26,CHI,SEA,1,61,-13.23097,41,-10.52192,20,-2.70905,21.0,61,-13.23097,0.67731
2024_17_SEA_CHI,2024,17,2024-12-26,SEA,CHI,0,51,-9.15798,28,-6.37986,23,-2.77812,21.0,51,-9.15798,-0.67731
2024_17_TEN_JAX,2024,17,2024-12-29,JAX,TEN,1,57,7.62502,26,9.71148,31,-2.08646,27.0,54,9.25993,3.42716
2024_17_TEN_JAX,2024,17,2024-12-29,TEN,JAX,0,69,2.37333,41,2.18843,28,0.18491,35.0,58,0.10015,-3.42716
2024_18_BUF_NE,2024,18,2025-01-05,BUF,NE,0,67,-5.93301,33,-2.42093,34,-3.51209,27.0,63,-2.78505,-4.4836
2024_18_BUF_NE,2024,18,2025-01-05,NE,BUF,1,61,0.84052,36,9.5316,25,-8.69108,26.0,60,0.19544,4.4836
2024_18_CAR_ATL,2024,18,2025-01-05,ATL,CAR,1,79,20.10384,41,6.88811,38,13.21573,48.0,79,20.10384,-3.09763
2024_18_CAR_ATL,2024,18,2025-01-05,CAR,ATL,0,66,25.55587,41,23.46938,25,2.08649,33.0,64,23.61294,3.09763
2024_18_CHI_GB,2024,18,2025-01-05,CHI,GB,0,60,-11.08874,34,-6.7984,26,-4.29034,22.0,57,-8.50561,7.12098
2024_18_CHI_GB,2024,18,2025-01-05,GB,CHI,1,64,-6.90127,31,-5.89742,33,-1.00386,28.0,63,-10.91044,-7.12098
2024_18_CIN_PIT,2024,18,2025-01-04,CIN,PIT,0,73,-1.00162,52,-0.94699,21,-0.05464,36.0,67,0.49396,1.21562
2024_18_CIN_PIT,2024,18,2025-01-04,PIT,CIN,1,61,-7.45873,40,-1.91244,21,-5.54629,22.0,53,-9.89436,-1.21562
2024_18_CLE_BAL,2024,18,2025-01-04,BAL,CLE,1,69,8.87359,38,5.52476,31,3.34883,30.0,37,6.1207,-0.36616
2024_18_CLE_BAL,2024,18,2025-01-04,CLE,BAL,0,58,-20.1245,41,-13.65307,17,-6.47144,17.0,28,-15.55901,0.36616
2024_18_HOU_TEN,2024,18,2025-01-05,HOU,TEN,0,59,8.40896,32,2.24322,27,6.16574,30.0,40,16.34586,-2.54106
2024_18_HOU_TEN,2024,18,2025-01-05,TEN,HOU,1,61,-13.15646,31,4.86909,30,-18.02555,21.0,42,-14.33949,2.54106
2024_18_JAX_IND,2024,18,2025-01-05,IND,JAX,1,78,3.96956,44,-0.61178,34,4.58134,38.0,77,4.90691,-3.17947
2024_18_JAX_IND,2024,18,2025-01-05,JAX,IND,0,67,0.6434,37,2.25852,30,-1.61513,28.0,67,0.6434,3.17947
2024_18_KC_DEN,2024,18,2025-01-05,DEN,KC,1,73,26.86984,36,25.89178,37,0.97806,41.0,23,16.10931,0.83826
2024_18_KC_DEN,2024,18,2025-01-05,KC,DEN,0,34,-14.12314,24,-10.03876,10,-4.08438,5.0,7,-3.53571,-0.83826
2024_18_LAC_LV,2024,18,2025-01-05,LAC,LV,0,72,21.52678,39,22.65488,33,-1.1281,39.0,59,14.22195,-5.3215
2024_18_LAC_LV,2024,18,2025-01-05,LV,LAC,1,50,-3.89215,39,-1.93162,11,-1.96053,23.0,32,-6.99309,5.3215
2024_18_MIA_NYJ,2024,18,2025-01-05,MIA,NYJ,0,70,-10.01341,49,-9.54884,21,-0.46457,29.0,48,-19.65404,2.67648
2024_18_MIA_NYJ,2024,18,2025-01-05,NYJ,MIA,1,63,3.80491,41,2.08631,22,1.7186,27.0,50,2.30687,-2.67648
2024_18_MIN_DET,2024,18,2025-01-05,DET,MIN,1,68,-1.58849,36,0.77127,32,-2.35976,32.0,50,-4.47061,4.44112
2024_18_MIN_DET,2024,18,2025-01-05,MIN,DET,0,64,-16.61183,48,-19.97316,16,3.36133,21.0,50,-10.50057,-4.44112
2024_18_NO_TB,2024,18,2025-01-05,NO,TB,0,66,0.66227,48,1.57019,18,-0.90792,28.0,59,1.92553,3.81276
2024_18_NO_TB,2024,18,2025-01-05,TB,NO,1,66,11.32771,40,15.57543,26,-4.24772,30.0,64,9.82137,-3.81276
2024_18_NYG_PHI,2024,18,2025-01-05,NYG,PHI,0,54,-6.41218,29,-8.67533,25,2.26315,21.0,43,-10.58747,4.13399
2024_18_NYG_PHI,2024,18,2025-01-05,PHI,NYG,1,67,-2.70741,43,7.51673,24,-10.22414,27.0,60,-3.93334,-4.13399
2024_18_SEA_LA,2024,18,2025-01-05,LA,SEA,1,65,2.53733,45,3.00235,20,-0.46502,29.0,65,2.53733,4.77155
2024_18_SEA_LA,2024,18,2025-01-05,SEA,LA,0,53,14.24648,29,10.78586,24,3.46061,29.0,53,14.24648,-4.77155
2024_18_SF_ARI,2024,18,2025-01-05,ARI,SF,1,65,19.71686,39,12.14791,26,7.56895,35.0,54,13.58973,4.41181
2024_18_SF_ARI,2024,18,2025-01-05,SF,ARI,0,74,-0.03793,48,2.23781,26,-2.27575,35.0,61,9.07518,-4.41181
2024_18_WAS_DAL,2024,18,2025-01-05,DAL,WAS,1,78,0.15976,40,2.24756,38,-2.0878,33.0,78,0.15976,4.23724
2024_18_WAS_DAL,2024,18,2025-01-05,WAS,DAL,0,55,5.74093,40,1.94376,15,3.79717,27.0,55,5.74093,-4.23724
2024_19_DEN_BUF,2024,19,2025-01-12,BUF,DEN,1,72,22.15374,33,17.3718,39,4.78194,40.0,53,14.3324,3.65396
2024_19_DEN_BUF,2024,19,2025-01-12,DEN,BUF,0,43,-5.22755,29,-1.74576,14,-3.48179,19.0,28,2.6723,-3.65396
2024_19_GB_PHI,2024,19,2025-01-12,GB,PHI,0,65,-5.63274,41,-5.31873,24,-0.31401,28.0,49,-6.53617,-9.1008
2024_19_GB_PHI,2024,19,2025-01-12,PHI,GB,1,59,-0.20944,26,-1.32798,33,1.11854,20.0,50,0.83016,9.1008
2024_19_LAC_HOU,2024,19,2025-01-11,HOU,LAC,1,71,-8.3719,42,-4.17165,29,-4.20025,28.0,52,-10.46304,2.06914
2024_19_LAC_HOU,2024,19,2025-01-11,LAC,HOU,0,56,-27.1482,38,-22.29509,18,-4.85311,19.0,44,-23.47913,-2.06914
2024_19_MIN_LA,2024,19,2025-01-13,LA,MIN,1,51,0.38266,30,4.45036,21,-4.0677,22.0,21,0.75412,0.20121
2024_19_MIN_LA,2024,19,2025-01-13,MIN,LA,0,72,-25.42059,52,-24.85925,20,-0.56135,30.0,32,-21.49327,-0.20121
2024_19_PIT_BAL,2024,19,2025-01-11,BAL,PIT,1,72,24.08847,26,11.65996,46,12.42852,38.0,32,13.74543,-1.25346
2024_19_PIT_BAL,2024,19,2025-01-11,PIT,BAL,0,45,4.55071,37,5.78304,8,-1.23234,17.0,17,-4.97897,1.25346
2024_19_WAS_TB,2024,19,2025-01-12,TB,WAS,1,47,5.75526,26,13.17816,21,-7.42291,25.0,47,5.75526,-0.77553
2024_19_WAS_TB,2024,19,2025-01-12,WAS,TB,0,71,11.06434,44,15.54165,27,-4.47731,32.0,71,11.06434,0.77553
2024_20_BAL_BUF,2024,20,2025-01-19,BAL,BUF,0,56,10.00968,31,5.32569,25,4.68399,30.0,50,6.16442,-2.66188
2024_20_BAL_BUF,2024,20,2025-01-19,BUF,BAL,1,59,6.03596,25,-0.12341,34,6.15937,29.0,53,8.14056,2.66188
2024_20_HOU_KC,2024,20,2025-01-18,HOU,KC,0,67,3.5847,43,2.20225,24,1.38245,32.0,54,4.09816,-10.62148
2024_20_HOU_KC,2024,20,2025-01-18,KC,HOU,1,49,3.20119,33,1.86587,16,1.33533,19.0,38,8.67931,10.62148
2024_20_LA_PHI,2024,20,2025-01-19,LA,PHI,0,71,-5.81035,51,2.52336,20,-8.33371,30.0,61,-11.52351,2.79108
2024_20_LA_PHI,2024,20,2025-01-19,PHI,LA,1,62,5.25695,32,-3.72708,30,8.98404,26.0,61,-1.17444,-2.79108
2024_20_WAS_DET,2024,20,2025-01-18,DET,WAS,1,66,6.55648,43,-5.01169,23,11.56817,38.0,48,5.98319,0.85781
2024_20_WAS_DET,2024,20,2025-01-18,WAS,DET,0,72,22.09483,38,22.40669,34,-0.31186,37.0,58,16.05767,-0.85781
2024_21_BUF_KC,2024,21,2025-01-26,BUF,KC,0,71,13.04159,39,10.2196,32,2.82199,33.0,71,13.04159,0.36075
2024_21_BUF_KC,2024,21,2025-01-26,KC,BUF,1,62,16.26656,36,23.01284,26,-6.74627,34.0,57,15.31445,-0.36075
2024_21_WAS_PHI,2024,21,2025-01-26,PHI,WAS,1,68,32.48879,33,20.63186,35,11.85694,41.0,39,16.10365,-0.5779
2024_21_WAS_PHI,2024,21,2025-01-26,WAS,PHI,0,78,-6.62715,57,-2.51777,21,-4.10939,31.0,42,-2.47328,0.5779
2024_22_KC_PHI,2024,22,2025-02-09,KC,PHI,0,53,-20.65937,46,-19.3738,7,-1.28557,21.0,14,-16.31123,-6.25312
2024_22_KC_PHI,2024,22,2025-02-09,PHI,KC,1,71,3.47192,33,18.99986,38,-15.52794,26.0,32,2.86267,6.25312
2025_01_ARI_NO,2025,1,2025-09-07,ARI,NO,0,66,4.077,41,5.39274,25,-1.31574,28.0,52,10.41738,1.76164
2025_01_ARI_NO,2025,1,2025-09-07,NO,ARI,1,73,-4.1712,51,-0.71573,22,-3.45547,31.0,63,-0.75373,-1.76164
2025_01_BAL_BUF,2025,1,2025-09-07,BAL,BUF,0,51,20.1162,23,12.19228,28,7.92392,26.0,44,22.16087,3.31337
2025_01_BAL_BUF,2025,1,2025-09-07,BUF,BAL,1,78,23.60373,54,24.70824,24,-1.1045,40.0,55,13.88217,-3.31337
2025_01_CAR_JAX,2025,1,2025-09-07,CAR,JAX,0,63,-11.10048,43,-9.24293,20,-1.85755,23.0,33,-8.16408,-1.69812
2025_01_CAR_JAX,2025,1,2025-09-07,JAX,CAR,1,63,6.49236,33,2.25768,30,4.23468,29.0,29,9.14406,1.69812
2025_01_CIN_CLE,2025,1,2025-09-07,CIN,CLE,0,52,-3.80781,29,-0.54067,23,-3.26713,22.0,52,-3.80781,3.98482
2025_01_CIN_CLE,2025,1,2025-09-07,CLE,CIN,1,76,-2.43494,53,-0.92498,23,-1.50996,31.0,76,-2.43494,-3.98482
2025_01_DAL_PHI,2025,1,2025-09-04,DAL,PHI,0,60,6.24793,39,5.22044,21,1.02749,28.0,60,6.24793,-1.60376
2025_01_DAL_PHI,2025,1,2025-09-04,PHI,DAL,1,59,9.46656,33,8.23465,26,1.23191,30.0,56,10.07923,1.60376
2025_01_DET_GB,2025,1,2025-09-07,DET,GB,0,66,-4.14468,44,1.995,22,-6.13968,28.0,44,-3.81373,-1.88678
2025_01_DET_GB,2025,1,2025-09-07,GB,DET,1,47,10.6477,24,11.38785,23,-0.74015,21.0,26,12.61644,1.88678
2025_01_HOU_LA,2025,1,2025-09-07,HOU,LA,0,63,-9.11653,38,-5.02745,25,-4.08908,23.0,63,-9.11653,1.70903
2025_01_HOU_LA,2025,1,2025-09-07,LA,HOU,1,58,-4.1583,34,0.56677,24,-4.72507,24.0,51,-0.03381,-1.70903
2025_01_KC_LAC,2025,1,2025-09-05,KC,LAC,0,59,11.3123,47,10.65964,12,0.65265,27.0,53,7.45328,0.52521
2025_01_KC_LAC,2025,1,2025-09-05,LAC,KC,1,62,17.50514,43,18.83663,19,-1.33149,35.0,58,16.77503,-0.52521
2025_01_LV_NE,2025,1,2025-09-07,LV,NE,0,61,6.14441,38,14.36689,23,-8.22247,26.0,52,8.16737,1.37649
2025_01_LV_NE,2025,1,2025-09-07,NE,LV,1,71,-3.25,54,2.38285,17,-5.63285,29.0,57,-3.67653,-1.37649
2025_01_MIA_IND,2025,1,2025-09-07,IND,MIA,1,73,15.45175,34,12.2488,39,3.20295,37.0,27,10.65949,0.50462
2025_01_MIA_IND,2025,1,2025-09-07,MIA,IND,0,46,-13.12373,36,-16.99778,10,3.87405,19.0,12,-10.02488,-0.50462
2025_01_MIN_CHI,2025,1,2025-09-08,CHI,MIN,1,67,-3.57695,46,0.59421,21,-4.17116,26.0,49,-5.66106,-5.44549
2025_01_MIN_CHI,2025,1,2025-09-08,MIN,CHI,0,53,-4.73195,27,-4.0572,26,-0.67475,23.0,52,-4.57925,5.44549
2025_01_NYG_WAS,2025,1,2025-09-07,NYG,WAS,0,68,-9.40318,51,-6.26069,17,-3.14248,25.0,52,-10.10201,1.26198
2025_01_NYG_WAS,2025,1,2025-09-07,WAS,NYG,1,67,10.40596,41,4.0354,26,6.37056,35.0,50,6.75145,-1.26198
2025_01_PIT_NYJ,2025,1,2025-09-07,NYJ,PIT,1,62,15.46041,25,11.34155,37,4.11885,32.0,62,15.46041,-7.27353
2025_01_PIT_NYJ,2025,1,2025-09-07,PIT,NYJ,0,55,11.01676,36,12.19373,19,-1.17697,24.0,55,11.01676,7.27353
2025_01_SF_SEA,2025,1,2025-09-07,SEA,SF,1,51,-9.08686,26,-5.84586,25,-3.241,25.0,51,-9.08686,11.19632
2025_01_SF_SEA,2025,1,2025-09-07,SF,SEA,0,74,9.2722,42,17.25503,32,-7.98283,37.0,74,9.2722,-11.19632
2025_01_TB_ATL,2025,1,2025-09-07,ATL,TB,1,75,5.63851,51,18.05778,24,-12.41927,34.0,75,5.63851,-0.61802
2025_01_TB_ATL,2025,1,2025-09-07,TB,ATL,0,57,7.95619,38,11.35981,19,-3.40362,22.0,57,7.95619,0.61802
2025_01_TEN_DEN,2025,1,2025-09-07,DEN,TEN,1,74,-10.83251,48,-8.61668,26,-2.21584,29.0,60,-5.63316,-6.25127
2025_01_TEN_DEN,2025,1,2025-09-07,TEN,DEN,0,57,-24.48095,36,-15.30421,21,-9.17675,13.0,51,-19.84676,6.25127
2025_02_ATL_MIN,2025,2,2025-09-14,ATL,MIN,0,65,-2.2303,26,-9.02574,39,6.79544,29.0,50,-5.41636,4.63309
2025_02_ATL_MIN,2025,2,2025-09-14,MIN,ATL,1,47,-21.53564,30,-18.1854,17,-3.35024,19.0,43,-19.83741,-4.63309
2025_02_BUF_NYJ,2025,2,2025-09-14,BUF,NYJ,0,71,15.95695,34,9.52674,37,6.43021,33.0,32,11.7067,-0.49238
2025_02_BUF_NYJ,2025,2,2025-09-14,NYJ,BUF,1,47,-13.88029,31,-8.87679,16,-5.0035,16.0,15,-12.2518,0.49238
2025_02_CAR_ARI,2025,2,2025-09-14,ARI,CAR,1,54,4.64053,34,8.56406,20,-3.92353,23.0,25,-1.08544,0.49689
2025_02_CAR_ARI,2025,2,2025-09-14,CAR,ARI,0,81,4.98605,64,7.32815,17,-2.3421,40.0,41,-14.72183,-0.49689
2025_02_CHI_DET,2025,2,2025-09-14,CHI,DET,0,68,-11.72568,44,-0.64481,24,-11.08087,24.0,34,-4.0749,2.78039
2025_02_CHI_DET,2025,2,2025-09-14,DET,CHI,1,59,23.74894,30,23.5786,29,0.17034,32.0,36,11.52535,-2.78039
2025_02_CLE_BAL,2025,2,2025-09-14,BAL,CLE,1,53,5.21893,36,9.69705,17,-4.47812,21.0,40,-2.89776,3.912
2025_02_CLE_BAL,2025,2,2025-09-14,CLE,BAL,0,73,-19.74807,52,-22.78913,21,3.04107,27.0,37,-17.85394,-3.912
2025_02_DEN_IND,2025,2,2025-09-14,DEN,IND,0,59,13.4886,36,14.9286,23,-1.44,29.0,59,13.4886,-3.3595
2025_02_DEN_IND,2025,2,2025-09-14,IND,DEN,1,71,9.38914,40,12.33168,31,-2.94254,34.0,71,9.38914,3.3595
2025_02_JAX_CIN,2025,2,2025-09-14,CIN,JAX,1,69,1.22383,51,0.83425,18,0.38958,30.0,69,1.22383,4.71582
2025_02_JAX_CIN,2025,2,2025-09-14,JAX,CIN,0,71,6.50156,45,3.97437,26,2.52719,35.0,70,6.50567,-4.71582
2025_02_LAC_LV,2025,2,2025-09-15,LAC,LV,0,56,-2.25084,33,12.08669,23,-14.33753,24.0,36,11.41346,-2.67687
2025_02_LAC_LV,2025,2,2025-09-15,LV,LAC,1,70,-24.21755,53,-20.83648,17,-3.38107,23.0,56,-15.27964,2.67687
2025_02_LA_TEN,2025,2,2025-09-14,LA,TEN,0,59,20.51838,36,10.72446,23,9.79392,30.0,49,12.23023,-5.63678
2025_02_LA_TEN,2025,2,2025-09-14,TEN,LA,1,66,-7.65087,43,-6.94251,23,-0.70836,26.0,52,-6.80488,5.63678
2025_02_NE_MIA,2025,2,2025-09-14,MIA,NE,1,57,5.5763,42,6.67453,15,-1.09823,27.0,57,5.5763,0.78264
2025_02_NE_MIA,2025,2,2025-09-14,NE,MIA,0,56,15.40103,32,19.27384,24,-3.87281,27.0,55,15.83639,-0.78264
2025_02_NYG_DAL,2025,2,2025-09-14,DAL,NYG,1,89,14.72891,62,13.05344,27,1.67546,42.0,89,14.72891,-0.17507
2025_02_NYG_DAL,2025,2,2025-09-14,NYG,DAL,0,67,15.04495,46,19.30984,21,-4.26489,31.0,67,15.04495,0.17507
2025_02_PHI_KC,2025,2,2025-09-14,KC,PHI,1,60,-6.41964,41,0.54751,19,-6.96715,24.0,49,-10.05763,-0.02361
2025_02_PHI_KC,2025,2,2025-09-14,PHI,KC,0,58,0.9149,26,-5.75385,32,6.66875,25.0,50,1.53334,0.02361
2025_02_SEA_PIT,2025,2,2025-09-14,PIT,SEA,1,61,-11.76325,41,-8.71626,20,-3.04699,20.0,49,-8.55007,-3.31675
2025_02_SEA_PIT,2025,2,2025-09-14,SEA,PIT,0,65,4.0526,36,2.15426,29,1.89834,28.0,58,0.86931,3.31675
2025_02_SF_NO,2025,2,2025-09-14,NO,SF,1,71,-3.68043,44,-1.70149,27,-1.97894,31.0,59,-6.8899,-4.10799
2025_02_SF_NO,2025,2,2025-09-14,SF,NO,0,67,6.06458,44,8.65907,23,-2.59449,33.0,67,6.06458,4.10799
2025_02_TB_HOU,2025,2,2025-09-15,HOU,TB,1,47,-2.99855,31,-1.19258,16,-1.80597,19.0,47,-2.99855,14.24909
2025_02_TB_HOU,2025,2,2025-09-15,TB,HOU,0,79,13.11594,51,6.47688,28,6.63906,43.0,79,13.11594,-14.24909
2025_02_WAS_GB,2025,2,2025-09-11,GB,WAS,1,66,7.45304,37,8.86935,29,-1.41631,33.0,42,10.6637,-2.76204
2025_02_WAS_GB,2025,2,2025-09-11,WAS,GB,0,67,-8.00441,54,-7.15543,13,-0.84898,25.0,33,-7.30657,2.76204
2025_03_ARI_SF,2025,3,2025-09-21,ARI,SF,0,66,2.98228,41,5.96222,25,-2.97994,26.0,66,2.98228,-5.09086
2025_03_ARI_SF,2025,3,2025-09-21,SF,ARI,1,63,-5.73913,44,-0.83546,19,-4.90368,32.0,63,-5.73913,5.09086
2025_03_ATL_CAR,2025,3,2025-09-21,ATL,CAR,0,66,-22.38061,45,-22.53537,21,0.15475,24.0,34,-11.06879,-12.18152
2025_03_ATL_CAR,2025,3,2025-09-21,CAR,ATL,1,57,-0.33305,29,0.66996,28,-1.00301,27.0,33,-1.34639,12.18152
2025_03_CIN_MIN,2025,3,2025-09-21,CIN,MIN,0,56,-38.16762,34,-33.1262,22,-5.04141,18.0,28,-30.0026,-1.61152
2025_03_CIN_MIN,2025,3,2025-09-21,MIN,CIN,1,60,5.40051,30,2.77899,30,2.62152,30.0,15,-2.61755,1.61152
2025_03_DAL_CHI,2025,3,2025-09-21,CHI,DAL,1,57,15.20759,31,16.08825,26,-0.88066,27.0,37,14.5165,-2.38556
2025_03_DAL_CHI,2025,3,2025-09-21,DAL,CHI,0,73,-2.55128,50,-0.86324,23,-1.68804,36.0,41,2.07484,2.38556
2025_03_DEN_LAC,2025,3,2025-09-21,DEN,LAC,0,51,-6.25123,35,-4.49779,16,-1.75345,13.0,51,-6.25123,8.30964
2025_03_DEN_LAC,2025,3,2025-09-21,LAC,DEN,1,86,-0.61723,58,-0.02166,28,-0.59557,36.0,86,-0.61723,-8.30964
2025_03_DET_BAL,2025,3,2025-09-22,BAL,DET,1,55,6.41662,39,12.79783,16,-6.38121,27.0,49,0.62031,3.47256
2025_03_DET_BAL,2025,3,2025-09-22,DET,BAL,0,67,24.23459,30,14.62978,37,9.60481,39.0,60,18.46348,-3.47256
2025_03_GB_CLE,2025,3,2025-09-21,CLE,GB,1,65,-9.55277,45,-7.79084,20,-1.76194,21.0,65,-9.55277,2.8098
2025_03_GB_CLE,2025,3,2025-09-21,GB,CLE,0,64,-2.4361,35,1.32829,29,-3.76439,25.0,58,6.19268,-2.8098
2025_03_HOU_JAX,2025,3,2025-09-21,HOU,JAX,0,61,-12.07569,45,-8.21334,16,-3.86235,21.0,56,-13.41656,0.18913
2025_03_HOU_JAX,2025,3,2025-09-21,JAX,HOU,1,69,-9.93262,45,-5.37006,24,-4.56255,26.0,69,-9.93262,-0.18913
2025_03_IND_TEN,2025,3,2025-09-21,IND,TEN,0,54,22.92121,29,16.50812,25,6.41309,31.0,31,5.26289,-3.67284
2025_03_IND_TEN,2025,3,2025-09-21,TEN,IND,1,70,-8.74763,50,-8.86036,20,0.11273,32.0,33,-15.97181,3.67284
2025_03_KC_NYG,2025,3,2025-09-21,KC,NYG,0,69,11.82394,46,10.04023,23,1.78371,35.0,61,9.46271,-3.79904
2025_03_KC_NYG,2025,3,2025-09-21,NYG,KC,1,66,-9.0248,42,-9.88951,24,0.86471,27.0,49,-4.50289,3.79904
2025_03_LA_PHI,2025,3,2025-09-21,LA,PHI,0,66,0.13725,35,-0.07772,31,0.21497,33.0,65,-1.81064,-4.00323
2025_03_LA_PHI,2025,3,2025-09-21,PHI,LA,1,65,1.6958,39,0.40411,26,1.29169,28.0,60,-5.67761,4.00323
2025_03_LV_WAS,2025,3,2025-09-21,LV,WAS,0,64,1.47136,35,10.54329,29,-9.07192,22.0,33,-4.96616,-8.41337
2025_03_LV_WAS,2025,3,2025-09-21,WAS,LV,1,57,12.51507,25,11.25479,32,1.26028,27.0,36,6.68405,8.41337
2025_03_MIA_BUF,2025,3,2025-09-18,BUF,MIA,1,60,15.65863,34,12.45842,26,3.20021,32.0,54,15.30331,-6.07591
2025_03_MIA_BUF,2025,3,2025-09-18,MIA,BUF,0,61,2.06628,37,0.59869,24,1.46759,24.0,58,2.34191,6.07591
2025_03_NO_SEA,2025,3,2025-09-21,NO,SEA,0,73,-7.97834,48,0.03191,25,-8.01024,32.0,13,-6.81384,-18.80904
2025_03_NO_SEA,2025,3,2025-09-21,SEA,NO,1,56,6.2734,21,16.07401,35,-9.80062,25.0,6,4.24423,18.80904
2025_03_NYJ_TB,2025,3,2025-09-21,NYJ,TB,0,67,-8.66589,50,-2.74398,17,-5.92191,31.0,35,-18.62125,7.10566
2025_03_NYJ_TB,2025,3,2025-09-21,TB,NYJ,1,71,-0.93362,38,12.72301,33,-13.65663,23.0,42,2.00252,-7.10566
2025_03_PIT_NE,2025,3,2025-09-21,NE,PIT,1,74,-8.13928,50,8.12825,24,-16.26753,35.0,74,-8.13928,-0.47557
2025_03_PIT_NE,2025,3,2025-09-21,PIT,NE,0,51,2.47174,27,5.16392,24,-2.69218,27.0,51,2.47174,0.47557
2025_04_BAL_KC,2025,4,2025-09-28,BAL,KC,0,54,-3.94652,41,-9.24642,13,5.2999,24.0,31,-3.15123,-0.30006
2025_04_BAL_KC,2025,4,2025-09-28,KC,BAL,1,71,14.92131,43,14.55769,28,0.36362,31.0,37,14.72629,0.30006
2025_04_CAR_NE,2025,4,2025-09-28,CAR,NE,0,69,-2.09491,41,2.02261,28,-4.11752,34.0,29,1.99707,-13.35291
2025_04_CAR_NE,2025,4,2025-09-28,NE,CAR,1,46,16.32799,23,18.10816,23,-1.78017,19.0,17,8.54041,13.35291
2025_04_CHI_LV,2025,4,2025-09-28,CHI,LV,0,66,-7.90402,43,-0.33189,23,-7.57213,28.0,66,-7.90402,6.21378
2025_04_CHI_LV,2025,4,2025-09-28,LV,CHI,1,51,-9.9838,22,-7.48277,29,-2.50102,27.0,51,-9.9838,-6.21378
2025_04_CIN_DEN,2025,4,2025-09-29,CIN,DEN,0,47,-9.34849,33,-9.68841,14,0.33992,18.0,30,-2.7435,0.52098
2025_04_CIN_DEN,2025,4,2025-09-29,DEN,CIN,1,78,16.07754,44,15.54095,34,0.5366,39.0,30,14.64266,-0.52098
2025_04_CLE_DET,2025,4,2025-09-28,CLE,DET,0,66,-22.28024,40,-20.20581,26,-2.07443,19.0,53,-13.29881,-13.36143
2025_04_CLE_DET,2025,4,2025-09-28,DET,CLE,1,58,-8.47146,30,-1.57518,28,-6.89628,23.0,33,-0.96851,13.36143
2025_04_GB_DAL,2025,4,2025-09-28,DAL,GB,1,69,23.15465,42,21.58979,27,1.56486,38.0,66,25.89886,1.57467
2025_04_GB_DAL,2025,4,2025-09-28,GB,DAL,0,82,29.54253,50,27.08423,32,2.4583,46.0,82,29.54253,-1.57467
2025_04_IND_LA,2025,4,2025-09-28,IND,LA,0,60,-8.37792,40,-6.88948,20,-1.48844,26.0,57,-6.32663,2.84479
2025_04_IND_LA,2025,4,2025-09-28,LA,IND,1,72,1.41724,48,11.68592,24,-10.26868,37.0,70,0.96008,-2.84479
2025_04_JAX_SF,2025,4,2025-09-28,JAX,SF,0,63,5.51625,33,8.45996,30,-2.94371,29.0,59,7.72016,1.83342
2025_04_JAX_SF,2025,4,2025-09-28,SF,JAX,1,65,-4.61703,42,-0.96102,23,-3.65601,29.0,58,-9.23775,-1.83342
2025_04_LAC_NYG,2025,4,2025-09-28,LAC,NYG,0,62,-8.17755,48,-13.38298,14,5.20543,26.0,60,-8.17209,-0.90933
2025_04_LAC_NYG,2025,4,2025-09-28,NYG,LAC,1,75,-6.5955,34,-1.52057,41,-5.07493,33.0,73,-6.00888,0.90933
2025_04_MIN_PIT,2025,4,2025-09-28,MIN,PIT,0,74,1.62081,56,3.26387,18,-1.64306,32.0,54,-7.54058,1.74195
2025_04_MIN_PIT,2025,4,2025-09-28,PIT,MIN,1,51,10.13474,25,5.98602,26,4.14872,30.0,28,11.29384,-1.74195
2025_04_NO_BUF,2025,4,2025-09-28,BUF,NO,1,56,9.12796,29,7.27395,27,1.85401,26.0,48,10.90944,-3.55513
2025_04_NO_BUF,2025,4,2025-09-28,NO,BUF,0,66,-4.73069,35,-6.86254,31,2.13185,29.0,58,1.51843,3.55513
2025_04_NYJ_MIA,2025,4,2025-09-29,MIA,NYJ,1,58,7.14241,29,12.45079,29,-5.30838,23.0,42,12.21529,4.34608
2025_04_NYJ_MIA,2025,4,2025-09-29,NYJ,MIA,0,62,5.58704,40,10.23503,22,-4.64799,36.0,38,-6.08112,-4.34608
2025_04_PHI_TB,2025,4,2025-09-28,PHI,TB,0,58,-4.28542,31,2.24871,27,-6.53414,24.0,24,4.93624,4.28273
2025_04_PHI_TB,2025,4,2025-09-28,TB,PHI,1,71,-8.26599,46,-1.16421,25,-7.10177,28.0,52,-18.92034,-4.28273
2025_04_SEA_ARI,2025,4,2025-09-25,ARI,SEA,1,67,-4.03609,54,-1.37689,13,-2.65921,26.0,57,-8.58648,5.89037
2025_04_SEA_ARI,2025,4,2025-09-25,SEA,ARI,0,66,7.02722,32,14.88704,34,-7.85982,29.0,46,10.03325,-5.89037
2025_04_TEN_HOU,2025,4,2025-09-28,HOU,TEN,1,70,7.49831,34,8.5437,36,-1.04539,28.0,56,2.04779,8.07153
2025_04_TEN_HOU,2025,4,2025-09-28,TEN,HOU,0,49,-16.38417,33,-15.23224,16,-1.15193,17.0,32,-6.55481,-8.07153
2025_04_WAS_ATL,2025,4,2025-09-28,ATL,WAS,1,62,17.23799,29,20.16327,33,-2.92527,32.0,49,20.2729,-4.51332
2025_04_WAS_ATL,2025,4,2025-09-28,WAS,ATL,0,55,6.8519,34,5.47911,21,1.37279,27.0,39,-1.83213,4.51332
2025_05_DAL_NYJ,2025,5,2025-10-05,DAL,NYJ,0,57,19.66147,33,13.40336,24,6.25811,27.0,30,12.4776,-1.2359
2025_05_DAL_NYJ,2025,5,2025-10-05,NYJ,DAL,1,77,-1.50656,58,1.95687,19,-3.46343,37.0,35,-6.11843,1.2359
2025_05_DEN_PHI,2025,5,2025-10-05,DEN,PHI,0,73,2.3815,45,4.38043,28,-1.99893,35.0,58,-0.47633,1.62458
2025_05_DEN_PHI,2025,5,2025-10-05,PHI,DEN,1,60,1.23337,50,2.58024,10,-1.34687,24.0,50,5.0562,-1.62458
2025_05_DET_CIN,2025,5,2025-10-05,CIN,DET,1,62,-1.19916,49,0.49315,13,-1.69232,28.0,34,-13.45397,-5.97422
2025_05_DET_CIN,2025,5,2025-10-05,DET,CIN,0,60,12.11433,28,13.0129,32,-0.89856,31.0,36,5.45652,5.97422
2025_05_HOU_BAL,2025,5,2025-10-05,BAL,HOU,1,43,-13.25882,23,-6.85884,20,-6.39998,17.0,18,-3.72731,-6.88847
2025_05_HOU_BAL,2025,5,2025-10-05,HOU,BAL,0,68,23.38103,38,21.93424,30,1.4468,41.0,34,11.37736,6.88847
2025_05_KC_JAX,2025,5,2025-10-06,JAX,KC,1,58,6.90811,39,10.50438,19,-3.59626,29.0,58,6.90811,6.56561
2025_05_KC_JAX,2025,5,2025-10-06,KC,JAX,0,64,11.20083,46,5.44175,18,5.75908,41.0,60,11.18121,-6.56561
2025_05_LV_IND,2025,5,2025-10-05,IND,LV,1,61,21.04371,34,16.60833,27,4.43538,33.0,36,9.49255,4.14544
2025_05_LV_IND,2025,5,2025-10-05,LV,IND,0,68,-13.3445,43,-7.94997,25,-5.39453,33.0,29,-1.49332,-4.14544
2025_05_MIA_CAR,2025,5,2025-10-05,CAR,MIA,1,67,10.61263,38,0.09341,29,10.51922,32.0,64,11.29787,-1.66937
2025_05_MIA_CAR,2025,5,2025-10-05,MIA,CAR,0,55,4.79888,42,10.5326,13,-5.73372,20.0,55,4.79888,1.66937
2025_05_MIN_CLE,2025,5,2025-10-05,CLE,MIN,1,69,-3.16841,35,-2.60975,34,-0.55866,26.0,68,-3.46296,4.10995
2025_05_MIN_CLE,2025,5,2025-10-05,MIN,CLE,0,64,5.24217,45,13.39548,19,-8.1533,31.0,64,5.24217,-4.10995
2025_05_NE_BUF,2025,5,2025-10-05,BUF,NE,1,68,0.15718,43,9.11376,25,-8.95658,33.0,67,0.16684,-1.27923
2025_05_NE_BUF,2025,5,2025-10-05,NE,BUF,0,60,3.91954,40,6.93659,20,-3.01705,28.0,60,3.91954,1.27923
2025_05_NYG_NO,2025,5,2025-10-05,NO,NYG,1,65,7.14811,35,14.31422,30,-7.16611,31.0,53,8.62103,-11.09571
2025_05_NYG_NO,2025,5,2025-10-05,NYG,NO,0,72,-19.37437,48,-11.99938,24,-7.37498,34.0,50,-10.80465,11.09571
2025_05_SF_LA,2025,5,2025-10-02,LA,SF,1,67,6.57212,50,17.22693,17,-10.65481,39.0,67,6.57212,-2.7424
2025_05_SF_LA,2025,5,2025-10-02,SF,LA,0,85,10.7708,52,14.52542,33,-3.75462,43.0,80,14.52495,2.7424
2025_05_TB_SEA,2025,5,2025-10-05,SEA,TB,1,60,20.66625,39,23.38814,21,-2.72189,35.0,60,20.66625,-2.92345
2025_05_TB_SEA,2025,5,2025-10-05,TB,SEA,0,59,22.99669,40,25.80584,19,-2.80915,30.0,59,22.99669,2.92345
2025_05_TEN_ARI,2025,5,2025-10-05,ARI,TEN,1,68,-4.03234,40,5.17712,28,-9.20946,25.0,33,7.04346,-1.82175
2025_05_TEN_ARI,2025,5,2025-10-05,TEN,ARI,0,63,-1.61449,44,2.04771,19,-3.66221,29.0,46,0.68973,1.82175
2025_05_WAS_LAC,2025,5,2025-10-05,LAC,WAS,1,65,-10.22346,41,-10.8896,24,0.66615,25.0,60,-9.62218,2.64898
2025_05_WAS_LAC,2025,5,2025-10-05,WAS,LAC,0,58,14.53579,34,17.2435,24,-2.70771,33.0,40,11.24496,-2.64898
2025_06_ARI_IND,2025,6,2025-10-12,ARI,IND,0,73,5.63345,50,6.31943,23,-0.68598,34.0,73,5.63345,1.68189
2025_06_ARI_IND,2025,6,2025-10-12,IND,ARI,1,57,9.397,33,5.10056,24,4.29644,31.0,55,9.53782,-1.68189
2025_06_BUF_ATL,2025,6,2025-10-13,ATL,BUF,1,69,9.55371,38,4.3783,31,5.17541,35.0,45,13.41173,-2.96564
2025_06_BUF_ATL,2025,6,2025-10-13,BUF,ATL,0,57,-5.9372,37,-4.60786,20,-1.32934,27.0,50,-4.88988,2.96564
2025_06_CHI_WAS,2025,6,2025-10-13,CHI,WAS,0,62,8.99531,37,3.52646,25,5.46884,32.0,62,8.99531,-1.78818
2025_06_CHI_WAS,2025,6,2025-10-13,WAS,CHI,1,64,1.84999,40,15.33836,24,-13.48837,30.0,64,1.84999,1.78818
2025_06_CIN_GB,2025,6,2025-10-12,CIN,GB,0,62,5.75437,46,6.59282,16,-0.83846,31.0,47,-0.09591,-2.24727
2025_06_CIN_GB,2025,6,2025-10-12,GB,CIN,1,60,12.8057,33,9.88172,27,2.92398,35.0,49,7.70562,2.24727
2025_06_CLE_PIT,2025,6,2025-10-12,CLE,PIT,0,82,-9.70053,65,-9.67599,17,-0.02454,32.0,44,-6.01937,3.52
2025_06_CLE_PIT,2025,6,2025-10-12,PIT,CLE,1,56,6.16065,31,9.18123,25,-3.02058,23.0,48,7.84291,-3.52
2025_06_DAL_CAR,2025,6,2025-10-12,CAR,DAL,1,64,12.37659,29,5.33225,35,7.04434,38.0,64,12.37659,0.67954
2025_06_DAL_CAR,2025,6,2025-10-12,DAL,CAR,0,54,13.74833,36,22.15387,18,-8.40553,23.0,54,13.74833,-0.67954
2025_06_DEN_NYJ,2025,6,2025-10-12,DEN,NYJ,0,58,-8.55981,36,-2.98616,22,-5.57365,19.0,58,-8.55981,-9.54351
2025_06_DEN_NYJ,2025,6,2025-10-12,NYJ,DEN,1,57,-23.9777,29,-21.20662,28,-2.77109,14.0,57,-23.9777,9.54351
2025_06_DET_KC,2025,6,2025-10-12,DET,KC,0,54,4.4966,32,6.42513,22,-1.92853,28.0,47,10.22825,0.0925
2025_06_DET_KC,2025,6,2025-10-12,KC,DET,1,60,18.64533,40,17.85052,20,0.79481,34.0,51,18.566,-0.0925
2025_06_LAC_MIA,2025,6,2025-10-12,LAC,MIA,0,64,6.65543,39,6.93631,25,-0.28088,29.0,60,7.30881,0.41522
2025_06_LAC_MIA,2025,6,2025-10-12,MIA,LAC,1,59,1.72176,39,-4.18065,20,5.90241,25.0,50,-2.59818,-0.41522
2025_06_LA_BAL,2025,6,2025-10-12,BAL,LA,1,77,-27.61466,41,-15.70765,36,-11.90702,29.0,52,-25.36465,5.18831
2025_06_LA_BAL,2025,6,2025-10-12,LA,BAL,0,51,0.27182,30,3.75442,21,-3.4826,24.0,36,3.35494,-5.18831
2025_06_NE_NO,2025,6,2025-10-12,NE,NO,0,60,8.32126,35,19.29201,25,-10.97075,29.0,58,8.90036,-3.24219
2025_06_NE_NO,2025,6,2025-10-12,NO,NE,1,56,-3.37489,35,-2.12423,21,-1.25066,26.0,56,-3.37489,3.24219
2025_06_PHI_NYG,2025,6,2025-10-09,NYG,PHI,1,66,19.53317,35,14.10236,31,5.43081,33.0,50,16.60301,-0.71142
2025_06_PHI_NYG,2025,6,2025-10-09,PHI,NYG,0,57,-3.77161,39,-2.19248,18,-1.57912,26.0,50,-2.90669,0.71142
2025_06_SEA_JAX,2025,6,2025-10-12,JAX,SEA,1,72,-4.28386,53,-2.58838,19,-1.69548,26.0,61,-8.38314,-6.034
2025_06_SEA_JAX,2025,6,2025-10-12,SEA,JAX,0,52,1.08828,29,10.91517,23,-9.8269,20.0,35,7.15092,6.034
2025_06_SF_TB,2025,6,2025-10-12,SF,TB,0,69,-6.17413,48,-5.85557,21,-0.31856,31.0,65,-3.09413,7.73691
2025_06_SF_TB,2025,6,2025-10-12,TB,SF,1,51,14.80194,26,14.8338,25,-0.03186,28.0,39,15.58466,-7.73691
2025_06_TEN_LV,2025,6,2025-10-12,LV,TEN,1,58,-4.3524,29,5.92836,29,-10.28077,26.0,35,-2.93776,4.48458
2025_06_TEN_LV,2025,6,2025-10-12,TEN,LV,0,60,-14.11484,45,-10.90841,15,-3.20643,24.0,29,-15.09711,-4.48458
2025_07_ATL_SF,2025,7,2025-10-19,ATL,SF,0,65,-7.32016,47,-6.15491,18,-1.16525,28.0,57,-4.04365,-0.78509
2025_07_ATL_SF,2025,7,2025-10-19,SF,ATL,1,64,2.20567,28,2.53129,36,-0.32561,32.0,61,1.45466,0.78509
2025_07_CAR_NYJ,2025,7,2025-10-19,CAR,NYJ,0,69,-5.06952,37,-4.03518,32,-1.03434,27.0,55,-2.82562,2.65219
2025_07_CAR_NYJ,2025,7,2025-10-19,NYJ,CAR,1,61,-15.94731,45,-15.27595,16,-0.67136,18.0,57,-17.74309,-2.65219
2025_07_GB_ARI,2025,7,2025-10-19,ARI,GB,1,76,-0.19695,51,6.28393,25,-6.48088,33.0,76,-0.19695,1.30927
2025_07_GB_ARI,2025,7,2025-10-19,GB,ARI,0,55,7.24153,36,9.38054,19,-2.13901,28.0,55,7.24153,-1.30927
2025_07_HOU_SEA,2025,7,2025-10-20,HOU,SEA,0,75,-21.6841,60,-10.73956,15,-10.94453,29.0,43,-16.44131,-1.30558
2025_07_HOU_SEA,2025,7,2025-10-20,SEA,HOU,1,70,-15.24145,38,-13.20022,32,-2.04122,26.0,46,4.45872,1.30558
2025_07_IND_LAC,2025,7,2025-10-19,IND,LAC,0,55,23.85354,35,13.77851,20,10.07503,29.0,37,16.48988,3.6036
2025_07_IND_LAC,2025,7,2025-10-19,LAC,IND,1,76,8.90473,63,10.31505,13,-1.41033,36.0,31,-9.01072,-3.6036
2025_07_LA_JAX,2025,7,2025-10-19,JAX,LA,1,77,-10.7721,59,-13.44872,18,2.67662,32.0,27,-6.51861,-5.04463
2025_07_LA_JAX,2025,7,2025-10-19,LA,JAX,0,66,16.02983,42,17.44971,24,-1.41988,33.0,26,11.14562,5.04463
2025_07_LV_KC,2025,7,2025-10-19,KC,LV,1,78,19.05003,44,24.31961,34,-5.26958,41.0,29,13.92741,-5.13509
2025_07_LV_KC,2025,7,2025-10-19,LV,KC,0,35,-22.03112,23,-12.48443,12,-9.54669,5.0,16,-5.48912,5.13509
2025_07_MIA_CLE,2025,7,2025-10-19,CLE,MIA,1,56,0.20851,26,5.92606,30,-5.71756,17.0,34,8.17705,1.5843
2025_07_MIA_CLE,2025,7,2025-10-19,MIA,CLE,0,58,-30.04375,37,-24.99573,21,-5.04802,14.0,26,-11.54027,-1.5843
2025_07_NE_TEN,2025,7,2025-10-19,NE,TEN,0,62,16.58358,36,14.8932,26,1.69038,30.0,40,19.64978,-6.67784
2025_07_NE_TEN,2025,7,2025-10-19,TEN,NE,1,53,-14.83322,40,-11.35609,13,-3.47713,22.0,29,-6.1752,6.67784
2025_07_NO_CHI,2025,7,2025-10-19,CHI,NO,1,66,4.98924,28,1.04211,38,3.94713,29.0,37,-1.9949,4.94608
2025_07_NO_CHI,2025,7,2025-10-19,NO,CHI,0,56,-11.88739,39,-7.77653,17,-4.11086,23.0,39,-14.34144,-4.94608
2025_07_NYG_DEN,2025,7,2025-10-19,DEN,NYG,1,78,6.08759,55,-1.10266,23,7.19025,30.0,52,-2.31517,2.92642
2025_07_NYG_DEN,2025,7,2025-10-19,NYG,DEN,0,76,18.17713,43,17.40306,33,0.77407,30.0,49,12.32421,-2.92642
2025_07_PHI_MIN,2025,7,2025-10-19,MIN,PHI,1,69,-6.10617,48,1.73179,21,-7.83797,35.0,64,-11.10925,9.03217
2025_07_PHI_MIN,2025,7,2025-10-19,PHI,MIN,0,49,12.47107,26,18.90667,23,-6.4356,19.0,43,11.91314,-9.03217
2025_07_PIT_CIN,2025,7,2025-10-16,CIN,PIT,1,73,23.01194,52,16.94841,21,6.06352,38.0,73,23.01194,-2.28105
2025_07_PIT_CIN,2025,7,2025-10-16,PIT,CIN,0,57,17.57003,37,13.01774,20,4.55229,28.0,57,17.57003,2.28105
2025_07_TB_DET,2025,7,2025-10-20,DET,TB,1,68,-5.49504,37,-6.14782,31,0.65278,25.0,41,7.66824,-0.595
2025_07_TB_DET,2025,7,2025-10-20,TB,DET,0,67,-22.36987,56,-23.93546,11,1.56559,23.0,37,-14.02829,0.595
2025_07_WAS_DAL,2025,7,2025-10-19,DAL,WAS,1,65,10.64559,38,13.10032,27,-2.45473,27.0,37,8.7338,1.00282
2025_07_WAS_DAL,2025,7,2025-10-19,WAS,DAL,0,65,-9.60342,42,-13.95617,23,4.35275,30.0,44,-1.58768,-1.00282
2025_08_BUF_CAR,2025,8,2025-10-26,BUF,CAR,0,63,20.60559,26,10.11644,37,10.48915,30.0,30,7.49573,-1.35554
2025_08_BUF_CAR,2025,8,2025-10-26,CAR,BUF,1,61,-19.09671,34,-15.9072,27,-3.18952,24.0,35,-15.03274,1.35554
2025_08_CHI_BAL,2025,8,2025-10-26,BAL,CHI,1,62,13.61851,27,8.00428,35,5.61423,31.0,51,8.2626,2.2739
2025_08_CHI_BAL,2025,8,2025-10-26,CHI,BAL,0,63,2.9419,42,3.91904,21,-0.97714,28.0,50,4.03134,-2.2739
2025_08_CLE_NE,2025,8,2025-10-26,CLE,NE,0,53,-16.05035,39,-17.45444,14,1.40409,16.0,26,-10.38561,-2.41348
2025_08_CLE_NE,2025,8,2025-10-26,NE,CLE,1,65,6.07144,37,11.2862,28,-5.21475,32.0,42,2.39118,2.41348
2025_08_DAL_DEN,2025,8,2025-10-26,DAL,DEN,0,74,5.69107,46,5.70091,28,-0.00984,38.0,42,2.81665,-0.53165
2025_08_DAL_DEN,2025,8,2025-10-26,DEN,DAL,1,60,23.73583,33,18.529,27,5.20683,34.0,33,15.77673,0.53165
2025_08_GB_PIT,2025,8,2025-10-26,GB,PIT,0,62,19.70518,37,21.29901,25,-1.59383,30.0,48,19.71873,-14.09635
2025_08_GB_PIT,2025,8,2025-10-26,PIT,GB,1,61,-6.27466,43,-5.02388,18,-1.25077,25.0,49,-6.44853,14.09635
2025_08_MIA_ATL,2025,8,2025-10-26,ATL,MIA,1,49,-13.96775,33,-3.46568,16,-10.50207,20.0,23,-10.37725,-3.65499
2025_08_MIA_ATL,2025,8,2025-10-26,MIA,ATL,0,69,12.32697,31,8.43336,38,3.8936,34.0,42,8.22386,3.65499
2025_08_MIN_LAC,2025,8,2025-10-23,LAC,MIN,1,72,16.78571,35,16.01564,37,0.77007,38.0,31,14.47149,-0.33965
2025_08_MIN_LAC,2025,8,2025-10-23,MIN,LAC,0,49,-17.6854,37,-9.53087,12,-8.15453,14.0,21,-6.06413,0.33965
2025_08_NYG_PHI,2025,8,2025-10-26,NYG,PHI,0,51,3.12019,32,4.15225,19,-1.03206,20.0,29,-4.02782,0.60018
2025_08_NYG_PHI,2025,8,2025-10-26,PHI,NYG,1,56,26.4072,29,13.04854,27,13.35866,33.0,38,16.69096,-0.60018
2025_08_NYJ_CIN,2025,8,2025-10-26,CIN,NYJ,1,59,14.51892,37,4.90037,22,9.61855,34.0,55,11.05297,1.86306
2025_08_NYJ_CIN,2025,8,2025-10-26,NYJ,CIN,0,68,21.78105,37,14.25477,31,7.52629,40.0,58,10.62188,-1.86306
2025_08_SF_HOU,2025,8,2025-10-26,HOU,SF,1,79,16.41757,45,22.72873,34,-6.31116,37.0,54,17.20611,-2.85093
2025_08_SF_HOU,2025,8,2025-10-26,SF,HOU,0,47,-2.18757,37,-1.44414,10,-0.74343,18.0,19,-5.14649,2.85093
2025_08_TB_NO,2025,8,2025-10-26,NO,TB,1,71,-34.22197,61,-31.80473,10,-2.41724,27.0,35,-21.65419,-3.88791
2025_08_TB_NO,2025,8,2025-10-26,TB,NO,0,58,-9.50633,27,-1.77036,31,-7.73597,19.0,45,-3.8721,3.88791
2025_08_TEN_IND,2025,8,2025-10-26,IND,TEN,1,53,18.31811,35,11.43189,18,6.88622,23.0,32,13.38523,7.36642
2025_08_TEN_IND,2025,8,2025-10-26,TEN,IND,0,70,-2.51015,46,-4.63055,24,2.12041,30.0,31,0.84591,-7.36642
2025_08_WAS_KC,2025,8,2025-10-27,KC,WAS,1,68,17.81438,42,15.14457,26,2.66981,35.0,47,11.6658,-2.99028
2025_08_WAS_KC,2025,8,2025-10-27,WAS,KC,0,53,-8.46777,36,-7.30456,17,-1.16321,22.0,37,-3.98947,2.99028
2025_09_ARI_DAL,2025,9,2025-11-03,ARI,DAL,0,65,8.00886,38,8.1713,27,-0.16244,31.0,43,16.03883,-2.86241
2025_09_ARI_DAL,2025,9,2025-11-03,DAL,ARI,1,66,-9.66358,49,-11.28869,17,1.62512,28.0,42,-7.38995,2.86241
2025_09_ATL_NE,2025,9,2025-11-02,ATL,NE,0,56,3.22717,42,4.96759,14,-1.74043,23.0,56,3.22717,-1.76112
2025_09_ATL_NE,2025,9,2025-11-02,NE,ATL,1,65,0.87226,40,0.75317,25,0.11909,29.0,59,7.43727,1.76112
2025_09_BAL_MIA,2025,9,2025-10-30,BAL,MIA,0,54,11.4669,27,12.26194,27,-0.79504,27.0,32,4.22518,0.41318
2025_09_BAL_MIA,2025,9,2025-10-30,MIA,BAL,1,63,-13.30147,44,-5.16368,19,-8.13779,25.0,39,-7.70876,-0.41318
2025_09_CAR_GB,2025,9,2025-11-02,CAR,GB,0,58,5.62253,25,2.59447,33,3.02806,29.0,58,5.62253,0.14339
2025_09_CAR_GB,2025,9,2025-11-02,GB,CAR,1,65,0.64856,38,5.9,27,-5.25144,32.0,65,0.64856,-0.14339
2025_09_CHI_CIN,2025,9,2025-11-02,CHI,CIN,0,79,36.21467,46,23.15444,33,13.06023,44.0,74,32.72708,-11.26858
2025_09_CHI_CIN,2025,9,2025-11-02,CIN,CHI,1,66,13.80752,52,15.53277,14,-1.72525,32.0,52,10.2416,11.26858
2025_09_DEN_HOU,2025,9,2025-11-02,DEN,HOU,0,62,-6.63549,40,-2.69038,22,-3.94511,19.0,62,-6.63549,-7.52772
2025_09_DEN_HOU,2025,9,2025-11-02,HOU,DEN,1,73,-12.32462,48,-3.12817,25,-9.19645,21.0,73,-12.32462,7.52772
2025_09_IND_PIT,2025,9,2025-11-02,IND,PIT,0,77,-8.16354,59,-15.84004,18,7.6765,39.0,50,-7.93645,-6.85352
2025_09_IND_PIT,2025,9,2025-11-02,PIT,IND,1,61,-5.96021,40,-3.1656,21,-2.79461,25.0,43,-1.01799,6.85352
2025_09_JAX_LV,2025,9,2025-11-02,JAX,LV,0,79,9.82404,41,-4.50374,38,14.32778,39.0,74,10.26652,2.49352
2025_09_JAX_LV,2025,9,2025-11-02,LV,JAX,1,63,11.29554,45,14.32575,18,-3.0302,34.0,62,12.0763,-2.49352
2025_09_KC_BUF,2025,9,2025-11-02,BUF,KC,1,65,14.27819,31,10.79266,34,3.48553,36.0,52,11.83807,-6.34253
2025_09_KC_BUF,2025,9,2025-11-02,KC,BUF,0,59,-0.14193,39,-1.83639,20,1.69446,24.0,44,-5.27572,6.34253
2025_09_LAC_TEN,2025,9,2025-11-02,LAC,TEN,0,64,5.39522,39,5.44224,25,-0.04702,37.0,52,8.33486,-5.38687
2025_09_LAC_TEN,2025,9,2025-11-02,TEN,LAC,1,47,-10.96907,27,-2.80676,20,-8.16231,16.0,47,-10.96907,5.38687
2025_09_MIN_DET,2025,9,2025-11-02,DET,MIN,1,64,-2.63778,43,3.25133,21,-5.88911,22.0,59,-8.13759,-5.23327
2025_09_MIN_DET,2025,9,2025-11-02,MIN,DET,0,58,-0.05874,33,-4.03705,25,3.97831,25.0,51,1.20457,5.23327
2025_09_NO_LA,2025,9,2025-11-02,LA,NO,1,76,23.5916,36,14.74477,40,8.84682,44.0,41,15.77659,-6.59926
2025_09_NO_LA,2025,9,2025-11-02,NO,LA,0,40,-11.90829,26,-0.0445,14,-11.86379,13.0,16,-5.07934,6.59926
2025_09_SEA_WAS,2025,9,2025-11-02,SEA,WAS,0,51,23.18526,27,24.10925,24,-0.92398,31.0,21,13.58262,2.65301
2025_09_SEA_WAS,2025,9,2025-11-02,WAS,SEA,1,65,-3.58624,38,-3.90442,27,0.31817,32.0,18,-4.94929,-2.65301
2025_09_SF_NYG,2025,9,2025-11-02,NYG,SF,1,57,9.82871,39,7.07031,18,2.7584,29.0,40,-1.03448,-6.99171
2025_09_SF_NYG,2025,9,2025-11-02,SF,NYG,0,64,19.82941,28,12.21743,36,7.61198,33.0,47,11.25127,6.99171
2025_10_ARI_SEA,2025,10,2025-11-09,ARI,SEA,0,75,-16.95971,56,-11.87108,19,-5.08862,31.0,8,-8.68513,-6.4171
2025_10_ARI_SEA,2025,10,2025-11-09,SEA,ARI,1,57,5.00161,15,6.33873,42,-1.33711,31.0,13,8.96847,6.4171
2025_10_ATL_IND,2025,10,2025-11-09,ATL,IND,0,61,-1.40714,33,-5.45202,28,4.04488,28.0,61,-1.40714,1.50638
2025_10_ATL_IND,2025,10,2025-11-09,IND,ATL,1,76,12.45014,41,0.65555,35,11.79459,42.0,74,10.42329,-1.50638
2025_10_BAL_MIN,2025,10,2025-11-09,BAL,MIN,0,68,0.69797,36,0.22326,32,0.47471,33.0,58,4.07104,2.11535
2025_10_BAL_MIN,2025,10,2025-11-09,MIN,BAL,1,64,-4.53372,50,-4.32977,14,-0.20395,26.0,39,-6.77435,-2.11535
2025_10_BUF_MIA,2025,10,2025-11-09,BUF,MIA,0,67,-4.66705,47,5.69309,20,-10.36013,29.0,24,-17.3842,-1.52826
2025_10_BUF_MIA,2025,10,2025-11-09,MIA,BUF,1,51,15.92813,21,9.00747,30,6.92066,22.0,29,11.81073,1.52826
2025_10_CLE_NYJ,2025,10,2025-11-09,CLE,NYJ,0,73,-3.16537,46,0.09486,27,-3.26023,26.0,69,-7.22133,-14.49378
2025_10_CLE_NYJ,2025,10,2025-11-09,NYJ,CLE,1,47,-11.47344,17,-6.73358,30,-4.73986,12.0,35,-8.61451,14.49378
2025_10_DET_WAS,2025,10,2025-11-09,DET,WAS,0,68,32.85538,36,24.53915,32,8.31623,40.0,37,19.93469,-0.42666
2025_10_DET_WAS,2025,10,2025-11-09,WAS,DET,1,50,10.89902,26,13.26959,24,-2.37057,24.0,24,2.17892,0.42666
2025_10_JAX_HOU,2025,10,2025-11-09,HOU,JAX,1,72,8.58576,51,6.86889,21,1.71687,37.0,59,3.72509,-10.37246
2025_10_JAX_HOU,2025,10,2025-11-09,JAX,HOU,0,61,-10.89036,38,-5.48753,23,-5.40283,25.0,44,-11.87381,10.37246
2025_10_LA_SF,2025,10,2025-11-09,LA,SF,0,65,26.91964,37,22.63016,28,4.28948,41.0,47,22.46754,-0.17423
2025_10_LA_SF,2025,10,2025-11-09,SF,LA,1,62,8.02448,41,12.10742,21,-4.08294,36.0,46,5.24169,0.17423
2025_10_LV_DEN,2025,10,2025-11-06,DEN,LV,1,59,-18.01782,33,-13.65857,26,-4.35925,22.0,57,-19.47359,1.62809
2025_10_LV_DEN,2025,10,2025-11-06,LV,DEN,0,60,-23.55776,37,-18.017,23,-5.54077,20.0,60,-23.55776,-1.62809
2025_10_NE_TB,2025,10,2025-11-09,NE,TB,0,60,11.61712,38,5.70339,22,5.91374,23.0,55,12.19336,-0.0333
2025_10_NE_TB,2025,10,2025-11-09,TB,NE,1,68,4.58518,47,1.63578,21,2.9494,34.0,61,-1.10831,0.0333
2025_10_NO_CAR,2025,10,2025-11-09,CAR,NO,1,53,-15.90324,30,-6.42994,23,-9.47329,21.0,52,-13.06321,6.34189
2025_10_NO_CAR,2025,10,2025-11-09,NO,CAR,0,65,9.28462,32,9.82018,33,-0.53556,26.0,54,6.33551,-6.34189
2025_10_NYG_CHI,2025,10,2025-11-09,CHI,NYG,1,66,5.05431,45,4.77294,21,0.28137,33.0,57,4.10447,-0.37064
2025_10_NYG_CHI,2025,10,2025-11-09,NYG,CHI,0,73,-0.39838,45,-0.4266,28,0.02822,28.0,66,3.74532,0.37064
2025_10_PHI_GB,2025,10,2025-11-10,GB,PHI,1,67,-10.23933,43,-6.33283,24,-3.90651,26.0,67,-10.23933,-0.69318
2025_10_PHI_GB,2025,10,2025-11-10,PHI,GB,0,63,-4.36536,30,8.98295,33,-13.34831,21.0,59,-1.13906,0.69318
2025_10_PIT_LAC,2025,10,2025-11-09,LAC,PIT,1,72,-8.03867,42,-5.26626,30,-2.77241,28.0,49,-4.71935,6.6645
2025_10_PIT_LAC,2025,10,2025-11-09,PIT,LAC,0,52,-19.39337,35,-17.46663,17,-1.92675,20.0,38,-16.56908,-6.6645
2025_11_BAL_CLE,2025,11,2025-11-16,BAL,CLE,0,59,-6.87908,32,-12.23148,27,5.3524,25.0,59,-6.87908,-6.99305
2025_11_BAL_CLE,2025,11,2025-11-16,CLE,BAL,1,56,-24.36929,33,-17.76582,23,-6.60346,16.0,56,-24.36929,6.99305
2025_11_CAR_ATL,2025,11,2025-11-16,ATL,CAR,1,66,5.82537,35,9.6796,31,-3.85422,34.0,66,5.82537,-4.61111
2025_11_CAR_ATL,2025,11,2025-11-16,CAR,ATL,0,77,7.52458,51,14.78818,26,-7.2636,31.0,74,9.60479,4.61111
2025_11_CHI_MIN,2025,11,2025-11-16,CHI,MIN,0,75,-4.73256,37,-0.24517,38,-4.48739,33.0,66,0.70019,-0.09817
2025_11_CHI_MIN,2025,11,2025-11-16,MIN,CHI,1,55,-9.68934,33,-12.3546,22,2.66526,24.0,52,-7.84124,0.09817
2025_11_CIN_PIT,2025,11,2025-11-16,CIN,PIT,0,64,-11.03815,42,-15.15763,22,4.11948,23.0,52,-0.86402,2.74767
2025_11_CIN_PIT,2025,11,2025-11-16,PIT,CIN,1,64,11.74233,38,12.58531,26,-0.84297,29.0,52,5.71525,-2.74767
2025_11_DAL_LV,2025,11,2025-11-17,DAL,LV,0,62,10.45345,35,10.86188,27,-0.40843,35.0,35,10.52099,2.65246
2025_11_DAL_LV,2025,11,2025-11-17,LV,DAL,1,59,-11.71517,51,-10.69638,8,-1.01879,26.0,40,-10.36979,-2.65246
2025_11_DET_PHI,2025,11,2025-11-16,DET,PHI,0,59,-23.64511,39,-14.26323,20,-9.38188,20.0,48,-18.29022,-0.67264
2025_11_DET_PHI,2025,11,2025-11-16,PHI,DET,1,71,-13.57389,34,-7.97787,37,-5.59603,27.0,55,-7.74132,0.67264
2025_11_GB_NYG,2025,11,2025-11-16,GB,NYG,0,54,18.24068,31,13.23017,23,5.01051,25.0,51,18.48908,-1.36566
2025_11_GB_NYG,2025,11,2025-11-16,NYG,GB,1,71,9.67745,33,6.79089,38,2.88656,33.0,70,9.77472,1.36566
2025_11_HOU_TEN,2025,11,2025-11-16,HOU,TEN,0,70,-4.60646,48,0.61862,22,-5.22508,29.0,69,-3.75036,-2.20487
2025_11_HOU_TEN,2025,11,2025-11-16,TEN,HOU,1,59,-5.67719,45,1.27621,14,-6.95341,22.0,59,-5.67719,2.20487
2025_11_KC_DEN,2025,11,2025-11-16,DEN,KC,1,61,0.92428,41,4.70895,20,-3.78467,27.0,61,0.92428,9.93154
2025_11_KC_DEN,2025,11,2025-11-16,KC,DEN,0,70,8.30077,56,7.41499,14,0.88577,30.0,70,8.30077,-9.93154
2025_11_LAC_JAX,2025,11,2025-11-16,JAX,LAC,1,71,9.71917,26,5.52712,45,4.19205,38.0,36,5.92076,-1.34806
2025_11_LAC_JAX,2025,11,2025-11-16,LAC,JAX,0,48,-22.58902,35,-20.25412,13,-2.3349,16.0,31,-5.76967,1.34806
2025_11_NYJ_NE,2025,11,2025-11-13,NE,NYJ,1,64,8.8609,40,11.62268,24,-2.76178,31.0,53,14.97347,-0.64388
2025_11_NYJ_NE,2025,11,2025-11-13,NYJ,NE,0,57,-4.85055,33,-3.21933,24,-1.63122,27.0,43,3.46111,0.64388
2025_11_SEA_LA,2025,11,2025-11-16,LA,SEA,1,51,-9.89454,28,-9.46216,23,-0.43238,19.0,44,-4.04405,-4.56258
2025_11_SEA_LA,2025,11,2025-11-16,SEA,LA,0,84,-15.95454,48,-12.13312,36,-3.82142,39.0,78,-17.12942,4.56258
2025_11_SF_ARI,2025,11,2025-11-16,ARI,SF,1,77,-0.0523,59,4.96624,18,-5.01854,37.0,40,-1.78841,-12.39165
2025_11_SF_ARI,2025,11,2025-11-16,SF,ARI,0,51,10.92241,29,10.00565,22,0.91676,28.0,26,5.56855,12.39165
2025_11_TB_BUF,2025,11,2025-11-16,BUF,TB,1,55,16.65011,34,14.79831,21,1.8518,27.0,49,16.19285,1.29077
2025_11_TB_BUF,2025,11,2025-11-16,TB,BUF,0,68,6.75357,34,0.5069,34,6.24667,31.0,62,9.66557,-1.29077
2025_11_WAS_MIA,2025,11,2025-11-16,MIA,WAS,1,56,-0.37278,24,2.63491,32,-3.00769,30.0,56,-0.37278,10.51886
2025_11_WAS_MIA,2025,11,2025-11-16,WAS,MIA,0,67,5.48787,35,9.16158,32,-3.67371,35.0,67,5.48787,-10.51886
2025_12_ATL_NO,2025,12,2025-11-23,ATL,NO,0,53,-7.11249,26,-3.88459,27,-3.2279,23.0,44,-3.23962,7.26798
2025_12_ATL_NO,2025,12,2025-11-23,NO,ATL,1,80,-18.66451,54,-14.74295,26,-3.92156,34.0,58,-11.50626,-7.26798
2025_12_BUF_HOU,2025,12,2025-11-20,BUF,HOU,0,65,-10.67389,45,-12.33211,20,1.65822,24.0,65,-10.67389,2.67958
2025_12_BUF_HOU,2025,12,2025-11-20,HOU,BUF,1,58,-4.48145,34,-6.38506,24,1.90362,24.0,58,-4.48145,-2.67958
2025_12_CAR_SF,2025,12,2025-11-24,CAR,SF,0,45,-9.85557,36,-10.06097,9,0.2054,18.0,26,-12.51997,-3.33287
2025_12_CAR_SF,2025,12,2025-11-24,SF,CAR,1,68,-0.09166,33,-2.11234,35,2.02068,31.0,54,1.46522,3.33287
2025_12_CLE_LV,2025,12,2025-11-23,CLE,LV,0,50,-11.11437,24,-3.47805,26,-7.63632,13.0,31,-13.45214,2.79207
2025_12_CLE_LV,2025,12,2025-11-23,LV,CLE,1,79,-26.4565,60,-17.02131,19,-9.43519,26.0,56,-26.00498,-2.79207
2025_12_IND_KC,2025,12,2025-11-23,IND,KC,0,50,-0.94711,34,2.73353,16,-3.68064,19.0,47,1.38444,4.8879
2025_12_IND_KC,2025,12,2025-11-23,KC,IND,1,95,1.94839,58,12.25626,37,-10.30787,43.0,95,1.94839,-4.8879
2025_12_JAX_ARI,2025,12,2025-11-23,ARI,JAX,1,84,-11.10239,65,-6.51905,19,-4.58334,35.0,84,-11.10239,-7.0954
2025_12_JAX_ARI,2025,12,2025-11-23,JAX,ARI,0,61,-10.9014,36,-6.26054,25,-4.64086,26.0,57,-6.13611,7.0954
2025_12_MIN_GB,2025,12,2025-11-23,GB,MIN,1,64,3.52194,25,8.64624,39,-5.1243,31.0,45,4.64437,1.17804
2025_12_MIN_GB,2025,12,2025-11-23,MIN,GB,0,44,-18.89272,25,-15.88968,19,-3.00304,17.0,33,-6.4592,-1.17804
2025_12_NE_CIN,2025,12,2025-11-23,CIN,NE,1,63,-11.02659,39,-11.6786,24,0.65201,29.0,59,-13.92328,0.55124
2025_12_NE_CIN,2025,12,2025-11-23,NE,CIN,0,70,1.60539,42,11.4104,28,-9.80501,33.0,63,2.23181,-0.55124
2025_12_NYG_DET,2025,12,2025-11-23,DET,NYG,1,67,10.35944,46,-5.65503,21,16.01447,34.0,67,10.35944,4.24615
2025_12_NYG_DET,2025,12,2025-11-23,NYG,DET,0,81,11.76402,43,21.08455,38,-9.32054,31.0,81,11.76402,-4.24615
2025_12_NYJ_BAL,2025,12,2025-11-23,BAL,NYJ,1,61,3.40314,32,6.35285,29,-2.94971,21.0,49,8.75269,-0.42251
2025_12_NYJ_BAL,2025,12,2025-11-23,NYJ,BAL,0,59,-11.79801,35,1.93798,24,-13.73599,20.0,51,-6.14949,0.42251
2025_12_PHI_DAL,2025,12,2025-11-23,DAL,PHI,1,71,-1.70517,45,5.18185,26,-6.88703,31.0,55,-10.80367,6.43741
2025_12_PHI_DAL,2025,12,2025-11-23,PHI,DAL,0,63,0.19963,47,2.32008,16,-2.12045,25.0,48,6.85019,-6.43741
2025_12_PIT_CHI,2025,12,2025-11-23,CHI,PIT,1,63,0.74031,40,2.24363,23,-1.50331,27.0,61,1.55661,3.30273
2025_12_PIT_CHI,2025,12,2025-11-23,PIT,CHI,0,72,3.47176,37,-2.36719,35,5.83895,38.0,72,3.47176,-3.30273
2025_12_SEA_TEN,2025,12,2025-11-23,SEA,TEN,0,47,13.05296,28,9.11696,19,3.936,23.0,26,8.21583,-0.86107
2025_12_SEA_TEN,2025,12,2025-11-23,TEN,SEA,1,75,-0.72158,55,5.68579,20,-6.40737,28.0,34,-7.3448,0.86107
2025_12_TB_LA,2025,12,2025-11-23,LA,TB,1,56,4.25628,37,7.2171,19,-2.96082,30.0,12,6.37261,1.24369
2025_12_TB_LA,2025,12,2025-11-23,TB,LA,0,70,-27.66297,45,-26.5114,25,-1.15157,23.0,17,-13.95088,-1.24369
2025_13_ARI_TB,2025,13,2025-11-30,ARI,TB,0,60,-1.57827,44,4.99611,16,-6.57437,36.0,56,-5.66899,-8.24089
2025_13_ARI_TB,2025,13,2025-11-30,TB,ARI,1,58,-1.73771,35,0.18204,23,-1.91975,25.0,55,1.49082,8.24089
2025_13_ATL_NYJ,2025,13,2025-11-30,ATL,NYJ,0,69,12.48022,36,6.63573,33,5.84448,37.0,69,12.48022,-15.18962
2025_13_ATL_NYJ,2025,13,2025-11-30,NYJ,ATL,1,65,1.49824,43,3.62524,22,-2.12699,29.0,65,1.49824,15.18962
2025_13_BUF_PIT,2025,13,2025-11-30,BUF,PIT,0,74,7.40481,27,6.6332,47,0.7716,34.0,56,2.35342,-0.70231
2025_13_BUF_PIT,2025,13,2025-11-30,PIT,BUF,1,43,-18.24271,25,-11.86727,18,-6.37545,14.0,30,-15.81641,0.70231
2025_13_CHI_PHI,2025,13,2025-11-28,CHI,PHI,0,86,3.62578,42,-5.19687,44,8.82265,38.0,71,2.00291,3.38003
2025_13_CHI_PHI,2025,13,2025-11-28,PHI,CHI,1,51,-1.98721,34,2.35025,17,-4.33746,22.0,35,-9.66024,-3.38003
2025_13_CIN_BAL,2025,13,2025-11-27,BAL,CIN,1,59,-19.76039,40,-22.04001,19,2.27963,23.0,44,-12.56893,-4.5892
2025_13_CIN_BAL,2025,13,2025-11-27,CIN,BAL,0,83,1.57756,49,8.32978,34,-6.75222,33.0,66,5.82448,4.5892
2025_13_DEN_WAS,2025,13,2025-11-30,DEN,WAS,0,70,10.6539,49,9.69697,21,0.95693,31.0,68,8.55657,-1.26245
2025_13_DEN_WAS,2025,13,2025-11-30,WAS,DEN,1,88,8.79269,58,6.05004,30,2.74265,37.0,87,9.44592,1.26245
2025_13_GB_DET,2025,13,2025-11-27,DET,GB,1,63,3.03623,32,12.21291,31,-9.17669,26.0,58,-2.17854,1.26829
2025_13_GB_DET,2025,13,2025-11-27,GB,DET,0,59,18.77245,34,18.25859,25,0.51386,30.0,49,19.78442,-1.26829
2025_13_HOU_IND,2025,13,2025-11-30,HOU,IND,0,76,2.3243,41,9.81853,35,-7.49424,32.0,71,3.71915,3.05993
2025_13_HOU_IND,2025,13,2025-11-30,IND,HOU,1,54,-1.83628,31,4.71753,23,-6.55381,21.0,54,-1.83628,-3.05993
2025_13_JAX_TEN,2025,13,2025-11-30,JAX,TEN,0,59,-0.45742,35,6.54051,24,-6.99793,23.0,31,4.72005,1.80079
2025_13_JAX_TEN,2025,13,2025-11-30,TEN,JAX,1,59,-22.26856,46,-22.02272,13,-0.24584,16.0,28,-9.17262,-1.80079
2025_13_KC_DAL,2025,13,2025-11-27,DAL,KC,1,68,17.86385,45,18.88057,23,-1.01672,33.0,62,18.40549,-0.20707
2025_13_KC_DAL,2025,13,2025-11-27,KC,DAL,0,66,11.57129,46,14.53511,20,-2.96382,28.0,63,8.64185,0.20707
2025_13_LA_CAR,2025,13,2025-11-30,CAR,LA,1,61,11.6463,24,15.05519,37,-3.40889,24.0,61,11.6463,-3.01616
2025_13_LA_CAR,2025,13,2025-11-30,LA,CAR,0,51,7.57965,30,-3.51207,21,11.09172,31.0,51,7.57965,3.01616
2025_13_LV_LAC,2025,13,2025-11-30,LAC,LV,1,65,8.9826,28,7.53128,37,1.45133,27.0,49,6.34055,2.11716
2025_13_LV_LAC,2025,13,2025-11-30,LV,LAC,0,47,-11.80258,30,0.98328,17,-12.78586,21.0,25,-8.21016,-2.11716
2025_13_MIN_SEA,2025,13,2025-11-30,MIN,SEA,0,51,-33.87342,35,-29.5931,16,-4.28031,12.0,24,-20.63504,-4.30215
2025_13_MIN_SEA,2025,13,2025-11-30,SEA,MIN,1,67,-9.23204,32,-7.50345,35,-1.72859,27.0,30,-8.67332,4.30215
2025_13_NO_MIA,2025,13,2025-11-30,MIA,NO,1,56,-7.55464,28,-9.89362,28,2.33898,23.0,40,-1.8894,-1.39791
2025_13_NO_MIA,2025,13,2025-11-30,NO,MIA,0,70,-10.28192,46,-6.68839,24,-3.59353,31.0,51,-15.20464,1.39791
2025_13_NYG_NE,2025,13,2025-12-01,NE,NYG,1,63,9.47568,38,12.09287,25,-2.61719,29.0,25,8.32725,6.04357
2025_13_NYG_NE,2025,13,2025-12-01,NYG,NE,0,55,-5.35791,32,-5.25429,23,-0.10362,23.0,24,-3.34685,-6.04357
2025_13_SF_CLE,2025,13,2025-11-30,CLE,SF,1,62,-14.6976,32,-7.6833,30,-7.0143,25.0,45,-7.66514,-10.80067
2025_13_SF_CLE,2025,13,2025-11-30,SF,CLE,0,65,1.67486,34,2.75633,31,-1.08147,23.0,48,-0.9238,10.80067
2025_14_CHI_GB,2025,14,2025-12-07,CHI,GB,0,69,4.97105,40,0.66617,29,4.30489,35.0,69,4.97105,-0.06436
2025_14_CHI_GB,2025,14,2025-12-07,GB,CHI,1,52,10.62342,27,6.41873,25,4.20469,27.0,52,10.62342,0.06436
2025_14_CIN_BUF,2025,14,2025-12-07,BUF,CIN,1,60,16.00098,38,26.02503,22,-10.02404,34.0,55,19.645,-2.49744
2025_14_CIN_BUF,2025,14,2025-12-07,CIN,BUF,0,59,11.09045,40,12.4896,19,-1.39915,31.0,55,5.36305,2.49744
2025_14_DAL_DET,2025,14,2025-12-04,DAL,DET,0,81,-5.44427,59,-5.61977,22,0.17551,34.0,59,-13.57488,6.71976
2025_14_DAL_DET,2025,14,2025-12-04,DET,DAL,1,60,15.84804,39,10.78384,21,5.0642,28.0,47,13.67669,-6.71976
2025_14_DEN_LV,2025,14,2025-12-07,DEN,LV,0,74,10.77316,43,9.01412,31,1.75904,42.0,50,11.21786,0.99726
2025_14_DEN_LV,2025,14,2025-12-07,LV,DEN,1,50,0.61919,39,1.68639,11,-1.0672,20.0,38,-10.59563,-0.99726
2025_14_HOU_KC,2025,14,2025-12-07,HOU,KC,0,70,-4.71359,39,1.08038,31,-5.79397,23.0,61,-1.57759,0.45041
2025_14_HOU_KC,2025,14,2025-12-07,KC,HOU,1,63,-18.45241,41,-18.08905,22,-0.36336,23.0,61,-18.40213,-0.45041
2025_14_IND_JAX,2025,14,2025-12-07,IND,JAX,0,68,-9.56677,45,-1.12214,23,-8.44463,26.0,39,-8.64792,-2.57041
2025_14_IND_JAX,2025,14,2025-12-07,JAX,IND,1,61,4.12617,34,11.25976,27,-7.13358,25.0,27,6.60131,2.57041
2025_14_LA_ARI,2025,14,2025-12-07,ARI,LA,1,62,-4.87945,50,-3.28662,12,-1.59283,23.0,29,3.86654,-0.86849
2025_14_LA_ARI,2025,14,2025-12-07,LA,ARI,0,67,29.17624,33,17.04458,34,12.13165,43.0,34,20.86189,0.86849
2025_14_MIA_NYJ,2025,14,2025-12-07,MIA,NYJ,0,63,13.58843,23,1.67654,40,11.91188,35.0,38,11.08647,-5.02531
2025_14_MIA_NYJ,2025,14,2025-12-07,NYJ,MIA,1,59,-23.64015,42,-21.98254,17,-1.65761,20.0,30,-16.91974,5.02531
2025_14_NO_TB,2025,14,2025-12-07,NO,TB,0,56,0.06206,26,2.36255,30,-2.30048,22.0,56,0.06206,-1.99228
2025_14_NO_TB,2025,14,2025-12-07,TB,NO,1,74,-11.05152,39,-5.14174,35,-5.90978,29.0,74,-11.05152,1.99228
2025_14_PHI_LAC,2025,14,2025-12-08,LAC,PHI,1,74,-18.293,43,-11.20379,31,-7.08921,24.0,74,-18.293,0.23415
2025_14_PHI_LAC,2025,14,2025-12-08,PHI,LAC,0,70,-19.35079,47,-18.86881,23,-0.48198,25.0,70,-19.35079,-0.23415
2025_14_PIT_BAL,2025,14,2025-12-07,BAL,PIT,1,78,1.87535,43,0.11463,35,1.76072,35.0,78,1.87535,1.16631
2025_14_PIT_BAL,2025,14,2025-12-07,PIT,BAL,0,51,12.38114,36,10.87052,15,1.51061,21.0,51,12.38114,-1.16631
2025_14_SEA_ATL,2025,14,2025-12-07,ATL,SEA,1,64,-19.03246,33,-12.33285,31,-6.69961,24.0,41,-11.67387,-6.9287
2025_14_SEA_ATL,2025,14,2025-12-07,SEA,ATL,0,61,7.2524,35,11.5326,26,-4.2802,29.0,36,-1.69936,6.9287
2025_14_TEN_CLE,2025,14,2025-12-07,CLE,TEN,1,67,-1.89507,49,4.10732,18,-6.00239,29.0,51,-7.90046,-8.38454
2025_14_TEN_CLE,2025,14,2025-12-07,TEN,CLE,0,66,-6.67779,30,-9.298,36,2.62021,23.0,57,-1.25795,8.38454
2025_14_WAS_MIN,2025,14,2025-12-07,MIN,WAS,1,60,18.27462,31,11.9849,29,6.28972,33.0,31,9.83306,3.32516
2025_14_WAS_MIN,2025,14,2025-12-07,WAS,MIN,0,52,-19.3449,34,-19.41368,18,0.06878,19.0,36,-12.33988,-3.32516
2025_15_ARI_HOU,2025,15,2025-12-14,ARI,HOU,0,65,3.37066,45,0.52298,20,2.84768,31.0,21,-0.96938,-11.72912
2025_15_ARI_HOU,2025,15,2025-12-14,HOU,ARI,1,64,14.28646,33,14.93368,31,-0.64722,30.0,26,6.12846,11.72912
2025_15_ATL_TB,2025,15,2025-12-11,ATL,TB,0,67,14.69521,45,13.41544,22,1.27977,33.0,59,9.14231,-0.17401
2025_15_ATL_TB,2025,15,2025-12-11,TB,ATL,1,68,8.96059,46,8.63648,22,0.32411,35.0,64,12.41959,0.17401
2025_15_BAL_CIN,2025,15,2025-12-14,BAL,CIN,0,38,7.6029,19,1.25873,19,6.34416,17.0,24,4.92121,0.87009
2025_15_BAL_CIN,2025,15,2025-12-14,CIN,BAL,1,76,-24.15317,48,-16.99388,28,-7.15929,28.0,43,-13.40661,-0.87009
2025_15_BUF_NE,2025,15,2025-12-14,BUF,NE,0,67,18.49426,36,11.32419,31,7.17007,32.0,59,15.62337,3.70344
2025_15_BUF_NE,2025,15,2025-12-14,NE,BUF,1,52,11.96237,30,-0.94494,22,12.9073,28.0,44,7.20754,-3.70344
2025_15_CAR_NO,2025,15,2025-12-14,CAR,NO,0,57,5.25306,32,9.77926,25,-4.52621,21.0,57,5.25306,0.57249
2025_15_CAR_NO,2025,15,2025-12-14,NO,CAR,1,67,8.08077,44,12.19861,23,-4.11784,35.0,67,8.08077,-0.57249
2025_15_CLE_CHI,2025,15,2025-12-14,CHI,CLE,1,65,3.05034,33,5.38729,32,-2.33695,29.0,30,7.12314,0.99807
2025_15_CLE_CHI,2025,15,2025-12-14,CLE,CHI,0,56,-26.09851,42,-21.64286,14,-4.45565,13.0,25,-12.88864,-0.99807
2025_15_DET_LA,2025,15,2025-12-14,DET,LA,0,64,11.92962,43,16.36879,21,-4.43918,23.0,50,6.53151,-2.74798
2025_15_DET_LA,2025,15,2025-12-14,LA,DET,1,72,14.72143,44,8.56143,28,6.15999,43.0,60,12.81534,2.74798
2025_15_GB_DEN,2025,15,2025-12-14,DEN,GB,1,65,11.97441,38,20.2023,27,-8.22789,32.0,57,19.04729,0.14991
2025_15_GB_DEN,2025,15,2025-12-14,GB,DEN,0,66,3.02924,48,6.97209,18,-3.94285,27.0,59,6.40821,-0.14991
2025_15_IND_SEA,2025,15,2025-12-14,IND,SEA,0,60,-3.01096,29,-0.56964,31,-2.44132,23.0,60,-3.01096,0.6868
2025_15_IND_SEA,2025,15,2025-12-14,SEA,IND,1,57,-3.01515,38,3.30537,19,-6.32052,26.0,57,-3.01515,-0.6868
2025_15_LAC_KC,2025,15,2025-12-14,KC,LAC,1,61,-6.91731,42,-2.97466,19,-3.94265,26.0,61,-6.91731,1.14334
2025_15_LAC_KC,2025,15,2025-12-14,LAC,KC,0,65,-0.65001,35,2.84129,30,-3.4913,32.0,65,-0.65001,-1.14334
2025_15_LV_PHI,2025,15,2025-12-14,LV,PHI,0,42,-17.22839,30,-15.79474,12,-1.43365,11.0,21,-8.34877,1.18716
2025_15_LV_PHI,2025,15,2025-12-14,PHI,LV,1,69,18.93895,24,25.45582,45,-6.51687,39.0,33,6.59287,-1.18716
2025_15_MIA_PIT,2025,15,2025-12-15,MIA,PIT,0,48,-0.11994,33,3.35412,15,-3.47405,21.0,23,-8.03167,3.82851
2025_15_MIA_PIT,2025,15,2025-12-15,PIT,MIA,1,66,13.75955,32,11.7254,34,2.03415,35.0,45,13.8937,-3.82851
2025_15_MIN_DAL,2025,15,2025-12-14,DAL,MIN,1,71,7.34074,41,0.0755,30,7.26524,33.0,66,8.19382,-7.4766
2025_15_MIN_DAL,2025,15,2025-12-14,MIN,DAL,0,54,11.68748,28,13.32638,26,-1.63889,26.0,45,12.0615,7.4766
2025_15_NYJ_JAX,2025,15,2025-12-14,JAX,NYJ,1,59,18.41662,39,28.64248,20,-10.22586,32.0,30,12.89904,0.25694
2025_15_NYJ_JAX,2025,15,2025-12-14,NYJ,JAX,0,68,-10.66547,41,-8.14933,27,-2.51614,29.0,29,-3.11539,-0.25694
2025_15_TEN_SF,2025,15,2025-12-14,SF,TEN,1,74,18.25907,41,20.67407,33,-2.41501,39.0,39,17.17414,3.52953
2025_15_TEN_SF,2025,15,2025-12-14,TEN,SF,0,53,8.8384,31,1.87928,22,6.95912,26.0,31,5.27655,-3.52953
2025_15_WAS_NYG,2025,15,2025-12-14,NYG,WAS,1,68,2.63608,45,6.24102,23,-3.60493,30.0,50,2.8519,-14.97995
2025_15_WAS_NYG,2025,15,2025-12-14,WAS,NYG,0,58,-0.37144,28,2.40465,30,-2.77609,28.0,44,5.11119,14.97995
2025_16_ATL_ARI,2025,16,2025-12-21,ARI,ATL,1,57,1.40241,34,-0.75585,23,2.15827,22.0,55,-1.1175,-5.08621
2025_16_ATL_ARI,2025,16,2025-12-21,ATL,ARI,0,75,4.83871,38,10.6894,37,-5.8507,31.0,63,12.90179,5.08621
2025_16_BUF_CLE,2025,16,2025-12-21,BUF,CLE,0,48,2.91758,23,-7.89448,25,10.81206,26.0,45,3.37087,-4.83972
2025_16_BUF_CLE,2025,16,2025-12-21,CLE,BUF,1,67,-8.01039,39,-10.49577,28,2.48539,31.0,67,-8.01039,4.83972
2025_16_CIN_MIA,2025,16,2025-12-21,CIN,MIA,0,61,22.70139,36,19.75635,25,2.94504,34.0,41,15.40064,4.09684
2025_16_CIN_MIA,2025,16,2025-12-21,MIA,CIN,1,59,-4.86194,32,-0.17697,27,-4.68497,20.0,33,-2.76598,-4.09684
2025_16_GB_CHI,2025,16,2025-12-20,CHI,GB,1,64,6.97041,41,9.7349,23,-2.76449,30.0,53,5.08452,5.74449
2025_16_GB_CHI,2025,16,2025-12-20,GB,CHI,0,70,6.69411,33,14.38043,37,-7.68632,36.0,64,6.93704,-5.74449
2025_16_JAX_DEN,2025,16,2025-12-21,DEN,JAX,1,66,-1.14935,50,1.18277,16,-2.33212,30.0,38,7.11887,-4.04867
2025_16_JAX_DEN,2025,16,2025-12-21,JAX,DEN,0,70,8.94132,45,14.74223,25,-5.80091,27.0,50,14.77534,4.04867
2025_16_KC_TEN,2025,16,2025-12-21,KC,TEN,0,45,-11.75679,33,-10.96978,12,-0.78701,17.0,39,-6.63938,-1.96522
2025_16_KC_TEN,2025,16,2025-12-21,TEN,KC,1,71,1.92008,32,8.61727,39,-6.69719,31.0,55,-0.34083,1.96522
2025_16_LAC_DAL,2025,16,2025-12-21,DAL,LAC,1,58,0.71451,38,6.79452,20,-6.08002,27.0,50,10.80063,0.12979
2025_16_LAC_DAL,2025,16,2025-12-21,LAC,DAL,0,63,26.16382,33,25.55071,30,0.61311,35.0,47,23.4747,-0.12979
2025_16_LA_SEA,2025,16,2025-12-18,LA,SEA,0,92,18.59217,53,24.87202,39,-6.27985,40.0,84,19.93749,-12.67284
2025_16_LA_SEA,2025,16,2025-12-18,SEA,LA,1,64,-0.91511,41,-8.78247,23,7.86736,30.0,55,-0.52116,12.67284
2025_16_LV_HOU,2025,16,2025-12-21,HOU,LV,1,63,-5.47815,40,6.24565,23,-11.72381,24.0,62,-8.46715,7.65799
2025_16_LV_HOU,2025,16,2025-12-21,LV,HOU,0,54,-1.47691,27,2.43481,27,-3.91172,21.0,52,-8.7059,-7.65799
2025_16_MIN_NYG,2025,16,2025-12-21,MIN,NYG,0,58,-5.05314,31,-6.09044,27,1.03729,28.0,55,-3.97832,-1.79986
2025_16_MIN_NYG,2025,16,2025-12-21,NYG,MIN,1,56,-14.14086,25,-10.69777,31,-3.44309,18.0,56,-14.14086,1.79986
2025_16_NE_BAL,2025,16,2025-12-21,BAL,NE,1,54,5.33929,23,3.17739,31,2.16191,27.0,54,5.33929,-1.61115
2025_16_NE_BAL,2025,16,2025-12-21,NE,BAL,0,71,13.40346,53,11.78411,18,1.61936,37.0,64,9.0924,1.61115
2025_16_NYJ_NO,2025,16,2025-12-21,NO,NYJ,1,78,-1.50041,55,7.50278,23,-9.00318,31.0,61,-3.81825,1.12277
2025_16_NYJ_NO,2025,16,2025-12-21,NYJ,NO,0,66,-26.82877,45,-23.197,21,-3.63177,19.0,45,-15.6549,-1.12277
2025_16_PHI_WAS,2025,16,2025-12-20,PHI,WAS,0,67,23.27652,40,15.6187,27,7.65781,35.0,58,18.95721,-9.80414
2025_16_PHI_WAS,2025,16,2025-12-20,WAS,PHI,1,52,-4.71474,27,-5.24591,25,0.53117,21.0,40,-8.49274,9.80414
2025_16_PIT_DET,2025,16,2025-12-21,DET,PIT,1,73,3.60171,62,7.56429,11,-3.96258,31.0,52,-7.19034,2.70657
2025_16_PIT_DET,2025,16,2025-12-21,PIT,DET,0,74,11.18247,49,1.32898,25,9.85349,29.0,70,12.62655,-2.70657
2025_16_SF_IND,2025,16,2025-12-22,IND,SF,1,60,-1.3459,40,0.4125,20,-1.75839,30.0,48,13.04953,-4.06678
2025_16_SF_IND,2025,16,2025-12-22,SF,IND,0,63,25.3699,36,20.35927,27,5.01063,33.0,49,27.48037,4.06678
2025_16_TB_CAR,2025,16,2025-12-21,CAR,TB,1,53,5.33131,36,3.99072,17,1.34059,23.0,53,5.33131,2.2965
2025_16_TB_CAR,2025,16,2025-12-21,TB,CAR,0,63,4.98846,33,5.81482,30,-0.82636,27.0,63,4.98846,-2.2965
2025_17_ARI_CIN,2025,17,2025-12-28,ARI,CIN,0,57,-1.29418,44,0.39168,13,-1.68585,21.0,15,-0.48491,1.34511
2025_17_ARI_CIN,2025,17,2025-12-28,CIN,ARI,1,73,24.11383,43,20.98778,30,3.12605,38.0,42,13.14119,-1.34511
2025_17_BAL_GB,2025,17,2025-12-27,BAL,GB,0,75,25.32669,24,9.83691,51,15.48978,42.0,65,21.88081,0.10078
2025_17_BAL_GB,2025,17,2025-12-27,GB,BAL,1,45,5.28325,34,14.51122,11,-9.22798,23.0,39,7.81324,-0.10078
2025_17_CHI_SF,2025,17,2025-12-28,CHI,SF,0,65,21.33012,46,18.20453,19,3.12559,32.0,65,21.33012,-0.41076
2025_17_CHI_SF,2025,17,2025-12-28,SF,CHI,1,72,21.09239,41,16.90731,31,4.18508,38.0,72,21.09239,0.41076
2025_17_DAL_WAS,2025,17,2025-12-25,DAL,WAS,0,92,20.35072,49,15.40282,43,4.94789,45.0,78,24.75528,-2.87256
2025_17_DAL_WAS,2025,17,2025-12-25,WAS,DAL,1,43,9.97343,27,5.6216,16,4.35183,19.0,38,8.55264,2.87256
2025_17_DEN_KC,2025,17,2025-12-25,DEN,KC,0,71,6.00954,45,6.48215,26,-0.47262,36.0,71,6.00954,-6.02735
2025_17_DEN_KC,2025,17,2025-12-25,KC,DEN,1,42,-6.41207,25,-6.3574,17,-0.05466,13.0,40,-5.36446,6.02735
2025_17_DET_MIN,2025,17,2025-12-25,DET,MIN,0,64,-29.67795,34,-7.94252,30,-21.73543,20.0,56,-24.15526,0.66896
2025_17_DET_MIN,2025,17,2025-12-25,MIN,DET,1,54,-13.63612,28,-15.249,26,1.61288,17.0,48,-13.11742,-0.66896
2025_17_HOU_LAC,2025,17,2025-12-27,HOU,LAC,0,62,-4.93811,30,-1.05167,32,-3.88644,26.0,55,-2.36572,6.15631
2025_17_HOU_LAC,2025,17,2025-12-27,LAC,HOU,1,63,-8.95541,46,-2.4486,17,-6.50681,23.0,58,-17.33386,-6.15631
2025_17_JAX_IND,2025,17,2025-12-28,IND,JAX,1,57,-9.74227,35,-9.47643,22,-0.26584,21.0,54,-9.4291,0.24951
2025_17_JAX_IND,2025,17,2025-12-28,JAX,IND,0,69,-0.27806,43,3.66703,26,-3.94509,30.0,66,1.12231,-0.24951
2025_17_LA_ATL,2025,17,2025-12-29,ATL,LA,1,53,6.12912,20,4.9235,33,1.20563,23.0,40,6.90018,-8.60977
2025_17_LA_ATL,2025,17,2025-12-29,LA,ATL,0,65,-6.60634,44,-3.85542,21,-2.75092,28.0,47,-11.61184,8.60977
2025_17_NE_NYJ,2025,17,2025-12-28,NE,NYJ,0,64,32.30028,32,34.53228,32,-2.23201,37.0,25,20.15635,-6.409
2025_17_NE_NYJ,2025,17,2025-12-28,NYJ,NE,1,64,-11.46159,36,-11.26757,28,-0.19403,23.0,14,-4.68056,6.409
2025_17_NO_TEN,2025,17,2025-12-28,NO,TEN,0,53,10.55437,33,9.23246,20,1.32191,23.0,50,12.82705,-8.14903
2025_17_NO_TEN,2025,17,2025-12-28,TEN,NO,1,74,-9.81989,47,-4.39667,27,-5.42322,25.0,60,-6.34691,8.14903
2025_17_NYG_LV,2025,17,2025-12-28,LV,NYG,1,58,-13.16649,38,-8.04441,20,-5.12208,19.0,32,-13.40105,-2.13518
2025_17_NYG_LV,2025,17,2025-12-28,NYG,LV,0,61,14.34299,36,7.8212,25,6.5218,30.0,35,6.40779,2.13518
2025_17_PHI_BUF,2025,17,2025-12-28,BUF,PHI,1,74,-3.73717,44,-6.10087,30,2.3637,30.0,60,-12.63097,-5.3067
2025_17_PHI_BUF,2025,17,2025-12-28,PHI,BUF,0,53,-6.33842,29,-2.77989,24,-3.55853,16.0,39,1.21945,5.3067
2025_17_PIT_CLE,2025,17,2025-12-28,CLE,PIT,1,51,-10.52783,29,-2.92553,22,-7.6023,18.0,48,-9.05605,4.95366
2025_17_PIT_CLE,2025,17,2025-12-28,PIT,CLE,0,64,-14.06793,41,-13.76621,23,-0.30171,26.0,62,-16.99742,-4.95366
2025_17_SEA_CAR,2025,17,2025-12-28,CAR,SEA,1,50,-23.70562,32,-17.13023,18,-6.57538,19.0,42,-21.75033,-1.9511
2025_17_SEA_CAR,2025,17,2025-12-28,SEA,CAR,0,65,-3.48328,31,-8.389,34,4.90572,27.0,54,-7.31417,1.9511
2025_17_TB_MIA,2025,17,2025-12-28,MIA,TB,1,54,3.24564,26,4.38326,28,-1.13762,22.0,42,8.82259,5.06355
2025_17_TB_MIA,2025,17,2025-12-28,TB,MIA,0,67,2.49136,54,4.42413,13,-1.93277,33.0,55,-8.23707,-5.06355
2025_18_ARI_LA,2025,18,2026-01-04,ARI,LA,0,56,-1.49223,42,-0.05792,14,-1.43432,23.0,44,1.77733,0.48257
2025_18_ARI_LA,2025,18,2026-01-04,LA,ARI,1,71,15.63709,43,15.74365,28,-0.10656,38.0,59,9.64541,-0.48257
2025_18_BAL_PIT,2025,18,2026-01-04,BAL,PIT,0,50,7.01047,24,9.18912,26,-2.17865,17.0,50,7.01047,-4.63484
2025_18_BAL_PIT,2025,18,2026-01-04,PIT,BAL,1,75,3.85509,52,8.92633,23,-5.07123,34.0,75,3.85509,4.63484
2025_18_CAR_TB,2025,18,2026-01-03,CAR,TB,0,49,-1.7407,36,5.6417,13,-7.38239,21.0,43,-5.89059,0.78698
2025_18_CAR_TB,2025,18,2026-01-03,TB,CAR,1,67,1.22612,29,10.16388,38,-8.93776,30.0,55,1.21199,-0.78698
2025_18_CLE_CIN,2025,18,2026-01-04,CIN,CLE,1,67,-5.94584,42,-10.89386,25,4.94801,40.0,67,-5.94584,-0.7373
2025_18_CLE_CIN,2025,18,2026-01-04,CLE,CIN,0,52,-6.52072,30,-8.40734,22,1.88662,18.0,52,-6.52072,0.7373
2025_18_DAL_NYG,2025,18,2026-01-04,DAL,NYG,0,54,-4.82448,27,-3.99778,27,-0.8267,24.0,36,-2.13204,-4.80025
2025_18_DAL_NYG,2025,18,2026-01-04,NYG,DAL,1,74,8.54011,44,8.84456,30,-0.30444,33.0,54,13.25806,4.80025
2025_18_DET_CHI,2025,18,2026-01-04,CHI,DET,1,53,-0.23293,36,-0.07631,17,-0.15662,23.0,48,-1.90774,0.78379
2025_18_DET_CHI,2025,18,2026-01-04,DET,CHI,0,73,9.23102,45,9.59307,28,-0.36205,39.0,55,10.98027,-0.78379
2025_18_GB_MIN,2025,18,2026-01-04,GB,MIN,0,50,-15.79911,18,-11.78695,32,-4.01216,19.0,30,-13.15793,1.86819
2025_18_GB_MIN,2025,18,2026-01-04,MIN,GB,1,67,0.98863,36,3.54616,31,-2.55753,33.0,42,2.63101,-1.86819
2025_18_IND_HOU,2025,18,2026-01-04,HOU,IND,1,67,0.38054,36,0.11879,31,0.26176,31.0,67,0.38054,5.07343
2025_18_IND_HOU,2025,18,2026-01-04,IND,HOU,0,66,-2.11312,39,3.4517,27,-5.56482,26.0,66,-2.11312,-5.07343
2025_18_KC_LV,2025,18,2026-01-04,KC,LV,0,64,-30.47057,42,-24.89524,22,-5.57534,15.0,64,-30.47057,2.51674
2025_18_KC_LV,2025,18,2026-01-04,LV,KC,1,63,-28.78233,32,-14.07549,31,-14.70684,19.0,63,-28.78233,-2.51674
2025_18_LAC_DEN,2025,18,2026-01-04,DEN,LAC,1,57,-11.05386,34,-2.99769,23,-8.05617,20.0,44,-7.24048,-0.52717
2025_18_LAC_DEN,2025,18,2026-01-04,LAC,DEN,0,68,-28.60761,52,-27.12214,16,-1.48547,19.0,45,-24.80181,0.52717
2025_18_MIA_NE,2025,18,2026-01-04,MIA,NE,0,56,-17.60421,31,-7.16812,25,-10.43609,24.0,38,-6.78998,2.07603
2025_18_MIA_NE,2025,18,2026-01-04,NE,MIA,1,57,18.46641,30,13.07203,27,5.39437,35.0,36,11.13409,-2.07603
2025_18_NO_ATL,2025,18,2026-01-04,ATL,NO,1,60,-14.59632,37,-4.76001,23,-9.83632,20.0,57,-13.13198,12.25016
2025_18_NO_ATL,2025,18,2026-01-04,NO,ATL,0,68,-7.19599,45,-5.45859,23,-1.7374,25.0,61,-12.03315,-12.25016
2025_18_NYJ_BUF,2025,18,2026-01-04,BUF,NYJ,1,69,23.40463,30,22.99478,39,0.40985,42.0,31,10.04133,-3.08614
2025_18_NYJ_BUF,2025,18,2026-01-04,NYJ,BUF,0,46,-13.07598,24,-7.28345,22,-5.79253,15.0,13,-8.19718,3.08614
2025_18_SEA_SF,2025,18,2026-01-03,SEA,SF,0,66,7.20792,32,9.15396,34,-1.94604,33.0,51,3.80804,-5.11253
2025_18_SEA_SF,2025,18,2026-01-03,SF,SEA,1,42,-15.07761,32,-12.63876,10,-2.43885,15.0,38,-11.85268,5.11253
2025_18_TEN_JAX,2025,18,2026-01-04,JAX,TEN,1,58,14.5265,39,17.49794,19,-2.97144,28.0,23,5.89101,3.95942
2025_18_TEN_JAX,2025,18,2026-01-04,TEN,JAX,0,54,-19.54251,36,-20.97045,18,1.42794,16.0,23,-8.33307,-3.95942
2025_18_WAS_PHI,2025,18,2026-01-04,PHI,WAS,1,64,-5.54229,46,-7.12132,18,1.57903,28.0,60,-3.06355,2.44401
2025_18_WAS_PHI,2025,18,2026-01-04,WAS,PHI,0,67,8.51619,33,19.01284,34,-10.49665,34.0,64,9.1731,-2.44401
2025_19_BUF_JAX,2025,19,2026-01-11,BUF,JAX,0,61,13.66774,39,9.39157,22,4.27617,29.0,61,13.66774,-1.63119
2025_19_BUF_JAX,2025,19,2026-01-11,JAX,BUF,1,55,2.96547,34,2.13115,21,0.83432,29.0,55,2.96547,1.63119
2025_19_GB_CHI,2025,19,2026-01-10,CHI,GB,1,77,7.14566,53,10.00308,24,-2.85741,29.0,60,-4.09443,9.92103
2025_19_GB_CHI,2025,19,2026-01-10,GB,CHI,0,71,14.30332,48,18.44855,23,-4.14524,31.0,51,22.66648,-9.92103
2025_19_HOU_PIT,2025,19,2026-01-12,HOU,PIT,0,68,4.25034,35,0.43638,33,3.81397,33.0,57,-3.23183,-3.49104
2025_19_HOU_PIT,2025,19,2026-01-12,PIT,HOU,1,57,-29.76342,39,-24.64751,18,-5.11591,17.0,45,-17.8479,3.49104
2025_19_LAC_NE,2025,19,2026-01-11,LAC,NE,0,60,-12.83753,45,-8.98042,15,-3.85711,26.0,42,-7.59801,-1.24077
2025_19_LAC_NE,2025,19,2026-01-11,NE,LAC,1,61,-0.97254,40,1.51454,21,-2.48708,27.0,56,2.43069,1.24077
2025_19_LA_CAR,2025,19,2026-01-10,CAR,LA,1,66,-0.67078,47,0.74427,19,-1.41504,30.0,65,1.34324,0.05119
2025_19_LA_CAR,2025,19,2026-01-10,LA,CAR,0,75,7.90405,46,5.77074,29,2.13331,36.0,75,7.90405,-0.05119
2025_19_SF_PHI,2025,19,2026-01-11,PHI,SF,1,73,-3.77812,38,-3.17654,35,-0.60158,31.0,73,-3.77812,4.78127
2025_19_SF_PHI,2025,19,2026-01-11,SF,PHI,0,56,6.4159,37,7.9326,19,-1.5167,29.0,56,6.4159,-4.78127
2025_20_BUF_DEN,2025,20,2026-01-17,BUF,DEN,0,78,6.54178,46,4.79365,32,1.74813,39.0,77,4.31478,-2.05199
2025_20_BUF_DEN,2025,20,2026-01-17,DEN,BUF,1,70,6.24369,51,9.3124,19,-3.06871,31.0,67,8.36705,2.05199
2025_20_HOU_NE,2025,20,2026-01-18,HOU,NE,0,75,-26.1422,54,-17.64516,21,-8.49704,25.0,61,-20.48685,1.91929
2025_20_HOU_NE,2025,20,2026-01-18,NE,HOU,1,63,-14.96094,34,-3.97215,29,-10.98879,21.0,48,-12.8488,-1.91929
2025_20_LA_CHI,2025,20,2026-01-18,CHI,LA,1,81,-2.8982,45,5.20037,36,-8.09857,38.0,81,-2.8982,2.84594
2025_20_LA_CHI,2025,20,2026-01-18,LA,CHI,0,77,3.52389,47,2.10817,30,1.41572,29.0,73,5.42128,-2.84594
2025_20_SF_SEA,2025,20,2026-01-17,SEA,SF,1,53,13.00501,20,7.23667,33,5.76834,29.0,26,6.26665,-0.04767
2025_20_SF_SEA,2025,20,2026-01-17,SF,SEA,0,60,-27.36057,38,-18.2803,22,-9.08027,20.0,28,-7.62979,0.04767
2025_21_LA_SEA,2025,21,2026-01-25,LA,SEA,0,60,17.83154,39,16.97795,21,0.85358,31.0,58,17.77897,-5.87769
2025_21_LA_SEA,2025,21,2026-01-25,SEA,LA,1,67,12.22334,41,19.52845,26,-7.3051,32.0,63,12.80365,5.87769
2025_21_NE_DEN,2025,21,2026-01-25,DEN,NE,1,58,-18.14086,37,-16.04256,21,-2.09829,17.0,58,-18.14086,3.57335
2025_21_NE_DEN,2025,21,2026-01-25,NE,DEN,0,61,-8.4223,29,-5.29333,32,-3.12898,19.0,61,-8.4223,-3.57335
2025_22_SEA_NE,2025,22,2026-02-08,NE,SEA,1,69,-20.42714,56,-17.52011,13,-2.90703,29.0,38,-19.564,-1.85805
2025_22_SEA_NE,2025,22,2026-02-08,SEA,NE,0,72,-3.7468,40,1.15311,32,-4.8999,24.0,54,-2.19448,1.85805
2026_01_ARI_LAC,2026,1,2026-09-13,ARI,LAC,0,72,10.01877,42,11.34791,30,-1.32914,35.0,63,11.30318,0.3527
2026_01_ARI_LAC,2026,1,2026-09-13,LAC,ARI,1,55,-9.17267,39,-3.40557,16,-5.7671,22.0,45,-2.52926,-0.3527
2026_01_ATL_PIT,2026,1,2026-09-13,ATL,PIT,0,60,-21.46208,28,-17.85911,32,-3.60297,22.0,60,-21.46208,-3.03567
2026_01_ATL_PIT,2026,1,2026-09-13,PIT,ATL,1,65,-16.3451,47,-11.8054,18,-4.5397,22.0,55,-14.42617,3.03567
2026_01_BAL_IND,2026,1,2026-09-13,BAL,IND,0,64,13.35728,32,10.10932,32,3.24797,30.0,27,11.52421,0.44375
2026_01_BAL_IND,2026,1,2026-09-13,IND,BAL,1,54,-12.1286,35,-14.33169,19,2.20308,23.0,24,-12.06305,-0.44375
2026_01_BUF_HOU,2026,1,2026-09-13,BUF,HOU,0,55,16.51325,36,21.50735,19,-4.99409,23.0,55,16.51325,0.13772
2026_01_BUF_HOU,2026,1,2026-09-13,HOU,BUF,1,79,5.62891,48,4.6896,31,0.93931,38.0,79,5.62891,-0.13772
2026_01_CHI_CAR,2026,1,2026-09-13,CAR,CHI,1,68,8.8138,46,11.15088,22,-2.33708,32.0,47,6.46314,-6.91207
2026_01_CHI_CAR,2026,1,2026-09-13,CHI,CAR,0,75,27.03835,40,22.03861,35,4.99974,40.0,57,18.27464,6.91207
2026_01_CLE_JAX,2026,1,2026-09-13,CLE,JAX,0,51,-10.48924,32,-8.22111,19,-2.26813,22.0,11,-9.59793,3.04836
2026_01_CLE_JAX,2026,1,2026-09-13,JAX,CLE,1,54,16.72961,25,18.26718,29,-1.53758,32.0,17,10.31814,-3.04836
2026_01_DAL_NYG,2026,1,2026-09-13,DAL,NYG,0,58,15.71028,41,17.40774,17,-1.69746,28.0,43,6.33755,-1.74436
2026_01_DAL_NYG,2026,1,2026-09-13,NYG,DAL,1,66,23.94953,33,22.01252,33,1.93701,39.0,50,18.30722,1.74436
2026_01_DEN_KC,2026,1,2026-09-14,DEN,KC,0,50,-18.88436,35,-15.45941,15,-3.42494,18.0,35,-7.83555,0.32878
2026_01_DEN_KC,2026,1,2026-09-14,KC,DEN,1,66,7.80484,34,-0.46846,32,8.2733,27.0,45,14.0566,-0.32878
2026_01_GB_MIN,2026,1,2026-09-13,GB,MIN,0,68,-12.33035,46,-2.70365,22,-9.62671,26.0,54,-2.86748,0.44978
2026_01_GB_MIN,2026,1,2026-09-13,MIN,GB,1,61,3.37478,33,6.86178,28,-3.487,23.0,56,1.39878,-0.44978
2026_01_MIA_LV,2026,1,2026-09-13,LV,MIA,1,65,-1.8698,32,0.86244,33,-2.73224,28.0,41,11.99211,6.16666
2026_01_MIA_LV,2026,1,2026-09-13,MIA,LV,0,55,-13.31472,40,-7.3335,15,-5.98123,19.0,32,-3.11002,-6.16666
2026_01_NE_SEA,2026,1,2026-09-09,NE,SEA,0,71,-6.55849,44,5.60536,27,-12.16385,29.0,71,-6.55849,-0.28468
2026_01_NE_SEA,2026,1,2026-09-09,SEA,NE,1,49,1.40243,28,5.48919,21,-4.08675,19.0,49,1.40243,0.28468
2026_01_NO_DET,2026,1,2026-09-13,DET,NO,1,77,-2.09402,41,0.49955,36,-2.59357,35.0,67,-1.63827,2.44306
2026_01_NO_DET,2026,1,2026-09-13,NO,DET,0,88,2.62911,65,4.35558,23,-1.72647,39.0,70,-4.66108,-2.44306
2026_01_NYJ_TEN,2026,1,2026-09-13,NYJ,TEN,0,64,8.0935,28,9.45282,36,-1.35932,31.0,44,11.12646,8.64365
2026_01_NYJ_TEN,2026,1,2026-09-13,TEN,NYJ,1,50,-7.05305,40,-6.09277,10,-0.96028,22.0,26,-8.15252,-8.64365
2026_01_SF_LA,2026,1,2026-09-10,LA,SF,1,60,-13.53078,33,-8.90696,27,-4.62383,26.0,38,-2.98292,0.7464
2026_01_SF_LA,2026,1,2026-09-10,SF,LA,0,65,12.36181,37,8.39785,28,3.96396,37.0,52,12.2381,-0.7464
2026_01_TB_CIN,2026,1,2026-09-13,CIN,TB,1,63,0.08407,38,-1.15365,25,1.23772,30.0,27,4.84866,0.4034
2026_01_TB_CIN,2026,1,2026-09-13,TB,CIN,0,56,-4.55593,39,-6.56727,17,2.01134,29.0,33,-13.2483,-0.4034
2026_01_WAS_PHI,2026,1,2026-09-13,PHI,WAS,1,53,1.44314,34,4.60797,19,-3.16483,18.0,53,1.44314,0.9141
2026_01_WAS_PHI,2026,1,2026-09-13,WAS,PHI,0,69,5.05926,40,6.40675,29,-1.3475,30.0,68,2.09918,-0.9141
2026_02_CAR_ATL,2026,2,2026-09-20,ATL,CAR,1,69,-33.47329,41,-28.31486,28,-5.15842,24.0,33,-13.88937,-6.69749
2026_02_CAR_ATL,2026,2,2026-09-20,CAR,ATL,0,65,2.3054,40,10.89513,25,-8.58973,26.0,37,8.25285,6.69749
2026_02_CIN_HOU,2026,2,2026-09-20,CIN,HOU,0,59,-6.28737,36,-0.54773,23,-5.73964,18.0,42,1.67595,6.63103
2026_02_CIN_HOU,2026,2,2026-09-20,HOU,CIN,1,79,-18.86208,64,-6.93545,15,-11.92663,27.0,55,-9.86016,-6.63103
2026_02_CLE_TB,2026,2,2026-09-20,CLE,TB,0,56,0.96534,36,12.29575,20,-11.33041,25.0,56,0.96534,-4.4871
2026_02_CLE_TB,2026,2,2026-09-20,TB,CLE,1,65,-12.96056,43,-13.2907,22,0.33015,24.0,65,-12.96056,4.4871
2026_02_DET_BUF,2026,2,2026-09-17,BUF,DET,1,71,31.16083,42,21.59736,29,9.56347,42.0,32,17.06779,-0.55195
2026_02_DET_BUF,2026,2,2026-09-17,DET,BUF,0,65,18.29323,46,23.02626,19,-4.73303,32.0,16,-2.46969,0.55195
2026_02_GB_NYJ,2026,2,2026-09-20,GB,NYJ,0,59,-8.64999,38,2.10372,21,-10.7537,19.0,58,-11.37296,7.0996
2026_02_GB_NYJ,2026,2,2026-09-20,NYJ,GB,1,73,-6.54186,49,6.35057,24,-12.89243,28.0,70,-5.47235,-7.0996
2026_02_IND_KC,2026,2,2026-09-20,IND,KC,0,65,13.44507,35,7.83389,30,5.61118,32.0,65,13.44507,2.87834
2026_02_IND_KC,2026,2,2026-09-20,KC,IND,1,80,15.711,52,13.07067,28,2.64033,43.0,80,15.711,-2.87834
2026_02_JAX_DEN,2026,2,2026-09-20,DEN,JAX,1,59,7.61377,33,10.2627,26,-2.64894,28.0,52,4.97116,1.78098
2026_02_JAX_DEN,2026,2,2026-09-20,JAX,DEN,0,60,-2.93292,36,-4.43186,24,1.49894,27.0,60,-2.93292,-1.78098
2026_02_LV_LAC,2026,2,2026-09-20,LAC,LV,1,67,-20.18683,34,-2.35367,33,-17.83316,23.0,61,-13.15396,-4.53897
2026_02_LV_LAC,2026,2,2026-09-20,LV,LAC,0,60,-5.87745,33,7.58958,27,-13.46703,21.0,57,-3.57389,4.53897
2026_02_MIA_SF,2026,2,2026-09-20,MIA,SF,0,60,-0.92183,31,4.383,29,-5.30482,24.0,38,4.73385,-2.75051
2026_02_MIA_SF,2026,2,2026-09-20,SF,MIA,1,50,19.00937,27,24.65389,23,-5.64452,27.0,23,13.18286,2.75051
2026_02_MIN_CHI,2026,2,2026-09-20,CHI,MIN,1,73,-10.05602,44,-1.08332,29,-8.9727,23.0,73,-10.05602,-2.0111
2026_02_MIN_CHI,2026,2,2026-09-20,MIN,CHI,0,52,-3.77536,25,0.3149,27,-4.09026,18.0,50,-4.39976,2.0111
2026_02_NO_BAL,2026,2,2026-09-20,BAL,NO,1,57,5.64665,39,2.96499,18,2.68166,35.0,52,6.25639,-7.63988
2026_02_NO_BAL,2026,2,2026-09-20,NO,BAL,0,65,8.00317,41,9.67479,24,-1.67162,29.0,65,8.00317,7.63988
2026_02_NYG_LA,2026,2,2026-09-21,LA,NYG,1,58,14.04512,33,16.64666,25,-2.60155,31.0,28,9.97019,-8.14373
2026_02_NYG_LA,2026,2,2026-09-21,NYG,LA,0,58,-22.24907,35,-15.82912,23,-6.41994,17.0,42,-15.52952,8.14373
2026_02_PHI_TEN,2026,2,2026-09-20,PHI,TEN,0,76,3.10489,43,7.33486,33,-4.22997,30.0,76,3.10489,4.86862
2026_02_PHI_TEN,2026,2,2026-09-20,TEN,PHI,1,53,2.28693,25,0.93281,28,1.35412,22.0,53,2.28693,-4.86862
2026_02_PIT_NE,2026,2,2026-09-20,NE,PIT,1,53,-1.90697,29,-1.85466,24,-0.05231,23.0,42,2.78125,1.8126
2026_02_PIT_NE,2026,2,2026-09-20,PIT,NE,0,70,-22.21124,49,-20.66593,21,-1.54531,27.0,53,-16.83052,-1.8126
2026_02_SEA_ARI,2026,2,2026-09-20,ARI,SEA,1,50,-14.04197,34,-7.61281,16,-6.42916,17.0,45,-10.24856,-6.60946
2026_02_SEA_ARI,2026,2,2026-09-20,SEA,ARI,0,70,10.21842,29,17.35097,41,-7.13254,34.0,46,0.30713,6.60946
2026_02_WAS_DAL,2026,2,2026-09-20,DAL,WAS,1,55,12.69382,37,17.09269,18,-4.39887,31.0,38,8.90419,7.19233
2026_02_WAS_DAL,2026,2,2026-09-20,WAS,DAL,0,71,2.2041,46,4.29097,25,-2.08687,35.0,50,-3.20041,-7.19233
2026_03_ARI_SF,2026,3,2026-09-27,ARI,SF,0,85,12.53815,56,12.98559,29,-0.44744,44.0,65,2.86197,7.76377
2026_03_ARI_SF,2026,3,2026-09-27,SF,ARI,1,53,24.11296,31,26.06033,22,-1.94737,30.0,41,17.30672,-7.76377
2026_03_ATL_GB,2026,3,2026-09-24,ATL,GB,0,68,21.80837,28,10.50175,40,11.30662,43.0,50,11.24802,3.19235
2026_03_ATL_GB,2026,3,2026-09-24,GB,ATL,1,66,1.81336,56,5.1973,10,-3.38395,26.0,36,-1.1255,-3.19235
2026_03_BAL_DAL,2026,3,2026-09-27,BAL,DAL,0,64,12.5568,28,17.40408,36,-4.84729,32.0,64,12.5568,1.78632
2026_03_BAL_DAL,2026,3,2026-09-27,DAL,BAL,1,73,7.58557,47,7.76357,26,-0.178,34.0,73,7.58557,-1.78632
2026_03_CAR_CLE,2026,3,2026-09-27,CAR,CLE,0,75,-6.77137,52,-4.1736,23,-2.59777,28.0,75,-6.77137,4.812
2026_03_CAR_CLE,2026,3,2026-09-27,CLE,CAR,1,67,-0.89833,43,6.7821,24,-7.68043,25.0,63,3.18714,-4.812
2026_03_CIN_PIT,2026,3,2026-09-27,CIN,PIT,0,57,14.83295,41,14.2424,16,0.59055,31.0,57,14.83295,-2.58013
2026_03_CIN_PIT,2026,3,2026-09-27,PIT,CIN,1,59,11.26777,39,8.59884,20,2.66893,29.0,59,11.26777,2.58013
2026_03_HOU_IND,2026,3,2026-09-27,HOU,IND,0,54,-4.4509,33,0.29325,21,-4.74415,23.0,54,-4.4509,-6.8456
2026_03_HOU_IND,2026,3,2026-09-27,IND,HOU,1,71,-8.07347,41,-5.32453,30,-2.74894,29.0,67,-2.70926,6.8456
2026_03_KC_MIA,2026,3,2026-09-27,KC,MIA,0,52,9.28339,28,14.85957,24,-5.57618,28.0,44,9.33211,-0.55298
2026_03_KC_MIA,2026,3,2026-09-27,MIA,KC,1,73,-9.0554,47,-0.04249,26,-9.01291,23.0,66,-3.40849,0.55298
2026_03_LAC_BUF,2026,3,2026-09-27,BUF,LAC,1,65,-4.2038,33,-5.47899,32,1.27519,31.0,61,-5.20424,6.6258
2026_03_LAC_BUF,2026,3,2026-09-27,LAC,BUF,0,69,-4.47002,42,-5.10966,27,0.63964,33.0,63,-6.72762,-6.6258
2026_03_LA_DEN,2026,3,2026-09-27,DEN,LA,1,65,0.30589,39,0.07446,26,0.23143,25.0,65,0.30589,-2.24408
2026_03_LA_DEN,2026,3,2026-09-27,LA,DEN,0,84,-0.02815,61,1.28393,23,-1.31208,34.0,79,0.1664,2.24408
2026_03_LV_NO,2026,3,2026-09-27,LV,NO,0,66,11.83028,41,14.92152,25,-3.09124,31.0,62,14.27548,-0.63285
2026_03_LV_NO,2026,3,2026-09-27,NO,LV,1,74,-5.26375,47,-5.62,27,0.35625,40.0,68,1.42244,0.63285
2026_03_MIN_TB,2026,3,2026-09-27,MIN,TB,0,59,-17.3992,37,-11.80687,22,-5.59233,14.0,55,-16.96607,7.5429
2026_03_MIN_TB,2026,3,2026-09-27,TB,MIN,1,69,-20.39527,50,-13.89316,19,-6.50211,17.0,65,-20.07239,-7.5429
2026_03_NE_JAX,2026,3,2026-09-27,JAX,NE,1,61,11.83388,32,5.95388,29,5.88,30.0,36,3.49891,3.18996
2026_03_NE_JAX,2026,3,2026-09-27,NE,JAX,0,63,-15.9326,40,-12.96567,23,-2.96693,23.0,42,-8.39637,-3.18996
2026_03_NYJ_DET,2026,3,2026-09-27,DET,NYJ,1,63,12.63491,37,11.95241,26,0.6825,38.0,55,15.69555,2.67005
2026_03_NYJ_DET,2026,3,2026-09-27,NYJ,DET,0,64,7.00763,47,11.77251,17,-4.76488,29.0,56,-2.21579,-2.67005
2026_03_PHI_CHI,2026,3,2026-09-28,CHI,PHI,1,70,9.35967,38,9.60527,32,-0.2456,36.0,47,7.0494,1.32176
2026_03_PHI_CHI,2026,3,2026-09-28,PHI,CHI,0,50,-13.9182,33,-18.3303,17,4.4121,20.0,37,-6.7718,-1.32176
2026_03_SEA_WAS,2026,3,2026-09-27,SEA,WAS,0,67,-1.71573,50,7.86684,17,-9.58257,34.0,62,-4.97653,-0.98428
2026_03_SEA_WAS,2026,3,2026-09-27,WAS,SEA,1,67,-1.57573,38,6.55952,29,-8.13525,22.0,64,-0.77718,0.98428
2026_03_TEN_NYG,2026,3,2026-09-27,NYG,TEN,1,63,-9.20298,27,-3.85926,36,-5.34371,24.0,51,-5.74346,9.37627
2026_03_TEN_NYG,2026,3,2026-09-27,TEN,NYG,0,60,-8.61578,39,-6.74356,21,-1.87222,24.0,49,-15.86204,-9.37627
2026_04_PIT_CLE,2026,4,2026-10-01,CLE,PIT,1,62,7.84077,39,13.08099,23,-5.24022,31.0,48,14.62898,4.86016
2026_04_PIT_CLE,2026,4,2026-10-01,PIT,CLE,0,69,8.19942,49,7.76133,20,0.43808,34.0,65,-0.29031,-4.86016
